2026-04-20 10:35:53,860 - INFO - logger - Path for logging: combine_plant_model1_loggings\Aurora.log
2026-04-20 10:35:53,862 - INFO - logger - Used AURORA version: 0.1.1 - GCC's Nature
2026-04-20 10:35:53,865 - DEBUG - network - Default unit specifications:
mass flow: kg / s
pressure: Pa
enthalpy: J / kg
temperature: K
temperature difference above boiling point: K
temperature difference under boiling point: K
volumetric flow: m^3 / s
specific volume: m^3 / kg
vapor mass fraction: -
entropy: J / kgK
voltage: V
electricity: A
electric phase: rad
frequency: Hz
optical intensity: W/m^2
luminous intensity: cd
luminous flux: lm
spatial size: m
time size: s
2026-04-20 10:35:53,865 - DEBUG - network - Default mass flow limits
min: 1e-05 kg / s
max: 1000000000000.0 kg / s
2026-04-20 10:35:53,865 - DEBUG - network - Default pressure limits
min: 100000.0 Pa
max: 30000000.0 Pa
2026-04-20 10:35:53,865 - DEBUG - network - Default enthalpy limits
min: 1000.0 J / kg
max: 7000000.0 J / kg
2026-04-20 10:35:53,865 - DEBUG - network - Default voltage limits
min: -1000000000000.0 V
max: 1000000000000.0 V
2026-04-20 10:35:53,865 - DEBUG - network - Default electricity limits
min: -1000000000000.0 A
max: 1000000000000.0 A
2026-04-20 10:35:53,865 - DEBUG - network - Default frequency limits
min: 1e-05 Hz
max: 1000000000000.0 Hz
2026-04-20 10:35:53,865 - DEBUG - network - Setting fluid property pressure unit: bar.
2026-04-20 10:35:53,865 - DEBUG - network - Setting fluid property temperature unit: C.
2026-04-20 10:35:53,865 - DEBUG - network - Setting fluid property enthalpy unit: kJ / kg.
2026-04-20 10:35:53,865 - DEBUG - network - Setting fluid property mass flow unit: kg / s.
2026-04-20 10:35:53,883 - DEBUG - connection - Created connection from fuel_source (out1) to fuel_splitter (in1).
2026-04-20 10:35:53,883 - DEBUG - connection - Created connection from fuel_splitter (out1) to fuel_compressor (in1).
2026-04-20 10:35:53,883 - DEBUG - connection - Created connection from fuel_compressor (out1) to fuel_combustion (in2).
2026-04-20 10:35:53,884 - DEBUG - connection - Created connection from air_source (out1) to air_compressor (in1).
2026-04-20 10:35:53,884 - DEBUG - connection - Created connection from air_compressor (out1) to fuel_combustion (in1).
2026-04-20 10:35:53,884 - DEBUG - connection - Created connection from fuel_combustion (out1) to gas_turbine (in1).
2026-04-20 10:35:53,885 - DEBUG - connection - Created connection from gas_turbine (out1) to gas_drop_pressure_valve (in1).
2026-04-20 10:35:53,885 - DEBUG - connection - Created connection from gas_drop_pressure_valve (out1) to gas_re_combustion (in1).
2026-04-20 10:35:53,885 - DEBUG - connection - Created connection from fuel_splitter (out2) to fuel_add_valve (in1).
2026-04-20 10:35:53,885 - DEBUG - connection - Created connection from fuel_add_valve (out1) to gas_re_combustion (in2).
2026-04-20 10:35:53,886 - DEBUG - network - Added connection fuel_source_splitter to network.
2026-04-20 10:35:53,886 - DEBUG - network - Added connection fuel1_splitter_compressor to network.
2026-04-20 10:35:53,887 - DEBUG - network - Added connection fuel1_compressor_combustion to network.
2026-04-20 10:35:53,887 - DEBUG - network - Added connection fuel1_air_source_compressor to network.
2026-04-20 10:35:53,888 - DEBUG - network - Added connection fuel1_air_compressor_combustion to network.
2026-04-20 10:35:53,888 - DEBUG - network - Added connection gas_turbine_in to network.
2026-04-20 10:35:53,888 - DEBUG - network - Added connection gas_turbine_out to network.
2026-04-20 10:35:53,889 - DEBUG - network - Added connection gas_re_combustion_in to network.
2026-04-20 10:35:53,889 - DEBUG - network - Added connection fuel2_splitter_valve to network.
2026-04-20 10:35:53,889 - DEBUG - network - Added connection fuel2_valve_combustion to network.
2026-04-20 10:35:53,892 - DEBUG - connection - Created connection from gas_re_combustion (out1) to main_heat_exchanger1 (in1).
2026-04-20 10:35:53,893 - DEBUG - connection - Created connection from main_heat_exchanger1 (out1) to evaporator1 (in1).
2026-04-20 10:35:53,893 - DEBUG - connection - Created connection from evaporator1 (out1) to main_heat_exchanger2 (in1).
2026-04-20 10:35:53,893 - DEBUG - connection - Created connection from recycle_pump21 (out1) to main_heat_exchanger2 (in2).
2026-04-20 10:35:53,894 - DEBUG - connection - Created connection from main_heat_exchanger2 (out2) to evaporate_tank1 (in1).
2026-04-20 10:35:53,894 - DEBUG - connection - Created connection from evaporate_tank1 (out1) to evaporate_pump1 (in1).
2026-04-20 10:35:53,894 - DEBUG - connection - Created connection from evaporate_pump1 (out1) to evaporator1 (in2).
2026-04-20 10:35:53,894 - DEBUG - connection - Created connection from evaporator1 (out2) to evaporate_tank1 (in2).
2026-04-20 10:35:53,895 - DEBUG - connection - Created connection from evaporate_tank1 (out2) to main_heat_exchanger1 (in2).
2026-04-20 10:35:53,895 - DEBUG - connection - Created connection from evaporate_tank1 (out3) to sa_liquid1 (in1).
2026-04-20 10:35:53,895 - DEBUG - connection - Created connection from main_heat_exchanger2 (out1) to evaporator2 (in1).
2026-04-20 10:35:53,895 - DEBUG - connection - Created connection from evaporator2 (out1) to main_heat_exchanger3 (in1).
2026-04-20 10:35:53,896 - DEBUG - connection - Created connection from main_heat_exchanger3 (out1) to gas_sink (in1).
2026-04-20 10:35:53,896 - DEBUG - connection - Created connection from recycle_pump22 (out1) to main_heat_exchanger3 (in2).
2026-04-20 10:35:53,897 - DEBUG - connection - Created connection from main_heat_exchanger3 (out2) to evaporate_tank2 (in1).
2026-04-20 10:35:53,897 - DEBUG - connection - Created connection from evaporate_tank2 (out1) to evaporate_pump2 (in1).
2026-04-20 10:35:53,897 - DEBUG - connection - Created connection from evaporate_pump2 (out1) to evaporator2 (in2).
2026-04-20 10:35:53,897 - DEBUG - connection - Created connection from evaporator2 (out2) to evaporate_tank2 (in2).
2026-04-20 10:35:53,898 - DEBUG - connection - Created connection from evaporate_tank2 (out2) to main_steam_merge (in2).
2026-04-20 10:35:53,898 - DEBUG - connection - Created connection from evaporate_tank2 (out3) to sa_liquid2 (in1).
2026-04-20 10:35:53,898 - DEBUG - network - Added connection gas_deliver to network.
2026-04-20 10:35:53,899 - DEBUG - network - Added connection evaporator1_gas_in to network.
2026-04-20 10:35:53,899 - DEBUG - network - Added connection evaporator1_gas_out to network.
2026-04-20 10:35:53,899 - DEBUG - network - Added connection main_steam1_recycle to network.
2026-04-20 10:35:53,900 - DEBUG - network - Added connection evaporate_tank1_wator_in to network.
2026-04-20 10:35:53,900 - DEBUG - network - Added connection evaporate_tank1_wator_out to network.
2026-04-20 10:35:53,900 - DEBUG - network - Added connection evaporator1_steam_in to network.
2026-04-20 10:35:53,901 - DEBUG - network - Added connection evaporator1_steam_out to network.
2026-04-20 10:35:53,901 - DEBUG - network - Added connection evaporate_tank1_vapour_out to network.
2026-04-20 10:35:53,902 - DEBUG - network - Added connection drain_liquid_tank1 to network.
2026-04-20 10:35:53,902 - DEBUG - network - Added connection evaporator2_gas_in to network.
2026-04-20 10:35:53,902 - DEBUG - network - Added connection evaporator2_gas_out to network.
2026-04-20 10:35:53,903 - DEBUG - network - Added connection gas_out to network.
2026-04-20 10:35:53,903 - DEBUG - network - Added connection main_steam2_recycle to network.
2026-04-20 10:35:53,903 - DEBUG - network - Added connection evaporate_tank2_wator_in to network.
2026-04-20 10:35:53,903 - DEBUG - network - Added connection evaporate_tank2_wator_out to network.
2026-04-20 10:35:53,904 - DEBUG - network - Added connection drain_liquid_tank2 to network.
2026-04-20 10:35:53,904 - DEBUG - network - Added connection evaporator2_steam_in to network.
2026-04-20 10:35:53,905 - DEBUG - network - Added connection evaporator2_steam_out to network.
2026-04-20 10:35:53,905 - DEBUG - network - Added connection evaporate_tank2_vapour_out to network.
2026-04-20 10:35:53,909 - DEBUG - connection - Created connection from main_heat_exchanger1 (out2) to main_steam1_valve (in1).
2026-04-20 10:35:53,909 - DEBUG - connection - Created connection from main_steam1_valve (out1) to turbine1 (in1).
2026-04-20 10:35:53,910 - DEBUG - connection - Created connection from turbine1 (out1) to main_steam_merge (in1).
2026-04-20 10:35:53,910 - DEBUG - connection - Created connection from main_steam_merge (out1) to turbine2 (in1).
2026-04-20 10:35:53,910 - DEBUG - connection - Created connection from turbine2 (out1) to extract_splitter_turbine2 (in1).
2026-04-20 10:35:53,910 - DEBUG - connection - Created connection from extract_splitter_turbine2 (out1) to turbine3 (in1).
2026-04-20 10:35:53,911 - DEBUG - connection - Created connection from turbine3 (out1) to extract_splitter_turbine3 (in1).
2026-04-20 10:35:53,911 - DEBUG - connection - Created connection from extract_splitter_turbine3 (out1) to turbine4 (in1).
2026-04-20 10:35:53,911 - DEBUG - connection - Created connection from turbine4 (out1) to extract_splitter_turbine4 (in1).
2026-04-20 10:35:53,912 - DEBUG - connection - Created connection from extract_splitter_turbine4 (out1) to turbine5 (in1).
2026-04-20 10:35:53,912 - DEBUG - connection - Created connection from turbine5 (out1) to condenser (in1).
2026-04-20 10:35:53,912 - DEBUG - network - Added connection main_steam1_deliver to network.
2026-04-20 10:35:53,913 - DEBUG - network - Added connection main_steam_turbine1 to network.
2026-04-20 10:35:53,913 - DEBUG - network - Added connection turbine1_steam_out to network.
2026-04-20 10:35:53,913 - DEBUG - network - Added connection turbine2_steam_in to network.
2026-04-20 10:35:53,914 - DEBUG - network - Added connection turbine2_steam_out to network.
2026-04-20 10:35:53,914 - DEBUG - network - Added connection turbine3_steam_in to network.
2026-04-20 10:35:53,914 - DEBUG - network - Added connection turbine3_steam_out to network.
2026-04-20 10:35:53,915 - DEBUG - network - Added connection turbine4_steam_in to network.
2026-04-20 10:35:53,915 - DEBUG - network - Added connection turbine4_steam_out to network.
2026-04-20 10:35:53,915 - DEBUG - network - Added connection turbine5_steam_in to network.
2026-04-20 10:35:53,916 - DEBUG - network - Added connection turbine5_steam_out to network.
2026-04-20 10:35:53,918 - DEBUG - connection - Created connection from cooling_water_source (out1) to condenser (in2).
2026-04-20 10:35:53,919 - DEBUG - connection - Created connection from condenser (out2) to cooling_water_sink (in1).
2026-04-20 10:35:53,919 - DEBUG - connection - Created connection from condenser (out1) to cycle_closer (in1).
2026-04-20 10:35:53,919 - DEBUG - connection - Created connection from cycle_closer (out1) to recycle_pump1 (in1).
2026-04-20 10:35:53,919 - DEBUG - connection - Created connection from recycle_pump1 (out1) to feed_water_merge (in1).
2026-04-20 10:35:53,920 - DEBUG - connection - Created connection from feed_water (out1) to feed_water_merge (in2).
2026-04-20 10:35:53,920 - DEBUG - network - Added connection cooling_water_in to network.
2026-04-20 10:35:53,921 - DEBUG - network - Added connection cooling_water_out to network.
2026-04-20 10:35:53,921 - DEBUG - network - Added connection condenser_recycle to network.
2026-04-20 10:35:53,922 - DEBUG - network - Added connection recycle_pump to network.
2026-04-20 10:35:53,922 - DEBUG - network - Added connection feed_water_pre to network.
2026-04-20 10:35:53,922 - DEBUG - network - Added connection feed_water_post to network.
2026-04-20 10:35:53,924 - DEBUG - connection - Created connection from feed_water_merge (out1) to extract_merge_turbine4 (in1).
2026-04-20 10:35:53,924 - DEBUG - connection - Created connection from extract_merge_turbine4 (out1) to extract_heat_exchanger2_turbine4 (in2).
2026-04-20 10:35:53,924 - DEBUG - connection - Created connection from extract_heat_exchanger2_turbine4 (out2) to extract_heat_exchanger1_turbine4 (in2).
2026-04-20 10:35:53,925 - DEBUG - connection - Created connection from extract_heat_exchanger1_turbine4 (out2) to extract_merge_turbine3 (in1).
2026-04-20 10:35:53,925 - DEBUG - connection - Created connection from extract_splitter_turbine4 (out2) to extract_heat_exchanger1_turbine4 (in1).
2026-04-20 10:35:53,925 - DEBUG - connection - Created connection from extract_heat_exchanger1_turbine4 (out1) to extract_heat_exchanger2_turbine4 (in1).
2026-04-20 10:35:53,925 - DEBUG - connection - Created connection from extract_heat_exchanger2_turbine4 (out1) to extract_pump_turbine4 (in1).
2026-04-20 10:35:53,926 - DEBUG - connection - Created connection from extract_pump_turbine4 (out1) to extract_merge_turbine4 (in2).
2026-04-20 10:35:53,926 - DEBUG - network - Added connection recycle_merge_extract_tb4 to network.
2026-04-20 10:35:53,926 - DEBUG - network - Added connection exchanger2_ex_tb4_main_steam_in to network.
2026-04-20 10:35:53,927 - DEBUG - network - Added connection exchanger2_1_ex_tb4_main_steam to network.
2026-04-20 10:35:53,927 - DEBUG - network - Added connection exchanger1_ex_tb4_main_steam_out to network.
2026-04-20 10:35:53,927 - DEBUG - network - Added connection exchanger1_ex_tb4_extract_steam_in to network.
2026-04-20 10:35:53,928 - DEBUG - network - Added connection exchanger1_2_ex_tb4_extract_steam to network.
2026-04-20 10:35:53,928 - DEBUG - network - Added connection exchanger2_ex_tb4_extract_steam_out to network.
2026-04-20 10:35:53,928 - DEBUG - network - Added connection extract_main_steam_tb4 to network.
2026-04-20 10:35:53,930 - DEBUG - connection - Created connection from extract_merge_turbine3 (out1) to extract_heat_exchanger2_turbine3 (in2).
2026-04-20 10:35:53,930 - DEBUG - connection - Created connection from extract_heat_exchanger2_turbine3 (out2) to extract_heat_exchanger1_turbine3 (in2).
2026-04-20 10:35:53,930 - DEBUG - connection - Created connection from extract_heat_exchanger1_turbine3 (out2) to deaerator (in1).
2026-04-20 10:35:53,931 - DEBUG - connection - Created connection from extract_splitter_turbine3 (out2) to extract_heat_exchanger1_turbine3 (in1).
2026-04-20 10:35:53,931 - DEBUG - connection - Created connection from extract_heat_exchanger1_turbine3 (out1) to extract_heat_exchanger2_turbine3 (in1).
2026-04-20 10:35:53,932 - DEBUG - connection - Created connection from extract_heat_exchanger2_turbine3 (out1) to extract_pump_turbine3 (in1).
2026-04-20 10:35:53,944 - DEBUG - connection - Created connection from extract_pump_turbine3 (out1) to extract_merge_turbine3 (in2).
2026-04-20 10:35:53,945 - DEBUG - network - Added connection exchanger2_ex_tb3_main_steam_in to network.
2026-04-20 10:35:53,945 - DEBUG - network - Added connection exchanger2_1_ex_tb3_main_steam to network.
2026-04-20 10:35:53,945 - DEBUG - network - Added connection exchanger1_ex_tb3_main_steam_out to network.
2026-04-20 10:35:53,946 - DEBUG - network - Added connection exchanger1_ex_tb3_extract_steam_in to network.
2026-04-20 10:35:53,946 - DEBUG - network - Added connection exchanger1_2_ex_tb3_extract_steam to network.
2026-04-20 10:35:53,946 - DEBUG - network - Added connection exchanger2_ex_tb3_extract_steam_out to network.
2026-04-20 10:35:53,947 - DEBUG - network - Added connection extract_main_steam_tb3 to network.
2026-04-20 10:35:53,948 - DEBUG - connection - Created connection from extract_splitter_turbine2 (out2) to extract_valve_turbine2 (in1).
2026-04-20 10:35:53,948 - DEBUG - connection - Created connection from extract_valve_turbine2 (out1) to deaerator (in2).
2026-04-20 10:35:53,949 - DEBUG - connection - Created connection from deaerator (out1) to main_steam_splitter (in1).
2026-04-20 10:35:53,949 - DEBUG - connection - Created connection from deaerator (out2) to sa_liquid (in1).
2026-04-20 10:35:53,949 - DEBUG - connection - Created connection from main_steam_splitter (out1) to recycle_pump21 (in1).
2026-04-20 10:35:53,950 - DEBUG - connection - Created connection from main_steam_splitter (out2) to recycle_pump22 (in1).
2026-04-20 10:35:53,950 - DEBUG - network - Added connection extract_valve to network.
2026-04-20 10:35:53,950 - DEBUG - network - Added connection extract_deaerator to network.
2026-04-20 10:35:53,951 - DEBUG - network - Added connection extract_deaerator_splitter to network.
2026-04-20 10:35:53,951 - DEBUG - network - Added connection drain_liquid_deaerator to network.
2026-04-20 10:35:53,951 - DEBUG - network - Added connection main_steam1_splitter to network.
2026-04-20 10:35:53,952 - DEBUG - network - Added connection main_steam2_splitter to network.
2026-04-20 10:35:54,106 - DEBUG - network - Removing 1 mass flow variables from ['fuel1_air_source_compressor', 'fuel1_air_compressor_combustion'] from system variables.
2026-04-20 10:35:54,106 - DEBUG - network - Removing 0 mass flow variables from ['drain_liquid_tank1'] from system variables.
2026-04-20 10:35:54,106 - DEBUG - network - Removing 0 mass flow variables from ['drain_liquid_tank2'] from system variables.
2026-04-20 10:35:54,106 - DEBUG - network - Removing 0 mass flow variables from ['drain_liquid_deaerator'] from system variables.
2026-04-20 10:35:54,106 - DEBUG - network - Removing 0 mass flow variables from ['feed_water_post'] from system variables.
2026-04-20 10:35:54,106 - DEBUG - network - Removing 1 mass flow variables from ['fuel1_splitter_compressor', 'fuel1_compressor_combustion'] from system variables.
2026-04-20 10:35:54,107 - INFO - network - ########----Simplify Fluid System Successful----########
2026-04-20 10:35:54,116 - DEBUG - network - Updated fluid property SI values and fluid mass fraction for user specified connection parameters.
2026-04-20 10:35:54,127 - INFO - network - ########----Network check successful----########
2026-04-20 10:35:54,127 - DEBUG - network - Solver properties:
 - mode: offdesign
 - init_path: combine_plant_model1_design_
 - design_path: combine_plant_model1_design_
 - min_iter: 4
 - max_iter: 150
2026-04-20 10:35:54,127 - DEBUG - network - Network information:
 - Number of components: 53
 - Number of fluid components: 53
 - Number of electric components: 0
 - Number of connections: 68
 - Number of fluid connections: 68
 - Number of electric connections: 0
 - Number of busses: 0
2026-04-20 10:35:54,131 - WARNING - warnings - FutureWarning: Downcasting object dtype arrays on .fillna, .ffill, .bfill is deprecated and will change in a future version. Call result.infer_objects(copy=False) instead. To opt-in to the future behavior, set `pd.set_option('future.no_silent_downcasting', True)`
2026-04-20 10:35:54,134 - WARNING - warnings - FutureWarning: Downcasting object dtype arrays on .fillna, .ffill, .bfill is deprecated and will change in a future version. Call result.infer_objects(copy=False) instead. To opt-in to the future behavior, set `pd.set_option('future.no_silent_downcasting', True)`
2026-04-20 10:35:54,135 - WARNING - warnings - FutureWarning: Downcasting object dtype arrays on .fillna, .ffill, .bfill is deprecated and will change in a future version. Call result.infer_objects(copy=False) instead. To opt-in to the future behavior, set `pd.set_option('future.no_silent_downcasting', True)`
2026-04-20 10:35:54,138 - DEBUG - network - Could not find component 'extract_merge_turbine3' in design case file. This is is critical only to components, which need to load design values from this case.
2026-04-20 10:35:54,138 - DEBUG - network - Could not find component 'extract_merge_turbine4' in design case file. This is is critical only to components, which need to load design values from this case.
2026-04-20 10:35:54,139 - DEBUG - network - Could not find component 'extract_splitter_turbine2' in design case file. This is is critical only to components, which need to load design values from this case.
2026-04-20 10:35:54,139 - DEBUG - network - Could not find component 'extract_splitter_turbine3' in design case file. This is is critical only to components, which need to load design values from this case.
2026-04-20 10:35:54,139 - DEBUG - network - Could not find component 'extract_splitter_turbine4' in design case file. This is is critical only to components, which need to load design values from this case.
2026-04-20 10:35:54,139 - DEBUG - network - Could not find component 'feed_water_merge' in design case file. This is is critical only to components, which need to load design values from this case.
2026-04-20 10:35:54,139 - DEBUG - network - Could not find component 'fuel_splitter' in design case file. This is is critical only to components, which need to load design values from this case.
2026-04-20 10:35:54,140 - DEBUG - network - Could not find component 'main_steam_merge' in design case file. This is is critical only to components, which need to load design values from this case.
2026-04-20 10:35:54,140 - DEBUG - network - Could not find component 'main_steam_splitter' in design case file. This is is critical only to components, which need to load design values from this case.
2026-04-20 10:35:54,140 - DEBUG - network - Done reading design point information for components.
2026-04-20 10:35:54,144 - DEBUG - network - Done reading design point information for connections.
2026-04-20 10:35:54,144 - DEBUG - network - Switched connections from design to offdesign.
2026-04-20 10:35:54,144 - DEBUG - network - Set component attributes pr to design value at component air_compressor.
2026-04-20 10:35:54,144 - DEBUG - network - Set component attributes KDTA to design value at component condenser.
2026-04-20 10:35:54,144 - DEBUG - network - Set component attributes KDTA to design value at component evaporator1.
2026-04-20 10:35:54,144 - DEBUG - network - Set component attributes KDTA to design value at component evaporator2.
2026-04-20 10:35:54,144 - DEBUG - network - Set component attributes KDTA to design value at component extract_heat_exchanger1_turbine3.
2026-04-20 10:35:54,144 - DEBUG - network - Set component attributes KDTA to design value at component extract_heat_exchanger1_turbine4.
2026-04-20 10:35:54,144 - DEBUG - network - Set component attributes KDTA to design value at component extract_heat_exchanger2_turbine3.
2026-04-20 10:35:54,144 - DEBUG - network - Set component attributes KDTA to design value at component extract_heat_exchanger2_turbine4.
2026-04-20 10:35:54,144 - DEBUG - network - Set component attributes KDTA to design value at component main_heat_exchanger1.
2026-04-20 10:35:54,144 - DEBUG - network - Set component attributes KDTA to design value at component main_heat_exchanger2.
2026-04-20 10:35:54,144 - DEBUG - network - Set component attributes KDTA to design value at component main_heat_exchanger3.
2026-04-20 10:35:54,144 - DEBUG - network - Switched components from design to offdesign.
2026-04-20 10:35:54,153 - WARNING - warnings - FutureWarning: Downcasting object dtype arrays on .fillna, .ffill, .bfill is deprecated and will change in a future version. Call result.infer_objects(copy=False) instead. To opt-in to the future behavior, set `pd.set_option('future.no_silent_downcasting', True)`
2026-04-20 10:35:54,156 - WARNING - warnings - FutureWarning: Downcasting object dtype arrays on .fillna, .ffill, .bfill is deprecated and will change in a future version. Call result.infer_objects(copy=False) instead. To opt-in to the future behavior, set `pd.set_option('future.no_silent_downcasting', True)`
2026-04-20 10:35:54,157 - WARNING - warnings - FutureWarning: Downcasting object dtype arrays on .fillna, .ffill, .bfill is deprecated and will change in a future version. Call result.infer_objects(copy=False) instead. To opt-in to the future behavior, set `pd.set_option('future.no_silent_downcasting', True)`
2026-04-20 10:35:54,162 - DEBUG - network - Generic fluid property specification complete in the final of initialization.
2026-04-20 10:35:54,163 - DEBUG - base - The fuels for component fuel_combustion of type diabatic combustion chamber are: CH4.
2026-04-20 10:35:54,164 - DEBUG - base - The fuels for component gas_re_combustion of type diabatic combustion chamber are: CH4.
2026-04-20 10:35:54,164 - INFO - network - ########-----Initializing variables bounds-----########
2026-04-20 10:35:54,167 - DEBUG - connection - The connection: condenser_recycle has 0 equations.
2026-04-20 10:35:54,167 - DEBUG - connection - The connection: cooling_water_in has 0 equations.
2026-04-20 10:35:54,167 - DEBUG - connection - The connection: cooling_water_out has 0 equations.
2026-04-20 10:35:54,167 - DEBUG - connection - The connection: drain_liquid_deaerator has 0 equations.
2026-04-20 10:35:54,167 - DEBUG - connection - The connection: drain_liquid_tank1 has 0 equations.
2026-04-20 10:35:54,167 - DEBUG - connection - The connection: drain_liquid_tank2 has 0 equations.
2026-04-20 10:35:54,167 - DEBUG - connection - The connection: evaporate_tank1_vapour_out has 0 equations.
2026-04-20 10:35:54,167 - DEBUG - connection - The connection: evaporate_tank1_wator_in has 0 equations.
2026-04-20 10:35:54,167 - DEBUG - connection - The connection: evaporate_tank1_wator_out has 0 equations.
2026-04-20 10:35:54,167 - DEBUG - connection - The connection: evaporate_tank2_vapour_out has 0 equations.
2026-04-20 10:35:54,167 - DEBUG - connection - The connection: evaporate_tank2_wator_in has 0 equations.
2026-04-20 10:35:54,167 - DEBUG - connection - The connection: evaporate_tank2_wator_out has 0 equations.
2026-04-20 10:35:54,167 - DEBUG - connection - The connection: evaporator1_gas_in has 0 equations.
2026-04-20 10:35:54,167 - DEBUG - connection - The connection: evaporator1_gas_out has 0 equations.
2026-04-20 10:35:54,167 - DEBUG - connection - The connection: evaporator1_steam_in has 0 equations.
2026-04-20 10:35:54,167 - DEBUG - connection - The connection: evaporator1_steam_out has 0 equations.
2026-04-20 10:35:54,167 - DEBUG - connection - The connection: evaporator2_gas_in has 0 equations.
2026-04-20 10:35:54,167 - DEBUG - connection - The connection: evaporator2_gas_out has 0 equations.
2026-04-20 10:35:54,167 - DEBUG - connection - The connection: evaporator2_steam_in has 0 equations.
2026-04-20 10:35:54,167 - DEBUG - connection - The connection: evaporator2_steam_out has 0 equations.
2026-04-20 10:35:54,167 - DEBUG - connection - The connection: exchanger1_2_ex_tb3_extract_steam has 0 equations.
2026-04-20 10:35:54,167 - DEBUG - connection - The connection: exchanger1_2_ex_tb4_extract_steam has 0 equations.
2026-04-20 10:35:54,167 - DEBUG - connection - The connection: exchanger1_ex_tb3_extract_steam_in has 0 equations.
2026-04-20 10:35:54,167 - DEBUG - connection - The connection: exchanger1_ex_tb3_main_steam_out has 0 equations.
2026-04-20 10:35:54,167 - DEBUG - connection - The connection: exchanger1_ex_tb4_extract_steam_in has 0 equations.
2026-04-20 10:35:54,167 - DEBUG - connection - The connection: exchanger1_ex_tb4_main_steam_out has 0 equations.
2026-04-20 10:35:54,167 - DEBUG - connection - The connection: exchanger2_1_ex_tb3_main_steam has 0 equations.
2026-04-20 10:35:54,167 - DEBUG - connection - The connection: exchanger2_1_ex_tb4_main_steam has 0 equations.
2026-04-20 10:35:54,167 - DEBUG - connection - The connection: exchanger2_ex_tb3_extract_steam_out has 0 equations.
2026-04-20 10:35:54,167 - DEBUG - connection - The connection: exchanger2_ex_tb3_main_steam_in has 0 equations.
2026-04-20 10:35:54,167 - DEBUG - connection - The connection: exchanger2_ex_tb4_extract_steam_out has 0 equations.
2026-04-20 10:35:54,167 - DEBUG - connection - The connection: exchanger2_ex_tb4_main_steam_in has 0 equations.
2026-04-20 10:35:54,167 - DEBUG - connection - The connection: extract_deaerator has 0 equations.
2026-04-20 10:35:54,167 - DEBUG - connection - The connection: extract_deaerator_splitter has 0 equations.
2026-04-20 10:35:54,167 - DEBUG - connection - The connection: extract_main_steam_tb3 has 0 equations.
2026-04-20 10:35:54,167 - DEBUG - connection - The connection: extract_main_steam_tb4 has 0 equations.
2026-04-20 10:35:54,167 - DEBUG - connection - The connection: extract_valve has 0 equations.
2026-04-20 10:35:54,167 - DEBUG - connection - The connection: feed_water_post has 0 equations.
2026-04-20 10:35:54,168 - DEBUG - connection - The connection: feed_water_pre has 0 equations.
2026-04-20 10:35:54,168 - DEBUG - connection - The connection: fuel1_air_compressor_combustion has 0 equations.
2026-04-20 10:35:54,168 - DEBUG - connection - The connection: fuel1_air_source_compressor has 0 equations.
2026-04-20 10:35:54,168 - DEBUG - connection - The connection: fuel1_compressor_combustion has 0 equations.
2026-04-20 10:35:54,168 - DEBUG - connection - The connection: fuel1_splitter_compressor has 0 equations.
2026-04-20 10:35:54,168 - DEBUG - connection - The connection: fuel2_splitter_valve has 0 equations.
2026-04-20 10:35:54,168 - DEBUG - connection - The connection: fuel2_valve_combustion has 0 equations.
2026-04-20 10:35:54,168 - DEBUG - connection - The connection: fuel_source_splitter has 0 equations.
2026-04-20 10:35:54,168 - DEBUG - connection - The connection: gas_deliver has 0 equations.
2026-04-20 10:35:54,168 - DEBUG - connection - The connection: gas_out has 0 equations.
2026-04-20 10:35:54,168 - DEBUG - connection - The connection: gas_re_combustion_in has 0 equations.
2026-04-20 10:35:54,168 - DEBUG - connection - The connection: gas_turbine_in has 0 equations.
2026-04-20 10:35:54,168 - DEBUG - connection - The connection: gas_turbine_out has 0 equations.
2026-04-20 10:35:54,168 - DEBUG - connection - The connection: main_steam1_deliver has 0 equations.
2026-04-20 10:35:54,168 - DEBUG - connection - The connection: main_steam1_recycle has 0 equations.
2026-04-20 10:35:54,168 - DEBUG - connection - The connection: main_steam1_splitter has 0 equations.
2026-04-20 10:35:54,168 - DEBUG - connection - The connection: main_steam2_recycle has 0 equations.
2026-04-20 10:35:54,168 - DEBUG - connection - The connection: main_steam2_splitter has 0 equations.
2026-04-20 10:35:54,168 - DEBUG - connection - The connection: main_steam_turbine1 has 0 equations.
2026-04-20 10:35:54,168 - DEBUG - connection - The connection: recycle_merge_extract_tb4 has 0 equations.
2026-04-20 10:35:54,168 - DEBUG - connection - The connection: recycle_pump has 0 equations.
2026-04-20 10:35:54,168 - DEBUG - connection - The connection: turbine1_steam_out has 0 equations.
2026-04-20 10:35:54,168 - DEBUG - connection - The connection: turbine2_steam_in has 0 equations.
2026-04-20 10:35:54,168 - DEBUG - connection - The connection: turbine2_steam_out has 0 equations.
2026-04-20 10:35:54,168 - DEBUG - connection - The connection: turbine3_steam_in has 0 equations.
2026-04-20 10:35:54,168 - DEBUG - connection - The connection: turbine3_steam_out has 0 equations.
2026-04-20 10:35:54,168 - DEBUG - connection - The connection: turbine4_steam_in has 0 equations.
2026-04-20 10:35:54,168 - DEBUG - connection - The connection: turbine4_steam_out has 0 equations.
2026-04-20 10:35:54,168 - DEBUG - connection - The connection: turbine5_steam_in has 0 equations.
2026-04-20 10:35:54,168 - DEBUG - connection - The connection: turbine5_steam_out has 0 equations.
2026-04-20 10:35:54,168 - DEBUG - component - The component: air_compressor of type Compressor has 2 equations.
2026-04-20 10:35:54,168 - DEBUG - component - The component: air_source of type Source has 0 equations.
2026-04-20 10:35:54,168 - DEBUG - component - The component: condenser of type Condenser has 3 equations.
2026-04-20 10:35:54,168 - DEBUG - component - The component: cooling_water_sink of type Sink has 0 equations.
2026-04-20 10:35:54,168 - DEBUG - component - The component: cooling_water_source of type Source has 0 equations.
2026-04-20 10:35:54,168 - DEBUG - component - The component: cycle_closer of type CycleCloser has 0 equations.
2026-04-20 10:35:54,169 - DEBUG - component - The component: deaerator of type Deaerator has 6 equations.
2026-04-20 10:35:54,169 - DEBUG - component - The component: evaporate_pump1 of type Pump has 1 equations.
2026-04-20 10:35:54,169 - DEBUG - component - The component: evaporate_pump2 of type Pump has 1 equations.
2026-04-20 10:35:54,169 - DEBUG - component - The component: evaporate_tank1 of type EvaporateTank has 5 equations.
2026-04-20 10:35:54,169 - DEBUG - component - The component: evaporate_tank2 of type EvaporateTank has 5 equations.
2026-04-20 10:35:54,169 - DEBUG - component - The component: evaporator1 of type Evaporator has 2 equations.
2026-04-20 10:35:54,169 - DEBUG - component - The component: evaporator2 of type Evaporator has 2 equations.
2026-04-20 10:35:54,169 - DEBUG - component - The component: extract_heat_exchanger1_turbine3 of type ExtractHeatExchanger has 4 equations.
2026-04-20 10:35:54,169 - DEBUG - component - The component: extract_heat_exchanger1_turbine4 of type ExtractHeatExchanger has 4 equations.
2026-04-20 10:35:54,169 - DEBUG - component - The component: extract_heat_exchanger2_turbine3 of type HeatExchanger has 3 equations.
2026-04-20 10:35:54,169 - DEBUG - component - The component: extract_heat_exchanger2_turbine4 of type HeatExchanger has 3 equations.
2026-04-20 10:35:54,169 - DEBUG - component - The component: extract_merge_turbine3 of type Merge has 2 equations.
2026-04-20 10:35:54,169 - DEBUG - component - The component: extract_merge_turbine4 of type Merge has 2 equations.
2026-04-20 10:35:54,169 - DEBUG - component - The component: extract_pump_turbine3 of type Pump has 1 equations.
2026-04-20 10:35:54,169 - DEBUG - component - The component: extract_pump_turbine4 of type Pump has 1 equations.
2026-04-20 10:35:54,169 - DEBUG - component - The component: extract_splitter_turbine2 of type Splitter has 1 equations.
2026-04-20 10:35:54,169 - DEBUG - component - The component: extract_splitter_turbine3 of type Splitter has 1 equations.
2026-04-20 10:35:54,169 - DEBUG - component - The component: extract_splitter_turbine4 of type Splitter has 1 equations.
2026-04-20 10:35:54,169 - DEBUG - component - The component: extract_valve_turbine2 of type Valve has 0 equations.
2026-04-20 10:35:54,169 - DEBUG - component - The component: feed_water of type Source has 0 equations.
2026-04-20 10:35:54,169 - DEBUG - component - The component: feed_water_merge of type Merge has 2 equations.
2026-04-20 10:35:54,169 - DEBUG - component - The component: fuel_add_valve of type Valve has 0 equations.
2026-04-20 10:35:54,170 - DEBUG - component - The component: fuel_combustion of type DiabaticCombustionChamber has 3 equations.
2026-04-20 10:35:54,170 - DEBUG - component - The component: fuel_compressor of type Compressor has 1 equations.
2026-04-20 10:35:54,170 - DEBUG - component - The component: fuel_source of type Source has 0 equations.
2026-04-20 10:35:54,170 - DEBUG - component - The component: fuel_splitter of type Splitter has 1 equations.
2026-04-20 10:35:54,170 - DEBUG - component - The component: gas_drop_pressure_valve of type Valve has 0 equations.
2026-04-20 10:35:54,170 - DEBUG - component - The component: gas_re_combustion of type DiabaticCombustionChamber has 3 equations.
2026-04-20 10:35:54,170 - DEBUG - component - The component: gas_sink of type Sink has 0 equations.
2026-04-20 10:35:54,170 - DEBUG - component - The component: gas_turbine of type Turbine has 1 equations.
2026-04-20 10:35:54,170 - DEBUG - component - The component: main_heat_exchanger1 of type HeatExchanger has 2 equations.
2026-04-20 10:35:54,170 - DEBUG - component - The component: main_heat_exchanger2 of type HeatExchanger has 2 equations.
2026-04-20 10:35:54,170 - DEBUG - component - The component: main_heat_exchanger3 of type HeatExchanger has 2 equations.
2026-04-20 10:35:54,170 - DEBUG - component - The component: main_steam1_valve of type Valve has 0 equations.
2026-04-20 10:35:54,170 - DEBUG - component - The component: main_steam_merge of type Merge has 2 equations.
2026-04-20 10:35:54,170 - DEBUG - component - The component: main_steam_splitter of type Splitter has 1 equations.
2026-04-20 10:35:54,170 - DEBUG - component - The component: recycle_pump1 of type Pump has 1 equations.
2026-04-20 10:35:54,170 - DEBUG - component - The component: recycle_pump21 of type Pump has 1 equations.
2026-04-20 10:35:54,170 - DEBUG - component - The component: recycle_pump22 of type Pump has 1 equations.
2026-04-20 10:35:54,170 - DEBUG - component - The component: sa_liquid of type Sink has 0 equations.
2026-04-20 10:35:54,170 - DEBUG - component - The component: sa_liquid1 of type Sink has 0 equations.
2026-04-20 10:35:54,170 - DEBUG - component - The component: sa_liquid2 of type Sink has 0 equations.
2026-04-20 10:35:54,171 - DEBUG - component - The component: turbine1 of type Turbine has 1 equations.
2026-04-20 10:35:54,171 - DEBUG - component - The component: turbine2 of type Turbine has 1 equations.
2026-04-20 10:35:54,171 - DEBUG - component - The component: turbine3 of type Turbine has 1 equations.
2026-04-20 10:35:54,171 - DEBUG - component - The component: turbine4 of type Turbine has 1 equations.
2026-04-20 10:35:54,171 - DEBUG - component - The component: turbine5 of type Turbine has 1 equations.
2026-04-20 10:35:54,196 - DEBUG - network - ------presolve_batch: 1------
2026-04-20 10:35:54,197 - DEBUG - network - Has pre_solved equation: <component parameter>: subcooling of Condenser: condenser
2026-04-20 10:35:54,197 - DEBUG - network - Has pre_solved equation: <component constraint>: outlet_constraints1 of EvaporateTank: evaporate_tank1
2026-04-20 10:35:54,197 - DEBUG - network - Has pre_solved equation: <component constraint>: outlet_constraints1 of EvaporateTank: evaporate_tank2
2026-04-20 10:35:54,197 - DEBUG - network - Has pre_solved equation: <component parameter>: saturated_cooling of ExtractHeatExchanger: extract_heat_exchanger1_turbine3
2026-04-20 10:35:54,198 - DEBUG - network - Has pre_solved equation: <component parameter>: saturated_cooling of ExtractHeatExchanger: extract_heat_exchanger1_turbine4
2026-04-20 10:35:54,198 - DEBUG - network - Has pre_solved equation: <component constraint>: mass_flow_constraints of DiabaticCombustionChamber: fuel_combustion
2026-04-20 10:35:54,198 - DEBUG - network - ------presolve_batch: 2------
2026-04-20 10:35:54,198 - DEBUG - network - Has pre_solved equation: <component constraint>: outlet_constraints2 of EvaporateTank: evaporate_tank1
2026-04-20 10:35:54,198 - DEBUG - network - Has pre_solved equation: <component constraint>: outlet_constraints2 of EvaporateTank: evaporate_tank2
2026-04-20 10:35:54,198 - DEBUG - network - ------presolve_batch: 3------
2026-04-20 10:35:54,198 - DEBUG - network - Has removed 8 pre_solved equations totally.
2026-04-20 10:35:54,198 - DEBUG - component - The component: air_compressor of type Compressor has 0 variables.
2026-04-20 10:35:54,198 - DEBUG - component - The component: air_source of type Source has 0 variables.
2026-04-20 10:35:54,198 - DEBUG - component - The component: condenser of type Condenser has 0 variables.
2026-04-20 10:35:54,198 - DEBUG - component - The component: cooling_water_sink of type Sink has 0 variables.
2026-04-20 10:35:54,198 - DEBUG - component - The component: cooling_water_source of type Source has 0 variables.
2026-04-20 10:35:54,198 - DEBUG - component - The component: cycle_closer of type CycleCloser has 0 variables.
2026-04-20 10:35:54,198 - DEBUG - component - The component: deaerator of type Deaerator has 0 variables.
2026-04-20 10:35:54,199 - DEBUG - component - The component: evaporate_pump1 of type Pump has 0 variables.
2026-04-20 10:35:54,199 - DEBUG - component - The component: evaporate_pump2 of type Pump has 0 variables.
2026-04-20 10:35:54,199 - DEBUG - component - The component: evaporate_tank1 of type EvaporateTank has 0 variables.
2026-04-20 10:35:54,199 - DEBUG - component - The component: evaporate_tank2 of type EvaporateTank has 0 variables.
2026-04-20 10:35:54,199 - DEBUG - component - The component: evaporator1 of type Evaporator has 0 variables.
2026-04-20 10:35:54,199 - DEBUG - component - The component: evaporator2 of type Evaporator has 0 variables.
2026-04-20 10:35:54,199 - DEBUG - component - The component: extract_heat_exchanger1_turbine3 of type ExtractHeatExchanger has 0 variables.
2026-04-20 10:35:54,199 - DEBUG - component - The component: extract_heat_exchanger1_turbine4 of type ExtractHeatExchanger has 0 variables.
2026-04-20 10:35:54,199 - DEBUG - component - The component: extract_heat_exchanger2_turbine3 of type HeatExchanger has 0 variables.
2026-04-20 10:35:54,199 - DEBUG - component - The component: extract_heat_exchanger2_turbine4 of type HeatExchanger has 0 variables.
2026-04-20 10:35:54,199 - DEBUG - component - The component: extract_merge_turbine3 of type Merge has 0 variables.
2026-04-20 10:35:54,199 - DEBUG - component - The component: extract_merge_turbine4 of type Merge has 0 variables.
2026-04-20 10:35:54,199 - DEBUG - component - The component: extract_pump_turbine3 of type Pump has 0 variables.
2026-04-20 10:35:54,199 - DEBUG - component - The component: extract_pump_turbine4 of type Pump has 0 variables.
2026-04-20 10:35:54,199 - DEBUG - component - The component: extract_splitter_turbine2 of type Splitter has 0 variables.
2026-04-20 10:35:54,199 - DEBUG - component - The component: extract_splitter_turbine3 of type Splitter has 0 variables.
2026-04-20 10:35:54,199 - DEBUG - component - The component: extract_splitter_turbine4 of type Splitter has 0 variables.
2026-04-20 10:35:54,199 - DEBUG - component - The component: extract_valve_turbine2 of type Valve has 0 variables.
2026-04-20 10:35:54,199 - DEBUG - component - The component: feed_water of type Source has 0 variables.
2026-04-20 10:35:54,199 - DEBUG - component - The component: feed_water_merge of type Merge has 0 variables.
2026-04-20 10:35:54,199 - DEBUG - component - The component: fuel_add_valve of type Valve has 0 variables.
2026-04-20 10:35:54,199 - DEBUG - component - The component: fuel_combustion of type DiabaticCombustionChamber has 0 variables.
2026-04-20 10:35:54,199 - DEBUG - component - The component: fuel_compressor of type Compressor has 0 variables.
2026-04-20 10:35:54,199 - DEBUG - component - The component: fuel_source of type Source has 0 variables.
2026-04-20 10:35:54,199 - DEBUG - component - The component: fuel_splitter of type Splitter has 0 variables.
2026-04-20 10:35:54,199 - DEBUG - component - The component: gas_drop_pressure_valve of type Valve has 0 variables.
2026-04-20 10:35:54,199 - DEBUG - component - The component: gas_re_combustion of type DiabaticCombustionChamber has 0 variables.
2026-04-20 10:35:54,199 - DEBUG - component - The component: gas_sink of type Sink has 0 variables.
2026-04-20 10:35:54,199 - DEBUG - component - The component: gas_turbine of type Turbine has 0 variables.
2026-04-20 10:35:54,199 - DEBUG - component - The component: main_heat_exchanger1 of type HeatExchanger has 0 variables.
2026-04-20 10:35:54,199 - DEBUG - component - The component: main_heat_exchanger2 of type HeatExchanger has 0 variables.
2026-04-20 10:35:54,199 - DEBUG - component - The component: main_heat_exchanger3 of type HeatExchanger has 0 variables.
2026-04-20 10:35:54,199 - DEBUG - component - The component: main_steam1_valve of type Valve has 0 variables.
2026-04-20 10:35:54,199 - DEBUG - component - The component: main_steam_merge of type Merge has 0 variables.
2026-04-20 10:35:54,199 - DEBUG - component - The component: main_steam_splitter of type Splitter has 0 variables.
2026-04-20 10:35:54,199 - DEBUG - component - The component: recycle_pump1 of type Pump has 0 variables.
2026-04-20 10:35:54,199 - DEBUG - component - The component: recycle_pump21 of type Pump has 0 variables.
2026-04-20 10:35:54,200 - DEBUG - component - The component: recycle_pump22 of type Pump has 0 variables.
2026-04-20 10:35:54,200 - DEBUG - component - The component: sa_liquid of type Sink has 0 variables.
2026-04-20 10:35:54,200 - DEBUG - component - The component: sa_liquid1 of type Sink has 0 variables.
2026-04-20 10:35:54,200 - DEBUG - component - The component: sa_liquid2 of type Sink has 0 variables.
2026-04-20 10:35:54,200 - DEBUG - component - The component: turbine1 of type Turbine has 0 variables.
2026-04-20 10:35:54,200 - DEBUG - component - The component: turbine2 of type Turbine has 0 variables.
2026-04-20 10:35:54,200 - DEBUG - component - The component: turbine3 of type Turbine has 0 variables.
2026-04-20 10:35:54,200 - DEBUG - component - The component: turbine4 of type Turbine has 0 variables.
2026-04-20 10:35:54,200 - DEBUG - component - The component: turbine5 of type Turbine has 0 variables.
2026-04-20 10:35:54,256 - INFO - network - ########----Network initialised----########
2026-04-20 10:35:54,256 - DEBUG - network - ------Equation Summarization------
2026-04-20 10:35:54,256 - DEBUG - network - Total number of equations: 70
2026-04-20 10:35:54,256 - DEBUG - network - Number of connection equations: 0.
2026-04-20 10:35:54,256 - DEBUG - network - Number of component equations: 78.
2026-04-20 10:35:54,256 - DEBUG - network - Number of bus equations: 0.
2026-04-20 10:35:54,256 - DEBUG - network - Number of user defined equations: 0.
2026-04-20 10:35:54,256 - DEBUG - network - Number of presolved equations: 8.
2026-04-20 10:35:54,256 - DEBUG - network - ------Variable Summarization------
2026-04-20 10:35:54,256 - DEBUG - network - Total number of variables: 70.
2026-04-20 10:35:54,256 - DEBUG - network - Number of component variables: 0.
2026-04-20 10:35:54,256 - DEBUG - network - Number of connection variables: 70.
2026-04-20 10:35:54,256 - DEBUG - network - Number of mass flow variables: 22.
2026-04-20 10:35:54,256 - DEBUG - network - Number of pressure variables: 8.
2026-04-20 10:35:54,256 - DEBUG - network - Number of enthalpy variables: 40.
2026-04-20 10:35:54,256 - DEBUG - network - ------Fluid Module Summarization------
2026-04-20 10:35:54,256 - DEBUG - network - Number of fluid composition equations: 12.
2026-04-20 10:35:54,256 - DEBUG - network - Number of fluid variables: 12.
2026-04-20 10:35:54,305 - DEBUG - network - 
##### VARIABLES #####
+----+-------------------------------------------------------------------------+-------------+-------------+---------+-----------+
|    | label                                                                   |   min value |   max value | unit    |     scale |
|----+-------------------------------------------------------------------------+-------------+-------------+---------+-----------|
|  0 | <mass flow objective> of connection: condenser_recycle                  |   1.000e-05 |   1.000e+12 | kg / s  | 1.000e+00 |
|  1 | <mass flow objective> of connection: cooling_water_in                   |   1.000e-05 |   1.000e+12 | kg / s  | 1.000e+00 |
|  2 | <mass flow objective> of connection: evaporate_tank1_vapour_out         |   1.000e-05 |   1.000e+12 | kg / s  | 1.000e+00 |
|  3 | <mass flow objective> of connection: evaporate_tank1_wator_in           |   1.000e-05 |   1.000e+12 | kg / s  | 1.000e+00 |
|  4 | <mass flow objective> of connection: evaporate_tank1_wator_out          |   1.000e-05 |   1.000e+12 | kg / s  | 1.000e+00 |
|  5 | <mass flow objective> of connection: evaporate_tank2_vapour_out         |   1.000e-05 |   1.000e+12 | kg / s  | 1.000e+00 |
|  6 | <mass flow objective> of connection: evaporate_tank2_wator_in           |   1.000e-05 |   1.000e+12 | kg / s  | 1.000e+00 |
|  7 | <mass flow objective> of connection: evaporate_tank2_wator_out          |   1.000e-05 |   1.000e+12 | kg / s  | 1.000e+00 |
|  8 | <mass flow objective> of connection: evaporator1_gas_in                 |   1.000e-05 |   1.000e+12 | kg / s  | 1.000e+00 |
|  9 | <mass flow objective> of connection: exchanger1_2_ex_tb3_extract_steam  |   1.000e-05 |   1.000e+12 | kg / s  | 1.000e+00 |
| 10 | <mass flow objective> of connection: exchanger1_2_ex_tb4_extract_steam  |   1.000e-05 |   1.000e+12 | kg / s  | 1.000e+00 |
| 11 | <mass flow objective> of connection: exchanger1_ex_tb3_main_steam_out   |   1.000e-05 |   1.000e+12 | kg / s  | 1.000e+00 |
| 12 | <mass flow objective> of connection: exchanger1_ex_tb4_main_steam_out   |   1.000e-05 |   1.000e+12 | kg / s  | 1.000e+00 |
| 13 | <mass flow objective> of connection: extract_deaerator                  |   1.000e-05 |   1.000e+12 | kg / s  | 1.000e+00 |
| 14 | <mass flow objective> of connection: extract_deaerator_splitter         |   1.000e-05 |   1.000e+12 | kg / s  | 1.000e+00 |
| 15 | <mass flow objective> of connection: feed_water_pre                     |   1.000e-05 |   1.000e+12 | kg / s  | 1.000e+00 |
| 16 | <mass flow objective> of connection: fuel2_splitter_valve               |   1.000e-05 |   1.000e+12 | kg / s  | 1.000e+00 |
| 17 | <mass flow objective> of connection: fuel_source_splitter               |   1.000e-05 |   1.000e+12 | kg / s  | 1.000e+00 |
| 18 | <mass flow objective> of connection: recycle_merge_extract_tb4          |   1.000e-05 |   1.000e+12 | kg / s  | 1.000e+00 |
| 19 | <mass flow objective> of connection: turbine2_steam_in                  |   1.000e-05 |   1.000e+12 | kg / s  | 1.000e+00 |
| 20 | <mass flow objective> of connection: turbine3_steam_in                  |   1.000e-05 |   1.000e+12 | kg / s  | 1.000e+00 |
| 21 | <mass flow objective> of connection: turbine4_steam_in                  |   1.000e-05 |   1.000e+12 | kg / s  | 1.000e+00 |
| 22 | <pressure objective> of connection: drain_liquid_deaerator              |   6.123e-03 |   9.990e+03 | bar     | 1.000e+05 |
| 23 | <pressure objective> of connection: exchanger1_ex_tb3_main_steam_out    |   6.123e-03 |   9.990e+03 | bar     | 1.000e+05 |
| 24 | <pressure objective> of connection: exchanger1_ex_tb4_main_steam_out    |   6.123e-03 |   9.990e+03 | bar     | 1.000e+05 |
| 25 | <pressure objective> of connection: exchanger2_1_ex_tb3_main_steam      |   6.123e-03 |   9.990e+03 | bar     | 1.000e+05 |
| 26 | <pressure objective> of connection: exchanger2_1_ex_tb4_main_steam      |   6.123e-03 |   9.990e+03 | bar     | 1.000e+05 |
| 27 | <pressure objective> of connection: extract_deaerator                   |   6.123e-03 |   9.990e+03 | bar     | 1.000e+05 |
| 28 | <pressure objective> of connection: fuel1_air_compressor_combustion     |   1.000e+00 |   7.992e+02 | bar     | 1.000e+05 |
| 29 | <pressure objective> of connection: gas_turbine_in                      |   1.000e+00 |   7.992e+02 | bar     | 1.000e+05 |
| 30 | <enthalpy objective> of connection: cooling_water_out                   |   1.602e+01 |   6.529e+03 | kJ / kg | 1.000e+05 |
| 31 | <enthalpy objective> of connection: drain_liquid_deaerator              |   1.000e+00 |   7.000e+03 | kJ / kg | 1.000e+05 |
| 32 | <enthalpy objective> of connection: evaporate_tank1_wator_in            |   2.053e+01 |   6.526e+03 | kJ / kg | 1.000e+05 |
| 33 | <enthalpy objective> of connection: evaporate_tank2_wator_in            |   1.663e+01 |   6.528e+03 | kJ / kg | 1.000e+05 |
| 34 | <enthalpy objective> of connection: evaporator1_gas_in                  |   1.000e+00 |   7.000e+03 | kJ / kg | 1.000e+05 |
| 35 | <enthalpy objective> of connection: evaporator1_gas_out                 |   1.000e+00 |   7.000e+03 | kJ / kg | 1.000e+05 |
| 36 | <enthalpy objective> of connection: evaporator1_steam_in                |   2.053e+01 |   6.526e+03 | kJ / kg | 1.000e+05 |
| 37 | <enthalpy objective> of connection: evaporator1_steam_out               |   1.143e+03 |   2.935e+03 | kJ / kg | 1.000e+05 |
| 38 | <enthalpy objective> of connection: evaporator2_gas_in                  |   1.000e+00 |   7.000e+03 | kJ / kg | 1.000e+05 |
| 39 | <enthalpy objective> of connection: evaporator2_gas_out                 |   1.000e+00 |   7.000e+03 | kJ / kg | 1.000e+05 |
| 40 | <enthalpy objective> of connection: evaporator2_steam_in                |   1.663e+01 |   6.528e+03 | kJ / kg | 1.000e+05 |
| 41 | <enthalpy objective> of connection: evaporator2_steam_out               |   7.426e+02 |   2.912e+03 | kJ / kg | 1.000e+05 |
| 42 | <enthalpy objective> of connection: exchanger1_ex_tb3_extract_steam_in  |   1.580e+01 |   6.529e+03 | kJ / kg | 1.000e+05 |
| 43 | <enthalpy objective> of connection: exchanger1_ex_tb3_main_steam_out    |   1.000e+00 |   7.000e+03 | kJ / kg | 1.000e+05 |
| 44 | <enthalpy objective> of connection: exchanger1_ex_tb4_extract_steam_in  |   1.578e+01 |   6.529e+03 | kJ / kg | 1.000e+05 |
| 45 | <enthalpy objective> of connection: exchanger1_ex_tb4_main_steam_out    |   1.000e+00 |   7.000e+03 | kJ / kg | 1.000e+05 |
| 46 | <enthalpy objective> of connection: exchanger2_1_ex_tb3_main_steam      |   1.000e+00 |   7.000e+03 | kJ / kg | 1.000e+05 |
| 47 | <enthalpy objective> of connection: exchanger2_1_ex_tb4_main_steam      |   1.000e+00 |   7.000e+03 | kJ / kg | 1.000e+05 |
| 48 | <enthalpy objective> of connection: exchanger2_ex_tb3_extract_steam_out |   1.580e+01 |   6.529e+03 | kJ / kg | 1.000e+05 |
| 49 | <enthalpy objective> of connection: exchanger2_ex_tb3_main_steam_in     |   1.000e+00 |   7.000e+03 | kJ / kg | 1.000e+05 |
| 50 | <enthalpy objective> of connection: exchanger2_ex_tb4_extract_steam_out |   1.578e+01 |   6.529e+03 | kJ / kg | 1.000e+05 |
| 51 | <enthalpy objective> of connection: exchanger2_ex_tb4_main_steam_in     |   1.593e+01 |   6.529e+03 | kJ / kg | 1.000e+05 |
| 52 | <enthalpy objective> of connection: extract_deaerator                   |   1.613e+01 |   6.529e+03 | kJ / kg | 1.000e+05 |
| 53 | <enthalpy objective> of connection: extract_deaerator_splitter          |   1.000e+00 |   7.000e+03 | kJ / kg | 1.000e+05 |
| 54 | <enthalpy objective> of connection: extract_main_steam_tb3              |   1.000e+00 |   7.000e+03 | kJ / kg | 1.000e+05 |
| 55 | <enthalpy objective> of connection: extract_main_steam_tb4              |   1.593e+01 |   6.529e+03 | kJ / kg | 1.000e+05 |
| 56 | <enthalpy objective> of connection: feed_water_pre                      |   1.593e+01 |   6.529e+03 | kJ / kg | 1.000e+05 |
| 57 | <enthalpy objective> of connection: fuel1_air_compressor_combustion     |   1.000e+00 |   7.000e+03 | kJ / kg | 1.000e+05 |
| 58 | <enthalpy objective> of connection: fuel1_compressor_combustion         |   1.000e+00 |   7.000e+03 | kJ / kg | 1.000e+05 |
| 59 | <enthalpy objective> of connection: gas_deliver                         |   1.000e+00 |   7.000e+03 | kJ / kg | 1.000e+05 |
| 60 | <enthalpy objective> of connection: gas_out                             |   1.000e+00 |   7.000e+03 | kJ / kg | 1.000e+05 |
| 61 | <enthalpy objective> of connection: gas_re_combustion_in                |   1.000e+00 |   7.000e+03 | kJ / kg | 1.000e+05 |
| 62 | <enthalpy objective> of connection: gas_turbine_in                      |   1.000e+00 |   7.000e+03 | kJ / kg | 1.000e+05 |
| 63 | <enthalpy objective> of connection: main_steam1_deliver                 |   2.047e+01 |   6.526e+03 | kJ / kg | 1.000e+05 |
| 64 | <enthalpy objective> of connection: main_steam1_recycle                 |   2.055e+01 |   6.526e+03 | kJ / kg | 1.000e+05 |
| 65 | <enthalpy objective> of connection: main_steam2_recycle                 |   1.665e+01 |   6.528e+03 | kJ / kg | 1.000e+05 |
| 66 | <enthalpy objective> of connection: recycle_merge_extract_tb4           |   1.593e+01 |   6.529e+03 | kJ / kg | 1.000e+05 |
| 67 | <enthalpy objective> of connection: turbine1_steam_out                  |   1.663e+01 |   6.528e+03 | kJ / kg | 1.000e+05 |
| 68 | <enthalpy objective> of connection: turbine2_steam_in                   |   1.663e+01 |   6.528e+03 | kJ / kg | 1.000e+05 |
| 69 | <enthalpy objective> of connection: turbine5_steam_out                  |   1.574e+01 |   6.529e+03 | kJ / kg | 1.000e+05 |
+----+-------------------------------------------------------------------------+-------------+-------------+---------+-----------+
##### EQUATIONS #####
+----+-----------------------------------------------------------------------------------------------+-----------+
|    | label                                                                                         |     scale |
|----+-----------------------------------------------------------------------------------------------+-----------|
|  0 | <component parameter>: pr of Compressor: air_compressor                                       | 1.000e+05 |
|  1 | <component parameter>: eta_s of Compressor: air_compressor                                    | 1.000e+05 |
|  2 | <component parameter>: KDTA of Condenser: condenser                                           | 1.000e+05 |
|  3 | <component parameter>: KDTA of Condenser: condenser                                           | 1.000e+05 |
|  4 | <component constraint>: mass_flow_constraints of Deaerator: deaerator                         | 1.000e+00 |
|  5 | <component constraint>: energy_balance_constraints of Deaerator: deaerator                    | 1.000e+05 |
|  6 | <component constraint>: saturated_liquid_constraints of Deaerator: deaerator                  | 1.000e+05 |
|  7 | <component constraint>: saturated_vapour_constraints of Deaerator: deaerator                  | 1.000e+05 |
|  8 | <component parameter>: dp1 of Deaerator: deaerator                                            | 1.000e+05 |
|  9 | <component parameter>: dp2 of Deaerator: deaerator                                            | 1.000e+05 |
| 10 | <component parameter>: eta_s of Pump: evaporate_pump1                                         | 1.000e+05 |
| 11 | <component parameter>: eta_s of Pump: evaporate_pump2                                         | 1.000e+05 |
| 12 | <component constraint>: mass_flow_constraints of EvaporateTank: evaporate_tank1               | 1.000e+00 |
| 13 | <component constraint>: energy_balance_constraints of EvaporateTank: evaporate_tank1          | 1.000e+05 |
| 14 | <component parameter>: Ki of EvaporateTank: evaporate_tank1                                   | 1.000e+00 |
| 15 | <component constraint>: mass_flow_constraints of EvaporateTank: evaporate_tank2               | 1.000e+00 |
| 16 | <component constraint>: energy_balance_constraints of EvaporateTank: evaporate_tank2          | 1.000e+05 |
| 17 | <component parameter>: Ki of EvaporateTank: evaporate_tank2                                   | 1.000e+00 |
| 18 | <component parameter>: KDTA of Evaporator: evaporator1                                        | 1.000e+05 |
| 19 | <component parameter>: KDTA of Evaporator: evaporator1                                        | 1.000e+05 |
| 20 | <component parameter>: KDTA of Evaporator: evaporator2                                        | 1.000e+05 |
| 21 | <component parameter>: KDTA of Evaporator: evaporator2                                        | 1.000e+05 |
| 22 | <component parameter>: KDTA of ExtractHeatExchanger: extract_heat_exchanger1_turbine3         | 1.000e+05 |
| 23 | <component parameter>: KDTA of ExtractHeatExchanger: extract_heat_exchanger1_turbine3         | 1.000e+05 |
| 24 | <component parameter>: dp2 of ExtractHeatExchanger: extract_heat_exchanger1_turbine3          | 1.000e+05 |
| 25 | <component parameter>: KDTA of ExtractHeatExchanger: extract_heat_exchanger1_turbine4         | 1.000e+05 |
| 26 | <component parameter>: KDTA of ExtractHeatExchanger: extract_heat_exchanger1_turbine4         | 1.000e+05 |
| 27 | <component parameter>: dp2 of ExtractHeatExchanger: extract_heat_exchanger1_turbine4          | 1.000e+05 |
| 28 | <component parameter>: KDTA of HeatExchanger: extract_heat_exchanger2_turbine3                | 1.000e+05 |
| 29 | <component parameter>: KDTA of HeatExchanger: extract_heat_exchanger2_turbine3                | 1.000e+05 |
| 30 | <component parameter>: dp2 of HeatExchanger: extract_heat_exchanger2_turbine3                 | 1.000e+05 |
| 31 | <component parameter>: KDTA of HeatExchanger: extract_heat_exchanger2_turbine4                | 1.000e+05 |
| 32 | <component parameter>: KDTA of HeatExchanger: extract_heat_exchanger2_turbine4                | 1.000e+05 |
| 33 | <component parameter>: dp2 of HeatExchanger: extract_heat_exchanger2_turbine4                 | 1.000e+05 |
| 34 | <component constraint>: mass_flow_constraints of Merge: extract_merge_turbine3                | 1.000e+00 |
| 35 | <component constraint>: energy_balance_constraints of Merge: extract_merge_turbine3           | 1.000e+05 |
| 36 | <component constraint>: mass_flow_constraints of Merge: extract_merge_turbine4                | 1.000e+00 |
| 37 | <component constraint>: energy_balance_constraints of Merge: extract_merge_turbine4           | 1.000e+05 |
| 38 | <component parameter>: eta_s of Pump: extract_pump_turbine3                                   | 1.000e+05 |
| 39 | <component parameter>: eta_s of Pump: extract_pump_turbine4                                   | 1.000e+05 |
| 40 | <component constraint>: mass_flow_constraints of Splitter: extract_splitter_turbine2          | 1.000e+00 |
| 41 | <component constraint>: mass_flow_constraints of Splitter: extract_splitter_turbine3          | 1.000e+00 |
| 42 | <component constraint>: mass_flow_constraints of Splitter: extract_splitter_turbine4          | 1.000e+00 |
| 43 | <component constraint>: mass_flow_constraints of Merge: feed_water_merge                      | 1.000e+00 |
| 44 | <component constraint>: energy_balance_constraints of Merge: feed_water_merge                 | 1.000e+05 |
| 45 | <component parameter>: dp of DiabaticCombustionChamber: fuel_combustion                       | 1.000e+05 |
| 46 | <component parameter>: eta of DiabaticCombustionChamber: fuel_combustion                      | 1.000e+05 |
| 47 | <component parameter>: eta_s of Compressor: fuel_compressor                                   | 1.000e+05 |
| 48 | <component constraint>: mass_flow_constraints of Splitter: fuel_splitter                      | 1.000e+00 |
| 49 | <component constraint>: mass_flow_constraints of DiabaticCombustionChamber: gas_re_combustion | 1.000e+00 |
| 50 | <component parameter>: T_out of DiabaticCombustionChamber: gas_re_combustion                  | 1.000e+01 |
| 51 | <component parameter>: eta of DiabaticCombustionChamber: gas_re_combustion                    | 1.000e+05 |
| 52 | <component parameter>: eta_s of Turbine: gas_turbine                                          | 1.000e+05 |
| 53 | <component parameter>: KDTA of HeatExchanger: main_heat_exchanger1                            | 1.000e+05 |
| 54 | <component parameter>: KDTA of HeatExchanger: main_heat_exchanger1                            | 1.000e+05 |
| 55 | <component parameter>: KDTA of HeatExchanger: main_heat_exchanger2                            | 1.000e+05 |
| 56 | <component parameter>: KDTA of HeatExchanger: main_heat_exchanger2                            | 1.000e+05 |
| 57 | <component parameter>: KDTA of HeatExchanger: main_heat_exchanger3                            | 1.000e+05 |
| 58 | <component parameter>: KDTA of HeatExchanger: main_heat_exchanger3                            | 1.000e+05 |
| 59 | <component constraint>: mass_flow_constraints of Merge: main_steam_merge                      | 1.000e+00 |
| 60 | <component constraint>: energy_balance_constraints of Merge: main_steam_merge                 | 1.000e+05 |
| 61 | <component constraint>: mass_flow_constraints of Splitter: main_steam_splitter                | 1.000e+00 |
| 62 | <component parameter>: eta_s of Pump: recycle_pump1                                           | 1.000e+05 |
| 63 | <component parameter>: eta_s of Pump: recycle_pump21                                          | 1.000e+05 |
| 64 | <component parameter>: eta_s of Pump: recycle_pump22                                          | 1.000e+05 |
| 65 | <component parameter>: eta_s of Turbine: turbine1                                             | 1.000e+05 |
| 66 | <component parameter>: eta_s of Turbine: turbine2                                             | 1.000e+05 |
| 67 | <component parameter>: eta_s of Turbine: turbine3                                             | 1.000e+05 |
| 68 | <component parameter>: eta_s of Turbine: turbine4                                             | 1.000e+05 |
| 69 | <component parameter>: eta_s of Turbine: turbine5                                             | 1.000e+05 |
+----+-----------------------------------------------------------------------------------------------+-----------+
##### FLUID VARIABLES #####
+----+-------------------------------------------------------+---------------------+
|    | label                                                 | fluid composition   |
|----+-------------------------------------------------------+---------------------|
|  0 | <fluid objective> of connection: evaporator1_gas_in   | O2                  |
|  1 | <fluid objective> of connection: evaporator1_gas_in   | CH4                 |
|  2 | <fluid objective> of connection: evaporator1_gas_in   | Ar                  |
|  3 | <fluid objective> of connection: evaporator1_gas_in   | N2                  |
|  4 | <fluid objective> of connection: evaporator1_gas_in   | H2O                 |
|  5 | <fluid objective> of connection: evaporator1_gas_in   | CO2                 |
|  6 | <fluid objective> of connection: gas_re_combustion_in | O2                  |
|  7 | <fluid objective> of connection: gas_re_combustion_in | CH4                 |
|  8 | <fluid objective> of connection: gas_re_combustion_in | Ar                  |
|  9 | <fluid objective> of connection: gas_re_combustion_in | N2                  |
| 10 | <fluid objective> of connection: gas_re_combustion_in | H2O                 |
| 11 | <fluid objective> of connection: gas_re_combustion_in | CO2                 |
+----+-------------------------------------------------------+---------------------+
##### FLUID EQUATIONS #####
+----+-------------------------------------------------------------------------------------------------------+---------------------+
|    | label                                                                                                 | fluid composition   |
|----+-------------------------------------------------------------------------------------------------------+---------------------|
|  0 | fluid composition equation: stoichiometry_constraints of DiabaticCombustionChamber: fuel_combustion   | O2                  |
|  1 | fluid composition equation: stoichiometry_constraints of DiabaticCombustionChamber: fuel_combustion   | CH4                 |
|  2 | fluid composition equation: stoichiometry_constraints of DiabaticCombustionChamber: fuel_combustion   | Ar                  |
|  3 | fluid composition equation: stoichiometry_constraints of DiabaticCombustionChamber: fuel_combustion   | N2                  |
|  4 | fluid composition equation: stoichiometry_constraints of DiabaticCombustionChamber: fuel_combustion   | H2O                 |
|  5 | fluid composition equation: stoichiometry_constraints of DiabaticCombustionChamber: fuel_combustion   | CO2                 |
|  6 | fluid composition equation: stoichiometry_constraints of DiabaticCombustionChamber: gas_re_combustion | O2                  |
|  7 | fluid composition equation: stoichiometry_constraints of DiabaticCombustionChamber: gas_re_combustion | CH4                 |
|  8 | fluid composition equation: stoichiometry_constraints of DiabaticCombustionChamber: gas_re_combustion | Ar                  |
|  9 | fluid composition equation: stoichiometry_constraints of DiabaticCombustionChamber: gas_re_combustion | N2                  |
| 10 | fluid composition equation: stoichiometry_constraints of DiabaticCombustionChamber: gas_re_combustion | H2O                 |
| 11 | fluid composition equation: stoichiometry_constraints of DiabaticCombustionChamber: gas_re_combustion | CO2                 |
+----+-------------------------------------------------------------------------------------------------------+---------------------+
2026-04-20 10:35:54,322 - DEBUG - network - 
##### TEMPERATURE BOUNDS #####
+-------------------------------------+-------------+-------------+--------+
|                                     |   min value |   max value | unit   |
|-------------------------------------+-------------+-------------+--------|
| cooling_water_out                   |   2.742e+00 |   1.707e+03 | C      |
| drain_liquid_deaerator              |   2.742e+00 |   1.707e+03 | C      |
| evaporate_tank1_wator_in            |   2.742e+00 |   1.707e+03 | C      |
| evaporate_tank2_wator_in            |   2.742e+00 |   1.707e+03 | C      |
| evaporator1_gas_in                  |   2.850e+00 |   1.707e+03 | C      |
| evaporator1_gas_out                 |   2.850e+00 |   1.707e+03 | C      |
| evaporator1_steam_in                |   2.742e+00 |   1.707e+03 | C      |
| evaporator1_steam_out               |   2.742e+00 |   1.707e+03 | C      |
| evaporator2_gas_in                  |   2.850e+00 |   1.707e+03 | C      |
| evaporator2_gas_out                 |   2.850e+00 |   1.707e+03 | C      |
| evaporator2_steam_in                |   2.742e+00 |   1.707e+03 | C      |
| evaporator2_steam_out               |   2.742e+00 |   1.707e+03 | C      |
| exchanger1_ex_tb3_extract_steam_in  |   2.742e+00 |   1.707e+03 | C      |
| exchanger1_ex_tb3_main_steam_out    |   2.742e+00 |   1.707e+03 | C      |
| exchanger1_ex_tb4_extract_steam_in  |   2.742e+00 |   1.707e+03 | C      |
| exchanger1_ex_tb4_main_steam_out    |   2.742e+00 |   1.707e+03 | C      |
| exchanger2_1_ex_tb3_main_steam      |   2.742e+00 |   1.707e+03 | C      |
| exchanger2_1_ex_tb4_main_steam      |   2.742e+00 |   1.707e+03 | C      |
| exchanger2_ex_tb3_extract_steam_out |   2.742e+00 |   1.707e+03 | C      |
| exchanger2_ex_tb3_main_steam_in     |   2.742e+00 |   1.707e+03 | C      |
| exchanger2_ex_tb4_extract_steam_out |   2.742e+00 |   1.707e+03 | C      |
| exchanger2_ex_tb4_main_steam_in     |   2.742e+00 |   1.707e+03 | C      |
| extract_deaerator                   |   2.742e+00 |   1.707e+03 | C      |
| extract_deaerator_splitter          |   2.742e+00 |   1.707e+03 | C      |
| extract_main_steam_tb3              |   2.742e+00 |   1.707e+03 | C      |
| extract_main_steam_tb4              |   2.742e+00 |   1.707e+03 | C      |
| extract_valve                       |   2.742e+00 |   1.707e+03 | C      |
| feed_water_pre                      |   2.742e+00 |   1.707e+03 | C      |
| fuel1_air_compressor_combustion     |   2.850e+00 |   1.707e+03 | C      |
| fuel1_compressor_combustion         |   2.850e+00 |   3.456e+02 | C      |
| gas_deliver                         |   2.850e+00 |   1.707e+03 | C      |
| gas_out                             |   2.850e+00 |   1.707e+03 | C      |
| gas_re_combustion_in                |   2.850e+00 |   1.707e+03 | C      |
| gas_turbine_in                      |   2.850e+00 |   1.707e+03 | C      |
| gas_turbine_out                     |   2.850e+00 |   1.707e+03 | C      |
| main_steam1_deliver                 |   2.742e+00 |   1.707e+03 | C      |
| main_steam1_recycle                 |   2.742e+00 |   1.707e+03 | C      |
| main_steam1_splitter                |   2.742e+00 |   1.707e+03 | C      |
| main_steam2_recycle                 |   2.742e+00 |   1.707e+03 | C      |
| main_steam2_splitter                |   2.742e+00 |   1.707e+03 | C      |
| main_steam_turbine1                 |   2.742e+00 |   1.707e+03 | C      |
| recycle_merge_extract_tb4           |   2.742e+00 |   1.707e+03 | C      |
| turbine1_steam_out                  |   2.742e+00 |   1.707e+03 | C      |
| turbine2_steam_in                   |   2.742e+00 |   1.707e+03 | C      |
| turbine2_steam_out                  |   2.742e+00 |   1.707e+03 | C      |
| turbine3_steam_in                   |   2.742e+00 |   1.707e+03 | C      |
| turbine3_steam_out                  |   2.742e+00 |   1.707e+03 | C      |
| turbine4_steam_in                   |   2.742e+00 |   1.707e+03 | C      |
| turbine4_steam_out                  |   2.742e+00 |   1.707e+03 | C      |
| turbine5_steam_in                   |   2.742e+00 |   1.707e+03 | C      |
| turbine5_steam_out                  |   2.742e+00 |   1.707e+03 | C      |
+-------------------------------------+-------------+-------------+--------+
2026-04-20 10:35:54,324 - DEBUG - network - has no linear dependence in network topology
2026-04-20 10:35:54,324 - INFO - network - Starting solver.
2026-04-20 10:35:54,328 - PROGRESS - network -  iter  | residual   | progress   | massflow   | pressure   | enthalpy   | voltage    | electricity | frequency  | fluid      | component  
2026-04-20 10:35:54,328 - PROGRESS - network - -------+------------+------------+------------+------------+------------+------------+------------+------------+------------+------------
2026-04-20 10:35:54,330 - DEBUG - network - the fluid calculation done in 0th iteration
2026-04-20 10:36:00,786 - DEBUG - network - matrix value: 4.883012274210509e+21
2026-04-20 10:36:00,791 - PROGRESS - network -  1     | 4.85e+03   | 25 %       | 6.58e+00   | 4.99e-16   | 8.97e-01   | 0.00e+00   | 0.00e+00   | 0.00e+00   | 3.46e+00   | 0.00e+00   
2026-04-20 10:36:00,792 - DEBUG - network - the fluid calculation done in 0th iteration
2026-04-20 10:36:07,191 - DEBUG - network - matrix value: 1.6526445086339938e+22
2026-04-20 10:36:07,195 - PROGRESS - network -  2     | 3.84e+03   | 26 %       | 7.02e+00   | 1.97e-03   | 1.03e+00   | 0.00e+00   | 0.00e+00   | 0.00e+00   | 3.46e+00   | 0.00e+00   
2026-04-20 10:36:07,196 - DEBUG - network - the fluid calculation done in 0th iteration
2026-04-20 10:36:13,699 - DEBUG - network - matrix value: 6.113940505172756e+23
2026-04-20 10:36:13,703 - PROGRESS - network -  3     | 3.11e+03   | 27 %       | 2.70e+00   | 3.66e-03   | 8.35e-01   | 0.00e+00   | 0.00e+00   | 0.00e+00   | 3.46e+00   | 0.00e+00   
2026-04-20 10:36:13,704 - DEBUG - network - the fluid calculation done in 0th iteration
2026-04-20 10:36:20,075 - DEBUG - network - matrix value: -2.272932079106803e+24
2026-04-20 10:36:20,079 - PROGRESS - network -  4     | 2.33e+03   | 29 %       | 5.05e+00   | 2.06e-03   | 2.41e-01   | 0.00e+00   | 0.00e+00   | 0.00e+00   | 3.46e+00   | 0.00e+00   
2026-04-20 10:36:20,080 - DEBUG - network - the fluid calculation done in 0th iteration
2026-04-20 10:36:26,414 - DEBUG - network - matrix value: -1.3341250628036049e+24
2026-04-20 10:36:26,418 - PROGRESS - network -  5     | 1.98e+03   | 30 %       | 5.43e+00   | 1.92e-03   | 1.66e-01   | 0.00e+00   | 0.00e+00   | 0.00e+00   | 3.46e+00   | 0.00e+00   
2026-04-20 10:36:26,419 - DEBUG - network - the fluid calculation done in 0th iteration
2026-04-20 10:36:32,739 - DEBUG - network - matrix value: -1.0013102045989791e+25
2026-04-20 10:36:32,743 - PROGRESS - network -  6     | 1.63e+03   | 30 %       | 6.14e+00   | 1.61e-03   | 1.06e-01   | 0.00e+00   | 0.00e+00   | 0.00e+00   | 3.46e+00   | 0.00e+00   
2026-04-20 10:36:32,744 - DEBUG - network - the fluid calculation done in 0th iteration
2026-04-20 10:36:39,222 - DEBUG - network - matrix value: 7.300021647460897e+23
2026-04-20 10:36:39,226 - PROGRESS - network -  7     | 1.32e+03   | 31 %       | 6.90e+00   | 1.32e-03   | 7.25e-02   | 0.00e+00   | 0.00e+00   | 0.00e+00   | 3.46e+00   | 0.00e+00   
2026-04-20 10:36:39,227 - DEBUG - network - the fluid calculation done in 0th iteration
2026-04-20 10:36:45,532 - DEBUG - network - matrix value: -5.106655534804847e+24
2026-04-20 10:36:45,535 - PROGRESS - network -  8     | 1.20e+03   | 32 %       | 7.07e+00   | 1.20e-03   | 5.64e-02   | 0.00e+00   | 0.00e+00   | 0.00e+00   | 3.46e+00   | 0.00e+00   
2026-04-20 10:36:45,537 - DEBUG - network - the fluid calculation done in 0th iteration
2026-04-20 10:36:51,875 - DEBUG - network - matrix value: -8.998183686032162e+23
2026-04-20 10:36:51,879 - PROGRESS - network -  9     | 1.07e+03   | 33 %       | 7.34e+00   | 1.09e-03   | 4.41e-02   | 0.00e+00   | 0.00e+00   | 0.00e+00   | 3.46e+00   | 0.00e+00   
2026-04-20 10:36:51,880 - DEBUG - network - the fluid calculation done in 0th iteration
2026-04-20 10:36:58,294 - DEBUG - network - matrix value: -7.568776312237125e+23
2026-04-20 10:36:58,298 - PROGRESS - network -  10    | 9.40e+02   | 33 %       | 7.76e+00   | 9.56e-04   | 3.34e-02   | 0.00e+00   | 0.00e+00   | 0.00e+00   | 3.46e+00   | 0.00e+00   
2026-04-20 10:36:58,299 - DEBUG - network - the fluid calculation done in 0th iteration
2026-04-20 10:37:04,567 - DEBUG - network - matrix value: 3.2139910842667676e+23
2026-04-20 10:37:04,570 - PROGRESS - network -  11    | 8.06e+02   | 34 %       | 8.26e+00   | 8.25e-04   | 2.56e-02   | 0.00e+00   | 0.00e+00   | 0.00e+00   | 3.46e+00   | 0.00e+00   
2026-04-20 10:37:04,571 - DEBUG - network - the fluid calculation done in 0th iteration
2026-04-20 10:37:10,859 - DEBUG - network - matrix value: -4.533370023342791e+23
2026-04-20 10:37:10,862 - PROGRESS - network -  12    | 6.60e+02   | 35 %       | 9.03e+00   | 6.90e-04   | 1.97e-02   | 0.00e+00   | 0.00e+00   | 0.00e+00   | 3.46e+00   | 0.00e+00   
2026-04-20 10:37:10,863 - DEBUG - network - the fluid calculation done in 0th iteration
2026-04-20 10:37:17,209 - DEBUG - network - matrix value: -3.1871612428396085e+23
2026-04-20 10:37:17,213 - PROGRESS - network -  13    | 5.14e+02   | 36 %       | 1.01e+01   | 5.62e-04   | 1.67e-02   | 0.00e+00   | 0.00e+00   | 0.00e+00   | 3.46e+00   | 0.00e+00   
2026-04-20 10:37:17,214 - DEBUG - network - the fluid calculation done in 0th iteration
2026-04-20 10:37:23,536 - DEBUG - network - matrix value: 4.3301001219507634e+23
2026-04-20 10:37:23,539 - PROGRESS - network -  14    | 3.45e+02   | 38 %       | 1.16e+01   | 4.53e-04   | 1.26e-02   | 0.00e+00   | 0.00e+00   | 0.00e+00   | 3.46e+00   | 0.00e+00   
2026-04-20 10:37:23,540 - DEBUG - network - the fluid calculation done in 0th iteration
2026-04-20 10:37:29,820 - DEBUG - network - matrix value: -1.449111443091149e+23
2026-04-20 10:37:29,823 - PROGRESS - network -  15    | 2.84e+02   | 39 %       | 1.28e+01   | 3.79e-04   | 1.08e-02   | 0.00e+00   | 0.00e+00   | 0.00e+00   | 3.46e+00   | 0.00e+00   
2026-04-20 10:37:29,824 - DEBUG - network - the fluid calculation done in 0th iteration
2026-04-20 10:37:36,116 - DEBUG - network - matrix value: -9.626779699300353e+22
2026-04-20 10:37:36,119 - PROGRESS - network -  16    | 2.16e+02   | 40 %       | 1.43e+01   | 3.16e-04   | 1.19e-02   | 0.00e+00   | 0.00e+00   | 0.00e+00   | 3.46e+00   | 0.00e+00   
2026-04-20 10:37:36,120 - DEBUG - network - the fluid calculation done in 0th iteration
2026-04-20 10:37:42,466 - DEBUG - network - matrix value: -2.015816924791831e+23
2026-04-20 10:37:42,470 - PROGRESS - network -  17    | 1.46e+02   | 42 %       | 1.66e+01   | 2.56e-04   | 1.04e-02   | 0.00e+00   | 0.00e+00   | 0.00e+00   | 3.46e+00   | 0.00e+00   
2026-04-20 10:37:42,471 - DEBUG - network - the fluid calculation done in 0th iteration
2026-04-20 10:37:48,971 - DEBUG - network - matrix value: -6.874467037063223e+22
2026-04-20 10:37:48,975 - PROGRESS - network -  18    | 7.96e+01   | 45 %       | 2.04e+01   | 1.97e-04   | 6.87e-03   | 0.00e+00   | 0.00e+00   | 0.00e+00   | 3.46e+00   | 0.00e+00   
2026-04-20 10:37:48,976 - DEBUG - network - the fluid calculation done in 0th iteration
2026-04-20 10:37:55,709 - DEBUG - network - matrix value: -4.440146138882372e+22
2026-04-20 10:37:55,714 - PROGRESS - network -  19    | 4.78e+01   | 48 %       | 2.46e+01   | 1.55e-04   | 1.35e-02   | 0.00e+00   | 0.00e+00   | 0.00e+00   | 3.46e+00   | 0.00e+00   
2026-04-20 10:37:55,715 - DEBUG - network - the fluid calculation done in 0th iteration
2026-04-20 10:38:02,916 - DEBUG - network - matrix value: 2.7270097847027843e+22
2026-04-20 10:38:02,920 - PROGRESS - network -  20    | 1.68e+01   | 53 %       | 3.17e+01   | 1.16e-04   | 1.35e-02   | 0.00e+00   | 0.00e+00   | 0.00e+00   | 3.46e+00   | 0.00e+00   
2026-04-20 10:38:02,921 - DEBUG - network - the fluid calculation done in 0th iteration
2026-04-20 10:38:09,407 - DEBUG - network - matrix value: -5.462540868500071e+21
2026-04-20 10:38:09,411 - PROGRESS - network -  21    | 3.85e+00   | 60 %       | 3.81e+01   | 9.37e-05   | 1.93e-02   | 0.00e+00   | 0.00e+00   | 0.00e+00   | 3.46e+00   | 0.00e+00   
2026-04-20 10:38:09,412 - DEBUG - network - the fluid calculation done in 0th iteration
2026-04-20 10:38:15,801 - DEBUG - network - matrix value: -5.8952677316181485e+20
2026-04-20 10:38:15,806 - PROGRESS - network -  22    | 1.32e+00   | 65 %       | 4.72e+01   | 7.36e-05   | 5.17e-02   | 0.00e+00   | 0.00e+00   | 0.00e+00   | 3.46e+00   | 0.00e+00   
2026-04-20 10:38:15,807 - DEBUG - network - the fluid calculation done in 0th iteration
2026-04-20 10:38:22,492 - DEBUG - network - matrix value: 2.1492824551921084e+20
2026-04-20 10:38:22,496 - PROGRESS - network -  23    | 2.49e+00   | 62 %       | 3.07e+01   | 1.11e-04   | 1.33e-02   | 0.00e+00   | 0.00e+00   | 0.00e+00   | 3.46e+00   | 0.00e+00   
2026-04-20 10:38:22,497 - DEBUG - network - the fluid calculation done in 0th iteration
2026-04-20 10:38:28,791 - DEBUG - network - matrix value: 1.125146961838464e+20
2026-04-20 10:38:28,794 - PROGRESS - network -  24    | 4.22e+00   | 59 %       | 1.63e+01   | 2.02e-04   | 5.72e-02   | 0.00e+00   | 0.00e+00   | 0.00e+00   | 3.46e+00   | 0.00e+00   
2026-04-20 10:38:28,795 - DEBUG - network - the fluid calculation done in 0th iteration
2026-04-20 10:38:35,575 - DEBUG - network - matrix value: 7.0977620854044434e+19
2026-04-20 10:38:35,578 - PROGRESS - network -  25    | 5.06e+00   | 58 %       | 1.75e+01   | 1.78e-04   | 1.29e-01   | 0.00e+00   | 0.00e+00   | 0.00e+00   | 3.46e+00   | 0.00e+00   
2026-04-20 10:38:35,580 - DEBUG - network - the fluid calculation done in 0th iteration
2026-04-20 10:38:41,888 - DEBUG - network - matrix value: 4.0971701474449965e+19
2026-04-20 10:38:41,892 - PROGRESS - network -  26    | 4.46e+00   | 59 %       | 2.84e+01   | 1.03e-04   | 1.16e-01   | 0.00e+00   | 0.00e+00   | 0.00e+00   | 3.46e+00   | 0.00e+00   
2026-04-20 10:38:41,893 - DEBUG - network - the fluid calculation done in 0th iteration
2026-04-20 10:38:48,629 - DEBUG - network - matrix value: -8.744680482998033e+19
2026-04-20 10:38:48,633 - PROGRESS - network -  27    | 2.51e+00   | 62 %       | 3.96e+01   | 7.13e-05   | 5.54e-02   | 0.00e+00   | 0.00e+00   | 0.00e+00   | 3.46e+00   | 0.00e+00   
2026-04-20 10:38:48,634 - DEBUG - network - the fluid calculation done in 0th iteration
2026-04-20 10:38:55,101 - DEBUG - network - matrix value: 1.0320306323969235e+20
2026-04-20 10:38:55,105 - PROGRESS - network -  28    | 4.69e+00   | 59 %       | 1.18e+01   | 2.33e-04   | 7.18e-02   | 0.00e+00   | 0.00e+00   | 0.00e+00   | 3.46e+00   | 0.00e+00   
2026-04-20 10:38:55,106 - DEBUG - network - the fluid calculation done in 0th iteration
2026-04-20 10:39:01,545 - DEBUG - network - matrix value: 8.752910472211073e+19
2026-04-20 10:39:01,549 - PROGRESS - network -  29    | 5.50e+00   | 58 %       | 6.91e+00   | 3.65e-04   | 1.33e-01   | 0.00e+00   | 0.00e+00   | 0.00e+00   | 3.46e+00   | 0.00e+00   
2026-04-20 10:39:01,550 - DEBUG - network - the fluid calculation done in 0th iteration
2026-04-20 10:39:08,250 - DEBUG - network - matrix value: 2.2047600539538457e+19
2026-04-20 10:39:08,254 - PROGRESS - network -  30    | 5.71e+00   | 58 %       | 3.28e+01   | 6.55e-05   | 1.17e-01   | 0.00e+00   | 0.00e+00   | 0.00e+00   | 3.46e+00   | 0.00e+00   
2026-04-20 10:39:08,256 - DEBUG - network - the fluid calculation done in 0th iteration
2026-04-20 10:39:14,687 - DEBUG - network - matrix value: 1.5297951528870606e+20
2026-04-20 10:39:14,691 - PROGRESS - network -  31    | 1.86e+00   | 63 %       | 1.24e+01   | 1.68e-04   | 3.25e-02   | 0.00e+00   | 0.00e+00   | 0.00e+00   | 3.46e+00   | 0.00e+00   
2026-04-20 10:39:14,692 - DEBUG - network - the fluid calculation done in 0th iteration
2026-04-20 10:39:21,626 - DEBUG - network - matrix value: 1.6198524771929712e+20
2026-04-20 10:39:21,629 - PROGRESS - network -  32    | 1.67e+00   | 64 %       | 1.11e+01   | 1.72e-04   | 3.15e-02   | 0.00e+00   | 0.00e+00   | 0.00e+00   | 3.46e+00   | 0.00e+00   
2026-04-20 10:39:21,630 - DEBUG - network - the fluid calculation done in 0th iteration
2026-04-20 10:39:28,062 - DEBUG - network - matrix value: 1.7107373314635923e+20
2026-04-20 10:39:28,066 - PROGRESS - network -  33    | 1.48e+00   | 64 %       | 9.93e+00   | 1.74e-04   | 3.03e-02   | 0.00e+00   | 0.00e+00   | 0.00e+00   | 3.46e+00   | 0.00e+00   
2026-04-20 10:39:28,067 - DEBUG - network - the fluid calculation done in 0th iteration
2026-04-20 10:39:34,889 - DEBUG - network - matrix value: 1.8014669586088398e+20
2026-04-20 10:39:34,892 - PROGRESS - network -  34    | 1.29e+00   | 65 %       | 8.81e+00   | 1.75e-04   | 2.88e-02   | 0.00e+00   | 0.00e+00   | 0.00e+00   | 3.46e+00   | 0.00e+00   
2026-04-20 10:39:34,893 - DEBUG - network - the fluid calculation done in 0th iteration
2026-04-20 10:39:41,384 - DEBUG - network - matrix value: 1.8909025241422974e+20
2026-04-20 10:39:41,387 - PROGRESS - network -  35    | 1.10e+00   | 66 %       | 7.75e+00   | 1.74e-04   | 2.70e-02   | 0.00e+00   | 0.00e+00   | 0.00e+00   | 3.46e+00   | 0.00e+00   
2026-04-20 10:39:41,388 - DEBUG - network - the fluid calculation done in 0th iteration
2026-04-20 10:39:48,074 - DEBUG - network - matrix value: 1.977758723301106e+20
2026-04-20 10:39:48,079 - PROGRESS - network -  36    | 9.08e-01   | 67 %       | 6.76e+00   | 1.72e-04   | 2.50e-02   | 0.00e+00   | 0.00e+00   | 0.00e+00   | 3.46e+00   | 0.00e+00   
2026-04-20 10:39:48,080 - DEBUG - network - the fluid calculation done in 0th iteration
2026-04-20 10:39:54,509 - DEBUG - network - matrix value: 2.0606221814590774e+20
2026-04-20 10:39:54,513 - PROGRESS - network -  37    | 7.29e-01   | 68 %       | 5.81e+00   | 1.68e-04   | 2.27e-02   | 0.00e+00   | 0.00e+00   | 0.00e+00   | 3.46e+00   | 0.00e+00   
2026-04-20 10:39:54,514 - DEBUG - network - the fluid calculation done in 0th iteration
2026-04-20 10:40:00,917 - DEBUG - network - matrix value: 2.1379755042332187e+20
2026-04-20 10:40:00,921 - PROGRESS - network -  38    | 5.60e-01   | 69 %       | 4.90e+00   | 1.61e-04   | 2.02e-02   | 0.00e+00   | 0.00e+00   | 0.00e+00   | 3.46e+00   | 0.00e+00   
2026-04-20 10:40:00,922 - DEBUG - network - the fluid calculation done in 0th iteration
2026-04-20 10:40:07,571 - DEBUG - network - matrix value: 2.2082285726114048e+20
2026-04-20 10:40:07,574 - PROGRESS - network -  39    | 4.05e-01   | 71 %       | 4.02e+00   | 1.51e-04   | 1.73e-02   | 0.00e+00   | 0.00e+00   | 0.00e+00   | 3.46e+00   | 0.00e+00   
2026-04-20 10:40:07,575 - DEBUG - network - the fluid calculation done in 0th iteration
2026-04-20 10:40:13,945 - DEBUG - network - matrix value: 2.2697475674495494e+20
2026-04-20 10:40:13,948 - PROGRESS - network -  40    | 2.67e-01   | 73 %       | 3.16e+00   | 1.37e-04   | 1.42e-02   | 0.00e+00   | 0.00e+00   | 0.00e+00   | 3.46e+00   | 0.00e+00   
2026-04-20 10:40:13,950 - DEBUG - network - the fluid calculation done in 0th iteration
2026-04-20 10:40:20,883 - DEBUG - network - matrix value: 2.3208697522946464e+20
2026-04-20 10:40:20,887 - PROGRESS - network -  41    | 1.51e-01   | 75 %       | 2.30e+00   | 1.19e-04   | 1.07e-02   | 0.00e+00   | 0.00e+00   | 0.00e+00   | 3.46e+00   | 0.00e+00   
2026-04-20 10:40:20,889 - DEBUG - network - the fluid calculation done in 0th iteration
2026-04-20 10:40:27,974 - DEBUG - network - matrix value: 2.3598566575795198e+20
2026-04-20 10:40:27,978 - PROGRESS - network -  42    | 6.06e-02   | 80 %       | 1.41e+00   | 9.45e-05   | 6.81e-03   | 0.00e+00   | 0.00e+00   | 0.00e+00   | 3.46e+00   | 0.00e+00   
2026-04-20 10:40:27,979 - DEBUG - network - the fluid calculation done in 0th iteration
2026-04-20 10:40:35,212 - DEBUG - network - matrix value: 2.3845748982254833e+20
2026-04-20 10:40:35,216 - PROGRESS - network -  43    | 1.00e-03   | 99 %       | 7.65e-04   | 1.34e-05   | 9.23e-05   | 0.00e+00   | 0.00e+00   | 0.00e+00   | 3.46e+00   | 0.00e+00   
2026-04-20 10:40:35,217 - DEBUG - network - the fluid calculation done in 0th iteration
2026-04-20 10:40:41,799 - DEBUG - network - matrix value: 2.3845994945830676e+20
2026-04-20 10:40:41,802 - PROGRESS - network -  44    | 6.37e-06   | 100 %      | 2.55e-05   | 7.28e-07   | 1.08e-05   | 0.00e+00   | 0.00e+00   | 0.00e+00   | 3.46e+00   | 0.00e+00   
2026-04-20 10:40:41,802 - DEBUG - network - has found the solution in 0th iteration
2026-04-20 10:40:41,802 - PROGRESS - network - -------+------------+------------+------------+------------+------------+------------+------------+------------+------------+------------
2026-04-20 10:40:41,802 - DEBUG - network - Total iterations: 44, Calculation time: 287.47 s, Iterations per second: 0.15
2026-04-20 10:40:43,180 - DEBUG - base - the mid point above range of HeatExchanger: main_heat_exchanger1
2026-04-20 10:40:43,402 - DEBUG - base - the mid point above range of HeatExchanger: main_heat_exchanger2
2026-04-20 10:40:43,681 - DEBUG - base - the mid point above range of HeatExchanger: main_heat_exchanger3
2026-04-20 10:40:44,967 - INFO - network - Postprocessing complete.
2026-04-20 10:40:44,968 - INFO - network - Calculation complete.
2026-04-20 10:40:44,968 - WARNING - warnings - FutureWarning: Setting an item of incompatible dtype is deprecated and will raise an error in a future version of pandas. Value '[94m 14.314928425357873 [0m' has dtype incompatible with float64, please explicitly cast to a compatible dtype first.
2026-04-20 10:40:44,968 - WARNING - warnings - FutureWarning: Setting an item of incompatible dtype is deprecated and will raise an error in a future version of pandas. Value '[94m 0.8450000000000001 [0m' has dtype incompatible with float64, please explicitly cast to a compatible dtype first.
2026-04-20 10:40:44,970 - WARNING - warnings - FutureWarning: Setting an item of incompatible dtype is deprecated and will raise an error in a future version of pandas. Value '[94m 1414145.287450623 [0m' has dtype incompatible with float64, please explicitly cast to a compatible dtype first.
2026-04-20 10:40:44,973 - WARNING - warnings - FutureWarning: Setting an item of incompatible dtype is deprecated and will raise an error in a future version of pandas. Value '[94m 0.0 [0m' has dtype incompatible with float64, please explicitly cast to a compatible dtype first.
2026-04-20 10:40:44,973 - WARNING - warnings - FutureWarning: Setting an item of incompatible dtype is deprecated and will raise an error in a future version of pandas. Value '[94m 0.0 [0m' has dtype incompatible with float64, please explicitly cast to a compatible dtype first.
2026-04-20 10:40:44,975 - WARNING - warnings - FutureWarning: Setting an item of incompatible dtype is deprecated and will raise an error in a future version of pandas. Value '[94m 0.8 [0m' has dtype incompatible with float64, please explicitly cast to a compatible dtype first.
2026-04-20 10:40:44,977 - WARNING - warnings - FutureWarning: Setting an item of incompatible dtype is deprecated and will raise an error in a future version of pandas. Value '[94m 9.999999999999998 [0m' has dtype incompatible with float64, please explicitly cast to a compatible dtype first.
2026-04-20 10:40:44,978 - WARNING - warnings - FutureWarning: Setting an item of incompatible dtype is deprecated and will raise an error in a future version of pandas. Value '[94m 341016.3756430019 [0m' has dtype incompatible with float64, please explicitly cast to a compatible dtype first.
2026-04-20 10:40:44,981 - WARNING - warnings - FutureWarning: Setting an item of incompatible dtype is deprecated and will raise an error in a future version of pandas. Value '[94m 22351.823851870347 [0m' has dtype incompatible with float64, please explicitly cast to a compatible dtype first.
2026-04-20 10:40:44,981 - WARNING - warnings - FutureWarning: Setting an item of incompatible dtype is deprecated and will raise an error in a future version of pandas. Value '[94m 0.18860964364781627 [0m' has dtype incompatible with float64, please explicitly cast to a compatible dtype first.
2026-04-20 10:40:44,984 - WARNING - warnings - FutureWarning: Setting an item of incompatible dtype is deprecated and will raise an error in a future version of pandas. Value '[94m 2742.6155222802804 [0m' has dtype incompatible with float64, please explicitly cast to a compatible dtype first.
2026-04-20 10:40:44,985 - WARNING - warnings - FutureWarning: Setting an item of incompatible dtype is deprecated and will raise an error in a future version of pandas. Value '[94m 0.047459110433233434 [0m' has dtype incompatible with float64, please explicitly cast to a compatible dtype first.
2026-04-20 10:40:44,991 - WARNING - warnings - FutureWarning: Setting an item of incompatible dtype is deprecated and will raise an error in a future version of pandas. Value '[94m 0.004999999999997672 [0m' has dtype incompatible with float64, please explicitly cast to a compatible dtype first.
2026-04-20 10:40:44,991 - WARNING - warnings - FutureWarning: Setting an item of incompatible dtype is deprecated and will raise an error in a future version of pandas. Value '[94m 0.9990000000000003 [0m' has dtype incompatible with float64, please explicitly cast to a compatible dtype first.
2026-04-20 10:40:44,991 - WARNING - warnings - FutureWarning: Setting an item of incompatible dtype is deprecated and will raise an error in a future version of pandas. Value '[94m 600.0 [0m' has dtype incompatible with float64, please explicitly cast to a compatible dtype first.
2026-04-20 10:40:44,993 - WARNING - warnings - FutureWarning: Setting an item of incompatible dtype is deprecated and will raise an error in a future version of pandas. Value '[94m 0.8580000000000013 [0m' has dtype incompatible with float64, please explicitly cast to a compatible dtype first.
2026-04-20 10:40:45,062 - RESULT - network - 
##### RESULTS (Compressor) #####
+-----------------+----------+----------+----------+-----------+-----------+-----------+----------+--------------+----------+-------------+
|                 |        P | P_unit   |       pr | pr_unit   |        dp | dp_unit   |    eta_s | eta_s_unit   |     igva | igva_unit   |
|-----------------+----------+----------+----------+-----------+-----------+-----------+----------+--------------+----------+-------------|
| air_compressor  | 3.11e+07 | W        | 1.43e+01 | -         | -1.30e+01 | bar       | 8.45e-01 | -            | 0.00e+00 | deg         |
| fuel_compressor | 3.38e+05 | W        | 3.33e+00 | -         | -1.05e+01 | bar       | 8.50e-01 | -            | 0.00e+00 | deg         |
+-----------------+----------+----------+----------+-----------+-----------+-----------+----------+--------------+----------+-------------+
##### RESULTS (Condenser) #####
+-----------+-----------+----------+----------+-----------+----------+-------------+-------+------------+----------+---------------+----------+------------+----------+------------+-----------+----------------+----------+------------+----------+------------+----------+------------+----------+------------+----------+------------+----------+------------+----------+-----------+----------+-------------+----------+-------------+----------+----------------+----------+----------------+------------+-----------------+-----------+----------------+-----------+----------------+----------+---------------+-------------------+------------------------+
|           |         Q | Q_unit   |       kA | kA_unit   |     KDTA | KDTA_unit   |   DTM | DTM_unit   |   DT_log | DT_log_unit   |      DTU | DTU_unit   |      DTL | DTL_unit   |   DTN_min | DTN_min_unit   |      pr1 | pr1_unit   |      pr2 | pr2_unit   |      dp1 | dp1_unit   |      dp2 | dp2_unit   |      hf1 | hf1_unit   |      hf2 | hf2_unit   |       fA | fA_unit   |     exm1 | exm1_unit   |     exm2 | exm2_unit   |    zeta1 | zeta1_unit     |    zeta2 | zeta2_unit     |   eff_cold | eff_cold_unit   |   eff_hot | eff_hot_unit   |   eff_max | eff_max_unit   |   DTU_sh | DTU_sh_unit   |   supercooling_dT | supercooling_dT_unit   |
|-----------+-----------+----------+----------+-----------+----------+-------------+-------+------------+----------+---------------+----------+------------+----------+------------+-----------+----------------+----------+------------+----------+------------+----------+------------+----------+------------+----------+------------+----------+------------+----------+-----------+----------+-------------+----------+-------------+----------+----------------+----------+----------------+------------+-----------------+-----------+----------------+-----------+----------------+----------+---------------+-------------------+------------------------|
| condenser | -2.41e+07 | W        | 1.42e+06 | W/K       | 1.41e+06 | W/K         |   nan | C          | 1.70e+01 | C             | 6.76e+00 | C          | 3.44e+01 | C          |  6.76e+00 | C              | 1.00e+00 | -          | 9.83e-01 | -          | 0.00e+00 | bar        | 5.00e-02 | bar        | 5.00e+01 | W/m^2*K    | 5.00e+02 | W/m^2*K    | 2.83e+03 | m^2       | 6.10e-01 | -           | 7.84e-01 | -           | 0.00e+00 | (Pa*s)/(m^3*s) | 1.42e+02 | (Pa*s)/(m^3*s) |   8.04e-01 | -               |  9.39e-01 | -              |  9.39e-01 | -              | 6.76e+00 | C             |          0.00e+00 | C                      |
+-----------+-----------+----------+----------+-----------+----------+-------------+-------+------------+----------+---------------+----------+------------+----------+------------+-----------+----------------+----------+------------+----------+------------+----------+------------+----------+------------+----------+------------+----------+------------+----------+-----------+----------+-------------+----------+-------------+----------+----------------+----------+----------------+------------+-----------------+-----------+----------------+-----------+----------------+----------+---------------+-------------------+------------------------+
##### RESULTS (CycleCloser) #####
+--------------+------------------+-----------------------+-------------------+------------------------+
|              |   mass_deviation | mass_deviation_unit   |   fluid_deviation | fluid_deviation_unit   |
|--------------+------------------+-----------------------+-------------------+------------------------|
| cycle_closer |         1.78e-15 | kg / s                |          0.00e+00 | -                      |
+--------------+------------------+-----------------------+-------------------+------------------------+
##### RESULTS (Deaerator) #####
+-----------+-----------+----------+----------+------------+----------+------------+----------+------------+----------+------------+----------+----------------+----------+----------------+
|           |         Q | Q_unit   |      pr1 | pr1_unit   |      pr2 | pr2_unit   |      dp1 | dp1_unit   |      dp2 | dp2_unit   |    zeta1 | zeta1_unit     |    zeta2 | zeta2_unit     |
|-----------+-----------+----------+----------+------------+----------+------------+----------+------------+----------+------------+----------+----------------+----------+----------------|
| deaerator | -1.93e+06 | W        | 1.00e+00 | -          | 1.00e+00 | -          | 0.00e+00 | bar        | 0.00e+00 | bar        | 0.00e+00 | (Pa*s)/(m^3*s) | 0.00e+00 | (Pa*s)/(m^3*s) |
+-----------+-----------+----------+----------+------------+----------+------------+----------+------------+----------+------------+----------+----------------+----------+----------------+
##### RESULTS (Pump) #####
+-----------------------+----------+----------+----------+-----------+-----------+-----------+----------+--------------+
|                       |        P | P_unit   |       pr | pr_unit   |        dp | dp_unit   |    eta_s | eta_s_unit   |
|-----------------------+----------+----------+----------+-----------+-----------+-----------+----------+--------------|
| evaporate_pump1       | 0.00e+00 | W        | 1.00e+00 | -         |  0.00e+00 | bar       | 8.00e-01 | -            |
| evaporate_pump2       | 0.00e+00 | W        | 1.00e+00 | -         |  0.00e+00 | bar       | 8.00e-01 | -            |
| extract_pump_turbine3 | 2.75e+01 | W        | 2.49e+00 | -         | -1.04e+00 | bar       | 7.45e-01 | -            |
| extract_pump_turbine4 | 6.48e+01 | W        | 4.00e+00 | -         | -1.50e+00 | bar       | 7.50e-01 | -            |
| recycle_pump1         | 2.59e+03 | W        | 1.67e+01 | -         | -1.88e+00 | bar       | 7.93e-01 | -            |
| recycle_pump21        | 7.27e+04 | W        | 3.21e+01 | -         | -4.69e+01 | bar       | 8.00e-01 | -            |
| recycle_pump22        | 5.28e+02 | W        | 6.10e+00 | -         | -7.69e+00 | bar       | 7.99e-01 | -            |
+-----------------------+----------+----------+----------+-----------+-----------+-----------+----------+--------------+
##### RESULTS (EvaporateTank) #####
+-----------------+----------+-----------+
|                 |       Ki | Ki_unit   |
|-----------------+----------+-----------|
| evaporate_tank1 | 1.00e+01 | -         |
| evaporate_tank2 | 1.00e+01 | -         |
+-----------------+----------+-----------+
##### RESULTS (Evaporator) #####
+-------------+-----------+----------+----------+-----------+----------+-------------+----------+------------+----------+---------------+----------+------------+----------+------------+-----------+----------------+----------+------------+----------+------------+----------+------------+----------+------------+----------+------------+----------+------------+----------+-----------+----------+-------------+----------+-------------+----------+----------------+----------+----------------+------------+-----------------+-----------+----------------+-----------+----------------+----------------+---------------------+
|             |         Q | Q_unit   |       kA | kA_unit   |     KDTA | KDTA_unit   |      DTM | DTM_unit   |   DT_log | DT_log_unit   |      DTU | DTU_unit   |      DTL | DTL_unit   |   DTN_min | DTN_min_unit   |      pr1 | pr1_unit   |      pr2 | pr2_unit   |      dp1 | dp1_unit   |      dp2 | dp2_unit   |      hf1 | hf1_unit   |      hf2 | hf2_unit   |       fA | fA_unit   |     exm1 | exm1_unit   |     exm2 | exm2_unit   |    zeta1 | zeta1_unit     |    zeta2 | zeta2_unit     |   eff_cold | eff_cold_unit   |   eff_hot | eff_hot_unit   |   eff_max | eff_max_unit   |   superheat_dT | superheat_dT_unit   |
|-------------+-----------+----------+----------+-----------+----------+-------------+----------+------------+----------+---------------+----------+------------+----------+------------+-----------+----------------+----------+------------+----------+------------+----------+------------+----------+------------+----------+------------+----------+------------+----------+-----------+----------+-------------+----------+-------------+----------+----------------+----------+----------------+------------+-----------------+-----------+----------------+-----------+----------------+----------------+---------------------|
| evaporator1 | -2.05e+07 | W        | 3.47e+05 | W/K       | 3.41e+05 | W/K         | 5.00e+00 | C          | 5.92e+01 | C             | 2.32e+02 | C          | 5.00e+00 | C          |  5.00e+00 | C              | 1.00e+00 | -          | 1.00e+00 | -          | 0.00e+00 | bar        | 0.00e+00 | bar        | 5.00e+01 | W/m^2*K    | 5.00e+02 | W/m^2*K    | 6.82e+03 | m^2       | 6.10e-01 | -           | 7.84e-01 | -           | 0.00e+00 | (Pa*s)/(m^3*s) | 0.00e+00 | (Pa*s)/(m^3*s) |   7.64e-02 | -               |  9.79e-01 | -              |  9.79e-01 | -              |       0.00e+00 | C                   |
| evaporator2 | -1.06e+06 | W        | 1.07e+05 | W/K       | 1.07e+05 | W/K         | 5.02e+00 | C          | 9.92e+00 | C             | 1.73e+01 | C          | 5.02e+00 | C          |  5.02e+00 | C              | 1.00e+00 | -          | 1.00e+00 | -          | 0.00e+00 | bar        | 0.00e+00 | bar        | 5.00e+01 | W/m^2*K    | 5.00e+02 | W/m^2*K    | 2.14e+03 | m^2       | 6.10e-01 | -           | 7.84e-01 | -           | 0.00e+00 | (Pa*s)/(m^3*s) | 0.00e+00 | (Pa*s)/(m^3*s) |   9.81e-02 | -               |  7.10e-01 | -              |  7.10e-01 | -              |       0.00e+00 | C                   |
+-------------+-----------+----------+----------+-----------+----------+-------------+----------+------------+----------+---------------+----------+------------+----------+------------+-----------+----------------+----------+------------+----------+------------+----------+------------+----------+------------+----------+------------+----------+------------+----------+-----------+----------+-------------+----------+-------------+----------+----------------+----------+----------------+------------+-----------------+-----------+----------------+-----------+----------------+----------------+---------------------+
##### RESULTS (ExtractHeatExchanger) #####
+----------------------------------+-----------+----------+----------+-----------+----------+-------------+-------+------------+----------+---------------+----------+------------+----------+------------+-----------+----------------+----------+------------+----------+------------+----------+------------+----------+------------+----------+------------+----------+------------+----------+-----------+----------+-------------+----------+-------------+----------+----------------+----------+----------------+------------+-----------------+-----------+----------------+-----------+----------------+----------+---------------+-------------------+------------------------+
|                                  |         Q | Q_unit   |       kA | kA_unit   |     KDTA | KDTA_unit   |   DTM | DTM_unit   |   DT_log | DT_log_unit   |      DTU | DTU_unit   |      DTL | DTL_unit   |   DTN_min | DTN_min_unit   |      pr1 | pr1_unit   |      pr2 | pr2_unit   |      dp1 | dp1_unit   |      dp2 | dp2_unit   |      hf1 | hf1_unit   |      hf2 | hf2_unit   |       fA | fA_unit   |     exm1 | exm1_unit   |     exm2 | exm2_unit   |    zeta1 | zeta1_unit     |    zeta2 | zeta2_unit     |   eff_cold | eff_cold_unit   |   eff_hot | eff_hot_unit   |   eff_max | eff_max_unit   |   DTU_sh | DTU_sh_unit   |   supercooling_dT | supercooling_dT_unit   |
|----------------------------------+-----------+----------+----------+-----------+----------+-------------+-------+------------+----------+---------------+----------+------------+----------+------------+-----------+----------------+----------+------------+----------+------------+----------+------------+----------+------------+----------+------------+----------+------------+----------+-----------+----------+-------------+----------+-------------+----------+----------------+----------+----------------+------------+-----------------+-----------+----------------+-----------+----------------+----------+---------------+-------------------+------------------------|
| extract_heat_exchanger1_turbine3 | -4.40e+05 | W        | 1.93e+04 | W/K       | 2.24e+04 | W/K         |   nan | C          | 2.28e+01 | C             | 2.14e+01 | C          | 2.44e+01 | C          |  2.14e+01 | C              | 1.00e+00 | -          | 8.89e-01 | -          | 0.00e+00 | bar        | 1.89e-01 | bar        | 5.00e+01 | W/m^2*K    | 5.00e+02 | W/m^2*K    | 4.92e+02 | m^2       | 6.10e-01 | -           | 7.84e-01 | -           | 0.00e+00 | (Pa*s)/(m^3*s) | 1.69e+05 | (Pa*s)/(m^3*s) |   2.97e-01 | -               |  9.57e-01 | -              |  9.57e-01 | -              | 1.53e+01 | C             |          0.00e+00 | C                      |
| extract_heat_exchanger1_turbine4 | -7.30e+05 | W        | 3.18e+04 | W/K       | 3.18e+04 | W/K         |   nan | C          | 2.30e+01 | C             | 1.62e+01 | C          | 3.15e+01 | C          |  1.62e+01 | C              | 1.00e+00 | -          | 8.95e-01 | -          | 0.00e+00 | bar        | 2.04e-01 | bar        | 5.00e+01 | W/m^2*K    | 5.00e+02 | W/m^2*K    | 6.99e+02 | m^2       | 6.10e-01 | -           | 7.84e-01 | -           | 0.00e+00 | (Pa*s)/(m^3*s) | 1.90e+05 | (Pa*s)/(m^3*s) |   4.86e-01 | -               |  9.45e-01 | -              |  9.45e-01 | -              | 1.62e+01 | C             |          0.00e+00 | C                      |
+----------------------------------+-----------+----------+----------+-----------+----------+-------------+-------+------------+----------+---------------+----------+------------+----------+------------+-----------+----------------+----------+------------+----------+------------+----------+------------+----------+------------+----------+------------+----------+------------+----------+-----------+----------+-------------+----------+-------------+----------+----------------+----------+----------------+------------+-----------------+-----------+----------------+-----------+----------------+----------+---------------+-------------------+------------------------+
##### RESULTS (HeatExchanger) #####
+----------------------------------+-----------+----------+----------+-----------+----------+-------------+-------+------------+----------+---------------+----------+------------+----------+------------+-----------+----------------+----------+------------+----------+------------+----------+------------+----------+------------+----------+------------+----------+------------+----------+-----------+----------+-------------+----------+-------------+----------+----------------+----------+----------------+------------+-----------------+-----------+----------------+-----------+----------------+
|                                  |         Q | Q_unit   |       kA | kA_unit   |     KDTA | KDTA_unit   |   DTM | DTM_unit   |   DT_log | DT_log_unit   |      DTU | DTU_unit   |      DTL | DTL_unit   |   DTN_min | DTN_min_unit   |      pr1 | pr1_unit   |      pr2 | pr2_unit   |      dp1 | dp1_unit   |      dp2 | dp2_unit   |      hf1 | hf1_unit   |      hf2 | hf2_unit   |       fA | fA_unit   |     exm1 | exm1_unit   |     exm2 | exm2_unit   |    zeta1 | zeta1_unit     |    zeta2 | zeta2_unit     |   eff_cold | eff_cold_unit   |   eff_hot | eff_hot_unit   |   eff_max | eff_max_unit   |
|----------------------------------+-----------+----------+----------+-----------+----------+-------------+-------+------------+----------+---------------+----------+------------+----------+------------+-----------+----------------+----------+------------+----------+------------+----------+------------+----------+------------+----------+------------+----------+------------+----------+-----------+----------+-------------+----------+-------------+----------+----------------+----------+----------------+------------+-----------------+-----------+----------------+-----------+----------------|
| extract_heat_exchanger2_turbine3 | -1.92e+04 | W        | 2.75e+03 | W/K       | 2.74e+03 | W/K         |   nan | C          | 6.99e+00 | C             | 2.44e+01 | C          | 8.43e-01 | C          |  8.43e-01 | C              | 1.00e+00 | -          | 9.73e-01 | -          | 0.00e+00 | bar        | 4.75e-02 | bar        | 5.00e+01 | W/m^2*K    | 5.00e+02 | W/m^2*K    | 6.03e+01 | m^2       | 6.10e-01 | -           | 7.84e-01 | -           | 0.00e+00 | (Pa*s)/(m^3*s) | 4.27e+04 | (Pa*s)/(m^3*s) |   1.60e-02 | -               |  9.66e-01 | -              |  9.66e-01 | -              |
| extract_heat_exchanger2_turbine4 | -4.09e+04 | W        | 3.93e+03 | W/K       | 3.92e+03 | W/K         |   nan | C          | 1.04e+01 | C             | 3.15e+01 | C          | 1.82e+00 | C          |  1.82e+00 | C              | 1.00e+00 | -          | 9.74e-01 | -          | 0.00e+00 | bar        | 5.11e-02 | bar        | 5.00e+01 | W/m^2*K    | 5.00e+02 | W/m^2*K    | 8.63e+01 | m^2       | 6.10e-01 | -           | 7.84e-01 | -           | 0.00e+00 | (Pa*s)/(m^3*s) | 4.79e+04 | (Pa*s)/(m^3*s) |   2.65e-02 | -               |  9.44e-01 | -              |  9.44e-01 | -              |
| main_heat_exchanger1             | -9.96e+06 | W        | 1.68e+05 | W/K       | 1.51e+05 | W/K         |   nan | C          | 5.92e+01 | C             | 5.00e+00 | C          | 2.32e+02 | C          |  5.00e+00 | C              | 1.00e+00 | -          | 9.96e-01 | -          | 0.00e+00 | bar        | 2.00e-01 | bar        | 5.00e+01 | W/m^2*K    | 5.00e+02 | W/m^2*K    | 3.32e+03 | m^2       | 6.10e-01 | -           | 7.84e-01 | -           | 0.00e+00 | (Pa*s)/(m^3*s) | 3.01e+03 | (Pa*s)/(m^3*s) |   9.87e-01 | -               |  3.22e-01 | -              |  9.87e-01 | -              |
| main_heat_exchanger2             | -6.46e+06 | W        | 1.26e+05 | W/K       | 1.29e+05 | W/K         |   nan | C          | 5.11e+01 | C             | 3.00e+01 | C          | 8.05e+01 | C          |  3.00e+01 | C              | 1.00e+00 | -          | 9.96e-01 | -          | 0.00e+00 | bar        | 2.00e-01 | bar        | 5.00e+01 | W/m^2*K    | 5.00e+02 | W/m^2*K    | 2.84e+03 | m^2       | 6.10e-01 | -           | 7.84e-01 | -           | 0.00e+00 | (Pa*s)/(m^3*s) | 1.56e+05 | (Pa*s)/(m^3*s) |   2.34e-01 | -               |  4.83e-01 | -              |  4.83e-01 | -              |
| main_heat_exchanger3             | -1.38e+05 | W        | 5.18e+03 | W/K       | 5.20e+03 | W/K         |   nan | C          | 2.67e+01 | C             | 7.05e+00 | C          | 6.71e+01 | C          |  7.05e+00 | C              | 1.00e+00 | -          | 9.78e-01 | -          | 0.00e+00 | bar        | 2.00e-01 | bar        | 5.00e+01 | W/m^2*K    | 5.00e+02 | W/m^2*K    | 1.14e+02 | m^2       | 6.10e-01 | -           | 7.84e-01 | -           | 0.00e+00 | (Pa*s)/(m^3*s) | 8.36e+07 | (Pa*s)/(m^3*s) |   1.14e-01 | -               |  2.34e-02 | -              |  1.14e-01 | -              |
+----------------------------------+-----------+----------+----------+-----------+----------+-------------+-------+------------+----------+---------------+----------+------------+----------+------------+-----------+----------------+----------+------------+----------+------------+----------+------------+----------+------------+----------+------------+----------+------------+----------+-----------+----------+-------------+----------+-------------+----------+----------------+----------+----------------+------------+-----------------+-----------+----------------+-----------+----------------+
##### RESULTS (Valve) #####
+-------------------------+----------+-----------+----------+-----------+----------+----------------+
|                         |       pr | pr_unit   |       dp | dp_unit   |     zeta | zeta_unit      |
|-------------------------+----------+-----------+----------+-----------+----------+----------------|
| extract_valve_turbine2  | 3.77e-01 | -         | 2.49e+00 | bar       | 4.74e+05 | (Pa*s)/(m^3*s) |
| fuel_add_valve          | 2.17e-01 | -         | 3.52e+00 | bar       | 4.20e+07 | (Pa*s)/(m^3*s) |
| gas_drop_pressure_valve | 9.75e-01 | -         | 2.50e-02 | bar       | 1.93e-01 | (Pa*s)/(m^3*s) |
| main_steam1_valve       | 9.90e-01 | -         | 5.00e-01 | bar       | 5.63e+03 | (Pa*s)/(m^3*s) |
+-------------------------+----------+-----------+----------+-----------+----------+----------------+
##### RESULTS (DiabaticCombustionChamber) #####
+-------------------+----------+-------------+----------+-----------+----------+--------------+----------+-----------+----------+-----------+----------+------------+-----------+---------------+
|                   |     lamb | lamb_unit   |       ti | ti_unit   |    T_out | T_out_unit   |       pr | pr_unit   |       dp | dp_unit   |      eta | eta_unit   |    Q_loss | Q_loss_unit   |
|-------------------+----------+-------------+----------+-----------+----------+--------------+----------+-----------+----------+-----------+----------+------------+-----------+---------------|
| fuel_combustion   | 3.31e+00 | -           | 7.01e+07 | W         | 1.10e+03 | C            | 1.00e+00 | -         | 5.00e-03 | bar       | 9.99e-01 | -          | -7.01e+04 | W             |
| gas_re_combustion | 3.05e+01 | -           | 5.30e+06 | W         | 6.00e+02 | C            | 1.00e+00 | -         | 0.00e+00 | bar       | 9.99e-01 | -          | -5.30e+03 | W             |
+-------------------+----------+-------------+----------+-----------+----------+--------------+----------+-----------+----------+-----------+----------+------------+-----------+---------------+
##### RESULTS (Turbine) #####
+-------------+-----------+----------+----------+-----------+----------+-----------+----------+--------------+
|             |         P | P_unit   |       pr | pr_unit   |       dp | dp_unit   |    eta_s | eta_s_unit   |
|-------------+-----------+----------+----------+-----------+----------+-----------+----------+--------------|
| gas_turbine | -5.46e+07 | W        | 7.15e-02 | -         | 1.30e+01 | bar       | 8.58e-01 | -            |
| turbine1    | -5.56e+06 | W        | 1.89e-01 | -         | 3.85e+01 | bar       | 8.80e-01 | -            |
| turbine2    | -2.22e+06 | W        | 4.44e-01 | -         | 5.00e+00 | bar       | 8.80e-01 | -            |
| turbine3    | -3.42e+06 | W        | 1.75e-01 | -         | 3.30e+00 | bar       | 8.80e-01 | -            |
| turbine4    | -5.38e+05 | W        | 7.14e-01 | -         | 2.00e-01 | bar       | 8.80e-01 | -            |
| turbine5    | -2.06e+06 | W        | 2.40e-01 | -         | 3.80e-01 | bar       | 9.00e-01 | -            |
+-------------+-----------+----------+----------+-----------+----------+-----------+----------+--------------+
##### RESULTS (FluidConnection) #####
+-------------------------------------+-----------+----------+-----------+----------+-----------+----------+-----------+----------+------------+--------------+------------+---------------+-----------+----------+-----------+------------+------------+----------+-----------+----------+----------------------+-------------+-------------+-------------+-------------+-------------+-------------+-------------+-------------+
|                                     |         m | m_unit   |         p | p_unit   |         h | h_unit   |         T | T_unit   |      Td_bp | Td_bp_unit   |     Td_dew | Td_dew_unit   |         v | v_unit   |       vol | vol_unit   |          x | x_unit   |         s | s_unit   | phase                |          O2 |         CH4 |          Ar |          N2 |         H2O |         CO2 |       Water |       water |
|-------------------------------------+-----------+----------+-----------+----------+-----------+----------+-----------+----------+------------+--------------+------------+---------------+-----------+----------+-----------+------------+------------+----------+-----------+----------+----------------------+-------------+-------------+-------------+-------------+-------------+-------------+-------------+-------------|
| condenser_recycle                   | 1.081e+01 | kg / s   | 1.200e-01 | bar      | 2.069e+02 | kJ / kg  | 4.942e+01 | C        |  0.000e+00 | K            |  0.000e+00 | K             | 1.093e-02 | m^3 / s  | 1.012e-03 | m^3 / kg   |  0.000e+00 | -        | 6.963e+02 | J / kgK  | tp                   | nan         | nan         | nan         | nan         | nan         | nan         | nan         |   1.000e+00 |
| cooling_water_in                    | 2.080e+02 | kg / s   | 3.000e+00 | bar      | 6.327e+01 | kJ / kg  | 1.500e+01 | C        | -1.185e+02 | K            |  1.185e+02 | K             | 2.082e-01 | m^3 / s  | 1.001e-03 | m^3 / kg   |  0.000e+00 | -        | 2.244e+02 | J / kgK  | l                    | nan         | nan         | nan         | nan         | nan         | nan         |   1.000e+00 | nan         |
| cooling_water_out                   | 2.080e+02 | kg / s   | 2.950e+00 | bar      | 1.789e+02 | kJ / kg  | 4.266e+01 | C        | -9.029e+01 | K            |  9.029e+01 | K             | 2.098e-01 | m^3 / s  | 1.009e-03 | m^3 / kg   |  0.000e+00 | -        | 6.076e+02 | J / kgK  | l                    | nan         | nan         | nan         | nan         | nan         | nan         |   1.000e+00 | nan         |
| drain_liquid_deaerator              | 5.600e-02 | kg / s   | 1.509e+00 | bar      | 2.693e+03 | kJ / kg  | 1.115e+02 | C        |  0.000e+00 | K            |  0.000e+00 | K             | 6.456e-02 | m^3 / s  | 1.153e+00 | m^3 / kg   |  1.000e+00 | -        | 7.221e+03 | J / kgK  | tp                   | nan         | nan         | nan         | nan         | nan         | nan         | nan         |   1.000e+00 |
| drain_liquid_tank1                  | 2.250e-01 | kg / s   | 4.820e+01 | bar      | 1.143e+03 | kJ / kg  | 2.617e+02 | C        |  0.000e+00 | K            |  0.000e+00 | K             | 2.881e-04 | m^3 / s  | 1.280e-03 | m^3 / kg   |  1.222e-16 | -        | 2.900e+03 | J / kgK  | tp                   | nan         | nan         | nan         | nan         | nan         | nan         | nan         |   1.000e+00 |
| drain_liquid_tank2                  | 1.000e-03 | kg / s   | 9.000e+00 | bar      | 7.426e+02 | kJ / kg  | 1.754e+02 | C        |  0.000e+00 | K            |  0.000e+00 | K             | 1.121e-06 | m^3 / s  | 1.121e-03 | m^3 / kg   |  0.000e+00 | -        | 2.094e+03 | J / kgK  | tp                   | nan         | nan         | nan         | nan         | nan         | nan         | nan         |   1.000e+00 |
| evaporate_tank1_vapour_out          | 1.156e+01 | kg / s   | 4.820e+01 | bar      | 2.796e+03 | kJ / kg  | 2.617e+02 | C        |  0.000e+00 | K            |  0.000e+00 | K             | 4.742e-01 | m^3 / s  | 4.100e-02 | m^3 / kg   |  1.000e+00 | -        | 5.990e+03 | J / kgK  | tp                   | nan         | nan         | nan         | nan         | nan         | nan         | nan         |   1.000e+00 |
| evaporate_tank1_wator_in            | 1.179e+01 | kg / s   | 4.820e+01 | bar      | 1.022e+03 | kJ / kg  | 2.367e+02 | C        | -2.497e+01 | K            |  2.497e+01 | K             | 1.438e-02 | m^3 / s  | 1.220e-03 | m^3 / kg   |  0.000e+00 | -        | 2.668e+03 | J / kgK  | l                    | nan         | nan         | nan         | nan         | nan         | nan         | nan         |   1.000e+00 |
| evaporate_tank1_wator_out           | 1.179e+02 | kg / s   | 4.820e+01 | bar      | 1.143e+03 | kJ / kg  | 2.617e+02 | C        |  0.000e+00 | K            |  0.000e+00 | K             | 1.510e-01 | m^3 / s  | 1.280e-03 | m^3 / kg   |  1.222e-16 | -        | 2.900e+03 | J / kgK  | tp                   | nan         | nan         | nan         | nan         | nan         | nan         | nan         |   1.000e+00 |
| evaporate_tank2_vapour_out          | 5.203e-01 | kg / s   | 9.000e+00 | bar      | 2.773e+03 | kJ / kg  | 1.754e+02 | C        |  0.000e+00 | K            |  0.000e+00 | K             | 1.118e-01 | m^3 / s  | 2.149e-01 | m^3 / kg   |  1.000e+00 | -        | 6.621e+03 | J / kgK  | tp                   | nan         | nan         | nan         | nan         | nan         | nan         | nan         |   1.000e+00 |
| evaporate_tank2_wator_in            | 5.213e-01 | kg / s   | 9.000e+00 | bar      | 7.337e+02 | kJ / kg  | 1.733e+02 | C        | -2.030e+00 | K            |  2.030e+00 | K             | 5.831e-04 | m^3 / s  | 1.118e-03 | m^3 / kg   |  0.000e+00 | -        | 2.074e+03 | J / kgK  | l                    | nan         | nan         | nan         | nan         | nan         | nan         | nan         |   1.000e+00 |
| evaporate_tank2_wator_out           | 5.213e+00 | kg / s   | 9.000e+00 | bar      | 7.426e+02 | kJ / kg  | 1.754e+02 | C        |  0.000e+00 | K            |  0.000e+00 | K             | 5.845e-03 | m^3 / s  | 1.121e-03 | m^3 / kg   |  0.000e+00 | -        | 2.094e+03 | J / kgK  | tp                   | nan         | nan         | nan         | nan         | nan         | nan         | nan         |   1.000e+00 |
| evaporator1_gas_in                  | 8.137e+01 | kg / s   | 9.750e-01 | bar      | 9.127e+02 | kJ / kg  | 4.940e+02 | C        |  0.000e+00 | K            |  0.000e+00 | K             | 1.866e+02 | m^3 / s  | 2.293e+00 | m^3 / kg   |  0.000e+00 | -        | 7.794e+03 | J / kgK  | nan                  |   1.532e-01 |   0.000e+00 |   1.266e-02 |   7.413e-01 |   4.159e-02 |   5.120e-02 | nan         | nan         |
| evaporator1_gas_out                 | 8.137e+01 | kg / s   | 9.750e-01 | bar      | 6.602e+02 | kJ / kg  | 2.667e+02 | C        |  0.000e+00 | K            |  0.000e+00 | K             | 1.313e+02 | m^3 / s  | 1.613e+00 | m^3 / kg   |  0.000e+00 | -        | 7.404e+03 | J / kgK  | nan                  |   1.532e-01 |   0.000e+00 |   1.266e-02 |   7.413e-01 |   4.159e-02 |   5.120e-02 | nan         | nan         |
| evaporator1_steam_in                | 1.179e+02 | kg / s   | 4.820e+01 | bar      | 1.143e+03 | kJ / kg  | 2.617e+02 | C        |  0.000e+00 | K            |  0.000e+00 | K             | 1.510e-01 | m^3 / s  | 1.280e-03 | m^3 / kg   |  1.222e-16 | -        | 2.900e+03 | J / kgK  | tp                   | nan         | nan         | nan         | nan         | nan         | nan         | nan         |   1.000e+00 |
| evaporator1_steam_out               | 1.179e+02 | kg / s   | 4.820e+01 | bar      | 1.317e+03 | kJ / kg  | 2.617e+02 | C        |  0.000e+00 | K            |  0.000e+00 | K             | 6.447e-01 | m^3 / s  | 5.468e-03 | m^3 / kg   |  1.054e-01 | -        | 3.226e+03 | J / kgK  | tp                   | nan         | nan         | nan         | nan         | nan         | nan         | nan         |   1.000e+00 |
| evaporator2_gas_in                  | 8.137e+01 | kg / s   | 9.750e-01 | bar      | 5.808e+02 | kJ / kg  | 1.926e+02 | C        |  0.000e+00 | K            |  0.000e+00 | K             | 1.133e+02 | m^3 / s  | 1.392e+00 | m^3 / kg   |  0.000e+00 | -        | 7.246e+03 | J / kgK  | nan                  |   1.532e-01 |   0.000e+00 |   1.266e-02 |   7.413e-01 |   4.159e-02 |   5.120e-02 | nan         | nan         |
| evaporator2_gas_out                 | 8.137e+01 | kg / s   | 9.750e-01 | bar      | 5.678e+02 | kJ / kg  | 1.804e+02 | C        |  0.000e+00 | K            |  0.000e+00 | K             | 1.103e+02 | m^3 / s  | 1.355e+00 | m^3 / kg   |  0.000e+00 | -        | 7.218e+03 | J / kgK  | nan                  |   1.532e-01 |   0.000e+00 |   1.266e-02 |   7.413e-01 |   4.159e-02 |   5.120e-02 | nan         | nan         |
| evaporator2_steam_in                | 5.213e+00 | kg / s   | 9.000e+00 | bar      | 7.426e+02 | kJ / kg  | 1.754e+02 | C        |  0.000e+00 | K            |  0.000e+00 | K             | 5.845e-03 | m^3 / s  | 1.121e-03 | m^3 / kg   |  0.000e+00 | -        | 2.094e+03 | J / kgK  | tp                   | nan         | nan         | nan         | nan         | nan         | nan         | nan         |   1.000e+00 |
| evaporator2_steam_out               | 5.213e+00 | kg / s   | 9.000e+00 | bar      | 9.461e+02 | kJ / kg  | 1.754e+02 | C        |  0.000e+00 | K            |  0.000e+00 | K             | 1.176e-01 | m^3 / s  | 2.255e-02 | m^3 / kg   |  1.002e-01 | -        | 2.548e+03 | J / kgK  | tp                   | nan         | nan         | nan         | nan         | nan         | nan         | nan         |   1.000e+00 |
| exchanger1_2_ex_tb3_extract_steam   | 1.917e-01 | kg / s   | 7.000e-01 | bar      | 3.768e+02 | kJ / kg  | 8.993e+01 | C        |  0.000e+00 | K            |  0.000e+00 | K             | 1.986e-04 | m^3 / s  | 1.036e-03 | m^3 / kg   |  0.000e+00 | -        | 1.192e+03 | J / kgK  | tp                   | nan         | nan         | nan         | nan         | nan         | nan         | nan         |   1.000e+00 |
| exchanger1_2_ex_tb4_extract_steam   | 3.198e-01 | kg / s   | 5.000e-01 | bar      | 3.405e+02 | kJ / kg  | 8.132e+01 | C        |  0.000e+00 | K            |  0.000e+00 | K             | 3.294e-04 | m^3 / s  | 1.030e-03 | m^3 / kg   |  0.000e+00 | -        | 1.091e+03 | J / kgK  | tp                   | nan         | nan         | nan         | nan         | nan         | nan         | nan         |   1.000e+00 |
| exchanger1_ex_tb3_extract_steam_in  | 1.917e-01 | kg / s   | 7.000e-01 | bar      | 2.672e+03 | kJ / kg  | 9.601e+01 | C        |  6.083e+00 | K            | -6.083e+00 | K             | 4.615e-01 | m^3 / s  | 2.407e+00 | m^3 / kg   |  1.000e+00 | -        | 7.513e+03 | J / kgK  | g                    | nan         | nan         | nan         | nan         | nan         | nan         | nan         |   1.000e+00 |
| exchanger1_ex_tb3_main_steam_out    | 1.160e+01 | kg / s   | 1.509e+00 | bar      | 3.126e+02 | kJ / kg  | 7.463e+01 | C        | -3.690e+01 | K            |  3.690e+01 | K             | 1.189e-02 | m^3 / s  | 1.026e-03 | m^3 / kg   |  0.000e+00 | -        | 1.011e+03 | J / kgK  | l                    | nan         | nan         | nan         | nan         | nan         | nan         | nan         |   1.000e+00 |
| exchanger1_ex_tb4_extract_steam_in  | 3.198e-01 | kg / s   | 5.000e-01 | bar      | 2.623e+03 | kJ / kg  | 8.132e+01 | C        |  0.000e+00 | K            |  0.000e+00 | K             | 1.026e+00 | m^3 / s  | 3.209e+00 | m^3 / kg   |  9.905e-01 | -        | 7.531e+03 | J / kgK  | tp                   | nan         | nan         | nan         | nan         | nan         | nan         | nan         |   1.000e+00 |
| exchanger1_ex_tb4_main_steam_out    | 1.141e+01 | kg / s   | 1.745e+00 | bar      | 2.729e+02 | kJ / kg  | 6.516e+01 | C        | -5.079e+01 | K            |  5.079e+01 | K             | 1.163e-02 | m^3 / s  | 1.020e-03 | m^3 / kg   |  0.000e+00 | -        | 8.955e+02 | J / kgK  | l                    | nan         | nan         | nan         | nan         | nan         | nan         | nan         |   1.000e+00 |
| exchanger2_1_ex_tb3_main_steam      | 1.160e+01 | kg / s   | 1.697e+00 | bar      | 2.746e+02 | kJ / kg  | 6.557e+01 | C        | -4.953e+01 | K            |  4.953e+01 | K             | 1.183e-02 | m^3 / s  | 1.020e-03 | m^3 / kg   |  0.000e+00 | -        | 9.006e+02 | J / kgK  | l                    | nan         | nan         | nan         | nan         | nan         | nan         | nan         |   1.000e+00 |
| exchanger2_1_ex_tb4_main_steam      | 1.141e+01 | kg / s   | 1.949e+00 | bar      | 2.089e+02 | kJ / kg  | 4.985e+01 | C        | -6.954e+01 | K            |  6.954e+01 | K             | 1.154e-02 | m^3 / s  | 1.012e-03 | m^3 / kg   |  0.000e+00 | -        | 7.018e+02 | J / kgK  | l                    | nan         | nan         | nan         | nan         | nan         | nan         | nan         |   1.000e+00 |
| exchanger2_ex_tb3_extract_steam_out | 1.917e-01 | kg / s   | 7.000e-01 | bar      | 2.764e+02 | kJ / kg  | 6.601e+01 | C        | -2.392e+01 | K            |  2.392e+01 | K             | 1.956e-04 | m^3 / s  | 1.020e-03 | m^3 / kg   |  0.000e+00 | -        | 9.062e+02 | J / kgK  | l                    | nan         | nan         | nan         | nan         | nan         | nan         | nan         |   1.000e+00 |
| exchanger2_ex_tb3_main_steam_in     | 1.160e+01 | kg / s   | 1.745e+00 | bar      | 2.730e+02 | kJ / kg  | 6.517e+01 | C        | -5.078e+01 | K            |  5.078e+01 | K             | 1.183e-02 | m^3 / s  | 1.020e-03 | m^3 / kg   |  0.000e+00 | -        | 8.957e+02 | J / kgK  | l                    | nan         | nan         | nan         | nan         | nan         | nan         | nan         |   1.000e+00 |
| exchanger2_ex_tb4_extract_steam_out | 3.198e-01 | kg / s   | 5.000e-01 | bar      | 2.128e+02 | kJ / kg  | 5.081e+01 | C        | -3.050e+01 | K            |  3.050e+01 | K             | 3.238e-04 | m^3 / s  | 1.013e-03 | m^3 / kg   |  0.000e+00 | -        | 7.143e+02 | J / kgK  | l                    | nan         | nan         | nan         | nan         | nan         | nan         | nan         |   1.000e+00 |
| exchanger2_ex_tb4_main_steam_in     | 1.141e+01 | kg / s   | 2.000e+00 | bar      | 2.053e+02 | kJ / kg  | 4.900e+01 | C        | -7.121e+01 | K            |  7.121e+01 | K             | 1.154e-02 | m^3 / s  | 1.012e-03 | m^3 / kg   |  0.000e+00 | -        | 6.907e+02 | J / kgK  | l                    | nan         | nan         | nan         | nan         | nan         | nan         | nan         |   1.000e+00 |
| extract_deaerator                   | 7.684e-01 | kg / s   | 1.509e+00 | bar      | 2.974e+03 | kJ / kg  | 2.508e+02 | C        |  1.393e+02 | K            | -1.393e+02 | K             | 1.225e+00 | m^3 / s  | 1.594e+00 | m^3 / kg   |  1.000e+00 | -        | 7.845e+03 | J / kgK  | g                    | nan         | nan         | nan         | nan         | nan         | nan         | nan         |   1.000e+00 |
| extract_deaerator_splitter          | 1.231e+01 | kg / s   | 1.509e+00 | bar      | 4.679e+02 | kJ / kg  | 1.115e+02 | C        | -7.605e-06 | K            |  7.605e-06 | K             | 1.296e-02 | m^3 / s  | 1.053e-03 | m^3 / kg   |  0.000e+00 | -        | 1.436e+03 | J / kgK  | l                    | nan         | nan         | nan         | nan         | nan         | nan         | nan         |   1.000e+00 |
| extract_main_steam_tb3              | 1.917e-01 | kg / s   | 1.745e+00 | bar      | 2.765e+02 | kJ / kg  | 6.603e+01 | C        | -4.992e+01 | K            |  4.992e+01 | K             | 1.956e-04 | m^3 / s  | 1.020e-03 | m^3 / kg   |  0.000e+00 | -        | 9.063e+02 | J / kgK  | l                    | nan         | nan         | nan         | nan         | nan         | nan         | nan         |   1.000e+00 |
| extract_main_steam_tb4              | 3.198e-01 | kg / s   | 2.000e+00 | bar      | 2.130e+02 | kJ / kg  | 5.083e+01 | C        | -6.938e+01 | K            |  6.938e+01 | K             | 3.238e-04 | m^3 / s  | 1.012e-03 | m^3 / kg   |  0.000e+00 | -        | 7.144e+02 | J / kgK  | l                    | nan         | nan         | nan         | nan         | nan         | nan         | nan         |   1.000e+00 |
| extract_valve                       | 7.684e-01 | kg / s   | 4.000e+00 | bar      | 2.974e+03 | kJ / kg  | 2.548e+02 | C        |  1.112e+02 | K            | -1.112e+02 | K             | 4.618e-01 | m^3 / s  | 6.010e-01 | m^3 / kg   |  1.000e+00 | -        | 7.399e+03 | J / kgK  | g                    | nan         | nan         | nan         | nan         | nan         | nan         | nan         |   1.000e+00 |
| feed_water_post                     | 2.820e-01 | kg / s   | 2.000e+00 | bar      | 1.259e+02 | kJ / kg  | 3.000e+01 | C        | -9.021e+01 | K            |  9.021e+01 | K             | 2.832e-04 | m^3 / s  | 1.004e-03 | m^3 / kg   |  0.000e+00 | -        | 4.367e+02 | J / kgK  | l                    | nan         | nan         | nan         | nan         | nan         | nan         | nan         |   1.000e+00 |
| feed_water_pre                      | 1.081e+01 | kg / s   | 2.000e+00 | bar      | 2.072e+02 | kJ / kg  | 4.944e+01 | C        | -7.077e+01 | K            |  7.077e+01 | K             | 1.093e-02 | m^3 / s  | 1.012e-03 | m^3 / kg   |  0.000e+00 | -        | 6.964e+02 | J / kgK  | l                    | nan         | nan         | nan         | nan         | nan         | nan         | nan         |   1.000e+00 |
| fuel1_air_compressor_combustion     | 7.986e+01 | kg / s   | 1.400e+01 | bar      | 6.780e+02 | kJ / kg  | 3.933e+02 | C        |  0.000e+00 | K            |  0.000e+00 | K             | 1.095e+01 | m^3 / s  | 1.372e-01 | m^3 / kg   |  0.000e+00 | -        | 6.930e+03 | J / kgK  | nan                  |   2.314e-01 |   0.000e+00 |   1.290e-02 |   7.553e-01 |   0.000e+00 |   4.000e-04 | nan         | nan         |
| fuel1_air_source_compressor         | 7.986e+01 | kg / s   | 9.780e-01 | bar      | 2.885e+02 | kJ / kg  | 1.500e+01 | C        |  0.000e+00 | K            |  0.000e+00 | K             | 6.753e+01 | m^3 / s  | 8.456e-01 | m^3 / kg   |  0.000e+00 | -        | 6.835e+03 | J / kgK  | nan                  |   2.314e-01 |   0.000e+00 |   1.290e-02 |   7.553e-01 |   0.000e+00 |   4.000e-04 | nan         | nan         |
| fuel1_compressor_combustion         | 1.401e+00 | kg / s   | 1.500e+01 | bar      | 1.126e+03 | kJ / kg  | 1.198e+02 | C        |  2.344e+02 | K            | -2.344e+02 | K             | 1.888e-01 | m^3 / s  | 1.348e-01 | m^3 / kg   | -1.000e+00 | -        | 5.911e+03 | J / kgK  | state not recognised |   0.000e+00 |   1.000e+00 |   0.000e+00 |   0.000e+00 |   0.000e+00 |   0.000e+00 | nan         | nan         |
| fuel1_splitter_compressor           | 1.401e+00 | kg / s   | 4.500e+00 | bar      | 8.841e+02 | kJ / kg  | 1.500e+01 | C        |  1.547e+02 | K            | -1.547e+02 | K             | 4.609e-01 | m^3 / s  | 3.289e-01 | m^3 / kg   | -1.000e+00 | -        | 5.817e+03 | J / kgK  | state not recognised |   0.000e+00 |   1.000e+00 |   0.000e+00 |   0.000e+00 |   0.000e+00 |   0.000e+00 | nan         | nan         |
| fuel2_splitter_valve                | 1.059e-01 | kg / s   | 4.500e+00 | bar      | 8.841e+02 | kJ / kg  | 1.500e+01 | C        |  1.547e+02 | K            | -1.547e+02 | K             | 3.483e-02 | m^3 / s  | 3.289e-01 | m^3 / kg   | -1.000e+00 | -        | 5.817e+03 | J / kgK  | state not recognised |   0.000e+00 |   1.000e+00 |   0.000e+00 |   0.000e+00 |   0.000e+00 |   0.000e+00 | nan         | nan         |
| fuel2_valve_combustion              | 1.059e-01 | kg / s   | 9.780e-01 | bar      | 8.841e+02 | kJ / kg  | 1.334e+01 | C        |  1.753e+02 | K            | -1.753e+02 | K             | 1.605e-01 | m^3 / s  | 1.515e+00 | m^3 / kg   | -1.000e+00 | -        | 6.604e+03 | J / kgK  | state not recognised |   0.000e+00 |   1.000e+00 |   0.000e+00 |   0.000e+00 |   0.000e+00 |   0.000e+00 | nan         | nan         |
| fuel_source_splitter                | 1.507e+00 | kg / s   | 4.500e+00 | bar      | 8.841e+02 | kJ / kg  | 1.500e+01 | C        |  1.547e+02 | K            | -1.547e+02 | K             | 4.957e-01 | m^3 / s  | 3.289e-01 | m^3 / kg   | -1.000e+00 | -        | 5.817e+03 | J / kgK  | state not recognised |   0.000e+00 |   1.000e+00 |   0.000e+00 |   0.000e+00 |   0.000e+00 |   0.000e+00 | nan         | nan         |
| gas_deliver                         | 8.137e+01 | kg / s   | 9.750e-01 | bar      | 1.035e+03 | kJ / kg  | 6.000e+02 | C        |  0.000e+00 | K            |  0.000e+00 | K             | 2.123e+02 | m^3 / s  | 2.610e+00 | m^3 / kg   |  0.000e+00 | -        | 7.943e+03 | J / kgK  | nan                  |   1.532e-01 |   0.000e+00 |   1.266e-02 |   7.413e-01 |   4.159e-02 |   5.120e-02 | nan         | nan         |
| gas_out                             | 8.137e+01 | kg / s   | 9.750e-01 | bar      | 5.661e+02 | kJ / kg  | 1.788e+02 | C        |  0.000e+00 | K            |  0.000e+00 | K             | 1.099e+02 | m^3 / s  | 1.351e+00 | m^3 / kg   |  0.000e+00 | -        | 7.214e+03 | J / kgK  | nan                  |   1.532e-01 |   0.000e+00 |   1.266e-02 |   7.413e-01 |   4.159e-02 |   5.120e-02 | nan         | nan         |
| gas_re_combustion_in                | 8.126e+01 | kg / s   | 9.750e-01 | bar      | 9.635e+02 | kJ / kg  | 5.460e+02 | C        |  0.000e+00 | K            |  0.000e+00 | K             | 1.987e+02 | m^3 / s  | 2.446e+00 | m^3 / kg   |  0.000e+00 | -        | 7.875e+03 | J / kgK  | nan                  |   1.586e-01 |   0.000e+00 |   1.268e-02 |   7.423e-01 |   3.872e-02 |   4.769e-02 | nan         | nan         |
| gas_turbine_in                      | 8.126e+01 | kg / s   | 1.400e+01 | bar      | 1.636e+03 | kJ / kg  | 1.101e+03 | C        |  0.000e+00 | K            |  0.000e+00 | K             | 2.327e+01 | m^3 / s  | 2.863e-01 | m^3 / kg   |  0.000e+00 | -        | 7.723e+03 | J / kgK  | nan                  |   1.586e-01 |   0.000e+00 |   1.268e-02 |   7.423e-01 |   3.872e-02 |   4.769e-02 | nan         | nan         |
| gas_turbine_out                     | 8.126e+01 | kg / s   | 1.000e+00 | bar      | 9.635e+02 | kJ / kg  | 5.460e+02 | C        |  0.000e+00 | K            |  0.000e+00 | K             | 1.938e+02 | m^3 / s  | 2.385e+00 | m^3 / kg   |  0.000e+00 | -        | 7.867e+03 | J / kgK  | nan                  |   1.586e-01 |   0.000e+00 |   1.268e-02 |   7.423e-01 |   3.872e-02 |   4.769e-02 | nan         | nan         |
| main_steam1_deliver                 | 1.156e+01 | kg / s   | 4.800e+01 | bar      | 3.657e+03 | kJ / kg  | 5.950e+02 | C        |  3.336e+02 | K            | -3.336e+02 | K             | 9.431e-01 | m^3 / s  | 8.155e-02 | m^3 / kg   | -1.000e+00 | -        | 7.267e+03 | J / kgK  | state not recognised | nan         | nan         | nan         | nan         | nan         | nan         | nan         |   1.000e+00 |
| main_steam1_recycle                 | 1.179e+01 | kg / s   | 4.840e+01 | bar      | 4.740e+02 | kJ / kg  | 1.122e+02 | C        | -1.497e+02 | K            |  1.497e+02 | K             | 1.239e-02 | m^3 / s  | 1.051e-03 | m^3 / kg   |  0.000e+00 | -        | 1.439e+03 | J / kgK  | l                    | nan         | nan         | nan         | nan         | nan         | nan         | nan         |   1.000e+00 |
| main_steam1_splitter                | 1.179e+01 | kg / s   | 1.509e+00 | bar      | 4.679e+02 | kJ / kg  | 1.115e+02 | C        | -7.605e-06 | K            |  7.605e-06 | K             | 1.241e-02 | m^3 / s  | 1.053e-03 | m^3 / kg   |  0.000e+00 | -        | 1.436e+03 | J / kgK  | l                    | nan         | nan         | nan         | nan         | nan         | nan         | nan         |   1.000e+00 |
| main_steam2_recycle                 | 5.213e-01 | kg / s   | 9.200e+00 | bar      | 4.689e+02 | kJ / kg  | 1.116e+02 | C        | -6.465e+01 | K            |  6.465e+01 | K             | 5.487e-04 | m^3 / s  | 1.053e-03 | m^3 / kg   |  0.000e+00 | -        | 1.436e+03 | J / kgK  | l                    | nan         | nan         | nan         | nan         | nan         | nan         | nan         |   1.000e+00 |
| main_steam2_splitter                | 5.213e-01 | kg / s   | 1.509e+00 | bar      | 4.679e+02 | kJ / kg  | 1.115e+02 | C        | -7.605e-06 | K            |  7.605e-06 | K             | 5.489e-04 | m^3 / s  | 1.053e-03 | m^3 / kg   |  0.000e+00 | -        | 1.436e+03 | J / kgK  | l                    | nan         | nan         | nan         | nan         | nan         | nan         | nan         |   1.000e+00 |
| main_steam_turbine1                 | 1.156e+01 | kg / s   | 4.750e+01 | bar      | 3.657e+03 | kJ / kg  | 5.948e+02 | C        |  3.341e+02 | K            | -3.341e+02 | K             | 9.530e-01 | m^3 / s  | 8.241e-02 | m^3 / kg   | -1.000e+00 | -        | 7.272e+03 | J / kgK  | state not recognised | nan         | nan         | nan         | nan         | nan         | nan         | nan         |   1.000e+00 |
| recycle_merge_extract_tb4           | 1.109e+01 | kg / s   | 2.000e+00 | bar      | 2.051e+02 | kJ / kg  | 4.894e+01 | C        | -7.127e+01 | K            |  7.127e+01 | K             | 1.122e-02 | m^3 / s  | 1.012e-03 | m^3 / kg   |  0.000e+00 | -        | 6.900e+02 | J / kgK  | l                    | nan         | nan         | nan         | nan         | nan         | nan         | nan         |   1.000e+00 |
| recycle_pump                        | 1.081e+01 | kg / s   | 1.200e-01 | bar      | 2.069e+02 | kJ / kg  | 4.942e+01 | C        |  0.000e+00 | K            |  0.000e+00 | K             | 1.093e-02 | m^3 / s  | 1.012e-03 | m^3 / kg   |  0.000e+00 | -        | 6.963e+02 | J / kgK  | tp                   | nan         | nan         | nan         | nan         | nan         | nan         | nan         |   1.000e+00 |
| turbine1_steam_out                  | 1.156e+01 | kg / s   | 9.000e+00 | bar      | 3.176e+03 | kJ / kg  | 3.574e+02 | C        |  1.820e+02 | K            | -1.820e+02 | K             | 3.683e+00 | m^3 / s  | 3.184e-01 | m^3 / kg   |  1.000e+00 | -        | 7.379e+03 | J / kgK  | g                    | nan         | nan         | nan         | nan         | nan         | nan         | nan         |   1.000e+00 |
| turbine2_steam_in                   | 1.209e+01 | kg / s   | 9.000e+00 | bar      | 3.158e+03 | kJ / kg  | 3.492e+02 | C        |  1.738e+02 | K            | -1.738e+02 | K             | 3.795e+00 | m^3 / s  | 3.140e-01 | m^3 / kg   |  1.000e+00 | -        | 7.351e+03 | J / kgK  | g                    | nan         | nan         | nan         | nan         | nan         | nan         | nan         |   1.000e+00 |
| turbine2_steam_out                  | 1.209e+01 | kg / s   | 4.000e+00 | bar      | 2.974e+03 | kJ / kg  | 2.548e+02 | C        |  1.112e+02 | K            | -1.112e+02 | K             | 7.263e+00 | m^3 / s  | 6.010e-01 | m^3 / kg   |  1.000e+00 | -        | 7.399e+03 | J / kgK  | g                    | nan         | nan         | nan         | nan         | nan         | nan         | nan         |   1.000e+00 |
| turbine3_steam_in                   | 1.132e+01 | kg / s   | 4.000e+00 | bar      | 2.974e+03 | kJ / kg  | 2.548e+02 | C        |  1.112e+02 | K            | -1.112e+02 | K             | 6.801e+00 | m^3 / s  | 6.010e-01 | m^3 / kg   |  1.000e+00 | -        | 7.399e+03 | J / kgK  | g                    | nan         | nan         | nan         | nan         | nan         | nan         | nan         |   1.000e+00 |
| turbine3_steam_out                  | 1.132e+01 | kg / s   | 7.000e-01 | bar      | 2.672e+03 | kJ / kg  | 9.601e+01 | C        |  6.083e+00 | K            | -6.083e+00 | K             | 2.724e+01 | m^3 / s  | 2.407e+00 | m^3 / kg   |  1.000e+00 | -        | 7.513e+03 | J / kgK  | g                    | nan         | nan         | nan         | nan         | nan         | nan         | nan         |   1.000e+00 |
| turbine4_steam_in                   | 1.112e+01 | kg / s   | 7.000e-01 | bar      | 2.672e+03 | kJ / kg  | 9.601e+01 | C        |  6.083e+00 | K            | -6.083e+00 | K             | 2.678e+01 | m^3 / s  | 2.407e+00 | m^3 / kg   |  1.000e+00 | -        | 7.513e+03 | J / kgK  | g                    | nan         | nan         | nan         | nan         | nan         | nan         | nan         |   1.000e+00 |
| turbine4_steam_out                  | 1.112e+01 | kg / s   | 5.000e-01 | bar      | 2.623e+03 | kJ / kg  | 8.132e+01 | C        |  0.000e+00 | K            |  0.000e+00 | K             | 3.570e+01 | m^3 / s  | 3.209e+00 | m^3 / kg   |  9.905e-01 | -        | 7.531e+03 | J / kgK  | tp                   | nan         | nan         | nan         | nan         | nan         | nan         | nan         |   1.000e+00 |
| turbine5_steam_in                   | 1.081e+01 | kg / s   | 5.000e-01 | bar      | 2.623e+03 | kJ / kg  | 8.132e+01 | C        |  0.000e+00 | K            |  0.000e+00 | K             | 3.468e+01 | m^3 / s  | 3.209e+00 | m^3 / kg   |  9.905e-01 | -        | 7.531e+03 | J / kgK  | tp                   | nan         | nan         | nan         | nan         | nan         | nan         | nan         |   1.000e+00 |
| turbine5_steam_out                  | 1.081e+01 | kg / s   | 1.200e-01 | bar      | 2.433e+03 | kJ / kg  | 4.942e+01 | C        |  0.000e+00 | K            |  0.000e+00 | K             | 1.247e+02 | m^3 / s  | 1.154e+01 | m^3 / kg   |  9.340e-01 | -        | 7.597e+03 | J / kgK  | tp                   | nan         | nan         | nan         | nan         | nan         | nan         | nan         |   1.000e+00 |
+-------------------------------------+-----------+----------+-----------+----------+-----------+----------+-----------+----------+------------+--------------+------------+---------------+-----------+----------+-----------+------------+------------+----------+-----------+----------+----------------------+-------------+-------------+-------------+-------------+-------------+-------------+-------------+-------------+
##### RESULTS (Nodes: Condenser: condenser) #####
+-------------------------------------+-------------+-------------+-------------+-------------+-------------+-------------+-------------+-------------+-------------+-------------+-------------+-------------+-------------+-------------+-------------+-------------+-------------+-------------+-------------+-------------+-------------+-------------+-------------+-------------+-------------+-------------+-------------+-------------+-------------+-------------+-------------+-------------+-------------+-------------+-------------+-------------+-------------+-------------+-------------+-------------+
|                                     |           0 |           1 |           2 |           3 |           4 |           5 |           6 |           7 |           8 |           9 |          10 |          11 |          12 |          13 |          14 |          15 |          16 |          17 |          18 |          19 |          20 |          21 |          22 |          23 |          24 |          25 |          26 |          27 |          28 |          29 |          30 |          31 |          32 |          33 |          34 |          35 |          36 |          37 |          38 |          39 |
|-------------------------------------+-------------+-------------+-------------+-------------+-------------+-------------+-------------+-------------+-------------+-------------+-------------+-------------+-------------+-------------+-------------+-------------+-------------+-------------+-------------+-------------+-------------+-------------+-------------+-------------+-------------+-------------+-------------+-------------+-------------+-------------+-------------+-------------+-------------+-------------+-------------+-------------+-------------+-------------+-------------+-------------|
| hot_side---pressure (bar)           |   1.200e-01 |   1.200e-01 |   1.200e-01 |   1.200e-01 |   1.200e-01 |   1.200e-01 |   1.200e-01 |   1.200e-01 |   1.200e-01 |   1.200e-01 |   1.200e-01 |   1.200e-01 |   1.200e-01 |   1.200e-01 |   1.200e-01 |   1.200e-01 |   1.200e-01 |   1.200e-01 |   1.200e-01 |   1.200e-01 |   1.200e-01 |   1.200e-01 |   1.200e-01 |   1.200e-01 |   1.200e-01 |   1.200e-01 |   1.200e-01 |   1.200e-01 |   1.200e-01 |   1.200e-01 |   1.200e-01 |   1.200e-01 |   1.200e-01 |   1.200e-01 |   1.200e-01 |   1.200e-01 |   1.200e-01 |   1.200e-01 |   1.200e-01 |   1.200e-01 |
| hot_side---enthalpy (kJ / kg)       |   2.433e+03 |   2.410e+03 |   2.385e+03 |   2.360e+03 |   2.334e+03 |   2.306e+03 |   2.277e+03 |   2.247e+03 |   2.216e+03 |   2.184e+03 |   2.150e+03 |   2.114e+03 |   2.077e+03 |   2.039e+03 |   1.999e+03 |   1.957e+03 |   1.913e+03 |   1.868e+03 |   1.820e+03 |   1.771e+03 |   1.771e+03 |   1.717e+03 |   1.660e+03 |   1.601e+03 |   1.540e+03 |   1.476e+03 |   1.408e+03 |   1.338e+03 |   1.265e+03 |   1.188e+03 |   1.108e+03 |   1.025e+03 |   9.376e+02 |   8.464e+02 |   7.511e+02 |   6.515e+02 |   5.476e+02 |   4.389e+02 |   3.255e+02 |   2.069e+02 |
| hot_side---temperature (C)          |   4.942e+01 |   4.942e+01 |   4.942e+01 |   4.942e+01 |   4.942e+01 |   4.942e+01 |   4.942e+01 |   4.942e+01 |   4.942e+01 |   4.942e+01 |   4.942e+01 |   4.942e+01 |   4.942e+01 |   4.942e+01 |   4.942e+01 |   4.942e+01 |   4.942e+01 |   4.942e+01 |   4.942e+01 |   4.942e+01 |   4.942e+01 |   4.942e+01 |   4.942e+01 |   4.942e+01 |   4.942e+01 |   4.942e+01 |   4.942e+01 |   4.942e+01 |   4.942e+01 |   4.942e+01 |   4.942e+01 |   4.942e+01 |   4.942e+01 |   4.942e+01 |   4.942e+01 |   4.942e+01 |   4.942e+01 |   4.942e+01 |   4.942e+01 |   4.942e+01 |
| hot_side---vapor mass fraction (-)  |   9.340e-01 |   9.242e-01 |   9.140e-01 |   9.034e-01 |   8.923e-01 |   8.808e-01 |   8.687e-01 |   8.562e-01 |   8.431e-01 |   8.294e-01 |   8.151e-01 |   8.003e-01 |   7.848e-01 |   7.686e-01 |   7.518e-01 |   7.342e-01 |   7.159e-01 |   6.968e-01 |   6.769e-01 |   6.561e-01 |   6.561e-01 |   6.334e-01 |   6.098e-01 |   5.851e-01 |   5.593e-01 |   5.323e-01 |   5.041e-01 |   4.747e-01 |   4.439e-01 |   4.118e-01 |   3.783e-01 |   3.432e-01 |   3.066e-01 |   2.683e-01 |   2.283e-01 |   1.866e-01 |   1.429e-01 |   9.735e-02 |   4.974e-02 |   0.000e+00 |
| hot_side---differ number ()         |   2.000e+00 |   2.000e+00 |   2.000e+00 |   2.000e+00 |   2.000e+00 |   2.000e+00 |   2.000e+00 |   2.000e+00 |   2.000e+00 |   2.000e+00 |   2.000e+00 |   2.000e+00 |   2.000e+00 |   2.000e+00 |   2.000e+00 |   2.000e+00 |   2.000e+00 |   2.000e+00 |   2.000e+00 |   2.000e+00 |   2.000e+00 |   2.000e+00 |   2.000e+00 |   2.000e+00 |   2.000e+00 |   2.000e+00 |   2.000e+00 |   2.000e+00 |   2.000e+00 |   2.000e+00 |   2.000e+00 |   2.000e+00 |   2.000e+00 |   2.000e+00 |   2.000e+00 |   2.000e+00 |   2.000e+00 |   2.000e+00 |   2.000e+00 |   1.765e+01 |
| cold_side---pressure (bar)          |   2.950e+00 |   2.951e+00 |   2.953e+00 |   2.954e+00 |   2.955e+00 |   2.957e+00 |   2.958e+00 |   2.959e+00 |   2.961e+00 |   2.962e+00 |   2.963e+00 |   2.964e+00 |   2.966e+00 |   2.967e+00 |   2.968e+00 |   2.970e+00 |   2.971e+00 |   2.972e+00 |   2.974e+00 |   2.975e+00 |   2.975e+00 |   2.976e+00 |   2.978e+00 |   2.979e+00 |   2.980e+00 |   2.982e+00 |   2.983e+00 |   2.984e+00 |   2.986e+00 |   2.987e+00 |   2.988e+00 |   2.989e+00 |   2.991e+00 |   2.992e+00 |   2.993e+00 |   2.995e+00 |   2.996e+00 |   2.997e+00 |   2.999e+00 |   3.000e+00 |
| cold_side---enthalpy (kJ / kg)      |   1.789e+02 |   1.777e+02 |   1.764e+02 |   1.751e+02 |   1.737e+02 |   1.723e+02 |   1.708e+02 |   1.693e+02 |   1.676e+02 |   1.659e+02 |   1.642e+02 |   1.623e+02 |   1.604e+02 |   1.584e+02 |   1.563e+02 |   1.542e+02 |   1.519e+02 |   1.495e+02 |   1.471e+02 |   1.445e+02 |   1.445e+02 |   1.417e+02 |   1.388e+02 |   1.357e+02 |   1.325e+02 |   1.292e+02 |   1.257e+02 |   1.220e+02 |   1.182e+02 |   1.143e+02 |   1.101e+02 |   1.058e+02 |   1.012e+02 |   9.648e+01 |   9.153e+01 |   8.636e+01 |   8.096e+01 |   7.532e+01 |   6.942e+01 |   6.327e+01 |
| cold_side---temperature (C)         |   4.266e+01 |   4.237e+01 |   4.207e+01 |   4.175e+01 |   4.142e+01 |   4.108e+01 |   4.072e+01 |   4.035e+01 |   3.996e+01 |   3.956e+01 |   3.914e+01 |   3.870e+01 |   3.824e+01 |   3.776e+01 |   3.726e+01 |   3.674e+01 |   3.620e+01 |   3.563e+01 |   3.504e+01 |   3.442e+01 |   3.442e+01 |   3.375e+01 |   3.305e+01 |   3.232e+01 |   3.156e+01 |   3.076e+01 |   2.992e+01 |   2.905e+01 |   2.814e+01 |   2.719e+01 |   2.619e+01 |   2.516e+01 |   2.407e+01 |   2.294e+01 |   2.175e+01 |   2.052e+01 |   1.923e+01 |   1.788e+01 |   1.647e+01 |   1.500e+01 |
| cold_side---vapor mass fraction (-) | nan         | nan         | nan         | nan         | nan         | nan         | nan         | nan         | nan         | nan         | nan         | nan         | nan         | nan         | nan         | nan         | nan         | nan         | nan         | nan         | nan         | nan         | nan         | nan         | nan         | nan         | nan         | nan         | nan         | nan         | nan         | nan         | nan         | nan         | nan         | nan         | nan         | nan         | nan         | nan         |
| cold_side---differ number ()        |   3.627e+00 |   3.627e+00 |   3.627e+00 |   3.627e+00 |   3.627e+00 |   3.627e+00 |   3.627e+00 |   3.627e+00 |   3.627e+00 |   3.627e+00 |   3.627e+00 |   3.627e+00 |   3.627e+00 |   3.627e+00 |   3.627e+00 |   3.627e+00 |   3.627e+00 |   3.627e+00 |   3.627e+00 |   3.627e+00 |   3.627e+00 |   3.627e+00 |   3.627e+00 |   3.627e+00 |   3.627e+00 |   3.627e+00 |   3.627e+00 |   3.627e+00 |   3.627e+00 |   3.626e+00 |   3.626e+00 |   3.626e+00 |   3.626e+00 |   3.626e+00 |   3.625e+00 |   3.625e+00 |   3.625e+00 |   3.624e+00 |   3.624e+00 |   3.623e+00 |
+-------------------------------------+-------------+-------------+-------------+-------------+-------------+-------------+-------------+-------------+-------------+-------------+-------------+-------------+-------------+-------------+-------------+-------------+-------------+-------------+-------------+-------------+-------------+-------------+-------------+-------------+-------------+-------------+-------------+-------------+-------------+-------------+-------------+-------------+-------------+-------------+-------------+-------------+-------------+-------------+-------------+-------------+
##### RESULTS (Nodes: Evaporator: evaporator1) #####
+-------------------------------------+-------------+-------------+-------------+-------------+-------------+-------------+-------------+-------------+-------------+-------------+-------------+-------------+-------------+-------------+-------------+-------------+-------------+-------------+-------------+-------------+-------------+-------------+-------------+-------------+-------------+-------------+-------------+-------------+-------------+-------------+-------------+-------------+-------------+-------------+-------------+-------------+-------------+-------------+-------------+-------------+
|                                     |           0 |           1 |           2 |           3 |           4 |           5 |           6 |           7 |           8 |           9 |          10 |          11 |          12 |          13 |          14 |          15 |          16 |          17 |          18 |          19 |          20 |          21 |          22 |          23 |          24 |          25 |          26 |          27 |          28 |          29 |          30 |          31 |          32 |          33 |          34 |          35 |          36 |          37 |          38 |          39 |
|-------------------------------------+-------------+-------------+-------------+-------------+-------------+-------------+-------------+-------------+-------------+-------------+-------------+-------------+-------------+-------------+-------------+-------------+-------------+-------------+-------------+-------------+-------------+-------------+-------------+-------------+-------------+-------------+-------------+-------------+-------------+-------------+-------------+-------------+-------------+-------------+-------------+-------------+-------------+-------------+-------------+-------------|
| hot_side---pressure (bar)           |   9.750e-01 |   9.750e-01 |   9.750e-01 |   9.750e-01 |   9.750e-01 |   9.750e-01 |   9.750e-01 |   9.750e-01 |   9.750e-01 |   9.750e-01 |   9.750e-01 |   9.750e-01 |   9.750e-01 |   9.750e-01 |   9.750e-01 |   9.750e-01 |   9.750e-01 |   9.750e-01 |   9.750e-01 |   9.750e-01 |   9.750e-01 |   9.750e-01 |   9.750e-01 |   9.750e-01 |   9.750e-01 |   9.750e-01 |   9.750e-01 |   9.750e-01 |   9.750e-01 |   9.750e-01 |   9.750e-01 |   9.750e-01 |   9.750e-01 |   9.750e-01 |   9.750e-01 |   9.750e-01 |   9.750e-01 |   9.750e-01 |   9.750e-01 |   9.750e-01 |
| hot_side---enthalpy (kJ / kg)       |   9.127e+02 |   8.870e+02 |   8.639e+02 |   8.430e+02 |   8.242e+02 |   8.072e+02 |   7.919e+02 |   7.781e+02 |   7.657e+02 |   7.545e+02 |   7.444e+02 |   7.353e+02 |   7.272e+02 |   7.199e+02 |   7.133e+02 |   7.073e+02 |   7.020e+02 |   6.972e+02 |   6.929e+02 |   6.890e+02 |   6.890e+02 |   6.859e+02 |   6.830e+02 |   6.804e+02 |   6.780e+02 |   6.759e+02 |   6.739e+02 |   6.722e+02 |   6.706e+02 |   6.691e+02 |   6.678e+02 |   6.666e+02 |   6.655e+02 |   6.645e+02 |   6.636e+02 |   6.628e+02 |   6.621e+02 |   6.614e+02 |   6.608e+02 |   6.602e+02 |
| hot_side---temperature (C)          |   4.940e+02 |   4.715e+02 |   4.510e+02 |   4.325e+02 |   4.157e+02 |   4.005e+02 |   3.867e+02 |   3.743e+02 |   3.631e+02 |   3.530e+02 |   3.438e+02 |   3.356e+02 |   3.282e+02 |   3.215e+02 |   3.154e+02 |   3.100e+02 |   3.051e+02 |   3.007e+02 |   2.968e+02 |   2.932e+02 |   2.932e+02 |   2.903e+02 |   2.877e+02 |   2.853e+02 |   2.831e+02 |   2.811e+02 |   2.793e+02 |   2.777e+02 |   2.762e+02 |   2.749e+02 |   2.736e+02 |   2.725e+02 |   2.715e+02 |   2.706e+02 |   2.698e+02 |   2.690e+02 |   2.684e+02 |   2.677e+02 |   2.672e+02 |   2.667e+02 |
| hot_side---vapor mass fraction (-)  | nan         | nan         | nan         | nan         | nan         | nan         | nan         | nan         | nan         | nan         | nan         | nan         | nan         | nan         | nan         | nan         | nan         | nan         | nan         | nan         | nan         | nan         | nan         | nan         | nan         | nan         | nan         | nan         | nan         | nan         | nan         | nan         | nan         | nan         | nan         | nan         | nan         | nan         | nan         | nan         |
| hot_side---differ number ()         |   5.674e+00 |   5.693e+00 |   5.711e+00 |   5.728e+00 |   5.743e+00 |   5.757e+00 |   5.769e+00 |   5.780e+00 |   5.790e+00 |   5.800e+00 |   5.808e+00 |   5.815e+00 |   5.822e+00 |   5.828e+00 |   5.834e+00 |   5.839e+00 |   5.843e+00 |   5.847e+00 |   5.850e+00 |   5.854e+00 |   5.854e+00 |   5.856e+00 |   5.858e+00 |   5.861e+00 |   5.862e+00 |   5.864e+00 |   5.866e+00 |   5.867e+00 |   5.868e+00 |   5.870e+00 |   5.871e+00 |   5.872e+00 |   5.873e+00 |   5.873e+00 |   5.874e+00 |   5.875e+00 |   5.875e+00 |   5.876e+00 |   5.876e+00 |   5.877e+00 |
| cold_side---pressure (bar)          |   4.820e+01 |   4.820e+01 |   4.820e+01 |   4.820e+01 |   4.820e+01 |   4.820e+01 |   4.820e+01 |   4.820e+01 |   4.820e+01 |   4.820e+01 |   4.820e+01 |   4.820e+01 |   4.820e+01 |   4.820e+01 |   4.820e+01 |   4.820e+01 |   4.820e+01 |   4.820e+01 |   4.820e+01 |   4.820e+01 |   4.820e+01 |   4.820e+01 |   4.820e+01 |   4.820e+01 |   4.820e+01 |   4.820e+01 |   4.820e+01 |   4.820e+01 |   4.820e+01 |   4.820e+01 |   4.820e+01 |   4.820e+01 |   4.820e+01 |   4.820e+01 |   4.820e+01 |   4.820e+01 |   4.820e+01 |   4.820e+01 |   4.820e+01 |   4.820e+01 |
| cold_side---enthalpy (kJ / kg)      |   1.317e+03 |   1.300e+03 |   1.284e+03 |   1.269e+03 |   1.256e+03 |   1.245e+03 |   1.234e+03 |   1.225e+03 |   1.216e+03 |   1.208e+03 |   1.201e+03 |   1.195e+03 |   1.189e+03 |   1.184e+03 |   1.180e+03 |   1.176e+03 |   1.172e+03 |   1.169e+03 |   1.166e+03 |   1.163e+03 |   1.163e+03 |   1.161e+03 |   1.159e+03 |   1.157e+03 |   1.156e+03 |   1.154e+03 |   1.153e+03 |   1.151e+03 |   1.150e+03 |   1.149e+03 |   1.148e+03 |   1.148e+03 |   1.147e+03 |   1.146e+03 |   1.146e+03 |   1.145e+03 |   1.144e+03 |   1.144e+03 |   1.144e+03 |   1.143e+03 |
| cold_side---temperature (C)         |   2.617e+02 |   2.617e+02 |   2.617e+02 |   2.617e+02 |   2.617e+02 |   2.617e+02 |   2.617e+02 |   2.617e+02 |   2.617e+02 |   2.617e+02 |   2.617e+02 |   2.617e+02 |   2.617e+02 |   2.617e+02 |   2.617e+02 |   2.617e+02 |   2.617e+02 |   2.617e+02 |   2.617e+02 |   2.617e+02 |   2.617e+02 |   2.617e+02 |   2.617e+02 |   2.617e+02 |   2.617e+02 |   2.617e+02 |   2.617e+02 |   2.617e+02 |   2.617e+02 |   2.617e+02 |   2.617e+02 |   2.617e+02 |   2.617e+02 |   2.617e+02 |   2.617e+02 |   2.617e+02 |   2.617e+02 |   2.617e+02 |   2.617e+02 |   2.617e+02 |
| cold_side---vapor mass fraction (-) |   1.054e-01 |   9.473e-02 |   8.506e-02 |   7.634e-02 |   6.847e-02 |   6.138e-02 |   5.498e-02 |   4.922e-02 |   4.403e-02 |   3.936e-02 |   3.515e-02 |   3.137e-02 |   2.796e-02 |   2.490e-02 |   2.214e-02 |   1.967e-02 |   1.744e-02 |   1.544e-02 |   1.364e-02 |   1.202e-02 |   1.202e-02 |   1.070e-02 |   9.505e-03 |   8.418e-03 |   7.431e-03 |   6.535e-03 |   5.722e-03 |   4.984e-03 |   4.314e-03 |   3.706e-03 |   3.154e-03 |   2.653e-03 |   2.198e-03 |   1.786e-03 |   1.412e-03 |   1.072e-03 |   7.638e-04 |   4.841e-04 |   2.303e-04 |   1.222e-16 |
| cold_side---differ number ()        |   2.000e+00 |   2.000e+00 |   2.000e+00 |   2.000e+00 |   2.000e+00 |   2.000e+00 |   2.000e+00 |   2.000e+00 |   2.000e+00 |   2.000e+00 |   2.000e+00 |   2.000e+00 |   2.000e+00 |   2.000e+00 |   2.000e+00 |   2.000e+00 |   2.000e+00 |   2.000e+00 |   2.000e+00 |   2.000e+00 |   2.000e+00 |   2.000e+00 |   2.000e+00 |   2.000e+00 |   2.000e+00 |   2.000e+00 |   2.000e+00 |   2.000e+00 |   2.000e+00 |   2.000e+00 |   2.000e+00 |   2.000e+00 |   2.000e+00 |   2.000e+00 |   2.000e+00 |   2.000e+00 |   2.000e+00 |   2.000e+00 |   2.000e+00 |   2.289e+00 |
+-------------------------------------+-------------+-------------+-------------+-------------+-------------+-------------+-------------+-------------+-------------+-------------+-------------+-------------+-------------+-------------+-------------+-------------+-------------+-------------+-------------+-------------+-------------+-------------+-------------+-------------+-------------+-------------+-------------+-------------+-------------+-------------+-------------+-------------+-------------+-------------+-------------+-------------+-------------+-------------+-------------+-------------+
##### RESULTS (Nodes: Evaporator: evaporator2) #####
+-------------------------------------+-------------+-------------+-------------+-------------+-------------+-------------+-------------+-------------+-------------+-------------+-------------+-------------+-------------+-------------+-------------+-------------+-------------+-------------+-------------+-------------+-------------+-------------+-------------+-------------+-------------+-------------+-------------+-------------+-------------+-------------+-------------+-------------+-------------+-------------+-------------+-------------+-------------+-------------+-------------+-------------+
|                                     |           0 |           1 |           2 |           3 |           4 |           5 |           6 |           7 |           8 |           9 |          10 |          11 |          12 |          13 |          14 |          15 |          16 |          17 |          18 |          19 |          20 |          21 |          22 |          23 |          24 |          25 |          26 |          27 |          28 |          29 |          30 |          31 |          32 |          33 |          34 |          35 |          36 |          37 |          38 |          39 |
|-------------------------------------+-------------+-------------+-------------+-------------+-------------+-------------+-------------+-------------+-------------+-------------+-------------+-------------+-------------+-------------+-------------+-------------+-------------+-------------+-------------+-------------+-------------+-------------+-------------+-------------+-------------+-------------+-------------+-------------+-------------+-------------+-------------+-------------+-------------+-------------+-------------+-------------+-------------+-------------+-------------+-------------|
| hot_side---pressure (bar)           |   9.750e-01 |   9.750e-01 |   9.750e-01 |   9.750e-01 |   9.750e-01 |   9.750e-01 |   9.750e-01 |   9.750e-01 |   9.750e-01 |   9.750e-01 |   9.750e-01 |   9.750e-01 |   9.750e-01 |   9.750e-01 |   9.750e-01 |   9.750e-01 |   9.750e-01 |   9.750e-01 |   9.750e-01 |   9.750e-01 |   9.750e-01 |   9.750e-01 |   9.750e-01 |   9.750e-01 |   9.750e-01 |   9.750e-01 |   9.750e-01 |   9.750e-01 |   9.750e-01 |   9.750e-01 |   9.750e-01 |   9.750e-01 |   9.750e-01 |   9.750e-01 |   9.750e-01 |   9.750e-01 |   9.750e-01 |   9.750e-01 |   9.750e-01 |   9.750e-01 |
| hot_side---enthalpy (kJ / kg)       |   5.808e+02 |   5.802e+02 |   5.797e+02 |   5.791e+02 |   5.786e+02 |   5.780e+02 |   5.775e+02 |   5.770e+02 |   5.766e+02 |   5.761e+02 |   5.757e+02 |   5.752e+02 |   5.748e+02 |   5.744e+02 |   5.740e+02 |   5.737e+02 |   5.733e+02 |   5.729e+02 |   5.726e+02 |   5.723e+02 |   5.723e+02 |   5.720e+02 |   5.717e+02 |   5.714e+02 |   5.711e+02 |   5.708e+02 |   5.706e+02 |   5.703e+02 |   5.701e+02 |   5.698e+02 |   5.696e+02 |   5.694e+02 |   5.691e+02 |   5.689e+02 |   5.687e+02 |   5.685e+02 |   5.683e+02 |   5.682e+02 |   5.680e+02 |   5.678e+02 |
| hot_side---temperature (C)          |   1.926e+02 |   1.921e+02 |   1.915e+02 |   1.910e+02 |   1.905e+02 |   1.900e+02 |   1.895e+02 |   1.891e+02 |   1.886e+02 |   1.882e+02 |   1.878e+02 |   1.874e+02 |   1.870e+02 |   1.866e+02 |   1.862e+02 |   1.859e+02 |   1.855e+02 |   1.852e+02 |   1.849e+02 |   1.846e+02 |   1.846e+02 |   1.843e+02 |   1.840e+02 |   1.837e+02 |   1.835e+02 |   1.832e+02 |   1.830e+02 |   1.827e+02 |   1.825e+02 |   1.823e+02 |   1.821e+02 |   1.818e+02 |   1.816e+02 |   1.814e+02 |   1.812e+02 |   1.811e+02 |   1.809e+02 |   1.807e+02 |   1.805e+02 |   1.804e+02 |
| hot_side---vapor mass fraction (-)  | nan         | nan         | nan         | nan         | nan         | nan         | nan         | nan         | nan         | nan         | nan         | nan         | nan         | nan         | nan         | nan         | nan         | nan         | nan         | nan         | nan         | nan         | nan         | nan         | nan         | nan         | nan         | nan         | nan         | nan         | nan         | nan         | nan         | nan         | nan         | nan         | nan         | nan         | nan         | nan         |
| hot_side---differ number ()         |   3.234e+00 |   3.234e+00 |   3.234e+00 |   3.234e+00 |   3.234e+00 |   3.234e+00 |   3.235e+00 |   3.235e+00 |   3.235e+00 |   3.235e+00 |   3.235e+00 |   3.235e+00 |   3.235e+00 |   3.235e+00 |   3.235e+00 |   3.235e+00 |   3.236e+00 |   3.236e+00 |   3.236e+00 |   3.236e+00 |   3.236e+00 |   3.236e+00 |   3.236e+00 |   3.236e+00 |   3.236e+00 |   3.236e+00 |   3.236e+00 |   3.236e+00 |   3.236e+00 |   3.236e+00 |   3.236e+00 |   3.236e+00 |   3.236e+00 |   3.236e+00 |   3.236e+00 |   3.237e+00 |   3.237e+00 |   3.237e+00 |   3.237e+00 |   3.237e+00 |
| cold_side---pressure (bar)          |   9.000e+00 |   9.000e+00 |   9.000e+00 |   9.000e+00 |   9.000e+00 |   9.000e+00 |   9.000e+00 |   9.000e+00 |   9.000e+00 |   9.000e+00 |   9.000e+00 |   9.000e+00 |   9.000e+00 |   9.000e+00 |   9.000e+00 |   9.000e+00 |   9.000e+00 |   9.000e+00 |   9.000e+00 |   9.000e+00 |   9.000e+00 |   9.000e+00 |   9.000e+00 |   9.000e+00 |   9.000e+00 |   9.000e+00 |   9.000e+00 |   9.000e+00 |   9.000e+00 |   9.000e+00 |   9.000e+00 |   9.000e+00 |   9.000e+00 |   9.000e+00 |   9.000e+00 |   9.000e+00 |   9.000e+00 |   9.000e+00 |   9.000e+00 |   9.000e+00 |
| cold_side---enthalpy (kJ / kg)      |   9.461e+02 |   9.368e+02 |   9.278e+02 |   9.190e+02 |   9.106e+02 |   9.024e+02 |   8.945e+02 |   8.869e+02 |   8.794e+02 |   8.723e+02 |   8.654e+02 |   8.587e+02 |   8.522e+02 |   8.459e+02 |   8.398e+02 |   8.340e+02 |   8.283e+02 |   8.228e+02 |   8.175e+02 |   8.123e+02 |   8.123e+02 |   8.075e+02 |   8.028e+02 |   7.983e+02 |   7.939e+02 |   7.897e+02 |   7.856e+02 |   7.816e+02 |   7.777e+02 |   7.740e+02 |   7.704e+02 |   7.669e+02 |   7.635e+02 |   7.602e+02 |   7.570e+02 |   7.539e+02 |   7.510e+02 |   7.481e+02 |   7.453e+02 |   7.426e+02 |
| cold_side---temperature (C)         |   1.754e+02 |   1.754e+02 |   1.754e+02 |   1.754e+02 |   1.754e+02 |   1.754e+02 |   1.754e+02 |   1.754e+02 |   1.754e+02 |   1.754e+02 |   1.754e+02 |   1.754e+02 |   1.754e+02 |   1.754e+02 |   1.754e+02 |   1.754e+02 |   1.754e+02 |   1.754e+02 |   1.754e+02 |   1.754e+02 |   1.754e+02 |   1.754e+02 |   1.754e+02 |   1.754e+02 |   1.754e+02 |   1.754e+02 |   1.754e+02 |   1.754e+02 |   1.754e+02 |   1.754e+02 |   1.754e+02 |   1.754e+02 |   1.754e+02 |   1.754e+02 |   1.754e+02 |   1.754e+02 |   1.754e+02 |   1.754e+02 |   1.754e+02 |   1.754e+02 |
| cold_side---vapor mass fraction (-) |   1.002e-01 |   9.565e-02 |   9.121e-02 |   8.691e-02 |   8.275e-02 |   7.872e-02 |   7.483e-02 |   7.106e-02 |   6.742e-02 |   6.389e-02 |   6.048e-02 |   5.718e-02 |   5.398e-02 |   5.089e-02 |   4.790e-02 |   4.501e-02 |   4.221e-02 |   3.950e-02 |   3.688e-02 |   3.435e-02 |   3.435e-02 |   3.197e-02 |   2.967e-02 |   2.745e-02 |   2.529e-02 |   2.320e-02 |   2.118e-02 |   1.922e-02 |   1.732e-02 |   1.548e-02 |   1.370e-02 |   1.198e-02 |   1.031e-02 |   8.688e-03 |   7.122e-03 |   5.605e-03 |   4.135e-03 |   2.713e-03 |   1.335e-03 |   0.000e+00 |
| cold_side---differ number ()        |   2.000e+00 |   2.000e+00 |   2.000e+00 |   2.000e+00 |   2.000e+00 |   2.000e+00 |   2.000e+00 |   2.000e+00 |   2.000e+00 |   2.000e+00 |   2.000e+00 |   2.000e+00 |   2.000e+00 |   2.000e+00 |   2.000e+00 |   2.000e+00 |   2.000e+00 |   2.000e+00 |   2.000e+00 |   2.000e+00 |   2.000e+00 |   2.000e+00 |   2.000e+00 |   2.000e+00 |   2.000e+00 |   2.000e+00 |   2.000e+00 |   2.000e+00 |   2.000e+00 |   2.000e+00 |   2.000e+00 |   2.000e+00 |   2.000e+00 |   2.000e+00 |   2.000e+00 |   2.000e+00 |   2.000e+00 |   2.000e+00 |   2.000e+00 |   4.337e+00 |
+-------------------------------------+-------------+-------------+-------------+-------------+-------------+-------------+-------------+-------------+-------------+-------------+-------------+-------------+-------------+-------------+-------------+-------------+-------------+-------------+-------------+-------------+-------------+-------------+-------------+-------------+-------------+-------------+-------------+-------------+-------------+-------------+-------------+-------------+-------------+-------------+-------------+-------------+-------------+-------------+-------------+-------------+
##### RESULTS (Nodes: ExtractHeatExchanger: extract_heat_exchanger1_turbine3) #####
+-------------------------------------+-------------+-------------+-------------+-------------+-------------+-------------+-------------+-------------+-------------+-------------+-------------+-------------+-------------+-------------+-------------+-------------+-------------+-------------+-------------+-------------+-------------+-------------+-------------+-------------+-------------+-------------+-------------+-------------+-------------+-------------+-------------+-------------+-------------+-------------+-------------+-------------+-------------+-------------+-------------+-------------+
|                                     |           0 |           1 |           2 |           3 |           4 |           5 |           6 |           7 |           8 |           9 |          10 |          11 |          12 |          13 |          14 |          15 |          16 |          17 |          18 |          19 |          20 |          21 |          22 |          23 |          24 |          25 |          26 |          27 |          28 |          29 |          30 |          31 |          32 |          33 |          34 |          35 |          36 |          37 |          38 |          39 |
|-------------------------------------+-------------+-------------+-------------+-------------+-------------+-------------+-------------+-------------+-------------+-------------+-------------+-------------+-------------+-------------+-------------+-------------+-------------+-------------+-------------+-------------+-------------+-------------+-------------+-------------+-------------+-------------+-------------+-------------+-------------+-------------+-------------+-------------+-------------+-------------+-------------+-------------+-------------+-------------+-------------+-------------|
| hot_side---pressure (bar)           |   7.000e-01 |   7.000e-01 |   7.000e-01 |   7.000e-01 |   7.000e-01 |   7.000e-01 |   7.000e-01 |   7.000e-01 |   7.000e-01 |   7.000e-01 |   7.000e-01 |   7.000e-01 |   7.000e-01 |   7.000e-01 |   7.000e-01 |   7.000e-01 |   7.000e-01 |   7.000e-01 |   7.000e-01 |   7.000e-01 |   7.000e-01 |   7.000e-01 |   7.000e-01 |   7.000e-01 |   7.000e-01 |   7.000e-01 |   7.000e-01 |   7.000e-01 |   7.000e-01 |   7.000e-01 |   7.000e-01 |   7.000e-01 |   7.000e-01 |   7.000e-01 |   7.000e-01 |   7.000e-01 |   7.000e-01 |   7.000e-01 |   7.000e-01 |   7.000e-01 |
| hot_side---enthalpy (kJ / kg)       |   2.672e+03 |   2.606e+03 |   2.558e+03 |   2.510e+03 |   2.461e+03 |   2.412e+03 |   2.362e+03 |   2.311e+03 |   2.260e+03 |   2.208e+03 |   2.155e+03 |   2.102e+03 |   2.048e+03 |   1.993e+03 |   1.938e+03 |   1.882e+03 |   1.826e+03 |   1.769e+03 |   1.711e+03 |   1.652e+03 |   1.652e+03 |   1.592e+03 |   1.531e+03 |   1.470e+03 |   1.408e+03 |   1.345e+03 |   1.281e+03 |   1.216e+03 |   1.151e+03 |   1.085e+03 |   1.018e+03 |   9.500e+02 |   8.813e+02 |   8.119e+02 |   7.415e+02 |   6.703e+02 |   5.983e+02 |   5.253e+02 |   4.515e+02 |   3.768e+02 |
| hot_side---temperature (C)          |   9.601e+01 |   8.993e+01 |   8.993e+01 |   8.993e+01 |   8.993e+01 |   8.993e+01 |   8.993e+01 |   8.993e+01 |   8.993e+01 |   8.993e+01 |   8.993e+01 |   8.993e+01 |   8.993e+01 |   8.993e+01 |   8.993e+01 |   8.993e+01 |   8.993e+01 |   8.993e+01 |   8.993e+01 |   8.993e+01 |   8.993e+01 |   8.993e+01 |   8.993e+01 |   8.993e+01 |   8.993e+01 |   8.993e+01 |   8.993e+01 |   8.993e+01 |   8.993e+01 |   8.993e+01 |   8.993e+01 |   8.993e+01 |   8.993e+01 |   8.993e+01 |   8.993e+01 |   8.993e+01 |   8.993e+01 |   8.993e+01 |   8.993e+01 |   8.993e+01 |
| hot_side---vapor mass fraction (-)  | nan         |   9.767e-01 |   9.557e-01 |   9.346e-01 |   9.131e-01 |   8.915e-01 |   8.695e-01 |   8.473e-01 |   8.248e-01 |   8.021e-01 |   7.790e-01 |   7.557e-01 |   7.321e-01 |   7.082e-01 |   6.841e-01 |   6.596e-01 |   6.349e-01 |   6.098e-01 |   5.844e-01 |   5.588e-01 |   5.588e-01 |   5.325e-01 |   5.059e-01 |   4.789e-01 |   4.516e-01 |   4.240e-01 |   3.961e-01 |   3.678e-01 |   3.392e-01 |   3.102e-01 |   2.808e-01 |   2.511e-01 |   2.210e-01 |   1.906e-01 |   1.598e-01 |   1.286e-01 |   9.705e-02 |   6.509e-02 |   3.274e-02 |   0.000e+00 |
| hot_side---differ number ()         |   5.965e+01 |   2.000e+00 |   2.000e+00 |   2.000e+00 |   2.000e+00 |   2.000e+00 |   2.000e+00 |   2.000e+00 |   2.000e+00 |   2.000e+00 |   2.000e+00 |   2.000e+00 |   2.000e+00 |   2.000e+00 |   2.000e+00 |   2.000e+00 |   2.000e+00 |   2.000e+00 |   2.000e+00 |   2.000e+00 |   2.000e+00 |   2.000e+00 |   2.000e+00 |   2.000e+00 |   2.000e+00 |   2.000e+00 |   2.000e+00 |   2.000e+00 |   2.000e+00 |   2.000e+00 |   2.000e+00 |   2.000e+00 |   2.000e+00 |   2.000e+00 |   2.000e+00 |   2.000e+00 |   2.000e+00 |   2.000e+00 |   2.000e+00 |   1.586e+01 |
| cold_side---pressure (bar)          |   1.509e+00 |   1.514e+00 |   1.519e+00 |   1.524e+00 |   1.529e+00 |   1.534e+00 |   1.539e+00 |   1.544e+00 |   1.549e+00 |   1.554e+00 |   1.558e+00 |   1.563e+00 |   1.568e+00 |   1.573e+00 |   1.578e+00 |   1.583e+00 |   1.588e+00 |   1.593e+00 |   1.598e+00 |   1.603e+00 |   1.603e+00 |   1.608e+00 |   1.613e+00 |   1.618e+00 |   1.623e+00 |   1.628e+00 |   1.633e+00 |   1.638e+00 |   1.643e+00 |   1.648e+00 |   1.653e+00 |   1.658e+00 |   1.663e+00 |   1.668e+00 |   1.673e+00 |   1.678e+00 |   1.683e+00 |   1.688e+00 |   1.692e+00 |   1.697e+00 |
| cold_side---enthalpy (kJ / kg)      |   3.126e+02 |   3.115e+02 |   3.107e+02 |   3.099e+02 |   3.091e+02 |   3.083e+02 |   3.074e+02 |   3.066e+02 |   3.057e+02 |   3.049e+02 |   3.040e+02 |   3.031e+02 |   3.022e+02 |   3.013e+02 |   3.004e+02 |   2.995e+02 |   2.986e+02 |   2.976e+02 |   2.967e+02 |   2.957e+02 |   2.957e+02 |   2.947e+02 |   2.937e+02 |   2.927e+02 |   2.917e+02 |   2.906e+02 |   2.896e+02 |   2.885e+02 |   2.874e+02 |   2.863e+02 |   2.852e+02 |   2.841e+02 |   2.830e+02 |   2.818e+02 |   2.806e+02 |   2.795e+02 |   2.783e+02 |   2.771e+02 |   2.758e+02 |   2.746e+02 |
| cold_side---temperature (C)         |   7.463e+01 |   7.437e+01 |   7.418e+01 |   7.399e+01 |   7.379e+01 |   7.360e+01 |   7.340e+01 |   7.320e+01 |   7.300e+01 |   7.279e+01 |   7.259e+01 |   7.238e+01 |   7.216e+01 |   7.195e+01 |   7.173e+01 |   7.151e+01 |   7.129e+01 |   7.106e+01 |   7.083e+01 |   7.060e+01 |   7.060e+01 |   7.037e+01 |   7.013e+01 |   6.988e+01 |   6.964e+01 |   6.939e+01 |   6.914e+01 |   6.888e+01 |   6.862e+01 |   6.836e+01 |   6.810e+01 |   6.783e+01 |   6.756e+01 |   6.729e+01 |   6.701e+01 |   6.673e+01 |   6.644e+01 |   6.615e+01 |   6.586e+01 |   6.557e+01 |
| cold_side---vapor mass fraction (-) | nan         | nan         | nan         | nan         | nan         | nan         | nan         | nan         | nan         | nan         | nan         | nan         | nan         | nan         | nan         | nan         | nan         | nan         | nan         | nan         | nan         | nan         | nan         | nan         | nan         | nan         | nan         | nan         | nan         | nan         | nan         | nan         | nan         | nan         | nan         | nan         | nan         | nan         | nan         | nan         |
| cold_side---differ number ()        |   2.460e+00 |   2.460e+00 |   2.460e+00 |   2.460e+00 |   2.460e+00 |   2.460e+00 |   2.460e+00 |   2.460e+00 |   2.460e+00 |   2.460e+00 |   2.460e+00 |   2.460e+00 |   2.460e+00 |   2.460e+00 |   2.460e+00 |   2.460e+00 |   2.460e+00 |   2.460e+00 |   2.460e+00 |   2.460e+00 |   2.460e+00 |   2.460e+00 |   2.460e+00 |   2.460e+00 |   2.460e+00 |   2.460e+00 |   2.460e+00 |   2.460e+00 |   2.460e+00 |   2.460e+00 |   2.460e+00 |   2.460e+00 |   2.460e+00 |   2.460e+00 |   2.460e+00 |   2.460e+00 |   2.460e+00 |   2.460e+00 |   2.460e+00 |   2.460e+00 |
+-------------------------------------+-------------+-------------+-------------+-------------+-------------+-------------+-------------+-------------+-------------+-------------+-------------+-------------+-------------+-------------+-------------+-------------+-------------+-------------+-------------+-------------+-------------+-------------+-------------+-------------+-------------+-------------+-------------+-------------+-------------+-------------+-------------+-------------+-------------+-------------+-------------+-------------+-------------+-------------+-------------+-------------+
##### RESULTS (Nodes: ExtractHeatExchanger: extract_heat_exchanger1_turbine4) #####
+-------------------------------------+-------------+-------------+-------------+-------------+-------------+-------------+-------------+-------------+-------------+-------------+-------------+-------------+-------------+-------------+-------------+-------------+-------------+-------------+-------------+-------------+-------------+-------------+-------------+-------------+-------------+-------------+-------------+-------------+-------------+-------------+-------------+-------------+-------------+-------------+-------------+-------------+-------------+-------------+-------------+-------------+
|                                     |           0 |           1 |           2 |           3 |           4 |           5 |           6 |           7 |           8 |           9 |          10 |          11 |          12 |          13 |          14 |          15 |          16 |          17 |          18 |          19 |          20 |          21 |          22 |          23 |          24 |          25 |          26 |          27 |          28 |          29 |          30 |          31 |          32 |          33 |          34 |          35 |          36 |          37 |          38 |          39 |
|-------------------------------------+-------------+-------------+-------------+-------------+-------------+-------------+-------------+-------------+-------------+-------------+-------------+-------------+-------------+-------------+-------------+-------------+-------------+-------------+-------------+-------------+-------------+-------------+-------------+-------------+-------------+-------------+-------------+-------------+-------------+-------------+-------------+-------------+-------------+-------------+-------------+-------------+-------------+-------------+-------------+-------------|
| hot_side---pressure (bar)           |   5.000e-01 |   5.000e-01 |   5.000e-01 |   5.000e-01 |   5.000e-01 |   5.000e-01 |   5.000e-01 |   5.000e-01 |   5.000e-01 |   5.000e-01 |   5.000e-01 |   5.000e-01 |   5.000e-01 |   5.000e-01 |   5.000e-01 |   5.000e-01 |   5.000e-01 |   5.000e-01 |   5.000e-01 |   5.000e-01 |   5.000e-01 |   5.000e-01 |   5.000e-01 |   5.000e-01 |   5.000e-01 |   5.000e-01 |   5.000e-01 |   5.000e-01 |   5.000e-01 |   5.000e-01 |   5.000e-01 |   5.000e-01 |   5.000e-01 |   5.000e-01 |   5.000e-01 |   5.000e-01 |   5.000e-01 |   5.000e-01 |   5.000e-01 |   5.000e-01 |
| hot_side---enthalpy (kJ / kg)       |   2.623e+03 |   2.581e+03 |   2.538e+03 |   2.494e+03 |   2.450e+03 |   2.405e+03 |   2.358e+03 |   2.311e+03 |   2.264e+03 |   2.215e+03 |   2.166e+03 |   2.115e+03 |   2.064e+03 |   2.012e+03 |   1.959e+03 |   1.905e+03 |   1.851e+03 |   1.795e+03 |   1.738e+03 |   1.680e+03 |   1.680e+03 |   1.620e+03 |   1.559e+03 |   1.497e+03 |   1.434e+03 |   1.370e+03 |   1.305e+03 |   1.238e+03 |   1.170e+03 |   1.101e+03 |   1.031e+03 |   9.598e+02 |   8.871e+02 |   8.131e+02 |   7.378e+02 |   6.611e+02 |   5.831e+02 |   5.037e+02 |   4.228e+02 |   3.405e+02 |
| hot_side---temperature (C)          |   8.132e+01 |   8.132e+01 |   8.132e+01 |   8.132e+01 |   8.132e+01 |   8.132e+01 |   8.132e+01 |   8.132e+01 |   8.132e+01 |   8.132e+01 |   8.132e+01 |   8.132e+01 |   8.132e+01 |   8.132e+01 |   8.132e+01 |   8.132e+01 |   8.132e+01 |   8.132e+01 |   8.132e+01 |   8.132e+01 |   8.132e+01 |   8.132e+01 |   8.132e+01 |   8.132e+01 |   8.132e+01 |   8.132e+01 |   8.132e+01 |   8.132e+01 |   8.132e+01 |   8.132e+01 |   8.132e+01 |   8.132e+01 |   8.132e+01 |   8.132e+01 |   8.132e+01 |   8.132e+01 |   8.132e+01 |   8.132e+01 |   8.132e+01 |   8.132e+01 |
| hot_side---vapor mass fraction (-)  |   9.905e-01 |   9.722e-01 |   9.535e-01 |   9.345e-01 |   9.152e-01 |   8.956e-01 |   8.756e-01 |   8.552e-01 |   8.345e-01 |   8.134e-01 |   7.920e-01 |   7.702e-01 |   7.479e-01 |   7.254e-01 |   7.024e-01 |   6.790e-01 |   6.552e-01 |   6.310e-01 |   6.063e-01 |   5.813e-01 |   5.813e-01 |   5.553e-01 |   5.289e-01 |   5.020e-01 |   4.746e-01 |   4.467e-01 |   4.183e-01 |   3.895e-01 |   3.601e-01 |   3.301e-01 |   2.997e-01 |   2.687e-01 |   2.372e-01 |   2.051e-01 |   1.724e-01 |   1.391e-01 |   1.052e-01 |   7.078e-02 |   3.571e-02 |   0.000e+00 |
| hot_side---differ number ()         |   2.000e+00 |   2.000e+00 |   2.000e+00 |   2.000e+00 |   2.000e+00 |   2.000e+00 |   2.000e+00 |   2.000e+00 |   2.000e+00 |   2.000e+00 |   2.000e+00 |   2.000e+00 |   2.000e+00 |   2.000e+00 |   2.000e+00 |   2.000e+00 |   2.000e+00 |   2.000e+00 |   2.000e+00 |   2.000e+00 |   2.000e+00 |   2.000e+00 |   2.000e+00 |   2.000e+00 |   2.000e+00 |   2.000e+00 |   2.000e+00 |   2.000e+00 |   2.000e+00 |   2.000e+00 |   2.000e+00 |   2.000e+00 |   2.000e+00 |   2.000e+00 |   2.000e+00 |   2.000e+00 |   2.000e+00 |   2.000e+00 |   2.000e+00 |   1.384e+01 |
| cold_side---pressure (bar)          |   1.745e+00 |   1.750e+00 |   1.756e+00 |   1.761e+00 |   1.766e+00 |   1.772e+00 |   1.777e+00 |   1.782e+00 |   1.788e+00 |   1.793e+00 |   1.799e+00 |   1.804e+00 |   1.809e+00 |   1.815e+00 |   1.820e+00 |   1.825e+00 |   1.831e+00 |   1.836e+00 |   1.842e+00 |   1.847e+00 |   1.847e+00 |   1.852e+00 |   1.858e+00 |   1.863e+00 |   1.868e+00 |   1.874e+00 |   1.879e+00 |   1.884e+00 |   1.890e+00 |   1.895e+00 |   1.901e+00 |   1.906e+00 |   1.911e+00 |   1.917e+00 |   1.922e+00 |   1.927e+00 |   1.933e+00 |   1.938e+00 |   1.944e+00 |   1.949e+00 |
| cold_side---enthalpy (kJ / kg)      |   2.729e+02 |   2.717e+02 |   2.705e+02 |   2.693e+02 |   2.680e+02 |   2.668e+02 |   2.655e+02 |   2.641e+02 |   2.628e+02 |   2.614e+02 |   2.601e+02 |   2.587e+02 |   2.572e+02 |   2.558e+02 |   2.543e+02 |   2.528e+02 |   2.512e+02 |   2.497e+02 |   2.481e+02 |   2.464e+02 |   2.464e+02 |   2.448e+02 |   2.431e+02 |   2.413e+02 |   2.396e+02 |   2.378e+02 |   2.359e+02 |   2.341e+02 |   2.322e+02 |   2.302e+02 |   2.283e+02 |   2.263e+02 |   2.242e+02 |   2.221e+02 |   2.200e+02 |   2.179e+02 |   2.157e+02 |   2.135e+02 |   2.112e+02 |   2.089e+02 |
| cold_side---temperature (C)         |   6.516e+01 |   6.487e+01 |   6.459e+01 |   6.429e+01 |   6.399e+01 |   6.369e+01 |   6.338e+01 |   6.307e+01 |   6.275e+01 |   6.242e+01 |   6.209e+01 |   6.175e+01 |   6.141e+01 |   6.106e+01 |   6.071e+01 |   6.035e+01 |   5.998e+01 |   5.960e+01 |   5.922e+01 |   5.884e+01 |   5.884e+01 |   5.843e+01 |   5.803e+01 |   5.761e+01 |   5.719e+01 |   5.676e+01 |   5.632e+01 |   5.587e+01 |   5.542e+01 |   5.496e+01 |   5.449e+01 |   5.401e+01 |   5.352e+01 |   5.302e+01 |   5.252e+01 |   5.200e+01 |   5.148e+01 |   5.095e+01 |   5.041e+01 |   4.985e+01 |
| cold_side---vapor mass fraction (-) | nan         | nan         | nan         | nan         | nan         | nan         | nan         | nan         | nan         | nan         | nan         | nan         | nan         | nan         | nan         | nan         | nan         | nan         | nan         | nan         | nan         | nan         | nan         | nan         | nan         | nan         | nan         | nan         | nan         | nan         | nan         | nan         | nan         | nan         | nan         | nan         | nan         | nan         | nan         | nan         |
| cold_side---differ number ()        |   2.665e+00 |   2.666e+00 |   2.666e+00 |   2.666e+00 |   2.666e+00 |   2.666e+00 |   2.666e+00 |   2.666e+00 |   2.666e+00 |   2.666e+00 |   2.666e+00 |   2.666e+00 |   2.666e+00 |   2.666e+00 |   2.666e+00 |   2.666e+00 |   2.666e+00 |   2.666e+00 |   2.666e+00 |   2.666e+00 |   2.666e+00 |   2.666e+00 |   2.666e+00 |   2.666e+00 |   2.666e+00 |   2.666e+00 |   2.666e+00 |   2.666e+00 |   2.666e+00 |   2.666e+00 |   2.666e+00 |   2.666e+00 |   2.666e+00 |   2.666e+00 |   2.666e+00 |   2.666e+00 |   2.666e+00 |   2.666e+00 |   2.666e+00 |   2.666e+00 |
+-------------------------------------+-------------+-------------+-------------+-------------+-------------+-------------+-------------+-------------+-------------+-------------+-------------+-------------+-------------+-------------+-------------+-------------+-------------+-------------+-------------+-------------+-------------+-------------+-------------+-------------+-------------+-------------+-------------+-------------+-------------+-------------+-------------+-------------+-------------+-------------+-------------+-------------+-------------+-------------+-------------+-------------+
##### RESULTS (Nodes: HeatExchanger: extract_heat_exchanger2_turbine3) #####
+-------------------------------------+-------------+-------------+-------------+-------------+-------------+-------------+-------------+-------------+-------------+-------------+-------------+-------------+-------------+-------------+-------------+-------------+-------------+-------------+-------------+-------------+-------------+-------------+-------------+-------------+-------------+-------------+-------------+-------------+-------------+-------------+-------------+-------------+-------------+-------------+-------------+-------------+-------------+-------------+-------------+-------------+
|                                     |           0 |           1 |           2 |           3 |           4 |           5 |           6 |           7 |           8 |           9 |          10 |          11 |          12 |          13 |          14 |          15 |          16 |          17 |          18 |          19 |          20 |          21 |          22 |          23 |          24 |          25 |          26 |          27 |          28 |          29 |          30 |          31 |          32 |          33 |          34 |          35 |          36 |          37 |          38 |          39 |
|-------------------------------------+-------------+-------------+-------------+-------------+-------------+-------------+-------------+-------------+-------------+-------------+-------------+-------------+-------------+-------------+-------------+-------------+-------------+-------------+-------------+-------------+-------------+-------------+-------------+-------------+-------------+-------------+-------------+-------------+-------------+-------------+-------------+-------------+-------------+-------------+-------------+-------------+-------------+-------------+-------------+-------------|
| hot_side---pressure (bar)           |   7.000e-01 |   7.000e-01 |   7.000e-01 |   7.000e-01 |   7.000e-01 |   7.000e-01 |   7.000e-01 |   7.000e-01 |   7.000e-01 |   7.000e-01 |   7.000e-01 |   7.000e-01 |   7.000e-01 |   7.000e-01 |   7.000e-01 |   7.000e-01 |   7.000e-01 |   7.000e-01 |   7.000e-01 |   7.000e-01 |   7.000e-01 |   7.000e-01 |   7.000e-01 |   7.000e-01 |   7.000e-01 |   7.000e-01 |   7.000e-01 |   7.000e-01 |   7.000e-01 |   7.000e-01 |   7.000e-01 |   7.000e-01 |   7.000e-01 |   7.000e-01 |   7.000e-01 |   7.000e-01 |   7.000e-01 |   7.000e-01 |   7.000e-01 |   7.000e-01 |
| hot_side---enthalpy (kJ / kg)       |   3.768e+02 |   3.676e+02 |   3.592e+02 |   3.516e+02 |   3.446e+02 |   3.383e+02 |   3.325e+02 |   3.272e+02 |   3.224e+02 |   3.180e+02 |   3.141e+02 |   3.104e+02 |   3.071e+02 |   3.041e+02 |   3.013e+02 |   2.988e+02 |   2.965e+02 |   2.944e+02 |   2.925e+02 |   2.907e+02 |   2.907e+02 |   2.893e+02 |   2.880e+02 |   2.867e+02 |   2.856e+02 |   2.846e+02 |   2.836e+02 |   2.827e+02 |   2.819e+02 |   2.812e+02 |   2.805e+02 |   2.799e+02 |   2.793e+02 |   2.788e+02 |   2.783e+02 |   2.778e+02 |   2.774e+02 |   2.771e+02 |   2.767e+02 |   2.764e+02 |
| hot_side---temperature (C)          |   8.993e+01 |   8.775e+01 |   8.576e+01 |   8.394e+01 |   8.229e+01 |   8.078e+01 |   7.940e+01 |   7.814e+01 |   7.700e+01 |   7.595e+01 |   7.500e+01 |   7.413e+01 |   7.334e+01 |   7.262e+01 |   7.196e+01 |   7.136e+01 |   7.081e+01 |   7.031e+01 |   6.985e+01 |   6.944e+01 |   6.944e+01 |   6.909e+01 |   6.877e+01 |   6.848e+01 |   6.821e+01 |   6.796e+01 |   6.773e+01 |   6.752e+01 |   6.733e+01 |   6.715e+01 |   6.699e+01 |   6.684e+01 |   6.671e+01 |   6.658e+01 |   6.647e+01 |   6.636e+01 |   6.626e+01 |   6.617e+01 |   6.609e+01 |   6.601e+01 |
| hot_side---vapor mass fraction (-)  |   0.000e+00 | nan         | nan         | nan         | nan         | nan         | nan         | nan         | nan         | nan         | nan         | nan         | nan         | nan         | nan         | nan         | nan         | nan         | nan         | nan         | nan         | nan         | nan         | nan         | nan         | nan         | nan         | nan         | nan         | nan         | nan         | nan         | nan         | nan         | nan         | nan         | nan         | nan         | nan         | nan         |
| hot_side---differ number ()         |   3.701e+00 |   5.403e+00 |   5.405e+00 |   5.406e+00 |   5.407e+00 |   5.408e+00 |   5.409e+00 |   5.410e+00 |   5.410e+00 |   5.411e+00 |   5.411e+00 |   5.412e+00 |   5.412e+00 |   5.413e+00 |   5.413e+00 |   5.413e+00 |   5.413e+00 |   5.414e+00 |   5.414e+00 |   5.414e+00 |   5.414e+00 |   5.414e+00 |   5.414e+00 |   5.415e+00 |   5.415e+00 |   5.415e+00 |   5.415e+00 |   5.415e+00 |   5.415e+00 |   5.415e+00 |   5.415e+00 |   5.415e+00 |   5.415e+00 |   5.415e+00 |   5.415e+00 |   5.416e+00 |   5.416e+00 |   5.416e+00 |   5.416e+00 |   5.416e+00 |
| cold_side---pressure (bar)          |   1.697e+00 |   1.699e+00 |   1.700e+00 |   1.701e+00 |   1.702e+00 |   1.704e+00 |   1.705e+00 |   1.706e+00 |   1.707e+00 |   1.709e+00 |   1.710e+00 |   1.711e+00 |   1.712e+00 |   1.714e+00 |   1.715e+00 |   1.716e+00 |   1.717e+00 |   1.719e+00 |   1.720e+00 |   1.721e+00 |   1.721e+00 |   1.722e+00 |   1.724e+00 |   1.725e+00 |   1.726e+00 |   1.727e+00 |   1.729e+00 |   1.730e+00 |   1.731e+00 |   1.732e+00 |   1.734e+00 |   1.735e+00 |   1.736e+00 |   1.737e+00 |   1.739e+00 |   1.740e+00 |   1.741e+00 |   1.742e+00 |   1.744e+00 |   1.745e+00 |
| cold_side---enthalpy (kJ / kg)      |   2.746e+02 |   2.745e+02 |   2.743e+02 |   2.742e+02 |   2.741e+02 |   2.740e+02 |   2.739e+02 |   2.738e+02 |   2.737e+02 |   2.736e+02 |   2.736e+02 |   2.735e+02 |   2.735e+02 |   2.734e+02 |   2.734e+02 |   2.733e+02 |   2.733e+02 |   2.733e+02 |   2.732e+02 |   2.732e+02 |   2.732e+02 |   2.732e+02 |   2.731e+02 |   2.731e+02 |   2.731e+02 |   2.731e+02 |   2.731e+02 |   2.731e+02 |   2.730e+02 |   2.730e+02 |   2.730e+02 |   2.730e+02 |   2.730e+02 |   2.730e+02 |   2.730e+02 |   2.730e+02 |   2.730e+02 |   2.730e+02 |   2.730e+02 |   2.730e+02 |
| cold_side---temperature (C)         |   6.557e+01 |   6.553e+01 |   6.550e+01 |   6.547e+01 |   6.544e+01 |   6.542e+01 |   6.539e+01 |   6.537e+01 |   6.535e+01 |   6.534e+01 |   6.532e+01 |   6.531e+01 |   6.529e+01 |   6.528e+01 |   6.527e+01 |   6.526e+01 |   6.525e+01 |   6.524e+01 |   6.523e+01 |   6.523e+01 |   6.523e+01 |   6.522e+01 |   6.522e+01 |   6.521e+01 |   6.521e+01 |   6.520e+01 |   6.520e+01 |   6.520e+01 |   6.519e+01 |   6.519e+01 |   6.519e+01 |   6.518e+01 |   6.518e+01 |   6.518e+01 |   6.518e+01 |   6.518e+01 |   6.517e+01 |   6.517e+01 |   6.517e+01 |   6.517e+01 |
| cold_side---vapor mass fraction (-) | nan         | nan         | nan         | nan         | nan         | nan         | nan         | nan         | nan         | nan         | nan         | nan         | nan         | nan         | nan         | nan         | nan         | nan         | nan         | nan         | nan         | nan         | nan         | nan         | nan         | nan         | nan         | nan         | nan         | nan         | nan         | nan         | nan         | nan         | nan         | nan         | nan         | nan         | nan         | nan         |
| cold_side---differ number ()        |   2.056e+00 |   2.056e+00 |   2.056e+00 |   2.056e+00 |   2.056e+00 |   2.056e+00 |   2.056e+00 |   2.056e+00 |   2.056e+00 |   2.056e+00 |   2.056e+00 |   2.056e+00 |   2.056e+00 |   2.056e+00 |   2.056e+00 |   2.056e+00 |   2.056e+00 |   2.056e+00 |   2.056e+00 |   2.056e+00 |   2.056e+00 |   2.056e+00 |   2.056e+00 |   2.056e+00 |   2.056e+00 |   2.056e+00 |   2.056e+00 |   2.056e+00 |   2.056e+00 |   2.056e+00 |   2.056e+00 |   2.056e+00 |   2.056e+00 |   2.056e+00 |   2.056e+00 |   2.056e+00 |   2.056e+00 |   2.056e+00 |   2.056e+00 |   2.056e+00 |
+-------------------------------------+-------------+-------------+-------------+-------------+-------------+-------------+-------------+-------------+-------------+-------------+-------------+-------------+-------------+-------------+-------------+-------------+-------------+-------------+-------------+-------------+-------------+-------------+-------------+-------------+-------------+-------------+-------------+-------------+-------------+-------------+-------------+-------------+-------------+-------------+-------------+-------------+-------------+-------------+-------------+-------------+
##### RESULTS (Nodes: HeatExchanger: extract_heat_exchanger2_turbine4) #####
+-------------------------------------+-------------+-------------+-------------+-------------+-------------+-------------+-------------+-------------+-------------+-------------+-------------+-------------+-------------+-------------+-------------+-------------+-------------+-------------+-------------+-------------+-------------+-------------+-------------+-------------+-------------+-------------+-------------+-------------+-------------+-------------+-------------+-------------+-------------+-------------+-------------+-------------+-------------+-------------+-------------+-------------+
|                                     |           0 |           1 |           2 |           3 |           4 |           5 |           6 |           7 |           8 |           9 |          10 |          11 |          12 |          13 |          14 |          15 |          16 |          17 |          18 |          19 |          20 |          21 |          22 |          23 |          24 |          25 |          26 |          27 |          28 |          29 |          30 |          31 |          32 |          33 |          34 |          35 |          36 |          37 |          38 |          39 |
|-------------------------------------+-------------+-------------+-------------+-------------+-------------+-------------+-------------+-------------+-------------+-------------+-------------+-------------+-------------+-------------+-------------+-------------+-------------+-------------+-------------+-------------+-------------+-------------+-------------+-------------+-------------+-------------+-------------+-------------+-------------+-------------+-------------+-------------+-------------+-------------+-------------+-------------+-------------+-------------+-------------+-------------|
| hot_side---pressure (bar)           |   5.000e-01 |   5.000e-01 |   5.000e-01 |   5.000e-01 |   5.000e-01 |   5.000e-01 |   5.000e-01 |   5.000e-01 |   5.000e-01 |   5.000e-01 |   5.000e-01 |   5.000e-01 |   5.000e-01 |   5.000e-01 |   5.000e-01 |   5.000e-01 |   5.000e-01 |   5.000e-01 |   5.000e-01 |   5.000e-01 |   5.000e-01 |   5.000e-01 |   5.000e-01 |   5.000e-01 |   5.000e-01 |   5.000e-01 |   5.000e-01 |   5.000e-01 |   5.000e-01 |   5.000e-01 |   5.000e-01 |   5.000e-01 |   5.000e-01 |   5.000e-01 |   5.000e-01 |   5.000e-01 |   5.000e-01 |   5.000e-01 |   5.000e-01 |   5.000e-01 |
| hot_side---enthalpy (kJ / kg)       |   3.405e+02 |   3.304e+02 |   3.210e+02 |   3.123e+02 |   3.043e+02 |   2.968e+02 |   2.899e+02 |   2.836e+02 |   2.777e+02 |   2.722e+02 |   2.672e+02 |   2.625e+02 |   2.582e+02 |   2.542e+02 |   2.505e+02 |   2.471e+02 |   2.440e+02 |   2.410e+02 |   2.383e+02 |   2.358e+02 |   2.358e+02 |   2.337e+02 |   2.317e+02 |   2.298e+02 |   2.281e+02 |   2.265e+02 |   2.250e+02 |   2.236e+02 |   2.223e+02 |   2.211e+02 |   2.199e+02 |   2.189e+02 |   2.179e+02 |   2.170e+02 |   2.162e+02 |   2.154e+02 |   2.147e+02 |   2.140e+02 |   2.134e+02 |   2.128e+02 |
| hot_side---temperature (C)          |   8.132e+01 |   7.890e+01 |   7.666e+01 |   7.459e+01 |   7.267e+01 |   7.089e+01 |   6.925e+01 |   6.773e+01 |   6.632e+01 |   6.502e+01 |   6.382e+01 |   6.271e+01 |   6.167e+01 |   6.072e+01 |   5.984e+01 |   5.902e+01 |   5.827e+01 |   5.757e+01 |   5.692e+01 |   5.632e+01 |   5.632e+01 |   5.581e+01 |   5.533e+01 |   5.488e+01 |   5.447e+01 |   5.408e+01 |   5.373e+01 |   5.339e+01 |   5.308e+01 |   5.279e+01 |   5.253e+01 |   5.228e+01 |   5.204e+01 |   5.183e+01 |   5.163e+01 |   5.144e+01 |   5.126e+01 |   5.110e+01 |   5.095e+01 |   5.081e+01 |
| hot_side---vapor mass fraction (-)  |   0.000e+00 | nan         | nan         | nan         | nan         | nan         | nan         | nan         | nan         | nan         | nan         | nan         | nan         | nan         | nan         | nan         | nan         | nan         | nan         | nan         | nan         | nan         | nan         | nan         | nan         | nan         | nan         | nan         | nan         | nan         | nan         | nan         | nan         | nan         | nan         | nan         | nan         | nan         | nan         | nan         |
| hot_side---differ number ()         |   3.460e+00 |   4.922e+00 |   4.923e+00 |   4.924e+00 |   4.925e+00 |   4.926e+00 |   4.926e+00 |   4.927e+00 |   4.927e+00 |   4.928e+00 |   4.928e+00 |   4.929e+00 |   4.929e+00 |   4.929e+00 |   4.930e+00 |   4.930e+00 |   4.930e+00 |   4.930e+00 |   4.930e+00 |   4.931e+00 |   4.931e+00 |   4.931e+00 |   4.931e+00 |   4.931e+00 |   4.931e+00 |   4.931e+00 |   4.931e+00 |   4.931e+00 |   4.931e+00 |   4.931e+00 |   4.932e+00 |   4.932e+00 |   4.932e+00 |   4.932e+00 |   4.932e+00 |   4.932e+00 |   4.932e+00 |   4.932e+00 |   4.932e+00 |   4.932e+00 |
| cold_side---pressure (bar)          |   1.949e+00 |   1.950e+00 |   1.952e+00 |   1.953e+00 |   1.954e+00 |   1.956e+00 |   1.957e+00 |   1.958e+00 |   1.960e+00 |   1.961e+00 |   1.962e+00 |   1.964e+00 |   1.965e+00 |   1.966e+00 |   1.968e+00 |   1.969e+00 |   1.970e+00 |   1.972e+00 |   1.973e+00 |   1.974e+00 |   1.974e+00 |   1.976e+00 |   1.977e+00 |   1.978e+00 |   1.980e+00 |   1.981e+00 |   1.983e+00 |   1.984e+00 |   1.985e+00 |   1.987e+00 |   1.988e+00 |   1.989e+00 |   1.991e+00 |   1.992e+00 |   1.993e+00 |   1.995e+00 |   1.996e+00 |   1.997e+00 |   1.999e+00 |   2.000e+00 |
| cold_side---enthalpy (kJ / kg)      |   2.089e+02 |   2.086e+02 |   2.083e+02 |   2.081e+02 |   2.079e+02 |   2.077e+02 |   2.075e+02 |   2.073e+02 |   2.071e+02 |   2.070e+02 |   2.068e+02 |   2.067e+02 |   2.066e+02 |   2.065e+02 |   2.064e+02 |   2.063e+02 |   2.062e+02 |   2.061e+02 |   2.060e+02 |   2.060e+02 |   2.060e+02 |   2.059e+02 |   2.058e+02 |   2.058e+02 |   2.057e+02 |   2.057e+02 |   2.056e+02 |   2.056e+02 |   2.056e+02 |   2.055e+02 |   2.055e+02 |   2.055e+02 |   2.054e+02 |   2.054e+02 |   2.054e+02 |   2.054e+02 |   2.054e+02 |   2.053e+02 |   2.053e+02 |   2.053e+02 |
| cold_side---temperature (C)         |   4.985e+01 |   4.979e+01 |   4.972e+01 |   4.966e+01 |   4.961e+01 |   4.956e+01 |   4.951e+01 |   4.947e+01 |   4.943e+01 |   4.940e+01 |   4.936e+01 |   4.933e+01 |   4.930e+01 |   4.927e+01 |   4.925e+01 |   4.923e+01 |   4.921e+01 |   4.919e+01 |   4.917e+01 |   4.915e+01 |   4.915e+01 |   4.914e+01 |   4.912e+01 |   4.911e+01 |   4.910e+01 |   4.909e+01 |   4.908e+01 |   4.907e+01 |   4.906e+01 |   4.905e+01 |   4.904e+01 |   4.904e+01 |   4.903e+01 |   4.902e+01 |   4.902e+01 |   4.901e+01 |   4.901e+01 |   4.900e+01 |   4.900e+01 |   4.900e+01 |
| cold_side---vapor mass fraction (-) | nan         | nan         | nan         | nan         | nan         | nan         | nan         | nan         | nan         | nan         | nan         | nan         | nan         | nan         | nan         | nan         | nan         | nan         | nan         | nan         | nan         | nan         | nan         | nan         | nan         | nan         | nan         | nan         | nan         | nan         | nan         | nan         | nan         | nan         | nan         | nan         | nan         | nan         | nan         | nan         |
| cold_side---differ number ()        |   2.082e+00 |   2.082e+00 |   2.082e+00 |   2.082e+00 |   2.082e+00 |   2.082e+00 |   2.082e+00 |   2.082e+00 |   2.082e+00 |   2.082e+00 |   2.082e+00 |   2.082e+00 |   2.082e+00 |   2.082e+00 |   2.082e+00 |   2.082e+00 |   2.082e+00 |   2.082e+00 |   2.082e+00 |   2.082e+00 |   2.082e+00 |   2.082e+00 |   2.082e+00 |   2.082e+00 |   2.082e+00 |   2.082e+00 |   2.082e+00 |   2.082e+00 |   2.082e+00 |   2.082e+00 |   2.082e+00 |   2.082e+00 |   2.082e+00 |   2.082e+00 |   2.082e+00 |   2.082e+00 |   2.082e+00 |   2.082e+00 |   2.082e+00 |   2.082e+00 |
+-------------------------------------+-------------+-------------+-------------+-------------+-------------+-------------+-------------+-------------+-------------+-------------+-------------+-------------+-------------+-------------+-------------+-------------+-------------+-------------+-------------+-------------+-------------+-------------+-------------+-------------+-------------+-------------+-------------+-------------+-------------+-------------+-------------+-------------+-------------+-------------+-------------+-------------+-------------+-------------+-------------+-------------+
##### RESULTS (Nodes: HeatExchanger: main_heat_exchanger1) #####
+-------------------------------------+-------------+-------------+-------------+-------------+-------------+-------------+-------------+-------------+-------------+-------------+-------------+-------------+-------------+-------------+-------------+-------------+-------------+-------------+-------------+-------------+-------------+-------------+-------------+-------------+-------------+-------------+-------------+-------------+-------------+-------------+-------------+-------------+-------------+-------------+-------------+-------------+-------------+-------------+-------------+-------------+
|                                     |           0 |           1 |           2 |           3 |           4 |           5 |           6 |           7 |           8 |           9 |          10 |          11 |          12 |          13 |          14 |          15 |          16 |          17 |          18 |          19 |          20 |          21 |          22 |          23 |          24 |          25 |          26 |          27 |          28 |          29 |          30 |          31 |          32 |          33 |          34 |          35 |          36 |          37 |          38 |          39 |
|-------------------------------------+-------------+-------------+-------------+-------------+-------------+-------------+-------------+-------------+-------------+-------------+-------------+-------------+-------------+-------------+-------------+-------------+-------------+-------------+-------------+-------------+-------------+-------------+-------------+-------------+-------------+-------------+-------------+-------------+-------------+-------------+-------------+-------------+-------------+-------------+-------------+-------------+-------------+-------------+-------------+-------------|
| hot_side---pressure (bar)           |   9.750e-01 |   9.750e-01 |   9.750e-01 |   9.750e-01 |   9.750e-01 |   9.750e-01 |   9.750e-01 |   9.750e-01 |   9.750e-01 |   9.750e-01 |   9.750e-01 |   9.750e-01 |   9.750e-01 |   9.750e-01 |   9.750e-01 |   9.750e-01 |   9.750e-01 |   9.750e-01 |   9.750e-01 |   9.750e-01 |   9.750e-01 |   9.750e-01 |   9.750e-01 |   9.750e-01 |   9.750e-01 |   9.750e-01 |   9.750e-01 |   9.750e-01 |   9.750e-01 |   9.750e-01 |   9.750e-01 |   9.750e-01 |   9.750e-01 |   9.750e-01 |   9.750e-01 |   9.750e-01 |   9.750e-01 |   9.750e-01 |   9.750e-01 |   9.750e-01 |
| hot_side---enthalpy (kJ / kg)       |   1.035e+03 |   1.035e+03 |   1.035e+03 |   1.034e+03 |   1.034e+03 |   1.034e+03 |   1.033e+03 |   1.033e+03 |   1.032e+03 |   1.032e+03 |   1.031e+03 |   1.030e+03 |   1.030e+03 |   1.029e+03 |   1.028e+03 |   1.027e+03 |   1.026e+03 |   1.025e+03 |   1.023e+03 |   1.022e+03 |   1.022e+03 |   1.020e+03 |   1.018e+03 |   1.015e+03 |   1.013e+03 |   1.010e+03 |   1.007e+03 |   1.003e+03 |   9.990e+02 |   9.945e+02 |   9.894e+02 |   9.837e+02 |   9.774e+02 |   9.705e+02 |   9.627e+02 |   9.542e+02 |   9.449e+02 |   9.348e+02 |   9.240e+02 |   9.127e+02 |
| hot_side---temperature (C)          |   6.000e+02 |   5.998e+02 |   5.996e+02 |   5.993e+02 |   5.990e+02 |   5.987e+02 |   5.984e+02 |   5.980e+02 |   5.976e+02 |   5.971e+02 |   5.966e+02 |   5.960e+02 |   5.954e+02 |   5.947e+02 |   5.939e+02 |   5.930e+02 |   5.921e+02 |   5.910e+02 |   5.899e+02 |   5.886e+02 |   5.886e+02 |   5.870e+02 |   5.852e+02 |   5.832e+02 |   5.810e+02 |   5.785e+02 |   5.757e+02 |   5.725e+02 |   5.690e+02 |   5.651e+02 |   5.607e+02 |   5.558e+02 |   5.504e+02 |   5.443e+02 |   5.376e+02 |   5.302e+02 |   5.221e+02 |   5.133e+02 |   5.039e+02 |   4.940e+02 |
| hot_side---vapor mass fraction (-)  | nan         | nan         | nan         | nan         | nan         | nan         | nan         | nan         | nan         | nan         | nan         | nan         | nan         | nan         | nan         | nan         | nan         | nan         | nan         | nan         | nan         | nan         | nan         | nan         | nan         | nan         | nan         | nan         | nan         | nan         | nan         | nan         | nan         | nan         | nan         | nan         | nan         | nan         | nan         | nan         |
| hot_side---differ number ()         |   3.586e+00 |   3.586e+00 |   3.586e+00 |   3.586e+00 |   3.586e+00 |   3.586e+00 |   3.586e+00 |   3.587e+00 |   3.587e+00 |   3.587e+00 |   3.587e+00 |   3.587e+00 |   3.587e+00 |   3.588e+00 |   3.588e+00 |   3.588e+00 |   3.588e+00 |   3.589e+00 |   3.589e+00 |   3.590e+00 |   3.590e+00 |   3.590e+00 |   3.591e+00 |   3.592e+00 |   3.592e+00 |   3.593e+00 |   3.594e+00 |   3.595e+00 |   3.596e+00 |   3.598e+00 |   3.599e+00 |   3.601e+00 |   3.603e+00 |   3.605e+00 |   3.608e+00 |   3.610e+00 |   3.613e+00 |   3.616e+00 |   3.620e+00 |   3.624e+00 |
| cold_side---pressure (bar)          |   4.800e+01 |   4.801e+01 |   4.801e+01 |   4.802e+01 |   4.802e+01 |   4.803e+01 |   4.803e+01 |   4.804e+01 |   4.804e+01 |   4.805e+01 |   4.805e+01 |   4.806e+01 |   4.806e+01 |   4.807e+01 |   4.807e+01 |   4.808e+01 |   4.808e+01 |   4.809e+01 |   4.809e+01 |   4.810e+01 |   4.810e+01 |   4.811e+01 |   4.811e+01 |   4.812e+01 |   4.812e+01 |   4.813e+01 |   4.813e+01 |   4.814e+01 |   4.814e+01 |   4.815e+01 |   4.815e+01 |   4.816e+01 |   4.816e+01 |   4.817e+01 |   4.817e+01 |   4.818e+01 |   4.818e+01 |   4.819e+01 |   4.819e+01 |   4.820e+01 |
| cold_side---enthalpy (kJ / kg)      |   3.657e+03 |   3.655e+03 |   3.653e+03 |   3.651e+03 |   3.649e+03 |   3.646e+03 |   3.643e+03 |   3.640e+03 |   3.637e+03 |   3.633e+03 |   3.629e+03 |   3.624e+03 |   3.619e+03 |   3.613e+03 |   3.607e+03 |   3.600e+03 |   3.592e+03 |   3.583e+03 |   3.574e+03 |   3.563e+03 |   3.563e+03 |   3.550e+03 |   3.535e+03 |   3.519e+03 |   3.501e+03 |   3.480e+03 |   3.457e+03 |   3.432e+03 |   3.403e+03 |   3.371e+03 |   3.336e+03 |   3.296e+03 |   3.251e+03 |   3.202e+03 |   3.148e+03 |   3.088e+03 |   3.022e+03 |   2.951e+03 |   2.875e+03 |   2.796e+03 |
| cold_side---temperature (C)         |   5.950e+02 |   5.943e+02 |   5.934e+02 |   5.925e+02 |   5.915e+02 |   5.904e+02 |   5.892e+02 |   5.879e+02 |   5.864e+02 |   5.847e+02 |   5.829e+02 |   5.808e+02 |   5.786e+02 |   5.761e+02 |   5.733e+02 |   5.703e+02 |   5.669e+02 |   5.632e+02 |   5.591e+02 |   5.545e+02 |   5.545e+02 |   5.489e+02 |   5.426e+02 |   5.355e+02 |   5.276e+02 |   5.187e+02 |   5.089e+02 |   4.978e+02 |   4.856e+02 |   4.719e+02 |   4.567e+02 |   4.398e+02 |   4.213e+02 |   4.009e+02 |   3.789e+02 |   3.554e+02 |   3.309e+02 |   3.061e+02 |   2.825e+02 |   2.617e+02 |
| cold_side---vapor mass fraction (-) | nan         | nan         | nan         | nan         | nan         | nan         | nan         | nan         | nan         | nan         | nan         | nan         | nan         | nan         | nan         | nan         | nan         | nan         | nan         | nan         | nan         | nan         | nan         | nan         | nan         | nan         | nan         | nan         | nan         | nan         | nan         | nan         | nan         | nan         | nan         | nan         | nan         | nan         | nan         |   1.000e+00 |
| cold_side---differ number ()        |   7.627e+00 |   7.628e+00 |   7.628e+00 |   7.628e+00 |   7.629e+00 |   7.629e+00 |   7.629e+00 |   7.630e+00 |   7.630e+00 |   7.631e+00 |   7.631e+00 |   7.632e+00 |   7.632e+00 |   7.633e+00 |   7.633e+00 |   7.634e+00 |   7.634e+00 |   7.634e+00 |   7.634e+00 |   7.634e+00 |   7.634e+00 |   7.634e+00 |   7.632e+00 |   7.630e+00 |   7.627e+00 |   7.622e+00 |   7.615e+00 |   7.605e+00 |   7.590e+00 |   7.568e+00 |   7.538e+00 |   7.494e+00 |   7.430e+00 |   7.339e+00 |   7.205e+00 |   7.010e+00 |   6.727e+00 |   6.326e+00 |   5.774e+00 |   3.494e+00 |
+-------------------------------------+-------------+-------------+-------------+-------------+-------------+-------------+-------------+-------------+-------------+-------------+-------------+-------------+-------------+-------------+-------------+-------------+-------------+-------------+-------------+-------------+-------------+-------------+-------------+-------------+-------------+-------------+-------------+-------------+-------------+-------------+-------------+-------------+-------------+-------------+-------------+-------------+-------------+-------------+-------------+-------------+
##### RESULTS (Nodes: HeatExchanger: main_heat_exchanger2) #####
+-------------------------------------+-------------+-------------+-------------+-------------+-------------+-------------+-------------+-------------+-------------+-------------+-------------+-------------+-------------+-------------+-------------+-------------+-------------+-------------+-------------+-------------+-------------+-------------+-------------+-------------+-------------+-------------+-------------+-------------+-------------+-------------+-------------+-------------+-------------+-------------+-------------+-------------+-------------+-------------+-------------+-------------+
|                                     |           0 |           1 |           2 |           3 |           4 |           5 |           6 |           7 |           8 |           9 |          10 |          11 |          12 |          13 |          14 |          15 |          16 |          17 |          18 |          19 |          20 |          21 |          22 |          23 |          24 |          25 |          26 |          27 |          28 |          29 |          30 |          31 |          32 |          33 |          34 |          35 |          36 |          37 |          38 |          39 |
|-------------------------------------+-------------+-------------+-------------+-------------+-------------+-------------+-------------+-------------+-------------+-------------+-------------+-------------+-------------+-------------+-------------+-------------+-------------+-------------+-------------+-------------+-------------+-------------+-------------+-------------+-------------+-------------+-------------+-------------+-------------+-------------+-------------+-------------+-------------+-------------+-------------+-------------+-------------+-------------+-------------+-------------|
| hot_side---pressure (bar)           |   9.750e-01 |   9.750e-01 |   9.750e-01 |   9.750e-01 |   9.750e-01 |   9.750e-01 |   9.750e-01 |   9.750e-01 |   9.750e-01 |   9.750e-01 |   9.750e-01 |   9.750e-01 |   9.750e-01 |   9.750e-01 |   9.750e-01 |   9.750e-01 |   9.750e-01 |   9.750e-01 |   9.750e-01 |   9.750e-01 |   9.750e-01 |   9.750e-01 |   9.750e-01 |   9.750e-01 |   9.750e-01 |   9.750e-01 |   9.750e-01 |   9.750e-01 |   9.750e-01 |   9.750e-01 |   9.750e-01 |   9.750e-01 |   9.750e-01 |   9.750e-01 |   9.750e-01 |   9.750e-01 |   9.750e-01 |   9.750e-01 |   9.750e-01 |   9.750e-01 |
| hot_side---enthalpy (kJ / kg)       |   6.602e+02 |   6.590e+02 |   6.577e+02 |   6.564e+02 |   6.551e+02 |   6.537e+02 |   6.523e+02 |   6.509e+02 |   6.494e+02 |   6.479e+02 |   6.464e+02 |   6.448e+02 |   6.432e+02 |   6.415e+02 |   6.398e+02 |   6.381e+02 |   6.363e+02 |   6.345e+02 |   6.326e+02 |   6.307e+02 |   6.307e+02 |   6.287e+02 |   6.266e+02 |   6.245e+02 |   6.223e+02 |   6.200e+02 |   6.177e+02 |   6.153e+02 |   6.129e+02 |   6.104e+02 |   6.078e+02 |   6.051e+02 |   6.024e+02 |   5.996e+02 |   5.967e+02 |   5.937e+02 |   5.906e+02 |   5.875e+02 |   5.842e+02 |   5.808e+02 |
| hot_side---temperature (C)          |   2.667e+02 |   2.655e+02 |   2.643e+02 |   2.631e+02 |   2.619e+02 |   2.606e+02 |   2.593e+02 |   2.580e+02 |   2.566e+02 |   2.552e+02 |   2.538e+02 |   2.523e+02 |   2.509e+02 |   2.493e+02 |   2.477e+02 |   2.461e+02 |   2.445e+02 |   2.428e+02 |   2.410e+02 |   2.393e+02 |   2.393e+02 |   2.374e+02 |   2.354e+02 |   2.335e+02 |   2.314e+02 |   2.293e+02 |   2.272e+02 |   2.249e+02 |   2.227e+02 |   2.203e+02 |   2.179e+02 |   2.154e+02 |   2.128e+02 |   2.102e+02 |   2.075e+02 |   2.047e+02 |   2.018e+02 |   1.988e+02 |   1.958e+02 |   1.926e+02 |
| hot_side---vapor mass fraction (-)  | nan         | nan         | nan         | nan         | nan         | nan         | nan         | nan         | nan         | nan         | nan         | nan         | nan         | nan         | nan         | nan         | nan         | nan         | nan         | nan         | nan         | nan         | nan         | nan         | nan         | nan         | nan         | nan         | nan         | nan         | nan         | nan         | nan         | nan         | nan         | nan         | nan         | nan         | nan         | nan         |
| hot_side---differ number ()         |   3.466e+00 |   3.466e+00 |   3.466e+00 |   3.467e+00 |   3.467e+00 |   3.468e+00 |   3.468e+00 |   3.468e+00 |   3.469e+00 |   3.469e+00 |   3.470e+00 |   3.470e+00 |   3.471e+00 |   3.471e+00 |   3.472e+00 |   3.472e+00 |   3.473e+00 |   3.473e+00 |   3.474e+00 |   3.474e+00 |   3.474e+00 |   3.475e+00 |   3.476e+00 |   3.476e+00 |   3.477e+00 |   3.478e+00 |   3.478e+00 |   3.479e+00 |   3.480e+00 |   3.480e+00 |   3.481e+00 |   3.482e+00 |   3.483e+00 |   3.483e+00 |   3.484e+00 |   3.485e+00 |   3.486e+00 |   3.487e+00 |   3.488e+00 |   3.488e+00 |
| cold_side---pressure (bar)          |   4.820e+01 |   4.821e+01 |   4.821e+01 |   4.822e+01 |   4.822e+01 |   4.823e+01 |   4.823e+01 |   4.824e+01 |   4.824e+01 |   4.825e+01 |   4.825e+01 |   4.826e+01 |   4.826e+01 |   4.827e+01 |   4.827e+01 |   4.828e+01 |   4.828e+01 |   4.829e+01 |   4.829e+01 |   4.830e+01 |   4.830e+01 |   4.831e+01 |   4.831e+01 |   4.832e+01 |   4.832e+01 |   4.833e+01 |   4.833e+01 |   4.834e+01 |   4.834e+01 |   4.835e+01 |   4.835e+01 |   4.836e+01 |   4.836e+01 |   4.837e+01 |   4.837e+01 |   4.838e+01 |   4.838e+01 |   4.839e+01 |   4.839e+01 |   4.840e+01 |
| cold_side---enthalpy (kJ / kg)      |   1.022e+03 |   1.013e+03 |   1.005e+03 |   9.955e+02 |   9.863e+02 |   9.769e+02 |   9.672e+02 |   9.573e+02 |   9.472e+02 |   9.368e+02 |   9.262e+02 |   9.154e+02 |   9.043e+02 |   8.929e+02 |   8.812e+02 |   8.692e+02 |   8.569e+02 |   8.443e+02 |   8.314e+02 |   8.182e+02 |   8.182e+02 |   8.042e+02 |   7.899e+02 |   7.752e+02 |   7.601e+02 |   7.445e+02 |   7.286e+02 |   7.121e+02 |   6.953e+02 |   6.779e+02 |   6.600e+02 |   6.417e+02 |   6.228e+02 |   6.033e+02 |   5.833e+02 |   5.627e+02 |   5.415e+02 |   5.197e+02 |   4.972e+02 |   4.740e+02 |
| cold_side---temperature (C)         |   2.367e+02 |   2.349e+02 |   2.330e+02 |   2.311e+02 |   2.291e+02 |   2.271e+02 |   2.250e+02 |   2.228e+02 |   2.206e+02 |   2.184e+02 |   2.161e+02 |   2.137e+02 |   2.112e+02 |   2.087e+02 |   2.061e+02 |   2.035e+02 |   2.007e+02 |   1.979e+02 |   1.950e+02 |   1.921e+02 |   1.921e+02 |   1.889e+02 |   1.857e+02 |   1.823e+02 |   1.789e+02 |   1.753e+02 |   1.717e+02 |   1.679e+02 |   1.640e+02 |   1.600e+02 |   1.558e+02 |   1.516e+02 |   1.472e+02 |   1.426e+02 |   1.379e+02 |   1.331e+02 |   1.281e+02 |   1.230e+02 |   1.177e+02 |   1.122e+02 |
| cold_side---vapor mass fraction (-) | nan         | nan         | nan         | nan         | nan         | nan         | nan         | nan         | nan         | nan         | nan         | nan         | nan         | nan         | nan         | nan         | nan         | nan         | nan         | nan         | nan         | nan         | nan         | nan         | nan         | nan         | nan         | nan         | nan         | nan         | nan         | nan         | nan         | nan         | nan         | nan         | nan         | nan         | nan         | nan         |
| cold_side---differ number ()        |   4.314e+00 |   4.322e+00 |   4.330e+00 |   4.338e+00 |   4.346e+00 |   4.354e+00 |   4.362e+00 |   4.370e+00 |   4.378e+00 |   4.385e+00 |   4.393e+00 |   4.401e+00 |   4.409e+00 |   4.417e+00 |   4.425e+00 |   4.433e+00 |   4.441e+00 |   4.448e+00 |   4.456e+00 |   4.464e+00 |   4.464e+00 |   4.472e+00 |   4.479e+00 |   4.487e+00 |   4.495e+00 |   4.502e+00 |   4.510e+00 |   4.517e+00 |   4.524e+00 |   4.531e+00 |   4.538e+00 |   4.545e+00 |   4.551e+00 |   4.558e+00 |   4.564e+00 |   4.570e+00 |   4.576e+00 |   4.581e+00 |   4.586e+00 |   4.591e+00 |
+-------------------------------------+-------------+-------------+-------------+-------------+-------------+-------------+-------------+-------------+-------------+-------------+-------------+-------------+-------------+-------------+-------------+-------------+-------------+-------------+-------------+-------------+-------------+-------------+-------------+-------------+-------------+-------------+-------------+-------------+-------------+-------------+-------------+-------------+-------------+-------------+-------------+-------------+-------------+-------------+-------------+-------------+
##### RESULTS (Nodes: HeatExchanger: main_heat_exchanger3) #####
+-------------------------------------+-------------+-------------+-------------+-------------+-------------+-------------+-------------+-------------+-------------+-------------+-------------+-------------+-------------+-------------+-------------+-------------+-------------+-------------+-------------+-------------+-------------+-------------+-------------+-------------+-------------+-------------+-------------+-------------+-------------+-------------+-------------+-------------+-------------+-------------+-------------+-------------+-------------+-------------+-------------+-------------+
|                                     |           0 |           1 |           2 |           3 |           4 |           5 |           6 |           7 |           8 |           9 |          10 |          11 |          12 |          13 |          14 |          15 |          16 |          17 |          18 |          19 |          20 |          21 |          22 |          23 |          24 |          25 |          26 |          27 |          28 |          29 |          30 |          31 |          32 |          33 |          34 |          35 |          36 |          37 |          38 |          39 |
|-------------------------------------+-------------+-------------+-------------+-------------+-------------+-------------+-------------+-------------+-------------+-------------+-------------+-------------+-------------+-------------+-------------+-------------+-------------+-------------+-------------+-------------+-------------+-------------+-------------+-------------+-------------+-------------+-------------+-------------+-------------+-------------+-------------+-------------+-------------+-------------+-------------+-------------+-------------+-------------+-------------+-------------|
| hot_side---pressure (bar)           |   9.750e-01 |   9.750e-01 |   9.750e-01 |   9.750e-01 |   9.750e-01 |   9.750e-01 |   9.750e-01 |   9.750e-01 |   9.750e-01 |   9.750e-01 |   9.750e-01 |   9.750e-01 |   9.750e-01 |   9.750e-01 |   9.750e-01 |   9.750e-01 |   9.750e-01 |   9.750e-01 |   9.750e-01 |   9.750e-01 |   9.750e-01 |   9.750e-01 |   9.750e-01 |   9.750e-01 |   9.750e-01 |   9.750e-01 |   9.750e-01 |   9.750e-01 |   9.750e-01 |   9.750e-01 |   9.750e-01 |   9.750e-01 |   9.750e-01 |   9.750e-01 |   9.750e-01 |   9.750e-01 |   9.750e-01 |   9.750e-01 |   9.750e-01 |   9.750e-01 |
| hot_side---enthalpy (kJ / kg)       |   5.678e+02 |   5.678e+02 |   5.678e+02 |   5.678e+02 |   5.677e+02 |   5.677e+02 |   5.677e+02 |   5.677e+02 |   5.677e+02 |   5.677e+02 |   5.676e+02 |   5.676e+02 |   5.676e+02 |   5.676e+02 |   5.676e+02 |   5.675e+02 |   5.675e+02 |   5.675e+02 |   5.674e+02 |   5.674e+02 |   5.674e+02 |   5.674e+02 |   5.673e+02 |   5.673e+02 |   5.672e+02 |   5.672e+02 |   5.671e+02 |   5.671e+02 |   5.670e+02 |   5.670e+02 |   5.669e+02 |   5.668e+02 |   5.668e+02 |   5.667e+02 |   5.666e+02 |   5.665e+02 |   5.664e+02 |   5.663e+02 |   5.662e+02 |   5.661e+02 |
| hot_side---temperature (C)          |   1.804e+02 |   1.804e+02 |   1.804e+02 |   1.803e+02 |   1.803e+02 |   1.803e+02 |   1.803e+02 |   1.803e+02 |   1.803e+02 |   1.802e+02 |   1.802e+02 |   1.802e+02 |   1.802e+02 |   1.802e+02 |   1.801e+02 |   1.801e+02 |   1.801e+02 |   1.801e+02 |   1.800e+02 |   1.800e+02 |   1.800e+02 |   1.800e+02 |   1.799e+02 |   1.799e+02 |   1.798e+02 |   1.798e+02 |   1.798e+02 |   1.797e+02 |   1.797e+02 |   1.796e+02 |   1.795e+02 |   1.795e+02 |   1.794e+02 |   1.793e+02 |   1.792e+02 |   1.792e+02 |   1.791e+02 |   1.790e+02 |   1.789e+02 |   1.788e+02 |
| hot_side---vapor mass fraction (-)  | nan         | nan         | nan         | nan         | nan         | nan         | nan         | nan         | nan         | nan         | nan         | nan         | nan         | nan         | nan         | nan         | nan         | nan         | nan         | nan         | nan         | nan         | nan         | nan         | nan         | nan         | nan         | nan         | nan         | nan         | nan         | nan         | nan         | nan         | nan         | nan         | nan         | nan         | nan         | nan         |
| hot_side---differ number ()         |   2.060e+00 |   2.060e+00 |   2.060e+00 |   2.060e+00 |   2.060e+00 |   2.060e+00 |   2.060e+00 |   2.060e+00 |   2.060e+00 |   2.060e+00 |   2.060e+00 |   2.060e+00 |   2.060e+00 |   2.060e+00 |   2.060e+00 |   2.060e+00 |   2.060e+00 |   2.060e+00 |   2.060e+00 |   2.060e+00 |   2.060e+00 |   2.060e+00 |   2.060e+00 |   2.060e+00 |   2.060e+00 |   2.060e+00 |   2.060e+00 |   2.060e+00 |   2.060e+00 |   2.060e+00 |   2.060e+00 |   2.060e+00 |   2.060e+00 |   2.060e+00 |   2.060e+00 |   2.060e+00 |   2.060e+00 |   2.060e+00 |   2.060e+00 |   2.060e+00 |
| cold_side---pressure (bar)          |   9.000e+00 |   9.005e+00 |   9.011e+00 |   9.016e+00 |   9.021e+00 |   9.026e+00 |   9.032e+00 |   9.037e+00 |   9.042e+00 |   9.047e+00 |   9.053e+00 |   9.058e+00 |   9.063e+00 |   9.068e+00 |   9.074e+00 |   9.079e+00 |   9.084e+00 |   9.089e+00 |   9.095e+00 |   9.100e+00 |   9.100e+00 |   9.105e+00 |   9.111e+00 |   9.116e+00 |   9.121e+00 |   9.126e+00 |   9.132e+00 |   9.137e+00 |   9.142e+00 |   9.147e+00 |   9.153e+00 |   9.158e+00 |   9.163e+00 |   9.168e+00 |   9.174e+00 |   9.179e+00 |   9.184e+00 |   9.189e+00 |   9.195e+00 |   9.200e+00 |
| cold_side---enthalpy (kJ / kg)      |   7.337e+02 |   7.318e+02 |   7.298e+02 |   7.278e+02 |   7.256e+02 |   7.233e+02 |   7.208e+02 |   7.182e+02 |   7.154e+02 |   7.125e+02 |   7.094e+02 |   7.062e+02 |   7.027e+02 |   6.990e+02 |   6.951e+02 |   6.910e+02 |   6.867e+02 |   6.821e+02 |   6.772e+02 |   6.720e+02 |   6.720e+02 |   6.662e+02 |   6.600e+02 |   6.534e+02 |   6.465e+02 |   6.390e+02 |   6.311e+02 |   6.228e+02 |   6.138e+02 |   6.043e+02 |   5.942e+02 |   5.835e+02 |   5.721e+02 |   5.599e+02 |   5.470e+02 |   5.333e+02 |   5.187e+02 |   5.031e+02 |   4.865e+02 |   4.689e+02 |
| cold_side---temperature (C)         |   1.733e+02 |   1.729e+02 |   1.724e+02 |   1.720e+02 |   1.715e+02 |   1.709e+02 |   1.704e+02 |   1.698e+02 |   1.691e+02 |   1.685e+02 |   1.678e+02 |   1.670e+02 |   1.662e+02 |   1.654e+02 |   1.645e+02 |   1.635e+02 |   1.625e+02 |   1.615e+02 |   1.604e+02 |   1.592e+02 |   1.592e+02 |   1.578e+02 |   1.564e+02 |   1.549e+02 |   1.533e+02 |   1.515e+02 |   1.497e+02 |   1.477e+02 |   1.457e+02 |   1.435e+02 |   1.411e+02 |   1.386e+02 |   1.359e+02 |   1.331e+02 |   1.300e+02 |   1.268e+02 |   1.234e+02 |   1.197e+02 |   1.158e+02 |   1.116e+02 |
| cold_side---vapor mass fraction (-) | nan         | nan         | nan         | nan         | nan         | nan         | nan         | nan         | nan         | nan         | nan         | nan         | nan         | nan         | nan         | nan         | nan         | nan         | nan         | nan         | nan         | nan         | nan         | nan         | nan         | nan         | nan         | nan         | nan         | nan         | nan         | nan         | nan         | nan         | nan         | nan         | nan         | nan         | nan         | nan         |
| cold_side---differ number ()        |   4.279e+00 |   4.280e+00 |   4.281e+00 |   4.281e+00 |   4.282e+00 |   4.283e+00 |   4.284e+00 |   4.286e+00 |   4.287e+00 |   4.288e+00 |   4.289e+00 |   4.291e+00 |   4.292e+00 |   4.293e+00 |   4.295e+00 |   4.297e+00 |   4.298e+00 |   4.300e+00 |   4.302e+00 |   4.304e+00 |   4.304e+00 |   4.306e+00 |   4.308e+00 |   4.311e+00 |   4.313e+00 |   4.316e+00 |   4.318e+00 |   4.321e+00 |   4.324e+00 |   4.327e+00 |   4.330e+00 |   4.333e+00 |   4.336e+00 |   4.339e+00 |   4.343e+00 |   4.346e+00 |   4.350e+00 |   4.353e+00 |   4.357e+00 |   4.360e+00 |
+-------------------------------------+-------------+-------------+-------------+-------------+-------------+-------------+-------------+-------------+-------------+-------------+-------------+-------------+-------------+-------------+-------------+-------------+-------------+-------------+-------------+-------------+-------------+-------------+-------------+-------------+-------------+-------------+-------------+-------------+-------------+-------------+-------------+-------------+-------------+-------------+-------------+-------------+-------------+-------------+-------------+-------------+
