,Ki,Ki_unit
evaporate_tank1,10.000000000000002,-
evaporate_tank2,9.999999999999998,-
