2026-04-25 14:56:17,878 - INFO - logger - Path for logging: pure_steam_plant_model1_loggings\Aurora.log
2026-04-25 14:56:17,879 - INFO - logger - Used AURORA version: 0.1.1 - GCC's Nature
2026-04-25 14:56:17,882 - DEBUG - network - Default unit specifications:
mass flow: kg / s
pressure: Pa
enthalpy: J / kg
temperature: K
temperature difference above boiling point: K
temperature difference under boiling point: K
volumetric flow: m^3 / s
specific volume: m^3 / kg
vapor mass fraction: -
entropy: J / kgK
voltage: V
electricity: A
electric phase: rad
frequency: Hz
optical intensity: W/m^2
luminous intensity: cd
luminous flux: lm
spatial size: m
time size: s
2026-04-25 14:56:17,882 - DEBUG - network - Default mass flow limits
min: 1e-05 kg / s
max: 1000000000000.0 kg / s
2026-04-25 14:56:17,882 - DEBUG - network - Default pressure limits
min: 100000.0 Pa
max: 30000000.0 Pa
2026-04-25 14:56:17,882 - DEBUG - network - Default enthalpy limits
min: 1000.0 J / kg
max: 7000000.0 J / kg
2026-04-25 14:56:17,882 - DEBUG - network - Default voltage limits
min: -1000000000000.0 V
max: 1000000000000.0 V
2026-04-25 14:56:17,882 - DEBUG - network - Default electricity limits
min: -1000000000000.0 A
max: 1000000000000.0 A
2026-04-25 14:56:17,882 - DEBUG - network - Default frequency limits
min: 1e-05 Hz
max: 1000000000000.0 Hz
2026-04-25 14:56:17,882 - DEBUG - network - Setting fluid property pressure unit: bar.
2026-04-25 14:56:17,882 - DEBUG - network - Setting fluid property temperature unit: C.
2026-04-25 14:56:17,882 - DEBUG - network - Setting fluid property enthalpy unit: kJ / kg.
2026-04-25 14:56:17,882 - DEBUG - network - Setting fluid property mass flow unit: kg / s.
2026-04-25 14:56:17,901 - DEBUG - connection - Created connection from boiler (out1) to turbine2 (in1).
2026-04-25 14:56:17,901 - DEBUG - connection - Created connection from boiler (out2) to boiler_splitter (in1).
2026-04-25 14:56:17,901 - DEBUG - connection - Created connection from boiler_splitter (out1) to valve_3_4 (in1).
2026-04-25 14:56:17,902 - DEBUG - connection - Created connection from valve_3_4 (out1) to merge_4_5_65 (in1).
2026-04-25 14:56:17,902 - DEBUG - connection - Created connection from valve_5_6 (out1) to merge_4_5_65 (in2).
2026-04-25 14:56:17,902 - DEBUG - connection - Created connection from turbine1_splitter (out1) to valve_5_6 (in1).
2026-04-25 14:56:17,903 - DEBUG - connection - Created connection from boiler_splitter (out2) to turbine1 (in1).
2026-04-25 14:56:17,903 - DEBUG - connection - Created connection from turbine1 (out1) to turbine1_splitter (in1).
2026-04-25 14:56:17,903 - DEBUG - connection - Created connection from turbine1_splitter (out2) to split_8_61_64 (in1).
2026-04-25 14:56:17,903 - DEBUG - connection - Created connection from turbine2 (out1) to turbine2_splitter (in1).
2026-04-25 14:56:17,904 - DEBUG - connection - Created connection from turbine2_splitter (out1) to turbine3 (in1).
2026-04-25 14:56:17,904 - DEBUG - connection - Created connection from turbine2_splitter (out2) to heatexchanger_d (in1).
2026-04-25 14:56:17,905 - DEBUG - connection - Created connection from turbine3 (out1) to turbine3_splitter (in1).
2026-04-25 14:56:17,905 - DEBUG - connection - Created connection from turbine3_splitter (out1) to turbine4 (in1).
2026-04-25 14:56:17,905 - DEBUG - connection - Created connection from turbine3_splitter (out2) to split_12_48_49 (in1).
2026-04-25 14:56:17,906 - DEBUG - connection - Created connection from turbine4 (out1) to turbine4_splitter (in1).
2026-04-25 14:56:17,906 - DEBUG - connection - Created connection from turbine4_splitter (out1) to turbine5 (in1).
2026-04-25 14:56:17,906 - DEBUG - connection - Created connection from turbine4_splitter (out2) to heatexchanger_e (in1).
2026-04-25 14:56:17,906 - DEBUG - connection - Created connection from turbine5 (out1) to turbine5_splitter (in1).
2026-04-25 14:56:17,906 - DEBUG - connection - Created connection from turbine5_splitter (out1) to turbine6 (in1).
2026-04-25 14:56:17,906 - DEBUG - connection - Created connection from turbine5_splitter (out2) to split_16_38_39 (in1).
2026-04-25 14:56:17,907 - DEBUG - connection - Created connection from turbine6 (out1) to turbine6_splitter (in1).
2026-04-25 14:56:17,907 - DEBUG - connection - Created connection from turbine6_splitter (out1) to turbine7 (in1).
2026-04-25 14:56:17,907 - DEBUG - connection - Created connection from turbine6_splitter (out2) to heater_i_merge (in1).
2026-04-25 14:56:17,908 - DEBUG - connection - Created connection from turbine7 (out1) to condense_merge (in1).
2026-04-25 14:56:17,908 - DEBUG - connection - Created connection from condense_merge (out1) to condenser (in1).
2026-04-25 14:56:17,908 - DEBUG - connection - Created connection from condenser (out2) to cooling_water_sink (in1).
2026-04-25 14:56:17,909 - DEBUG - connection - Created connection from cooling_water_source (out1) to condenser (in2).
2026-04-25 14:56:17,909 - DEBUG - connection - Created connection from condenser (out1) to condense_pump (in1).
2026-04-25 14:56:17,909 - DEBUG - connection - Created connection from condense_pump (out1) to heatexchanger_k (in2).
2026-04-25 14:56:17,909 - DEBUG - connection - Created connection from merge_25_26_24 (out1) to condense_merge (in2).
2026-04-25 14:56:17,910 - DEBUG - connection - Created connection from valve_25_30 (out1) to merge_25_26_24 (in1).
2026-04-25 14:56:17,910 - DEBUG - connection - Created connection from valve_26_27 (out1) to merge_25_26_24 (in2).
2026-04-25 14:56:17,910 - DEBUG - connection - Created connection from heatexchanger_k (out1) to valve_26_27 (in1).
2026-04-25 14:56:17,911 - DEBUG - connection - Created connection from merge_39_40_28 (out1) to heatexchanger_k (in1).
2026-04-25 14:56:17,911 - DEBUG - connection - Created connection from heatexchanger_k (out2) to heatexchanger_j (in2).
2026-04-25 14:56:17,911 - DEBUG - connection - Created connection from heatexchanger_j (out1) to valve_25_30 (in1).
2026-04-25 14:56:17,912 - DEBUG - connection - Created connection from heatexchanger_i (out1) to heatexchanger_j (in1).
2026-04-25 14:56:17,912 - DEBUG - connection - Created connection from heatexchanger_j (out2) to heatexchanger_i (in2).
2026-04-25 14:56:17,912 - DEBUG - connection - Created connection from heatexchanger_i (out2) to heatexchanger_h (in2).
2026-04-25 14:56:17,913 - DEBUG - connection - Created connection from valve_34_35 (out1) to heater_i_merge (in2).
2026-04-25 14:56:17,913 - DEBUG - connection - Created connection from heater_i_merge (out1) to heatexchanger_i (in1).
2026-04-25 14:56:17,913 - DEBUG - connection - Created connection from heatexchanger_h (out1) to valve_34_35 (in1).
2026-04-25 14:56:17,913 - DEBUG - connection - Created connection from heatexchanger_g (out1) to heatexchanger_h (in1).
2026-04-25 14:56:17,914 - DEBUG - connection - Created connection from heatexchanger_h (out2) to heatexchanger_g (in2).
2026-04-25 14:56:17,914 - DEBUG - connection - Created connection from split_16_38_39 (out1) to heater_g_merge (in1).
2026-04-25 14:56:17,914 - DEBUG - connection - Created connection from heater_g_merge (out1) to heatexchanger_g (in1).
2026-04-25 14:56:17,915 - DEBUG - connection - Created connection from split_16_38_39 (out2) to merge_39_40_28 (in2).
2026-04-25 14:56:17,915 - DEBUG - connection - Created connection from merge_47_65_40 (out1) to merge_39_40_28 (in1).
2026-04-25 14:56:17,915 - DEBUG - connection - Created connection from heatexchanger_g (out2) to heatexchanger_f (in2).
2026-04-25 14:56:17,915 - DEBUG - connection - Created connection from valve_42_43 (out1) to heater_g_merge (in2).
2026-04-25 14:56:17,916 - DEBUG - connection - Created connection from heatexchanger_f (out1) to valve_42_43 (in1).
2026-04-25 14:56:17,916 - DEBUG - connection - Created connection from heatexchanger_e (out1) to heatexchanger_f (in1).
2026-04-25 14:56:17,916 - DEBUG - connection - Created connection from heatexchanger_f (out2) to heatexchanger_e (in2).
2026-04-25 14:56:17,917 - DEBUG - connection - Created connection from heatexchanger_e (out2) to deaerator_merge (in2).
2026-04-25 14:56:17,918 - DEBUG - connection - Created connection from valve_47_48 (out1) to merge_47_65_40 (in2).
2026-04-25 14:56:17,918 - DEBUG - connection - Created connection from split_12_48_49 (out2) to valve_47_48 (in1).
2026-04-25 14:56:17,918 - DEBUG - connection - Created connection from split_12_48_49 (out1) to valve_49_50 (in1).
2026-04-25 14:56:17,918 - DEBUG - connection - Created connection from valve_49_50 (out1) to deaerator (in2).
2026-04-25 14:56:17,919 - DEBUG - connection - Created connection from valve_51_53 (out1) to deaerator_merge (in1).
2026-04-25 14:56:17,919 - DEBUG - connection - Created connection from deaerator_merge (out1) to deaerator (in1).
2026-04-25 14:56:17,919 - DEBUG - connection - Created connection from deaerator (out1) to recycle_pump (in1).
2026-04-25 14:56:17,919 - DEBUG - connection - Created connection from deaerator (out2) to deaerator_sink (in1).
2026-04-25 14:56:17,920 - DEBUG - connection - Created connection from heatexchanger_a (out1) to valve_51_53 (in1).
2026-04-25 14:56:17,920 - DEBUG - connection - Created connection from recycle_pump (out1) to heatexchanger_a (in2).
2026-04-25 14:56:17,920 - DEBUG - connection - Created connection from heatexchanger_b (out1) to heatexchanger_a (in1).
2026-04-25 14:56:17,921 - DEBUG - connection - Created connection from heatexchanger_a (out2) to heatexchanger_b (in2).
2026-04-25 14:56:17,921 - DEBUG - connection - Created connection from heater_b_merge (out1) to heatexchanger_b (in1).
2026-04-25 14:56:17,921 - DEBUG - connection - Created connection from heatexchanger_d (out1) to heater_b_merge (in1).
2026-04-25 14:56:17,921 - DEBUG - connection - Created connection from valve_58_60 (out1) to heater_b_merge (in2).
2026-04-25 14:56:17,922 - DEBUG - connection - Created connection from heatexchanger_b (out2) to heatexchanger_c (in2).
2026-04-25 14:56:17,922 - DEBUG - connection - Created connection from heatexchanger_c (out1) to valve_58_60 (in1).
2026-04-25 14:56:17,922 - DEBUG - connection - Created connection from split_8_61_64 (out2) to heatexchanger_c (in1).
2026-04-25 14:56:17,923 - DEBUG - connection - Created connection from heatexchanger_c (out2) to heatexchanger_d (in2).
2026-04-25 14:56:17,923 - DEBUG - connection - Created connection from heatexchanger_d (out2) to boiler (in2).
2026-04-25 14:56:17,923 - DEBUG - connection - Created connection from split_8_61_64 (out1) to boiler (in1).
2026-04-25 14:56:17,924 - DEBUG - connection - Created connection from merge_4_5_65 (out1) to cycle_closer (in1).
2026-04-25 14:56:17,924 - DEBUG - connection - Created connection from cycle_closer (out1) to merge_47_65_40 (in1).
2026-04-25 14:56:17,924 - DEBUG - network - Added connection c1 to network.
2026-04-25 14:56:17,925 - DEBUG - network - Added connection c2 to network.
2026-04-25 14:56:17,925 - DEBUG - network - Added connection c3 to network.
2026-04-25 14:56:17,926 - DEBUG - network - Added connection c4 to network.
2026-04-25 14:56:17,926 - DEBUG - network - Added connection c5 to network.
2026-04-25 14:56:17,926 - DEBUG - network - Added connection c6 to network.
2026-04-25 14:56:17,927 - DEBUG - network - Added connection c7 to network.
2026-04-25 14:56:17,927 - DEBUG - network - Added connection c8 to network.
2026-04-25 14:56:17,927 - DEBUG - network - Added connection c9 to network.
2026-04-25 14:56:17,928 - DEBUG - network - Added connection c10 to network.
2026-04-25 14:56:17,928 - DEBUG - network - Added connection c11 to network.
2026-04-25 14:56:17,928 - DEBUG - network - Added connection c12 to network.
2026-04-25 14:56:17,929 - DEBUG - network - Added connection c13 to network.
2026-04-25 14:56:17,929 - DEBUG - network - Added connection c14 to network.
2026-04-25 14:56:17,929 - DEBUG - network - Added connection c15 to network.
2026-04-25 14:56:17,930 - DEBUG - network - Added connection c16 to network.
2026-04-25 14:56:17,930 - DEBUG - network - Added connection c17 to network.
2026-04-25 14:56:17,930 - DEBUG - network - Added connection c18 to network.
2026-04-25 14:56:17,931 - DEBUG - network - Added connection c19 to network.
2026-04-25 14:56:17,931 - DEBUG - network - Added connection c20 to network.
2026-04-25 14:56:17,931 - DEBUG - network - Added connection c21 to network.
2026-04-25 14:56:17,932 - DEBUG - network - Added connection c22 to network.
2026-04-25 14:56:17,932 - DEBUG - network - Added connection c23 to network.
2026-04-25 14:56:17,933 - DEBUG - network - Added connection c24 to network.
2026-04-25 14:56:17,933 - DEBUG - network - Added connection c25 to network.
2026-04-25 14:56:17,934 - DEBUG - network - Added connection c26 to network.
2026-04-25 14:56:17,934 - DEBUG - network - Added connection c27 to network.
2026-04-25 14:56:17,934 - DEBUG - network - Added connection c28 to network.
2026-04-25 14:56:17,935 - DEBUG - network - Added connection c29 to network.
2026-04-25 14:56:17,935 - DEBUG - network - Added connection c30 to network.
2026-04-25 14:56:17,935 - DEBUG - network - Added connection c31 to network.
2026-04-25 14:56:17,936 - DEBUG - network - Added connection c32 to network.
2026-04-25 14:56:17,936 - DEBUG - network - Added connection c33 to network.
2026-04-25 14:56:17,937 - DEBUG - network - Added connection c34 to network.
2026-04-25 14:56:17,937 - DEBUG - network - Added connection c35 to network.
2026-04-25 14:56:17,937 - DEBUG - network - Added connection c36 to network.
2026-04-25 14:56:17,938 - DEBUG - network - Added connection c37 to network.
2026-04-25 14:56:17,938 - DEBUG - network - Added connection c38 to network.
2026-04-25 14:56:17,939 - DEBUG - network - Added connection c39 to network.
2026-04-25 14:56:17,939 - DEBUG - network - Added connection c40 to network.
2026-04-25 14:56:17,939 - DEBUG - network - Added connection c41 to network.
2026-04-25 14:56:17,940 - DEBUG - network - Added connection c42 to network.
2026-04-25 14:56:17,940 - DEBUG - network - Added connection c43 to network.
2026-04-25 14:56:17,940 - DEBUG - network - Added connection c44 to network.
2026-04-25 14:56:17,941 - DEBUG - network - Added connection c45 to network.
2026-04-25 14:56:17,941 - DEBUG - network - Added connection c46 to network.
2026-04-25 14:56:17,941 - DEBUG - network - Added connection c47 to network.
2026-04-25 14:56:17,942 - DEBUG - network - Added connection c48 to network.
2026-04-25 14:56:17,942 - DEBUG - network - Added connection c49 to network.
2026-04-25 14:56:17,942 - DEBUG - network - Added connection c50 to network.
2026-04-25 14:56:17,943 - DEBUG - network - Added connection c51 to network.
2026-04-25 14:56:17,943 - DEBUG - network - Added connection c52 to network.
2026-04-25 14:56:17,943 - DEBUG - network - Added connection c53 to network.
2026-04-25 14:56:17,944 - DEBUG - network - Added connection c54 to network.
2026-04-25 14:56:17,944 - DEBUG - network - Added connection c55 to network.
2026-04-25 14:56:17,944 - DEBUG - network - Added connection c56 to network.
2026-04-25 14:56:17,945 - DEBUG - network - Added connection c57 to network.
2026-04-25 14:56:17,945 - DEBUG - network - Added connection c58 to network.
2026-04-25 14:56:17,945 - DEBUG - network - Added connection c59 to network.
2026-04-25 14:56:17,946 - DEBUG - network - Added connection c60 to network.
2026-04-25 14:56:17,946 - DEBUG - network - Added connection c61 to network.
2026-04-25 14:56:17,947 - DEBUG - network - Added connection c62 to network.
2026-04-25 14:56:17,947 - DEBUG - network - Added connection c63 to network.
2026-04-25 14:56:17,948 - DEBUG - network - Added connection c64 to network.
2026-04-25 14:56:17,948 - DEBUG - network - Added connection c65 to network.
2026-04-25 14:56:17,949 - DEBUG - network - Added connection deaerator_drain to network.
2026-04-25 14:56:17,949 - DEBUG - network - Added connection d65 to network.
2026-04-25 14:56:17,949 - DEBUG - network - Added connection turbine1_out to network.
2026-04-25 14:56:17,950 - DEBUG - network - Added connection turbine2_out to network.
2026-04-25 14:56:17,950 - DEBUG - network - Added connection turbine3_out to network.
2026-04-25 14:56:17,950 - DEBUG - network - Added connection turbine4_out to network.
2026-04-25 14:56:17,951 - DEBUG - network - Added connection turbine5_out to network.
2026-04-25 14:56:17,951 - DEBUG - network - Added connection turbine6_out to network.
2026-04-25 14:56:17,952 - DEBUG - network - Added connection condenser_hot_in to network.
2026-04-25 14:56:17,952 - DEBUG - network - Added connection heater_i_hot_in to network.
2026-04-25 14:56:17,952 - DEBUG - network - Added connection heater_g_hot_in to network.
2026-04-25 14:56:17,952 - DEBUG - network - Added connection heater_b_hot_in to network.
2026-04-25 14:56:17,953 - DEBUG - network - Added connection deaerator_cold_in to network.
2026-04-25 14:56:18,160 - DEBUG - network - Removing 6 mass flow variables from ['c52', 'c54', 'c56', 'c59', 'c62', 'c63', 'c2'] from system variables.
2026-04-25 14:56:18,160 - DEBUG - network - Removing 1 mass flow variables from ['c3', 'c4'] from system variables.
2026-04-25 14:56:18,160 - DEBUG - network - Removing 1 mass flow variables from ['c6', 'c5'] from system variables.
2026-04-25 14:56:18,160 - DEBUG - network - Removing 1 mass flow variables from ['c48', 'c47'] from system variables.
2026-04-25 14:56:18,160 - DEBUG - network - Removing 0 mass flow variables from ['deaerator_drain'] from system variables.
2026-04-25 14:56:18,161 - INFO - network - ########----Simplify Fluid System Successful----########
2026-04-25 14:56:18,171 - DEBUG - network - Updated fluid property SI values and fluid mass fraction for user specified connection parameters.
2026-04-25 14:56:18,185 - INFO - network - ########----Network check successful----########
2026-04-25 14:56:18,185 - DEBUG - network - Solver properties:
 - mode: design
 - init_path: pure_steam_plant_model1_design_
 - design_path: pure_steam_plant_model1_design_
 - min_iter: 4
 - max_iter: 150
2026-04-25 14:56:18,185 - DEBUG - network - Network information:
 - Number of components: 56
 - Number of fluid components: 56
 - Number of electric components: 0
 - Number of connections: 78
 - Number of fluid connections: 78
 - Number of electric connections: 0
 - Number of busses: 0
2026-04-25 14:56:18,213 - WARNING - warnings - FutureWarning: Downcasting object dtype arrays on .fillna, .ffill, .bfill is deprecated and will change in a future version. Call result.infer_objects(copy=False) instead. To opt-in to the future behavior, set `pd.set_option('future.no_silent_downcasting', True)`
2026-04-25 14:56:18,215 - WARNING - warnings - FutureWarning: Downcasting object dtype arrays on .fillna, .ffill, .bfill is deprecated and will change in a future version. Call result.infer_objects(copy=False) instead. To opt-in to the future behavior, set `pd.set_option('future.no_silent_downcasting', True)`
2026-04-25 14:56:18,216 - WARNING - warnings - FutureWarning: Downcasting object dtype arrays on .fillna, .ffill, .bfill is deprecated and will change in a future version. Call result.infer_objects(copy=False) instead. To opt-in to the future behavior, set `pd.set_option('future.no_silent_downcasting', True)`
2026-04-25 14:56:18,217 - WARNING - warnings - FutureWarning: Downcasting object dtype arrays on .fillna, .ffill, .bfill is deprecated and will change in a future version. Call result.infer_objects(copy=False) instead. To opt-in to the future behavior, set `pd.set_option('future.no_silent_downcasting', True)`
2026-04-25 14:56:18,222 - DEBUG - network - Generic fluid property specification complete in the final of initialization.
2026-04-25 14:56:18,222 - INFO - network - ########-----Initializing variables bounds-----########
2026-04-25 14:56:18,227 - DEBUG - connection - The connection: c1 has 0 equations.
2026-04-25 14:56:18,227 - DEBUG - connection - The connection: c10 has 0 equations.
2026-04-25 14:56:18,227 - DEBUG - connection - The connection: c11 has 0 equations.
2026-04-25 14:56:18,227 - DEBUG - connection - The connection: c12 has 0 equations.
2026-04-25 14:56:18,227 - DEBUG - connection - The connection: c13 has 0 equations.
2026-04-25 14:56:18,227 - DEBUG - connection - The connection: c14 has 0 equations.
2026-04-25 14:56:18,227 - DEBUG - connection - The connection: c15 has 0 equations.
2026-04-25 14:56:18,227 - DEBUG - connection - The connection: c16 has 0 equations.
2026-04-25 14:56:18,227 - DEBUG - connection - The connection: c17 has 0 equations.
2026-04-25 14:56:18,227 - DEBUG - connection - The connection: c18 has 0 equations.
2026-04-25 14:56:18,227 - DEBUG - connection - The connection: c19 has 0 equations.
2026-04-25 14:56:18,227 - DEBUG - connection - The connection: c2 has 0 equations.
2026-04-25 14:56:18,227 - DEBUG - connection - The connection: c20 has 0 equations.
2026-04-25 14:56:18,227 - DEBUG - connection - The connection: c21 has 0 equations.
2026-04-25 14:56:18,228 - DEBUG - connection - The connection: c22 has 0 equations.
2026-04-25 14:56:18,228 - DEBUG - connection - The connection: c23 has 0 equations.
2026-04-25 14:56:18,228 - DEBUG - connection - The connection: c24 has 0 equations.
2026-04-25 14:56:18,228 - DEBUG - connection - The connection: c25 has 0 equations.
2026-04-25 14:56:18,228 - DEBUG - connection - The connection: c26 has 0 equations.
2026-04-25 14:56:18,228 - DEBUG - connection - The connection: c27 has 0 equations.
2026-04-25 14:56:18,228 - DEBUG - connection - The connection: c28 has 0 equations.
2026-04-25 14:56:18,228 - DEBUG - connection - The connection: c29 has 0 equations.
2026-04-25 14:56:18,228 - DEBUG - connection - The connection: c3 has 0 equations.
2026-04-25 14:56:18,228 - DEBUG - connection - The connection: c30 has 0 equations.
2026-04-25 14:56:18,228 - DEBUG - connection - The connection: c31 has 0 equations.
2026-04-25 14:56:18,228 - DEBUG - connection - The connection: c32 has 0 equations.
2026-04-25 14:56:18,228 - DEBUG - connection - The connection: c33 has 0 equations.
2026-04-25 14:56:18,228 - DEBUG - connection - The connection: c34 has 0 equations.
2026-04-25 14:56:18,228 - DEBUG - connection - The connection: c35 has 0 equations.
2026-04-25 14:56:18,228 - DEBUG - connection - The connection: c36 has 0 equations.
2026-04-25 14:56:18,228 - DEBUG - connection - The connection: c37 has 0 equations.
2026-04-25 14:56:18,228 - DEBUG - connection - The connection: c38 has 0 equations.
2026-04-25 14:56:18,228 - DEBUG - connection - The connection: c39 has 0 equations.
2026-04-25 14:56:18,228 - DEBUG - connection - The connection: c4 has 0 equations.
2026-04-25 14:56:18,228 - DEBUG - connection - The connection: c40 has 0 equations.
2026-04-25 14:56:18,228 - DEBUG - connection - The connection: c41 has 0 equations.
2026-04-25 14:56:18,228 - DEBUG - connection - The connection: c42 has 0 equations.
2026-04-25 14:56:18,228 - DEBUG - connection - The connection: c43 has 0 equations.
2026-04-25 14:56:18,228 - DEBUG - connection - The connection: c44 has 0 equations.
2026-04-25 14:56:18,228 - DEBUG - connection - The connection: c45 has 0 equations.
2026-04-25 14:56:18,228 - DEBUG - connection - The connection: c46 has 0 equations.
2026-04-25 14:56:18,228 - DEBUG - connection - The connection: c47 has 0 equations.
2026-04-25 14:56:18,228 - DEBUG - connection - The connection: c48 has 0 equations.
2026-04-25 14:56:18,228 - DEBUG - connection - The connection: c49 has 0 equations.
2026-04-25 14:56:18,228 - DEBUG - connection - The connection: c5 has 0 equations.
2026-04-25 14:56:18,228 - DEBUG - connection - The connection: c50 has 0 equations.
2026-04-25 14:56:18,228 - DEBUG - connection - The connection: c51 has 0 equations.
2026-04-25 14:56:18,228 - DEBUG - connection - The connection: c52 has 0 equations.
2026-04-25 14:56:18,228 - DEBUG - connection - The connection: c53 has 0 equations.
2026-04-25 14:56:18,228 - DEBUG - connection - The connection: c54 has 0 equations.
2026-04-25 14:56:18,228 - DEBUG - connection - The connection: c55 has 0 equations.
2026-04-25 14:56:18,228 - DEBUG - connection - The connection: c56 has 0 equations.
2026-04-25 14:56:18,228 - DEBUG - connection - The connection: c57 has 0 equations.
2026-04-25 14:56:18,228 - DEBUG - connection - The connection: c58 has 0 equations.
2026-04-25 14:56:18,229 - DEBUG - connection - The connection: c59 has 0 equations.
2026-04-25 14:56:18,229 - DEBUG - connection - The connection: c6 has 0 equations.
2026-04-25 14:56:18,229 - DEBUG - connection - The connection: c60 has 0 equations.
2026-04-25 14:56:18,229 - DEBUG - connection - The connection: c61 has 0 equations.
2026-04-25 14:56:18,229 - DEBUG - connection - The connection: c62 has 0 equations.
2026-04-25 14:56:18,229 - DEBUG - connection - The connection: c63 has 0 equations.
2026-04-25 14:56:18,229 - DEBUG - connection - The connection: c64 has 0 equations.
2026-04-25 14:56:18,229 - DEBUG - connection - The connection: c65 has 0 equations.
2026-04-25 14:56:18,229 - DEBUG - connection - The connection: c7 has 0 equations.
2026-04-25 14:56:18,229 - DEBUG - connection - The connection: c8 has 0 equations.
2026-04-25 14:56:18,229 - DEBUG - connection - The connection: c9 has 0 equations.
2026-04-25 14:56:18,229 - DEBUG - connection - The connection: condenser_hot_in has 0 equations.
2026-04-25 14:56:18,229 - DEBUG - connection - The connection: d65 has 0 equations.
2026-04-25 14:56:18,229 - DEBUG - connection - The connection: deaerator_cold_in has 0 equations.
2026-04-25 14:56:18,229 - DEBUG - connection - The connection: deaerator_drain has 0 equations.
2026-04-25 14:56:18,229 - DEBUG - connection - The connection: heater_b_hot_in has 0 equations.
2026-04-25 14:56:18,229 - DEBUG - connection - The connection: heater_g_hot_in has 0 equations.
2026-04-25 14:56:18,229 - DEBUG - connection - The connection: heater_i_hot_in has 0 equations.
2026-04-25 14:56:18,229 - DEBUG - connection - The connection: turbine1_out has 0 equations.
2026-04-25 14:56:18,229 - DEBUG - connection - The connection: turbine2_out has 0 equations.
2026-04-25 14:56:18,229 - DEBUG - connection - The connection: turbine3_out has 0 equations.
2026-04-25 14:56:18,229 - DEBUG - connection - The connection: turbine4_out has 0 equations.
2026-04-25 14:56:18,229 - DEBUG - connection - The connection: turbine5_out has 0 equations.
2026-04-25 14:56:18,229 - DEBUG - connection - The connection: turbine6_out has 0 equations.
2026-04-25 14:56:18,230 - DEBUG - component - The component: boiler of type BoilerSimple has 2 equations.
2026-04-25 14:56:18,230 - DEBUG - component - The component: boiler_splitter of type Splitter has 1 equations.
2026-04-25 14:56:18,230 - DEBUG - component - The component: condense_merge of type Merge has 2 equations.
2026-04-25 14:56:18,230 - DEBUG - component - The component: condense_pump of type Pump has 1 equations.
2026-04-25 14:56:18,230 - DEBUG - component - The component: condenser of type Condenser has 3 equations.
2026-04-25 14:56:18,230 - DEBUG - component - The component: cooling_water_sink of type Sink has 0 equations.
2026-04-25 14:56:18,230 - DEBUG - component - The component: cooling_water_source of type Source has 0 equations.
2026-04-25 14:56:18,230 - DEBUG - component - The component: cycle_closer of type CycleCloser has 0 equations.
2026-04-25 14:56:18,230 - DEBUG - component - The component: deaerator of type Deaerator has 4 equations.
2026-04-25 14:56:18,230 - DEBUG - component - The component: deaerator_merge of type Merge has 2 equations.
2026-04-25 14:56:18,230 - DEBUG - component - The component: deaerator_sink of type Sink has 0 equations.
2026-04-25 14:56:18,230 - DEBUG - component - The component: heater_b_merge of type Merge has 2 equations.
2026-04-25 14:56:18,230 - DEBUG - component - The component: heater_g_merge of type Merge has 2 equations.
2026-04-25 14:56:18,230 - DEBUG - component - The component: heater_i_merge of type Merge has 2 equations.
2026-04-25 14:56:18,230 - DEBUG - component - The component: heatexchanger_a of type HeatExchanger has 2 equations.
2026-04-25 14:56:18,230 - DEBUG - component - The component: heatexchanger_b of type ExtractHeatExchanger has 3 equations.
2026-04-25 14:56:18,230 - DEBUG - component - The component: heatexchanger_c of type ExtractHeatExchanger has 3 equations.
2026-04-25 14:56:18,230 - DEBUG - component - The component: heatexchanger_d of type OverHeater has 2 equations.
2026-04-25 14:56:18,230 - DEBUG - component - The component: heatexchanger_e of type ExtractHeatExchanger has 3 equations.
2026-04-25 14:56:18,230 - DEBUG - component - The component: heatexchanger_f of type HeatExchanger has 2 equations.
2026-04-25 14:56:18,230 - DEBUG - component - The component: heatexchanger_g of type ExtractHeatExchanger has 3 equations.
2026-04-25 14:56:18,230 - DEBUG - component - The component: heatexchanger_h of type HeatExchanger has 2 equations.
2026-04-25 14:56:18,230 - DEBUG - component - The component: heatexchanger_i of type ExtractHeatExchanger has 3 equations.
2026-04-25 14:56:18,231 - DEBUG - component - The component: heatexchanger_j of type HeatExchanger has 2 equations.
2026-04-25 14:56:18,231 - DEBUG - component - The component: heatexchanger_k of type ExtractHeatExchanger has 3 equations.
2026-04-25 14:56:18,231 - DEBUG - component - The component: merge_25_26_24 of type Merge has 2 equations.
2026-04-25 14:56:18,231 - DEBUG - component - The component: merge_39_40_28 of type Merge has 2 equations.
2026-04-25 14:56:18,231 - DEBUG - component - The component: merge_47_65_40 of type Merge has 2 equations.
2026-04-25 14:56:18,231 - DEBUG - component - The component: merge_4_5_65 of type Merge has 2 equations.
2026-04-25 14:56:18,231 - DEBUG - component - The component: recycle_pump of type Pump has 1 equations.
2026-04-25 14:56:18,231 - DEBUG - component - The component: split_12_48_49 of type Splitter has 1 equations.
2026-04-25 14:56:18,231 - DEBUG - component - The component: split_16_38_39 of type Splitter has 1 equations.
2026-04-25 14:56:18,231 - DEBUG - component - The component: split_8_61_64 of type Splitter has 1 equations.
2026-04-25 14:56:18,231 - DEBUG - component - The component: turbine1 of type Turbine has 1 equations.
2026-04-25 14:56:18,231 - DEBUG - component - The component: turbine1_splitter of type Splitter has 1 equations.
2026-04-25 14:56:18,231 - DEBUG - component - The component: turbine2 of type Turbine has 1 equations.
2026-04-25 14:56:18,231 - DEBUG - component - The component: turbine2_splitter of type Splitter has 1 equations.
2026-04-25 14:56:18,231 - DEBUG - component - The component: turbine3 of type Turbine has 1 equations.
2026-04-25 14:56:18,231 - DEBUG - component - The component: turbine3_splitter of type Splitter has 1 equations.
2026-04-25 14:56:18,231 - DEBUG - component - The component: turbine4 of type Turbine has 1 equations.
2026-04-25 14:56:18,231 - DEBUG - component - The component: turbine4_splitter of type Splitter has 1 equations.
2026-04-25 14:56:18,231 - DEBUG - component - The component: turbine5 of type Turbine has 1 equations.
2026-04-25 14:56:18,231 - DEBUG - component - The component: turbine5_splitter of type Splitter has 1 equations.
2026-04-25 14:56:18,231 - DEBUG - component - The component: turbine6 of type Turbine has 1 equations.
2026-04-25 14:56:18,231 - DEBUG - component - The component: turbine6_splitter of type Splitter has 1 equations.
2026-04-25 14:56:18,231 - DEBUG - component - The component: turbine7 of type Turbine has 1 equations.
2026-04-25 14:56:18,231 - DEBUG - component - The component: valve_25_30 of type Valve has 0 equations.
2026-04-25 14:56:18,231 - DEBUG - component - The component: valve_26_27 of type Valve has 0 equations.
2026-04-25 14:56:18,231 - DEBUG - component - The component: valve_34_35 of type Valve has 0 equations.
2026-04-25 14:56:18,231 - DEBUG - component - The component: valve_3_4 of type Valve has 0 equations.
2026-04-25 14:56:18,231 - DEBUG - component - The component: valve_42_43 of type Valve has 0 equations.
2026-04-25 14:56:18,231 - DEBUG - component - The component: valve_47_48 of type Valve has 0 equations.
2026-04-25 14:56:18,231 - DEBUG - component - The component: valve_49_50 of type Valve has 0 equations.
2026-04-25 14:56:18,231 - DEBUG - component - The component: valve_51_53 of type Valve has 0 equations.
2026-04-25 14:56:18,231 - DEBUG - component - The component: valve_58_60 of type Valve has 0 equations.
2026-04-25 14:56:18,231 - DEBUG - component - The component: valve_5_6 of type Valve has 0 equations.
2026-04-25 14:56:18,257 - DEBUG - network - ------presolve_batch: 1------
2026-04-25 14:56:18,257 - DEBUG - network - Has pre_solved equation: <component parameter>: T_out1 of BoilerSimple: boiler
2026-04-25 14:56:18,257 - DEBUG - network - Has pre_solved equation: <component constraint>: mass_flow_constraints of Splitter: boiler_splitter
2026-04-25 14:56:18,257 - DEBUG - network - Has pre_solved equation: <component parameter>: subcooling of Condenser: condenser
2026-04-25 14:56:18,257 - DEBUG - network - Has pre_solved equation: <component constraint>: saturated_liquid_constraints of Deaerator: deaerator
2026-04-25 14:56:18,257 - DEBUG - network - Has pre_solved equation: <component parameter>: saturated_cooling of ExtractHeatExchanger: heatexchanger_b
2026-04-25 14:56:18,257 - DEBUG - network - Has pre_solved equation: <component parameter>: saturated_cooling of ExtractHeatExchanger: heatexchanger_c
2026-04-25 14:56:18,257 - DEBUG - network - Has pre_solved equation: <component parameter>: DTNS of OverHeater: heatexchanger_d
2026-04-25 14:56:18,257 - DEBUG - network - Has pre_solved equation: <component parameter>: saturated_cooling of ExtractHeatExchanger: heatexchanger_e
2026-04-25 14:56:18,257 - DEBUG - network - Has pre_solved equation: <component parameter>: saturated_cooling of ExtractHeatExchanger: heatexchanger_g
2026-04-25 14:56:18,257 - DEBUG - network - Has pre_solved equation: <component parameter>: saturated_cooling of ExtractHeatExchanger: heatexchanger_i
2026-04-25 14:56:18,257 - DEBUG - network - Has pre_solved equation: <component parameter>: saturated_cooling of ExtractHeatExchanger: heatexchanger_k
2026-04-25 14:56:18,257 - DEBUG - network - Has pre_solved equation: <component constraint>: mass_flow_constraints of Merge: merge_4_5_65
2026-04-25 14:56:18,258 - DEBUG - network - Has pre_solved equation: <component parameter>: eta_s of Pump: recycle_pump
2026-04-25 14:56:18,258 - DEBUG - network - Has pre_solved equation: <component constraint>: mass_flow_constraints of Splitter: turbine1_splitter
2026-04-25 14:56:18,258 - DEBUG - network - ------presolve_batch: 2------
2026-04-25 14:56:18,258 - DEBUG - network - Has pre_solved equation: <component parameter>: T_out2 of BoilerSimple: boiler
2026-04-25 14:56:18,258 - DEBUG - network - Has pre_solved equation: <component parameter>: eta_s of Pump: condense_pump
2026-04-25 14:56:18,258 - DEBUG - network - Has pre_solved equation: <component parameter>: DTU_sh of Condenser: condenser
2026-04-25 14:56:18,258 - DEBUG - network - Has pre_solved equation: <component constraint>: saturated_vapour_constraints of Deaerator: deaerator
2026-04-25 14:56:18,258 - DEBUG - network - Has pre_solved equation: <component parameter>: DTL of HeatExchanger: heatexchanger_a
2026-04-25 14:56:18,258 - DEBUG - network - Has pre_solved equation: <component parameter>: DTU_sh of ExtractHeatExchanger: heatexchanger_b
2026-04-25 14:56:18,258 - DEBUG - network - Has pre_solved equation: <component parameter>: DTU_sh of ExtractHeatExchanger: heatexchanger_c
2026-04-25 14:56:18,258 - DEBUG - network - Has pre_solved equation: <component parameter>: DTU_sh of ExtractHeatExchanger: heatexchanger_e
2026-04-25 14:56:18,258 - DEBUG - network - Has pre_solved equation: <component parameter>: DTU_sh of ExtractHeatExchanger: heatexchanger_g
2026-04-25 14:56:18,258 - DEBUG - network - Has pre_solved equation: <component parameter>: DTU_sh of ExtractHeatExchanger: heatexchanger_i
2026-04-25 14:56:18,258 - DEBUG - network - Has pre_solved equation: <component parameter>: DTU_sh of ExtractHeatExchanger: heatexchanger_k
2026-04-25 14:56:18,259 - DEBUG - network - Has pre_solved equation: <component parameter>: eta_s of Turbine: turbine1
2026-04-25 14:56:18,259 - DEBUG - network - ------presolve_batch: 3------
2026-04-25 14:56:18,259 - DEBUG - network - Has pre_solved equation: <component parameter>: DTL of HeatExchanger: heatexchanger_f
2026-04-25 14:56:18,259 - DEBUG - network - Has pre_solved equation: <component parameter>: DTL of HeatExchanger: heatexchanger_h
2026-04-25 14:56:18,259 - DEBUG - network - Has pre_solved equation: <component parameter>: DTL of HeatExchanger: heatexchanger_j
2026-04-25 14:56:18,260 - DEBUG - network - Has pre_solved equation: <component constraint>: energy_balance_constraints of Merge: merge_4_5_65
2026-04-25 14:56:18,260 - DEBUG - network - Has pre_solved equation: <component parameter>: eta_s of Turbine: turbine2
2026-04-25 14:56:18,260 - DEBUG - network - Has pre_solved equation: <component parameter>: eta_s of Turbine: turbine3
2026-04-25 14:56:18,260 - DEBUG - network - Has pre_solved equation: <component parameter>: eta_s of Turbine: turbine4
2026-04-25 14:56:18,260 - DEBUG - network - Has pre_solved equation: <component parameter>: eta_s of Turbine: turbine5
2026-04-25 14:56:18,260 - DEBUG - network - Has pre_solved equation: <component parameter>: eta_s of Turbine: turbine6
2026-04-25 14:56:18,260 - DEBUG - network - Has pre_solved equation: <component parameter>: eta_s of Turbine: turbine7
2026-04-25 14:56:18,260 - DEBUG - network - ------presolve_batch: 4------
2026-04-25 14:56:18,261 - DEBUG - network - Has removed 36 pre_solved equations totally.
2026-04-25 14:56:18,261 - DEBUG - component - The component: boiler of type BoilerSimple has 0 variables.
2026-04-25 14:56:18,261 - DEBUG - component - The component: boiler_splitter of type Splitter has 0 variables.
2026-04-25 14:56:18,261 - DEBUG - component - The component: condense_merge of type Merge has 0 variables.
2026-04-25 14:56:18,261 - DEBUG - component - The component: condense_pump of type Pump has 0 variables.
2026-04-25 14:56:18,261 - DEBUG - component - The component: condenser of type Condenser has 0 variables.
2026-04-25 14:56:18,261 - DEBUG - component - The component: cooling_water_sink of type Sink has 0 variables.
2026-04-25 14:56:18,261 - DEBUG - component - The component: cooling_water_source of type Source has 0 variables.
2026-04-25 14:56:18,261 - DEBUG - component - The component: cycle_closer of type CycleCloser has 0 variables.
2026-04-25 14:56:18,261 - DEBUG - component - The component: deaerator of type Deaerator has 0 variables.
2026-04-25 14:56:18,261 - DEBUG - component - The component: deaerator_merge of type Merge has 0 variables.
2026-04-25 14:56:18,261 - DEBUG - component - The component: deaerator_sink of type Sink has 0 variables.
2026-04-25 14:56:18,261 - DEBUG - component - The component: heater_b_merge of type Merge has 0 variables.
2026-04-25 14:56:18,261 - DEBUG - component - The component: heater_g_merge of type Merge has 0 variables.
2026-04-25 14:56:18,261 - DEBUG - component - The component: heater_i_merge of type Merge has 0 variables.
2026-04-25 14:56:18,261 - DEBUG - component - The component: heatexchanger_a of type HeatExchanger has 0 variables.
2026-04-25 14:56:18,261 - DEBUG - component - The component: heatexchanger_b of type ExtractHeatExchanger has 0 variables.
2026-04-25 14:56:18,261 - DEBUG - component - The component: heatexchanger_c of type ExtractHeatExchanger has 0 variables.
2026-04-25 14:56:18,261 - DEBUG - component - The component: heatexchanger_d of type OverHeater has 0 variables.
2026-04-25 14:56:18,261 - DEBUG - component - The component: heatexchanger_e of type ExtractHeatExchanger has 0 variables.
2026-04-25 14:56:18,261 - DEBUG - component - The component: heatexchanger_f of type HeatExchanger has 0 variables.
2026-04-25 14:56:18,261 - DEBUG - component - The component: heatexchanger_g of type ExtractHeatExchanger has 0 variables.
2026-04-25 14:56:18,261 - DEBUG - component - The component: heatexchanger_h of type HeatExchanger has 0 variables.
2026-04-25 14:56:18,261 - DEBUG - component - The component: heatexchanger_i of type ExtractHeatExchanger has 0 variables.
2026-04-25 14:56:18,261 - DEBUG - component - The component: heatexchanger_j of type HeatExchanger has 0 variables.
2026-04-25 14:56:18,261 - DEBUG - component - The component: heatexchanger_k of type ExtractHeatExchanger has 0 variables.
2026-04-25 14:56:18,261 - DEBUG - component - The component: merge_25_26_24 of type Merge has 0 variables.
2026-04-25 14:56:18,261 - DEBUG - component - The component: merge_39_40_28 of type Merge has 0 variables.
2026-04-25 14:56:18,261 - DEBUG - component - The component: merge_47_65_40 of type Merge has 0 variables.
2026-04-25 14:56:18,261 - DEBUG - component - The component: merge_4_5_65 of type Merge has 0 variables.
2026-04-25 14:56:18,261 - DEBUG - component - The component: recycle_pump of type Pump has 0 variables.
2026-04-25 14:56:18,261 - DEBUG - component - The component: split_12_48_49 of type Splitter has 0 variables.
2026-04-25 14:56:18,261 - DEBUG - component - The component: split_16_38_39 of type Splitter has 0 variables.
2026-04-25 14:56:18,261 - DEBUG - component - The component: split_8_61_64 of type Splitter has 0 variables.
2026-04-25 14:56:18,262 - DEBUG - component - The component: turbine1 of type Turbine has 0 variables.
2026-04-25 14:56:18,262 - DEBUG - component - The component: turbine1_splitter of type Splitter has 0 variables.
2026-04-25 14:56:18,262 - DEBUG - component - The component: turbine2 of type Turbine has 0 variables.
2026-04-25 14:56:18,262 - DEBUG - component - The component: turbine2_splitter of type Splitter has 0 variables.
2026-04-25 14:56:18,262 - DEBUG - component - The component: turbine3 of type Turbine has 0 variables.
2026-04-25 14:56:18,262 - DEBUG - component - The component: turbine3_splitter of type Splitter has 0 variables.
2026-04-25 14:56:18,262 - DEBUG - component - The component: turbine4 of type Turbine has 0 variables.
2026-04-25 14:56:18,262 - DEBUG - component - The component: turbine4_splitter of type Splitter has 0 variables.
2026-04-25 14:56:18,262 - DEBUG - component - The component: turbine5 of type Turbine has 0 variables.
2026-04-25 14:56:18,262 - DEBUG - component - The component: turbine5_splitter of type Splitter has 0 variables.
2026-04-25 14:56:18,262 - DEBUG - component - The component: turbine6 of type Turbine has 0 variables.
2026-04-25 14:56:18,262 - DEBUG - component - The component: turbine6_splitter of type Splitter has 0 variables.
2026-04-25 14:56:18,262 - DEBUG - component - The component: turbine7 of type Turbine has 0 variables.
2026-04-25 14:56:18,262 - DEBUG - component - The component: valve_25_30 of type Valve has 0 variables.
2026-04-25 14:56:18,262 - DEBUG - component - The component: valve_26_27 of type Valve has 0 variables.
2026-04-25 14:56:18,262 - DEBUG - component - The component: valve_34_35 of type Valve has 0 variables.
2026-04-25 14:56:18,262 - DEBUG - component - The component: valve_3_4 of type Valve has 0 variables.
2026-04-25 14:56:18,262 - DEBUG - component - The component: valve_42_43 of type Valve has 0 variables.
2026-04-25 14:56:18,262 - DEBUG - component - The component: valve_47_48 of type Valve has 0 variables.
2026-04-25 14:56:18,262 - DEBUG - component - The component: valve_49_50 of type Valve has 0 variables.
2026-04-25 14:56:18,262 - DEBUG - component - The component: valve_51_53 of type Valve has 0 variables.
2026-04-25 14:56:18,262 - DEBUG - component - The component: valve_58_60 of type Valve has 0 variables.
2026-04-25 14:56:18,262 - DEBUG - component - The component: valve_5_6 of type Valve has 0 variables.
2026-04-25 14:56:18,328 - INFO - network - ########----Network initialised----########
2026-04-25 14:56:18,328 - DEBUG - network - ------Equation Summarization------
2026-04-25 14:56:18,328 - DEBUG - network - Total number of equations: 38
2026-04-25 14:56:18,328 - DEBUG - network - Number of connection equations: 0.
2026-04-25 14:56:18,328 - DEBUG - network - Number of component equations: 74.
2026-04-25 14:56:18,328 - DEBUG - network - Number of bus equations: 0.
2026-04-25 14:56:18,328 - DEBUG - network - Number of user defined equations: 0.
2026-04-25 14:56:18,328 - DEBUG - network - Number of presolved equations: 36.
2026-04-25 14:56:18,328 - DEBUG - network - ------Variable Summarization------
2026-04-25 14:56:18,328 - DEBUG - network - Total number of variables: 38.
2026-04-25 14:56:18,328 - DEBUG - network - Number of component variables: 0.
2026-04-25 14:56:18,328 - DEBUG - network - Number of connection variables: 38.
2026-04-25 14:56:18,328 - DEBUG - network - Number of mass flow variables: 25.
2026-04-25 14:56:18,328 - DEBUG - network - Number of pressure variables: 0.
2026-04-25 14:56:18,328 - DEBUG - network - Number of enthalpy variables: 13.
2026-04-25 14:56:18,328 - DEBUG - network - ------Fluid Module Summarization------
2026-04-25 14:56:18,328 - DEBUG - network - Number of fluid composition equations: 0.
2026-04-25 14:56:18,328 - DEBUG - network - Number of fluid variables: 0.
2026-04-25 14:56:18,355 - DEBUG - network - 
##### VARIABLES #####
+----+--------------------------------------------------------+-------------+-------------+---------+-----------+
|    | label                                                  |   min value |   max value | unit    |     scale |
|----+--------------------------------------------------------+-------------+-------------+---------+-----------|
|  0 | <mass flow objective> of connection: c1                |   1.000e-05 |   1.000e+12 | kg / s  | 1.000e+00 |
|  1 | <mass flow objective> of connection: c10               |   1.000e-05 |   1.000e+12 | kg / s  | 1.000e+00 |
|  2 | <mass flow objective> of connection: c11               |   1.000e-05 |   1.000e+12 | kg / s  | 1.000e+00 |
|  3 | <mass flow objective> of connection: c12               |   1.000e-05 |   1.000e+12 | kg / s  | 1.000e+00 |
|  4 | <mass flow objective> of connection: c13               |   1.000e-05 |   1.000e+12 | kg / s  | 1.000e+00 |
|  5 | <mass flow objective> of connection: c14               |   1.000e-05 |   1.000e+12 | kg / s  | 1.000e+00 |
|  6 | <mass flow objective> of connection: c15               |   1.000e-05 |   1.000e+12 | kg / s  | 1.000e+00 |
|  7 | <mass flow objective> of connection: c16               |   1.000e-05 |   1.000e+12 | kg / s  | 1.000e+00 |
|  8 | <mass flow objective> of connection: c17               |   1.000e-05 |   1.000e+12 | kg / s  | 1.000e+00 |
|  9 | <mass flow objective> of connection: c18               |   1.000e-05 |   1.000e+12 | kg / s  | 1.000e+00 |
| 10 | <mass flow objective> of connection: c20               |   1.000e-05 |   1.000e+12 | kg / s  | 1.000e+00 |
| 11 | <mass flow objective> of connection: c22               |   1.000e-05 |   1.000e+12 | kg / s  | 1.000e+00 |
| 12 | <mass flow objective> of connection: c24               |   1.000e-05 |   1.000e+12 | kg / s  | 1.000e+00 |
| 13 | <mass flow objective> of connection: c25               |   1.000e-05 |   1.000e+12 | kg / s  | 1.000e+00 |
| 14 | <mass flow objective> of connection: c26               |   1.000e-05 |   1.000e+12 | kg / s  | 1.000e+00 |
| 15 | <mass flow objective> of connection: c34               |   1.000e-05 |   1.000e+12 | kg / s  | 1.000e+00 |
| 16 | <mass flow objective> of connection: c38               |   1.000e-05 |   1.000e+12 | kg / s  | 1.000e+00 |
| 17 | <mass flow objective> of connection: c39               |   1.000e-05 |   1.000e+12 | kg / s  | 1.000e+00 |
| 18 | <mass flow objective> of connection: c40               |   1.000e-05 |   1.000e+12 | kg / s  | 1.000e+00 |
| 19 | <mass flow objective> of connection: c49               |   1.000e-05 |   1.000e+12 | kg / s  | 1.000e+00 |
| 20 | <mass flow objective> of connection: c51               |   1.000e-05 |   1.000e+12 | kg / s  | 1.000e+00 |
| 21 | <mass flow objective> of connection: c58               |   1.000e-05 |   1.000e+12 | kg / s  | 1.000e+00 |
| 22 | <mass flow objective> of connection: c9                |   1.000e-05 |   1.000e+12 | kg / s  | 1.000e+00 |
| 23 | <mass flow objective> of connection: d65               |   1.000e-05 |   1.000e+12 | kg / s  | 1.000e+00 |
| 24 | <mass flow objective> of connection: deaerator_cold_in |   1.000e-05 |   1.000e+12 | kg / s  | 1.000e+00 |
| 25 | <enthalpy objective> of connection: c24                |   1.573e+01 |   6.529e+03 | kJ / kg | 1.000e+05 |
| 26 | <enthalpy objective> of connection: c28                |   1.585e+01 |   6.529e+03 | kJ / kg | 1.000e+05 |
| 27 | <enthalpy objective> of connection: c32                |   1.612e+01 |   6.529e+03 | kJ / kg | 1.000e+05 |
| 28 | <enthalpy objective> of connection: c37                |   1.611e+01 |   6.529e+03 | kJ / kg | 1.000e+05 |
| 29 | <enthalpy objective> of connection: c40                |   1.585e+01 |   6.529e+03 | kJ / kg | 1.000e+05 |
| 30 | <enthalpy objective> of connection: c45                |   1.610e+01 |   6.529e+03 | kJ / kg | 1.000e+05 |
| 31 | <enthalpy objective> of connection: c56                |   3.481e+01 |   6.517e+03 | kJ / kg | 1.000e+05 |
| 32 | <enthalpy objective> of connection: c63                |   3.480e+01 |   6.517e+03 | kJ / kg | 1.000e+05 |
| 33 | <enthalpy objective> of connection: condenser_hot_in   |   1.573e+01 |   6.529e+03 | kJ / kg | 1.000e+05 |
| 34 | <enthalpy objective> of connection: deaerator_cold_in  |   1.609e+01 |   6.529e+03 | kJ / kg | 1.000e+05 |
| 35 | <enthalpy objective> of connection: heater_b_hot_in    |   1.787e+01 |   6.528e+03 | kJ / kg | 1.000e+05 |
| 36 | <enthalpy objective> of connection: heater_g_hot_in    |   1.585e+01 |   6.529e+03 | kJ / kg | 1.000e+05 |
| 37 | <enthalpy objective> of connection: heater_i_hot_in    |   1.575e+01 |   6.529e+03 | kJ / kg | 1.000e+05 |
+----+--------------------------------------------------------+-------------+-------------+---------+-----------+
##### EQUATIONS #####
+----+---------------------------------------------------------------------------------------------+-----------+
|    | label                                                                                       |     scale |
|----+---------------------------------------------------------------------------------------------+-----------|
|  0 | <component constraint>: mass_flow_constraints of Merge: condense_merge                      | 1.000e+00 |
|  1 | <component constraint>: energy_balance_constraints of Merge: condense_merge                 | 1.000e+05 |
|  2 | <component constraint>: energy_balance_constraints of Condenser: condenser                  | 1.000e+05 |
|  3 | <component constraint>: mass_flow_constraints of Deaerator: deaerator                       | 1.000e+00 |
|  4 | <component constraint>: energy_balance_constraints of Deaerator: deaerator                  | 1.000e+05 |
|  5 | <component constraint>: mass_flow_constraints of Merge: deaerator_merge                     | 1.000e+00 |
|  6 | <component constraint>: energy_balance_constraints of Merge: deaerator_merge                | 1.000e+05 |
|  7 | <component constraint>: mass_flow_constraints of Merge: heater_b_merge                      | 1.000e+00 |
|  8 | <component constraint>: energy_balance_constraints of Merge: heater_b_merge                 | 1.000e+05 |
|  9 | <component constraint>: mass_flow_constraints of Merge: heater_g_merge                      | 1.000e+00 |
| 10 | <component constraint>: energy_balance_constraints of Merge: heater_g_merge                 | 1.000e+05 |
| 11 | <component constraint>: mass_flow_constraints of Merge: heater_i_merge                      | 1.000e+00 |
| 12 | <component constraint>: energy_balance_constraints of Merge: heater_i_merge                 | 1.000e+05 |
| 13 | <component constraint>: energy_balance_constraints of HeatExchanger: heatexchanger_a        | 1.000e+05 |
| 14 | <component constraint>: energy_balance_constraints of ExtractHeatExchanger: heatexchanger_b | 1.000e+05 |
| 15 | <component constraint>: energy_balance_constraints of ExtractHeatExchanger: heatexchanger_c | 1.000e+05 |
| 16 | <component constraint>: energy_balance_constraints of OverHeater: heatexchanger_d           | 1.000e+05 |
| 17 | <component constraint>: energy_balance_constraints of ExtractHeatExchanger: heatexchanger_e | 1.000e+05 |
| 18 | <component constraint>: energy_balance_constraints of HeatExchanger: heatexchanger_f        | 1.000e+05 |
| 19 | <component constraint>: energy_balance_constraints of ExtractHeatExchanger: heatexchanger_g | 1.000e+05 |
| 20 | <component constraint>: energy_balance_constraints of HeatExchanger: heatexchanger_h        | 1.000e+05 |
| 21 | <component constraint>: energy_balance_constraints of ExtractHeatExchanger: heatexchanger_i | 1.000e+05 |
| 22 | <component constraint>: energy_balance_constraints of HeatExchanger: heatexchanger_j        | 1.000e+05 |
| 23 | <component constraint>: energy_balance_constraints of ExtractHeatExchanger: heatexchanger_k | 1.000e+05 |
| 24 | <component constraint>: mass_flow_constraints of Merge: merge_25_26_24                      | 1.000e+00 |
| 25 | <component constraint>: energy_balance_constraints of Merge: merge_25_26_24                 | 1.000e+05 |
| 26 | <component constraint>: mass_flow_constraints of Merge: merge_39_40_28                      | 1.000e+00 |
| 27 | <component constraint>: energy_balance_constraints of Merge: merge_39_40_28                 | 1.000e+05 |
| 28 | <component constraint>: mass_flow_constraints of Merge: merge_47_65_40                      | 1.000e+00 |
| 29 | <component constraint>: energy_balance_constraints of Merge: merge_47_65_40                 | 1.000e+05 |
| 30 | <component constraint>: mass_flow_constraints of Splitter: split_12_48_49                   | 1.000e+00 |
| 31 | <component constraint>: mass_flow_constraints of Splitter: split_16_38_39                   | 1.000e+00 |
| 32 | <component constraint>: mass_flow_constraints of Splitter: split_8_61_64                    | 1.000e+00 |
| 33 | <component constraint>: mass_flow_constraints of Splitter: turbine2_splitter                | 1.000e+00 |
| 34 | <component constraint>: mass_flow_constraints of Splitter: turbine3_splitter                | 1.000e+00 |
| 35 | <component constraint>: mass_flow_constraints of Splitter: turbine4_splitter                | 1.000e+00 |
| 36 | <component constraint>: mass_flow_constraints of Splitter: turbine5_splitter                | 1.000e+00 |
| 37 | <component constraint>: mass_flow_constraints of Splitter: turbine6_splitter                | 1.000e+00 |
+----+---------------------------------------------------------------------------------------------+-----------+
##### FLUID VARIABLES #####
+---------+---------------------+
| label   | fluid composition   |
|---------+---------------------|
+---------+---------------------+
##### FLUID EQUATIONS #####
+---------+---------------------+
| label   | fluid composition   |
|---------+---------------------|
+---------+---------------------+
2026-04-25 14:56:18,359 - DEBUG - network - 
##### TEMPERATURE BOUNDS #####
+-------------------+-------------+-------------+--------+
|                   |   min value |   max value | unit   |
|-------------------+-------------+-------------+--------|
| c24               |   2.742e+00 |   1.707e+03 | C      |
| c28               |   2.742e+00 |   1.707e+03 | C      |
| c32               |   2.742e+00 |   1.707e+03 | C      |
| c37               |   2.742e+00 |   1.707e+03 | C      |
| c40               |   2.742e+00 |   1.707e+03 | C      |
| c45               |   2.742e+00 |   1.707e+03 | C      |
| c56               |   2.742e+00 |   1.707e+03 | C      |
| c63               |   2.742e+00 |   1.707e+03 | C      |
| condenser_hot_in  |   2.742e+00 |   1.707e+03 | C      |
| deaerator_cold_in |   2.742e+00 |   1.707e+03 | C      |
| heater_b_hot_in   |   2.742e+00 |   1.707e+03 | C      |
| heater_g_hot_in   |   2.742e+00 |   1.707e+03 | C      |
| heater_i_hot_in   |   2.742e+00 |   1.707e+03 | C      |
+-------------------+-------------+-------------+--------+
2026-04-25 14:56:18,360 - DEBUG - network - has no linear dependence in network topology
2026-04-25 14:56:18,360 - INFO - network - Starting solver.
2026-04-25 14:56:18,362 - PROGRESS - network -  iter  | residual   | progress   | massflow   | pressure   | enthalpy   | voltage    | electricity | frequency  | fluid      | component  
2026-04-25 14:56:18,362 - PROGRESS - network - -------+------------+------------+------------+------------+------------+------------+------------+------------+------------+------------
2026-04-25 14:56:18,373 - DEBUG - network - matrix value: 2.3428816390778574e+34
2026-04-25 14:56:18,376 - PROGRESS - network -  1     | 1.30e-07   | 100 %      | 1.89e-07   | 0.00e+00   | 4.40e-11   | 0.00e+00   | 0.00e+00   | 0.00e+00   | 0.00e+00   | 0.00e+00   
2026-04-25 14:56:18,376 - DEBUG - network - has found the solution in 0th iteration
2026-04-25 14:56:18,376 - PROGRESS - network - -------+------------+------------+------------+------------+------------+------------+------------+------------+------------+------------
2026-04-25 14:56:18,376 - DEBUG - network - Total iterations: 1, Calculation time: 0.01 s, Iterations per second: 71.30
2026-04-25 14:56:19,499 - INFO - network - Postprocessing complete.
2026-04-25 14:56:19,499 - INFO - network - Calculation complete.
2026-04-25 14:56:19,499 - WARNING - warnings - FutureWarning: Setting an item of incompatible dtype is deprecated and will raise an error in a future version of pandas. Value '[94m 530.0000000000001 [0m' has dtype incompatible with float64, please explicitly cast to a compatible dtype first.
2026-04-25 14:56:19,513 - WARNING - warnings - FutureWarning: Setting an item of incompatible dtype is deprecated and will raise an error in a future version of pandas. Value '[94m 529.9999999986522 [0m' has dtype incompatible with float64, please explicitly cast to a compatible dtype first.
2026-04-25 14:56:19,515 - WARNING - warnings - FutureWarning: Setting an item of incompatible dtype is deprecated and will raise an error in a future version of pandas. Value '[94m 0.7999999999999765 [0m' has dtype incompatible with float64, please explicitly cast to a compatible dtype first.
2026-04-25 14:56:19,517 - WARNING - warnings - FutureWarning: Setting an item of incompatible dtype is deprecated and will raise an error in a future version of pandas. Value '[94m 4.999999999692875 [0m' has dtype incompatible with float64, please explicitly cast to a compatible dtype first.
2026-04-25 14:56:19,520 - WARNING - warnings - FutureWarning: Setting an item of incompatible dtype is deprecated and will raise an error in a future version of pandas. Value '[94m 5.00000000000108 [0m' has dtype incompatible with float64, please explicitly cast to a compatible dtype first.
2026-04-25 14:56:19,525 - WARNING - warnings - FutureWarning: Setting an item of incompatible dtype is deprecated and will raise an error in a future version of pandas. Value '[94m 5.000000000085208 [0m' has dtype incompatible with float64, please explicitly cast to a compatible dtype first.
2026-04-25 14:56:19,531 - WARNING - warnings - FutureWarning: Setting an item of incompatible dtype is deprecated and will raise an error in a future version of pandas. Value '[94m 100.00000000000006 [0m' has dtype incompatible with float64, please explicitly cast to a compatible dtype first.
2026-04-25 14:56:19,532 - WARNING - warnings - FutureWarning: Setting an item of incompatible dtype is deprecated and will raise an error in a future version of pandas. Value '[94m 0.88 [0m' has dtype incompatible with float64, please explicitly cast to a compatible dtype first.
2026-04-25 14:56:19,608 - RESULT - network - 
##### RESULTS (BoilerSimple) #####
+--------+-----------+----------+----------+---------------+----------+------------+----------+------------+----------+---------------+----------+------------+----------+------------+
|        |         Q | Q_unit   |   T_out1 | T_out1_unit   |      pr1 | pr1_unit   |      dp1 | dp1_unit   |   T_out2 | T_out2_unit   |      pr2 | pr2_unit   |      dp2 | dp2_unit   |
|--------+-----------+----------+----------+---------------+----------+------------+----------+------------+----------+---------------+----------+------------+----------+------------|
| boiler | -1.59e+09 | W        | 5.30e+02 | C             | 9.22e-01 | -          | 3.20e+00 | bar        | 5.30e+02 | C             | 9.90e-01 | -          | 2.00e+00 | bar        |
+--------+-----------+----------+----------+---------------+----------+------------+----------+------------+----------+---------------+----------+------------+----------+------------+
##### RESULTS (Pump) #####
+---------------+----------+----------+----------+-----------+-----------+-----------+----------+--------------+
|               |        P | P_unit   |       pr | pr_unit   |        dp | dp_unit   |    eta_s | eta_s_unit   |
|---------------+----------+----------+----------+-----------+-----------+-----------+----------+--------------|
| condense_pump | 2.33e+05 | W        | 6.90e+01 | -         | -3.94e+00 | bar       | 8.00e-01 | -            |
| recycle_pump  | 1.48e+07 | W        | 5.29e+01 | -         | -1.90e+02 | bar       | 8.00e-01 | -            |
+---------------+----------+----------+----------+-----------+-----------+-----------+----------+--------------+
##### RESULTS (Condenser) #####
+-----------+-----------+----------+----------+-----------+----------+-------------+-------+------------+----------+---------------+----------+------------+----------+------------+-----------+----------------+----------+------------+----------+------------+----------+------------+----------+------------+----------+------------+----------+------------+----------+-----------+----------+-------------+----------+-------------+----------+----------------+----------+----------------+------------+-----------------+-----------+----------------+-----------+----------------+----------+---------------+-------------------+------------------------+
|           |         Q | Q_unit   |       kA | kA_unit   |     KDTA | KDTA_unit   |   DTM | DTM_unit   |   DT_log | DT_log_unit   |      DTU | DTU_unit   |      DTL | DTL_unit   |   DTN_min | DTN_min_unit   |      pr1 | pr1_unit   |      pr2 | pr2_unit   |      dp1 | dp1_unit   |      dp2 | dp2_unit   |      hf1 | hf1_unit   |      hf2 | hf2_unit   |       fA | fA_unit   |     exm1 | exm1_unit   |     exm2 | exm2_unit   |    zeta1 | zeta1_unit     |    zeta2 | zeta2_unit     |   eff_cold | eff_cold_unit   |   eff_hot | eff_hot_unit   |   eff_max | eff_max_unit   |   DTU_sh | DTU_sh_unit   |   supercooling_dT | supercooling_dT_unit   |
|-----------+-----------+----------+----------+-----------+----------+-------------+-------+------------+----------+---------------+----------+------------+----------+------------+-----------+----------------+----------+------------+----------+------------+----------+------------+----------+------------+----------+------------+----------+------------+----------+-----------+----------+-------------+----------+-------------+----------+----------------+----------+----------------+------------+-----------------+-----------+----------------+-----------+----------------+----------+---------------+-------------------+------------------------|
| condenser | -8.55e+08 | W        | 7.78e+07 | W/K       | 7.77e+07 | W/K         |   nan | C          | 1.10e+01 | C             | 5.00e+00 | C          | 2.05e+01 | C          |  5.00e+00 | C              | 1.00e+00 | -          | 9.83e-01 | -          | 0.00e+00 | bar        | 5.00e-02 | bar        | 5.00e+01 | W/m^2*K    | 5.00e+02 | W/m^2*K    | 1.55e+05 | m^2       | 6.10e-01 | -           | 7.84e-01 | -           | 0.00e+00 | (Pa*s)/(m^3*s) | 3.55e-02 | (Pa*s)/(m^3*s) |   7.57e-01 | -               |  9.55e-01 | -              |  9.55e-01 | -              | 5.00e+00 | C             |          0.00e+00 | C                      |
+-----------+-----------+----------+----------+-----------+----------+-------------+-------+------------+----------+---------------+----------+------------+----------+------------+-----------+----------------+----------+------------+----------+------------+----------+------------+----------+------------+----------+------------+----------+------------+----------+-----------+----------+-------------+----------+-------------+----------+----------------+----------+----------------+------------+-----------------+-----------+----------------+-----------+----------------+----------+---------------+-------------------+------------------------+
##### RESULTS (CycleCloser) #####
+--------------+------------------+-----------------------+-------------------+------------------------+
|              |   mass_deviation | mass_deviation_unit   |   fluid_deviation | fluid_deviation_unit   |
|--------------+------------------+-----------------------+-------------------+------------------------|
| cycle_closer |         1.45e-13 | kg / s                |          0.00e+00 | -                      |
+--------------+------------------+-----------------------+-------------------+------------------------+
##### RESULTS (Deaerator) #####
+-----------+-----------+----------+----------+------------+----------+------------+----------+------------+----------+------------+----------+----------------+----------+----------------+
|           |         Q | Q_unit   |      pr1 | pr1_unit   |      pr2 | pr2_unit   |      dp1 | dp1_unit   |      dp2 | dp2_unit   |    zeta1 | zeta1_unit     |    zeta2 | zeta2_unit     |
|-----------+-----------+----------+----------+------------+----------+------------+----------+------------+----------+------------+----------+----------------+----------+----------------|
| deaerator | -1.34e+06 | W        | 1.00e+00 | -          | 1.00e+00 | -          | 0.00e+00 | bar        | 0.00e+00 | bar        | 0.00e+00 | (Pa*s)/(m^3*s) | 0.00e+00 | (Pa*s)/(m^3*s) |
+-----------+-----------+----------+----------+------------+----------+------------+----------+------------+----------+------------+----------+----------------+----------+----------------+
##### RESULTS (HeatExchanger) #####
+-----------------+-----------+----------+----------+-----------+----------+-------------+-------+------------+----------+---------------+----------+------------+----------+------------+-----------+----------------+----------+------------+----------+------------+----------+------------+----------+------------+----------+------------+----------+------------+----------+-----------+----------+-------------+----------+-------------+----------+----------------+----------+----------------+------------+-----------------+-----------+----------------+-----------+----------------+
|                 |         Q | Q_unit   |       kA | kA_unit   |     KDTA | KDTA_unit   |   DTM | DTM_unit   |   DT_log | DT_log_unit   |      DTU | DTU_unit   |      DTL | DTL_unit   |   DTN_min | DTN_min_unit   |      pr1 | pr1_unit   |      pr2 | pr2_unit   |      dp1 | dp1_unit   |      dp2 | dp2_unit   |      hf1 | hf1_unit   |      hf2 | hf2_unit   |       fA | fA_unit   |     exm1 | exm1_unit   |     exm2 | exm2_unit   |    zeta1 | zeta1_unit     |    zeta2 | zeta2_unit     |   eff_cold | eff_cold_unit   |   eff_hot | eff_hot_unit   |   eff_max | eff_max_unit   |
|-----------------+-----------+----------+----------+-----------+----------+-------------+-------+------------+----------+---------------+----------+------------+----------+------------+-----------+----------------+----------+------------+----------+------------+----------+------------+----------+------------+----------+------------+----------+------------+----------+-----------+----------+-------------+----------+-------------+----------+----------------+----------+----------------+------------+-----------------+-----------+----------------+-----------+----------------|
| heatexchanger_a | -3.31e+07 | W        | 1.51e+06 | W/K       | 1.49e+06 | W/K         |   nan | C          | 2.19e+01 | C             | 5.92e+01 | C          | 5.00e+00 | C          |  5.00e+00 | C              | 1.00e+00 | -          | 1.00e+00 | -          | 0.00e+00 | bar        | 5.00e-02 | bar        | 5.00e+01 | W/m^2*K    | 5.00e+02 | W/m^2*K    | 3.27e+04 | m^2       | 6.10e-01 | -           | 7.84e-01 | -           | 0.00e+00 | (Pa*s)/(m^3*s) | 1.70e+01 | (Pa*s)/(m^3*s) |   1.81e-01 | -               |  9.33e-01 | -              |  9.33e-01 | -              |
| heatexchanger_f | -4.47e+06 | W        | 2.70e+05 | W/K       | 2.69e+05 | W/K         |   nan | C          | 1.66e+01 | C             | 3.90e+01 | C          | 5.00e+00 | C          |  5.00e+00 | C              | 1.00e+00 | -          | 9.87e-01 | -          | 0.00e+00 | bar        | 5.00e-02 | bar        | 5.00e+01 | W/m^2*K    | 5.00e+02 | W/m^2*K    | 5.92e+03 | m^2       | 6.10e-01 | -           | 7.84e-01 | -           | 0.00e+00 | (Pa*s)/(m^3*s) | 2.68e+01 | (Pa*s)/(m^3*s) |   4.12e-03 | -               |  8.80e-01 | -              |  8.80e-01 | -              |
| heatexchanger_h | -1.04e+07 | W        | 6.10e+05 | W/K       | 6.08e+05 | W/K         |   nan | C          | 1.71e+01 | C             | 4.11e+01 | C          | 5.00e+00 | C          |  5.00e+00 | C              | 1.00e+00 | -          | 9.87e-01 | -          | 0.00e+00 | bar        | 5.00e-02 | bar        | 5.00e+01 | W/m^2*K    | 5.00e+02 | W/m^2*K    | 1.34e+04 | m^2       | 6.10e-01 | -           | 7.84e-01 | -           | 0.00e+00 | (Pa*s)/(m^3*s) | 2.75e+01 | (Pa*s)/(m^3*s) |   1.14e-01 | -               |  8.93e-01 | -              |  8.93e-01 | -              |
| heatexchanger_j | -7.64e+06 | W        | 6.19e+05 | W/K       | 6.19e+05 | W/K         |   nan | C          | 1.23e+01 | C             | 2.47e+01 | C          | 5.00e+00 | C          |  5.00e+00 | C              | 1.00e+00 | -          | 9.87e-01 | -          | 0.00e+00 | bar        | 5.00e-02 | bar        | 5.00e+01 | W/m^2*K    | 5.00e+02 | W/m^2*K    | 1.36e+04 | m^2       | 6.10e-01 | -           | 7.84e-01 | -           | 0.00e+00 | (Pa*s)/(m^3*s) | 2.78e+01 | (Pa*s)/(m^3*s) |   1.36e-01 | -               |  8.25e-01 | -              |  8.25e-01 | -              |
+-----------------+-----------+----------+----------+-----------+----------+-------------+-------+------------+----------+---------------+----------+------------+----------+------------+-----------+----------------+----------+------------+----------+------------+----------+------------+----------+------------+----------+------------+----------+------------+----------+-----------+----------+-------------+----------+-------------+----------+----------------+----------+----------------+------------+-----------------+-----------+----------------+-----------+----------------+
##### RESULTS (ExtractHeatExchanger) #####
+-----------------+-----------+----------+----------+-----------+----------+-------------+-------+------------+----------+---------------+----------+------------+----------+------------+-----------+----------------+----------+------------+----------+------------+----------+------------+----------+------------+----------+------------+----------+------------+----------+-----------+----------+-------------+----------+-------------+----------+----------------+----------+----------------+------------+-----------------+-----------+----------------+-----------+----------------+----------+---------------+-------------------+------------------------+
|                 |         Q | Q_unit   |       kA | kA_unit   |     KDTA | KDTA_unit   |   DTM | DTM_unit   |   DT_log | DT_log_unit   |      DTU | DTU_unit   |      DTL | DTL_unit   |   DTN_min | DTN_min_unit   |      pr1 | pr1_unit   |      pr2 | pr2_unit   |      dp1 | dp1_unit   |      dp2 | dp2_unit   |      hf1 | hf1_unit   |      hf2 | hf2_unit   |       fA | fA_unit   |     exm1 | exm1_unit   |     exm2 | exm2_unit   |    zeta1 | zeta1_unit     |    zeta2 | zeta2_unit     |   eff_cold | eff_cold_unit   |   eff_hot | eff_hot_unit   |   eff_max | eff_max_unit   |   DTU_sh | DTU_sh_unit   |   supercooling_dT | supercooling_dT_unit   |
|-----------------+-----------+----------+----------+-----------+----------+-------------+-------+------------+----------+---------------+----------+------------+----------+------------+-----------+----------------+----------+------------+----------+------------+----------+------------+----------+------------+----------+------------+----------+------------+----------+-----------+----------+-------------+----------+-------------+----------+----------------+----------+----------------+------------+-----------------+-----------+----------------+-----------+----------------+----------+---------------+-------------------+------------------------|
| heatexchanger_b | -1.37e+08 | W        | 6.24e+06 | W/K       | 6.28e+06 | W/K         |   nan | C          | 2.19e+01 | C             | 5.00e+00 | C          | 5.92e+01 | C          |  5.00e+00 | C              | 1.00e+00 | -          | 1.00e+00 | -          | 0.00e+00 | bar        | 5.00e-02 | bar        | 5.00e+01 | W/m^2*K    | 5.00e+02 | W/m^2*K    | 1.38e+05 | m^2       | 6.10e-01 | -           | 7.84e-01 | -           | 0.00e+00 | (Pa*s)/(m^3*s) | 1.63e+01 | (Pa*s)/(m^3*s) |   9.14e-01 | -               |  8.25e-01 | -              |  9.14e-01 | -              | 5.00e+00 | C             |          0.00e+00 | C                      |
| heatexchanger_c | -9.53e+07 | W        | 1.89e+06 | W/K       | 4.43e+06 | W/K         |   nan | C          | 5.04e+01 | C             | 6.10e+01 | C          | 4.10e+01 | C          |  4.10e+01 | C              | 1.00e+00 | -          | 1.00e+00 | -          | 0.00e+00 | bar        | 5.00e-02 | bar        | 5.00e+01 | W/m^2*K    | 5.00e+02 | W/m^2*K    | 9.74e+04 | m^2       | 6.10e-01 | -           | 7.84e-01 | -           | 0.00e+00 | (Pa*s)/(m^3*s) | 1.54e+01 | (Pa*s)/(m^3*s) |   3.49e-01 | -               |  9.07e-01 | -              |  9.07e-01 | -              | 5.00e+00 | C             |          0.00e+00 | C                      |
| heatexchanger_e | -6.78e+07 | W        | 1.05e+06 | W/K       | 3.02e+06 | W/K         |   nan | C          | 6.43e+01 | C             | 9.88e+01 | C          | 3.90e+01 | C          |  3.90e+01 | C              | 1.00e+00 | -          | 9.86e-01 | -          | 0.00e+00 | bar        | 5.00e-02 | bar        | 5.00e+01 | W/m^2*K    | 5.00e+02 | W/m^2*K    | 6.64e+04 | m^2       | 6.10e-01 | -           | 7.84e-01 | -           | 0.00e+00 | (Pa*s)/(m^3*s) | 2.64e+01 | (Pa*s)/(m^3*s) |   5.77e-02 | -               |  9.34e-01 | -              |  9.34e-01 | -              | 5.00e+00 | C             |          0.00e+00 | C                      |
| heatexchanger_g | -7.11e+07 | W        | 4.15e+06 | W/K       | 4.15e+06 | W/K         |   nan | C          | 1.71e+01 | C             | 5.00e+00 | C          | 4.11e+01 | C          |  5.00e+00 | C              | 1.00e+00 | -          | 9.87e-01 | -          | 0.00e+00 | bar        | 5.00e-02 | bar        | 5.00e+01 | W/m^2*K    | 5.00e+02 | W/m^2*K    | 9.13e+04 | m^2       | 6.10e-01 | -           | 7.84e-01 | -           | 0.00e+00 | (Pa*s)/(m^3*s) | 2.71e+01 | (Pa*s)/(m^3*s) |   8.78e-01 | -               |  8.73e-01 | -              |  8.78e-01 | -              | 5.00e+00 | C             |          0.00e+00 | C                      |
| heatexchanger_i | -3.87e+07 | W        | 3.14e+06 | W/K       | 3.13e+06 | W/K         |   nan | C          | 1.23e+01 | C             | 5.00e+00 | C          | 2.47e+01 | C          |  5.00e+00 | C              | 1.00e+00 | -          | 9.87e-01 | -          | 0.00e+00 | bar        | 5.00e-02 | bar        | 5.00e+01 | W/m^2*K    | 5.00e+02 | W/m^2*K    | 6.90e+04 | m^2       | 6.10e-01 | -           | 7.84e-01 | -           | 0.00e+00 | (Pa*s)/(m^3*s) | 2.77e+01 | (Pa*s)/(m^3*s) |   7.98e-01 | -               |  8.29e-01 | -              |  8.29e-01 | -              | 5.00e+00 | C             |          0.00e+00 | C                      |
| heatexchanger_k | -1.67e+06 | W        | 1.93e+04 | W/K       | 2.34e+04 | W/K         |   nan | C          | 8.64e+01 | C             | 1.04e+02 | C          | 7.09e+01 | C          |  7.09e+01 | C              | 1.00e+00 | -          | 9.88e-01 | -          | 0.00e+00 | bar        | 5.00e-02 | bar        | 5.00e+01 | W/m^2*K    | 5.00e+02 | W/m^2*K    | 5.14e+02 | m^2       | 6.10e-01 | -           | 7.84e-01 | -           | 0.00e+00 | (Pa*s)/(m^3*s) | 2.78e+01 | (Pa*s)/(m^3*s) |   8.04e-03 | -               |  8.86e-01 | -              |  8.86e-01 | -              | 7.00e+01 | C             |          0.00e+00 | C                      |
+-----------------+-----------+----------+----------+-----------+----------+-------------+-------+------------+----------+---------------+----------+------------+----------+------------+-----------+----------------+----------+------------+----------+------------+----------+------------+----------+------------+----------+------------+----------+------------+----------+-----------+----------+-------------+----------+-------------+----------+----------------+----------+----------------+------------+-----------------+-----------+----------------+-----------+----------------+----------+---------------+-------------------+------------------------+
##### RESULTS (OverHeater) #####
+-----------------+-----------+----------+----------+-----------+----------+-------------+-------+------------+----------+---------------+----------+------------+----------+------------+-----------+----------------+----------+------------+----------+------------+----------+------------+----------+------------+----------+------------+----------+------------+----------+-----------+----------+-------------+----------+-------------+----------+----------------+----------+----------------+------------+-----------------+-----------+----------------+-----------+----------------+----------+-------------+
|                 |         Q | Q_unit   |       kA | kA_unit   |     KDTA | KDTA_unit   |   DTM | DTM_unit   |   DT_log | DT_log_unit   |      DTU | DTU_unit   |      DTL | DTL_unit   |   DTN_min | DTN_min_unit   |      pr1 | pr1_unit   |      pr2 | pr2_unit   |      dp1 | dp1_unit   |      dp2 | dp2_unit   |      hf1 | hf1_unit   |      hf2 | hf2_unit   |       fA | fA_unit   |     exm1 | exm1_unit   |     exm2 | exm2_unit   |    zeta1 | zeta1_unit     |    zeta2 | zeta2_unit     |   eff_cold | eff_cold_unit   |   eff_hot | eff_hot_unit   |   eff_max | eff_max_unit   |     DTNS | DTNS_unit   |
|-----------------+-----------+----------+----------+-----------+----------+-------------+-------+------------+----------+---------------+----------+------------+----------+------------+-----------+----------------+----------+------------+----------+------------+----------+------------+----------+------------+----------+------------+----------+------------+----------+-----------+----------+-------------+----------+-------------+----------+----------------+----------+----------------+------------+-----------------+-----------+----------------+-----------+----------------+----------+-------------|
| heatexchanger_d | -1.74e+07 | W        | 1.45e+05 | W/K       | 1.45e+05 | W/K         |   nan | C          | 1.20e+02 | C             | 1.92e+02 | C          | 6.90e+01 | C          |  6.90e+01 | C              | 1.00e+00 | -          | 1.00e+00 | -          | 0.00e+00 | bar        | 5.00e-02 | bar        | 5.00e+01 | W/m^2*K    | 5.00e+02 | W/m^2*K    | 3.20e+03 | m^2       | 6.10e-01 | -           | 7.84e-01 | -           | 0.00e+00 | (Pa*s)/(m^3*s) | 1.49e+01 | (Pa*s)/(m^3*s) |   1.51e-02 | -               |  6.32e-01 | -              |  6.32e-01 | -              | 1.00e+02 | C           |
+-----------------+-----------+----------+----------+-----------+----------+-------------+-------+------------+----------+---------------+----------+------------+----------+------------+-----------+----------------+----------+------------+----------+------------+----------+------------+----------+------------+----------+------------+----------+------------+----------+-----------+----------+-------------+----------+-------------+----------+----------------+----------+----------------+------------+-----------------+-----------+----------------+-----------+----------------+----------+-------------+
##### RESULTS (Turbine) #####
+----------+-----------+----------+----------+-----------+----------+-----------+----------+--------------+
|          |         P | P_unit   |       pr | pr_unit   |       dp | dp_unit   |    eta_s | eta_s_unit   |
|----------+-----------+----------+----------+-----------+----------+-----------+----------+--------------|
| turbine1 | -2.13e+08 | W        | 2.16e-01 | -         | 1.50e+02 | bar       | 8.80e-01 | -            |
| turbine2 | -9.03e+07 | W        | 5.66e-01 | -         | 1.65e+01 | bar       | 8.80e-01 | -            |
| turbine3 | -9.17e+07 | W        | 4.76e-01 | -         | 1.13e+01 | bar       | 8.80e-01 | -            |
| turbine4 | -1.00e+08 | W        | 3.81e-01 | -         | 6.34e+00 | bar       | 8.80e-01 | -            |
| turbine5 | -8.84e+07 | W        | 3.26e-01 | -         | 2.63e+00 | bar       | 8.80e-01 | -            |
| turbine6 | -9.38e+07 | W        | 1.98e-01 | -         | 1.02e+00 | bar       | 8.80e-01 | -            |
| turbine7 | -6.90e+07 | W        | 2.31e-01 | -         | 1.93e-01 | bar       | 8.80e-01 | -            |
+----------+-----------+----------+----------+-----------+----------+-----------+----------+--------------+
##### RESULTS (Valve) #####
+-------------+----------+-----------+----------+-----------+----------+----------------+
|             |       pr | pr_unit   |       dp | dp_unit   |     zeta | zeta_unit      |
|-------------+----------+-----------+----------+-----------+----------+----------------|
| valve_25_30 | 2.31e-01 | -         | 1.93e-01 | bar       | 3.16e+01 | (Pa*s)/(m^3*s) |
| valve_26_27 | 4.57e-02 | -         | 1.21e+00 | bar       | 1.90e+05 | (Pa*s)/(m^3*s) |
| valve_34_35 | 1.98e-01 | -         | 1.02e+00 | bar       | 3.08e+04 | (Pa*s)/(m^3*s) |
| valve_3_4   | 6.65e-03 | -         | 1.90e+02 | bar       | 2.84e+11 | (Pa*s)/(m^3*s) |
| valve_42_43 | 3.26e-01 | -         | 2.63e+00 | bar       | 3.48e+05 | (Pa*s)/(m^3*s) |
| valve_47_48 | 1.24e-01 | -         | 8.97e+00 | bar       | 3.47e+09 | (Pa*s)/(m^3*s) |
| valve_49_50 | 3.56e-01 | -         | 6.59e+00 | bar       | 5.71e+06 | (Pa*s)/(m^3*s) |
| valve_51_53 | 1.70e-01 | -         | 1.79e+01 | bar       | 3.40e+04 | (Pa*s)/(m^3*s) |
| valve_58_60 | 5.22e-01 | -         | 1.97e+01 | bar       | 1.76e+05 | (Pa*s)/(m^3*s) |
| valve_5_6   | 3.08e-02 | -         | 3.99e+01 | bar       | 5.02e+10 | (Pa*s)/(m^3*s) |
+-------------+----------+-----------+----------+-----------+----------+----------------+
##### RESULTS (FluidConnection) #####
+-------------------+-----------+----------+-----------+----------+-----------+----------+-----------+----------+------------+--------------+------------+---------------+-----------+----------+-----------+------------+------------+----------+-----------+----------+----------------------+---------+
|                   |         m | m_unit   |         p | p_unit   |         h | h_unit   |         T | T_unit   |      Td_bp | Td_bp_unit   |     Td_dew | Td_dew_unit   |         v | v_unit   |       vol | vol_unit   |          x | x_unit   |         s | s_unit   | phase                |   Water |
|-------------------+-----------+----------+-----------+----------+-----------+----------+-----------+----------+------------+--------------+------------+---------------+-----------+----------+-----------+------------+------------+----------+-----------+----------+----------------------+---------|
| c1                | 5.299e+02 | kg / s   | 3.800e+01 | bar      | 3.517e+03 | kJ / kg  | 5.300e+02 | C        |  2.827e+02 | K            | -2.827e+02 | K             | 5.039e+01 | m^3 / s  | 9.509e-02 | m^3 / kg   | -1.000e+00 | -        | 7.205e+03 | J / kgK  | state not recognised |       1 |
| c10               | 6.016e+01 | kg / s   | 2.150e+01 | bar      | 3.346e+03 | kJ / kg  | 4.455e+02 | C        |  2.294e+02 | K            | -2.294e+02 | K             | 9.077e+00 | m^3 / s  | 1.509e-01 | m^3 / kg   | -1.000e+00 | -        | 7.237e+03 | J / kgK  | state not recognised |       1 |
| c11               | 4.692e+02 | kg / s   | 1.024e+01 | bar      | 3.151e+03 | kJ / kg  | 3.469e+02 | C        |  1.660e+02 | K            | -1.660e+02 | K             | 1.287e+02 | m^3 / s  | 2.743e-01 | m^3 / kg   |  1.000e+00 | -        | 7.281e+03 | J / kgK  | g                    |       1 |
| c12               | 5.379e-01 | kg / s   | 1.024e+01 | bar      | 3.151e+03 | kJ / kg  | 3.469e+02 | C        |  1.660e+02 | K            | -1.660e+02 | K             | 1.475e-01 | m^3 / s  | 2.743e-01 | m^3 / kg   |  1.000e+00 | -        | 7.281e+03 | J / kgK  | g                    |       1 |
| c13               | 4.402e+02 | kg / s   | 3.900e+00 | bar      | 2.937e+03 | kJ / kg  | 2.365e+02 | C        |  9.380e+01 | K            | -9.380e+01 | K             | 2.615e+02 | m^3 / s  | 5.940e-01 | m^3 / kg   |  1.000e+00 | -        | 7.339e+03 | J / kgK  | g                    |       1 |
| c14               | 2.900e+01 | kg / s   | 3.900e+00 | bar      | 2.937e+03 | kJ / kg  | 2.365e+02 | C        |  9.380e+01 | K            | -9.380e+01 | K             | 1.723e+01 | m^3 / s  | 5.940e-01 | m^3 / kg   |  1.000e+00 | -        | 7.339e+03 | J / kgK  | g                    |       1 |
| c15               | 4.085e+02 | kg / s   | 1.270e+00 | bar      | 2.736e+03 | kJ / kg  | 1.309e+02 | C        |  2.450e+01 | K            | -2.450e+01 | K             | 5.919e+02 | m^3 / s  | 1.449e+00 | m^3 / kg   |  1.000e+00 | -        | 7.408e+03 | J / kgK  | g                    |       1 |
| c16               | 3.172e+01 | kg / s   | 1.270e+00 | bar      | 2.736e+03 | kJ / kg  | 1.309e+02 | C        |  2.450e+01 | K            | -2.450e+01 | K             | 4.596e+01 | m^3 / s  | 1.449e+00 | m^3 / kg   |  1.000e+00 | -        | 7.408e+03 | J / kgK  | g                    |       1 |
| c17               | 3.912e+02 | kg / s   | 2.510e-01 | bar      | 2.507e+03 | kJ / kg  | 6.505e+01 | C        |  0.000e+00 | K            |  0.000e+00 | K             | 2.303e+03 | m^3 / s  | 5.887e+00 | m^3 / kg   |  9.526e-01 | -        | 7.500e+03 | J / kgK  | tp                   |       1 |
| c18               | 1.732e+01 | kg / s   | 2.510e-01 | bar      | 2.507e+03 | kJ / kg  | 6.505e+01 | C        |  0.000e+00 | K            |  0.000e+00 | K             | 1.020e+02 | m^3 / s  | 5.887e+00 | m^3 / kg   |  9.526e-01 | -        | 7.500e+03 | J / kgK  | tp                   |       1 |
| c19               | 3.912e+02 | kg / s   | 5.800e-02 | bar      | 2.330e+03 | kJ / kg  | 3.554e+01 | C        |  0.000e+00 | K            |  0.000e+00 | K             | 8.651e+03 | m^3 / s  | 2.212e+01 | m^3 / kg   |  9.026e-01 | -        | 7.578e+03 | J / kgK  | tp                   |       1 |
| c2                | 5.805e+02 | kg / s   | 1.910e+02 | bar      | 3.347e+03 | kJ / kg  | 5.300e+02 | C        |  1.681e+02 | K            | -1.681e+02 | K             | 9.733e+00 | m^3 / s  | 1.677e-02 | m^3 / kg   | -1.000e+00 | -        | 6.297e+03 | J / kgK  | state not recognised |       1 |
| c20               | 1.316e+04 | kg / s   | 2.950e+00 | bar      | 1.283e+02 | kJ / kg  | 3.054e+01 | C        | -1.024e+02 | K            |  1.024e+02 | K             | 1.322e+01 | m^3 / s  | 1.004e-03 | m^3 / kg   |  0.000e+00 | -        | 4.441e+02 | J / kgK  | l                    |       1 |
| c21               | 1.316e+04 | kg / s   | 3.000e+00 | bar      | 6.327e+01 | kJ / kg  | 1.500e+01 | C        | -1.185e+02 | K            |  1.185e+02 | K             | 1.317e+01 | m^3 / s  | 1.001e-03 | m^3 / kg   |  0.000e+00 | -        | 2.244e+02 | J / kgK  | l                    |       1 |
| c22               | 4.692e+02 | kg / s   | 5.800e-02 | bar      | 1.489e+02 | kJ / kg  | 3.554e+01 | C        |  0.000e+00 | K            |  0.000e+00 | K             | 4.722e-01 | m^3 / s  | 1.006e-03 | m^3 / kg   |  0.000e+00 | -        | 5.125e+02 | J / kgK  | tp                   |       1 |
| c23               | 4.692e+02 | kg / s   | 4.000e+00 | bar      | 1.494e+02 | kJ / kg  | 3.558e+01 | C        | -1.080e+02 | K            |  1.080e+02 | K             | 4.721e-01 | m^3 / s  | 1.006e-03 | m^3 / kg   |  0.000e+00 | -        | 5.128e+02 | J / kgK  | l                    |       1 |
| c24               | 7.807e+01 | kg / s   | 5.800e-02 | bar      | 1.760e+02 | kJ / kg  | 3.554e+01 | C        |  0.000e+00 | K            |  0.000e+00 | K             | 2.156e+01 | m^3 / s  | 2.762e-01 | m^3 / kg   |  1.123e-02 | -        | 6.004e+02 | J / kgK  | tp                   |       1 |
| c25               | 7.735e+01 | kg / s   | 5.800e-02 | bar      | 1.735e+02 | kJ / kg  | 3.554e+01 | C        |  0.000e+00 | K            |  0.000e+00 | K             | 1.938e+01 | m^3 / s  | 2.506e-01 | m^3 / kg   |  1.019e-02 | -        | 5.922e+02 | J / kgK  | tp                   |       1 |
| c26               | 7.219e-01 | kg / s   | 5.800e-02 | bar      | 4.463e+02 | kJ / kg  | 3.554e+01 | C        |  0.000e+00 | K            |  0.000e+00 | K             | 2.178e+00 | m^3 / s  | 3.017e+00 | m^3 / kg   |  1.231e-01 | -        | 1.476e+03 | J / kgK  | tp                   |       1 |
| c27               | 7.219e-01 | kg / s   | 1.270e+00 | bar      | 4.463e+02 | kJ / kg  | 1.064e+02 | C        |  0.000e+00 | K            |  0.000e+00 | K             | 7.570e-04 | m^3 / s  | 1.049e-03 | m^3 / kg   |  0.000e+00 | -        | 1.379e+03 | J / kgK  | tp                   |       1 |
| c28               | 7.219e-01 | kg / s   | 1.270e+00 | bar      | 2.756e+03 | kJ / kg  | 1.405e+02 | C        |  3.407e+01 | K            | -3.407e+01 | K             | 1.072e+00 | m^3 / s  | 1.485e+00 | m^3 / kg   |  1.000e+00 | -        | 7.455e+03 | J / kgK  | g                    |       1 |
| c29               | 4.692e+02 | kg / s   | 3.950e+00 | bar      | 1.529e+02 | kJ / kg  | 3.643e+01 | C        | -1.067e+02 | K            |  1.067e+02 | K             | 4.722e-01 | m^3 / s  | 1.006e-03 | m^3 / kg   |  0.000e+00 | -        | 5.243e+02 | J / kgK  | l                    |       1 |
| c3                | 8.000e-03 | kg / s   | 1.910e+02 | bar      | 3.347e+03 | kJ / kg  | 5.300e+02 | C        |  1.681e+02 | K            | -1.681e+02 | K             | 1.341e-04 | m^3 / s  | 1.677e-02 | m^3 / kg   | -1.000e+00 | -        | 6.297e+03 | J / kgK  | state not recognised |       1 |
| c30               | 7.735e+01 | kg / s   | 2.510e-01 | bar      | 1.735e+02 | kJ / kg  | 4.143e+01 | C        | -2.362e+01 | K            |  2.362e+01 | K             | 7.800e-02 | m^3 / s  | 1.008e-03 | m^3 / kg   |  0.000e+00 | -        | 5.914e+02 | J / kgK  | l                    |       1 |
| c31               | 7.735e+01 | kg / s   | 2.510e-01 | bar      | 2.723e+02 | kJ / kg  | 6.505e+01 | C        |  0.000e+00 | K            |  0.000e+00 | K             | 7.889e-02 | m^3 / s  | 1.020e-03 | m^3 / kg   |  2.153e-17 | -        | 8.943e+02 | J / kgK  | tp                   |       1 |
| c32               | 4.692e+02 | kg / s   | 3.900e+00 | bar      | 1.692e+02 | kJ / kg  | 4.033e+01 | C        | -1.024e+02 | K            |  1.024e+02 | K             | 4.729e-01 | m^3 / s  | 1.008e-03 | m^3 / kg   |  0.000e+00 | -        | 5.766e+02 | J / kgK  | l                    |       1 |
| c33               | 4.692e+02 | kg / s   | 3.850e+00 | bar      | 2.517e+02 | kJ / kg  | 6.005e+01 | C        | -8.218e+01 | K            |  8.218e+01 | K             | 4.772e-01 | m^3 / s  | 1.017e-03 | m^3 / kg   |  0.000e+00 | -        | 8.318e+02 | J / kgK  | l                    |       1 |
| c34               | 6.003e+01 | kg / s   | 2.510e-01 | bar      | 2.724e+02 | kJ / kg  | 6.505e+01 | C        |  0.000e+00 | K            |  0.000e+00 | K             | 7.458e-02 | m^3 / s  | 1.242e-03 | m^3 / kg   |  3.600e-05 | -        | 8.945e+02 | J / kgK  | tp                   |       1 |
| c35               | 6.003e+01 | kg / s   | 1.270e+00 | bar      | 2.724e+02 | kJ / kg  | 6.505e+01 | C        | -4.138e+01 | K            |  4.138e+01 | K             | 6.122e-02 | m^3 / s  | 1.020e-03 | m^3 / kg   |  0.000e+00 | -        | 8.942e+02 | J / kgK  | l                    |       1 |
| c36               | 6.003e+01 | kg / s   | 1.270e+00 | bar      | 4.463e+02 | kJ / kg  | 1.064e+02 | C        |  0.000e+00 | K            |  0.000e+00 | K             | 6.295e-02 | m^3 / s  | 1.049e-03 | m^3 / kg   |  0.000e+00 | -        | 1.379e+03 | J / kgK  | tp                   |       1 |
| c37               | 4.692e+02 | kg / s   | 3.800e+00 | bar      | 2.740e+02 | kJ / kg  | 6.537e+01 | C        | -7.640e+01 | K            |  7.640e+01 | K             | 4.786e-01 | m^3 / s  | 1.020e-03 | m^3 / kg   |  0.000e+00 | -        | 8.980e+02 | J / kgK  | l                    |       1 |
| c38               | 3.103e+01 | kg / s   | 1.270e+00 | bar      | 2.736e+03 | kJ / kg  | 1.309e+02 | C        |  2.450e+01 | K            | -2.450e+01 | K             | 4.497e+01 | m^3 / s  | 1.449e+00 | m^3 / kg   |  1.000e+00 | -        | 7.408e+03 | J / kgK  | g                    |       1 |
| c39               | 6.879e-01 | kg / s   | 1.270e+00 | bar      | 2.736e+03 | kJ / kg  | 1.309e+02 | C        |  2.450e+01 | K            | -2.450e+01 | K             | 9.968e-01 | m^3 / s  | 1.449e+00 | m^3 / kg   |  1.000e+00 | -        | 7.408e+03 | J / kgK  | g                    |       1 |
| c4                | 8.000e-03 | kg / s   | 1.270e+00 | bar      | 3.347e+03 | kJ / kg  | 4.331e+02 | C        |  3.267e+02 | K            | -3.267e+02 | K             | 2.050e-02 | m^3 / s  | 2.563e+00 | m^3 / kg   | -1.000e+00 | -        | 8.534e+03 | J / kgK  | state not recognised |       1 |
| c40               | 3.400e-02 | kg / s   | 1.270e+00 | bar      | 3.147e+03 | kJ / kg  | 3.361e+02 | C        |  2.297e+02 | K            | -2.297e+02 | K             | 7.510e-02 | m^3 / s  | 2.209e+00 | m^3 / kg   |  1.000e+00 | -        | 8.230e+03 | J / kgK  | g                    |       1 |
| c41               | 4.692e+02 | kg / s   | 3.750e+00 | bar      | 4.254e+02 | kJ / kg  | 1.014e+02 | C        | -3.987e+01 | K            |  3.987e+01 | K             | 4.901e-01 | m^3 / s  | 1.044e-03 | m^3 / kg   |  0.000e+00 | -        | 1.323e+03 | J / kgK  | l                    |       1 |
| c42               | 2.900e+01 | kg / s   | 1.270e+00 | bar      | 4.465e+02 | kJ / kg  | 1.064e+02 | C        |  0.000e+00 | K            |  0.000e+00 | K             | 3.380e-02 | m^3 / s  | 1.166e-03 | m^3 / kg   |  8.647e-05 | -        | 1.380e+03 | J / kgK  | tp                   |       1 |
| c43               | 2.900e+01 | kg / s   | 3.900e+00 | bar      | 4.465e+02 | kJ / kg  | 1.064e+02 | C        | -3.627e+01 | K            |  3.627e+01 | K             | 3.041e-02 | m^3 / s  | 1.048e-03 | m^3 / kg   |  0.000e+00 | -        | 1.379e+03 | J / kgK  | l                    |       1 |
| c44               | 2.900e+01 | kg / s   | 3.900e+00 | bar      | 6.007e+02 | kJ / kg  | 1.427e+02 | C        |  0.000e+00 | K            |  0.000e+00 | K             | 3.140e-02 | m^3 / s  | 1.083e-03 | m^3 / kg   |  0.000e+00 | -        | 1.767e+03 | J / kgK  | tp                   |       1 |
| c45               | 4.692e+02 | kg / s   | 3.700e+00 | bar      | 4.349e+02 | kJ / kg  | 1.037e+02 | C        | -3.713e+01 | K            |  3.713e+01 | K             | 4.909e-01 | m^3 / s  | 1.046e-03 | m^3 / kg   |  0.000e+00 | -        | 1.348e+03 | J / kgK  | l                    |       1 |
| c46               | 4.692e+02 | kg / s   | 3.650e+00 | bar      | 5.793e+02 | kJ / kg  | 1.377e+02 | C        | -2.639e+00 | K            |  2.639e+00 | K             | 5.055e-01 | m^3 / s  | 1.077e-03 | m^3 / kg   |  0.000e+00 | -        | 1.715e+03 | J / kgK  | l                    |       1 |
| c47               | 1.600e-02 | kg / s   | 1.270e+00 | bar      | 3.151e+03 | kJ / kg  | 3.381e+02 | C        |  2.317e+02 | K            | -2.317e+02 | K             | 3.546e-02 | m^3 / s  | 2.216e+00 | m^3 / kg   |  1.000e+00 | -        | 8.236e+03 | J / kgK  | g                    |       1 |
| c48               | 1.600e-02 | kg / s   | 1.024e+01 | bar      | 3.151e+03 | kJ / kg  | 3.469e+02 | C        |  1.660e+02 | K            | -1.660e+02 | K             | 4.389e-03 | m^3 / s  | 2.743e-01 | m^3 / kg   |  1.000e+00 | -        | 7.281e+03 | J / kgK  | g                    |       1 |
| c49               | 5.219e-01 | kg / s   | 1.024e+01 | bar      | 3.151e+03 | kJ / kg  | 3.469e+02 | C        |  1.660e+02 | K            | -1.660e+02 | K             | 1.431e-01 | m^3 / s  | 2.743e-01 | m^3 / kg   |  1.000e+00 | -        | 7.281e+03 | J / kgK  | g                    |       1 |
| c5                | 1.000e-02 | kg / s   | 1.270e+00 | bar      | 2.980e+03 | kJ / kg  | 2.534e+02 | C        |  1.470e+02 | K            | -1.470e+02 | K             | 1.906e-02 | m^3 / s  | 1.906e+00 | m^3 / kg   |  1.000e+00 | -        | 7.936e+03 | J / kgK  | g                    |       1 |
| c50               | 5.219e-01 | kg / s   | 3.650e+00 | bar      | 3.151e+03 | kJ / kg  | 3.405e+02 | C        |  2.002e+02 | K            | -2.002e+02 | K             | 4.022e-01 | m^3 / s  | 7.707e-01 | m^3 / kg   |  1.000e+00 | -        | 7.751e+03 | J / kgK  | g                    |       1 |
| c51               | 1.107e+02 | kg / s   | 3.650e+00 | bar      | 6.264e+02 | kJ / kg  | 1.403e+02 | C        |  0.000e+00 | K            |  0.000e+00 | K             | 1.050e+00 | m^3 / s  | 9.480e-03 | m^3 / kg   |  1.671e-02 | -        | 1.829e+03 | J / kgK  | tp                   |       1 |
| c52               | 5.805e+02 | kg / s   | 3.650e+00 | bar      | 5.906e+02 | kJ / kg  | 1.403e+02 | C        |  0.000e+00 | K            |  0.000e+00 | K             | 6.270e-01 | m^3 / s  | 1.080e-03 | m^3 / kg   |  4.711e-17 | -        | 1.743e+03 | J / kgK  | tp                   |       1 |
| c53               | 1.107e+02 | kg / s   | 2.150e+01 | bar      | 6.264e+02 | kJ / kg  | 1.484e+02 | C        | -6.765e+01 | K            |  6.765e+01 | K             | 1.204e-01 | m^3 / s  | 1.088e-03 | m^3 / kg   |  0.000e+00 | -        | 1.824e+03 | J / kgK  | l                    |       1 |
| c54               | 5.805e+02 | kg / s   | 1.932e+02 | bar      | 6.161e+02 | kJ / kg  | 1.434e+02 | C        | -2.194e+02 | K            |  2.194e+02 | K             | 6.221e-01 | m^3 / s  | 1.072e-03 | m^3 / kg   |  0.000e+00 | -        | 1.755e+03 | J / kgK  | l                    |       1 |
| c55               | 1.107e+02 | kg / s   | 2.150e+01 | bar      | 9.254e+02 | kJ / kg  | 2.161e+02 | C        |  0.000e+00 | K            |  0.000e+00 | K             | 1.310e-01 | m^3 / s  | 1.183e-03 | m^3 / kg   |  0.000e+00 | -        | 2.481e+03 | J / kgK  | tp                   |       1 |
| c56               | 5.805e+02 | kg / s   | 1.932e+02 | bar      | 6.731e+02 | kJ / kg  | 1.568e+02 | C        | -2.060e+02 | K            |  2.060e+02 | K             | 6.302e-01 | m^3 / s  | 1.086e-03 | m^3 / kg   |  0.000e+00 | -        | 1.890e+03 | J / kgK  | l                    |       1 |
| c57               | 6.016e+01 | kg / s   | 2.150e+01 | bar      | 3.057e+03 | kJ / kg  | 3.161e+02 | C        |  1.000e+02 | K            | -1.000e+02 | K             | 7.236e+00 | m^3 / s  | 1.203e-01 | m^3 / kg   |  1.000e+00 | -        | 6.794e+03 | J / kgK  | g                    |       1 |
| c58               | 5.056e+01 | kg / s   | 2.150e+01 | bar      | 1.096e+03 | kJ / kg  | 2.161e+02 | C        |  0.000e+00 | K            |  0.000e+00 | K             | 4.814e-01 | m^3 / s  | 9.522e-03 | m^3 / kg   |  9.105e-02 | -        | 2.830e+03 | J / kgK  | tp                   |       1 |
| c59               | 5.805e+02 | kg / s   | 1.931e+02 | bar      | 9.089e+02 | kJ / kg  | 2.111e+02 | C        | -1.518e+02 | K            |  1.518e+02 | K             | 6.711e-01 | m^3 / s  | 1.156e-03 | m^3 / kg   |  0.000e+00 | -        | 2.406e+03 | J / kgK  | l                    |       1 |
| c6                | 1.000e-02 | kg / s   | 4.120e+01 | bar      | 2.980e+03 | kJ / kg  | 3.081e+02 | C        |  5.604e+01 | K            | -5.604e+01 | K             | 5.819e-04 | m^3 / s  | 5.819e-02 | m^3 / kg   |  1.000e+00 | -        | 6.384e+03 | J / kgK  | g                    |       1 |
| c60               | 5.056e+01 | kg / s   | 4.120e+01 | bar      | 1.096e+03 | kJ / kg  | 2.521e+02 | C        |  0.000e+00 | K            |  0.000e+00 | K             | 6.354e-02 | m^3 / s  | 1.257e-03 | m^3 / kg   | -1.185e-16 | -        | 2.813e+03 | J / kgK  | tp                   |       1 |
| c61               | 5.056e+01 | kg / s   | 4.120e+01 | bar      | 2.980e+03 | kJ / kg  | 3.081e+02 | C        |  5.604e+01 | K            | -5.604e+01 | K             | 2.942e+00 | m^3 / s  | 5.819e-02 | m^3 / kg   |  1.000e+00 | -        | 6.384e+03 | J / kgK  | g                    |       1 |
| c62               | 5.805e+02 | kg / s   | 1.931e+02 | bar      | 1.073e+03 | kJ / kg  | 2.471e+02 | C        | -1.157e+02 | K            |  1.157e+02 | K             | 7.084e-01 | m^3 / s  | 1.220e-03 | m^3 / kg   |  0.000e+00 | -        | 2.733e+03 | J / kgK  | l                    |       1 |
| c63               | 5.805e+02 | kg / s   | 1.930e+02 | bar      | 1.103e+03 | kJ / kg  | 2.535e+02 | C        | -1.093e+02 | K            |  1.093e+02 | K             | 7.162e-01 | m^3 / s  | 1.234e-03 | m^3 / kg   |  0.000e+00 | -        | 2.790e+03 | J / kgK  | l                    |       1 |
| c64               | 5.299e+02 | kg / s   | 4.120e+01 | bar      | 2.980e+03 | kJ / kg  | 3.081e+02 | C        |  5.604e+01 | K            | -5.604e+01 | K             | 3.084e+01 | m^3 / s  | 5.819e-02 | m^3 / kg   |  1.000e+00 | -        | 6.384e+03 | J / kgK  | g                    |       1 |
| c65               | 1.800e-02 | kg / s   | 1.270e+00 | bar      | 3.143e+03 | kJ / kg  | 3.343e+02 | C        |  2.279e+02 | K            | -2.279e+02 | K             | 3.964e-02 | m^3 / s  | 2.202e+00 | m^3 / kg   |  1.000e+00 | -        | 8.224e+03 | J / kgK  | g                    |       1 |
| c7                | 5.805e+02 | kg / s   | 1.910e+02 | bar      | 3.347e+03 | kJ / kg  | 5.300e+02 | C        |  1.681e+02 | K            | -1.681e+02 | K             | 9.733e+00 | m^3 / s  | 1.677e-02 | m^3 / kg   | -1.000e+00 | -        | 6.297e+03 | J / kgK  | state not recognised |       1 |
| c8                | 5.805e+02 | kg / s   | 4.120e+01 | bar      | 2.980e+03 | kJ / kg  | 3.081e+02 | C        |  5.604e+01 | K            | -5.604e+01 | K             | 3.378e+01 | m^3 / s  | 5.819e-02 | m^3 / kg   |  1.000e+00 | -        | 6.384e+03 | J / kgK  | g                    |       1 |
| c9                | 4.697e+02 | kg / s   | 2.150e+01 | bar      | 3.346e+03 | kJ / kg  | 4.455e+02 | C        |  2.294e+02 | K            | -2.294e+02 | K             | 7.087e+01 | m^3 / s  | 1.509e-01 | m^3 / kg   | -1.000e+00 | -        | 7.237e+03 | J / kgK  | state not recognised |       1 |
| condenser_hot_in  | 4.692e+02 | kg / s   | 5.800e-02 | bar      | 1.972e+03 | kJ / kg  | 3.554e+01 | C        |  0.000e+00 | K            |  0.000e+00 | K             | 8.673e+03 | m^3 / s  | 1.848e+01 | m^3 / kg   |  7.543e-01 | -        | 6.417e+03 | J / kgK  | tp                   |       1 |
| d65               | 1.800e-02 | kg / s   | 1.270e+00 | bar      | 3.143e+03 | kJ / kg  | 3.343e+02 | C        |  2.279e+02 | K            | -2.279e+02 | K             | 3.964e-02 | m^3 / s  | 2.202e+00 | m^3 / kg   |  1.000e+00 | -        | 8.224e+03 | J / kgK  | g                    |       1 |
| deaerator_cold_in | 5.800e+02 | kg / s   | 3.650e+00 | bar      | 5.883e+02 | kJ / kg  | 1.398e+02 | C        | -5.380e-01 | K            |  5.380e-01 | K             | 6.261e-01 | m^3 / s  | 1.080e-03 | m^3 / kg   |  0.000e+00 | -        | 1.737e+03 | J / kgK  | l                    |       1 |
| deaerator_drain   | 0.000e+00 | kg / s   | 3.650e+00 | bar      | 2.734e+03 | kJ / kg  | 1.403e+02 | C        |  0.000e+00 | K            |  0.000e+00 | K             | 0.000e+00 | m^3 / s  | 5.039e-01 | m^3 / kg   |  1.000e+00 | -        | 6.926e+03 | J / kgK  | tp                   |       1 |
| heater_b_hot_in   | 1.107e+02 | kg / s   | 2.150e+01 | bar      | 2.162e+03 | kJ / kg  | 2.161e+02 | C        |  0.000e+00 | K            |  0.000e+00 | K             | 6.820e+00 | m^3 / s  | 6.160e-02 | m^3 / kg   |  6.596e-01 | -        | 5.008e+03 | J / kgK  | tp                   |       1 |
| heater_g_hot_in   | 6.003e+01 | kg / s   | 1.270e+00 | bar      | 1.630e+03 | kJ / kg  | 1.064e+02 | C        |  0.000e+00 | K            |  0.000e+00 | K             | 4.302e+01 | m^3 / s  | 7.166e-01 | m^3 / kg   |  5.286e-01 | -        | 4.498e+03 | J / kgK  | tp                   |       1 |
| heater_i_hot_in   | 7.735e+01 | kg / s   | 2.510e-01 | bar      | 7.726e+02 | kJ / kg  | 6.505e+01 | C        |  0.000e+00 | K            |  0.000e+00 | K             | 1.020e+02 | m^3 / s  | 1.319e+00 | m^3 / kg   |  2.133e-01 | -        | 2.374e+03 | J / kgK  | tp                   |       1 |
| turbine1_out      | 5.805e+02 | kg / s   | 4.120e+01 | bar      | 2.980e+03 | kJ / kg  | 3.081e+02 | C        |  5.604e+01 | K            | -5.604e+01 | K             | 3.378e+01 | m^3 / s  | 5.819e-02 | m^3 / kg   |  1.000e+00 | -        | 6.384e+03 | J / kgK  | g                    |       1 |
| turbine2_out      | 5.299e+02 | kg / s   | 2.150e+01 | bar      | 3.346e+03 | kJ / kg  | 4.455e+02 | C        |  2.294e+02 | K            | -2.294e+02 | K             | 7.994e+01 | m^3 / s  | 1.509e-01 | m^3 / kg   | -1.000e+00 | -        | 7.237e+03 | J / kgK  | state not recognised |       1 |
| turbine3_out      | 4.697e+02 | kg / s   | 1.024e+01 | bar      | 3.151e+03 | kJ / kg  | 3.469e+02 | C        |  1.660e+02 | K            | -1.660e+02 | K             | 1.288e+02 | m^3 / s  | 2.743e-01 | m^3 / kg   |  1.000e+00 | -        | 7.281e+03 | J / kgK  | g                    |       1 |
| turbine4_out      | 4.692e+02 | kg / s   | 3.900e+00 | bar      | 2.937e+03 | kJ / kg  | 2.365e+02 | C        |  9.380e+01 | K            | -9.380e+01 | K             | 2.787e+02 | m^3 / s  | 5.940e-01 | m^3 / kg   |  1.000e+00 | -        | 7.339e+03 | J / kgK  | g                    |       1 |
| turbine5_out      | 4.402e+02 | kg / s   | 1.270e+00 | bar      | 2.736e+03 | kJ / kg  | 1.309e+02 | C        |  2.450e+01 | K            | -2.450e+01 | K             | 6.379e+02 | m^3 / s  | 1.449e+00 | m^3 / kg   |  1.000e+00 | -        | 7.408e+03 | J / kgK  | g                    |       1 |
| turbine6_out      | 4.085e+02 | kg / s   | 2.510e-01 | bar      | 2.507e+03 | kJ / kg  | 6.505e+01 | C        |  0.000e+00 | K            |  0.000e+00 | K             | 2.405e+03 | m^3 / s  | 5.887e+00 | m^3 / kg   |  9.526e-01 | -        | 7.500e+03 | J / kgK  | tp                   |       1 |
+-------------------+-----------+----------+-----------+----------+-----------+----------+-----------+----------+------------+--------------+------------+---------------+-----------+----------+-----------+------------+------------+----------+-----------+----------+----------------------+---------+
##### RESULTS (Nodes: Condenser: condenser) #####
+-------------------------------------+-------------+-------------+-------------+-------------+-------------+-------------+-------------+-------------+-------------+-------------+-------------+-------------+-------------+-------------+-------------+-------------+-------------+-------------+-------------+-------------+-------------+-------------+-------------+-------------+-------------+-------------+-------------+-------------+-------------+-------------+-------------+-------------+-------------+-------------+-------------+-------------+-------------+-------------+-------------+-------------+
|                                     |           0 |           1 |           2 |           3 |           4 |           5 |           6 |           7 |           8 |           9 |          10 |          11 |          12 |          13 |          14 |          15 |          16 |          17 |          18 |          19 |          20 |          21 |          22 |          23 |          24 |          25 |          26 |          27 |          28 |          29 |          30 |          31 |          32 |          33 |          34 |          35 |          36 |          37 |          38 |          39 |
|-------------------------------------+-------------+-------------+-------------+-------------+-------------+-------------+-------------+-------------+-------------+-------------+-------------+-------------+-------------+-------------+-------------+-------------+-------------+-------------+-------------+-------------+-------------+-------------+-------------+-------------+-------------+-------------+-------------+-------------+-------------+-------------+-------------+-------------+-------------+-------------+-------------+-------------+-------------+-------------+-------------+-------------|
| hot_side---pressure (bar)           |   5.800e-02 |   5.800e-02 |   5.800e-02 |   5.800e-02 |   5.800e-02 |   5.800e-02 |   5.800e-02 |   5.800e-02 |   5.800e-02 |   5.800e-02 |   5.800e-02 |   5.800e-02 |   5.800e-02 |   5.800e-02 |   5.800e-02 |   5.800e-02 |   5.800e-02 |   5.800e-02 |   5.800e-02 |   5.800e-02 |   5.800e-02 |   5.800e-02 |   5.800e-02 |   5.800e-02 |   5.800e-02 |   5.800e-02 |   5.800e-02 |   5.800e-02 |   5.800e-02 |   5.800e-02 |   5.800e-02 |   5.800e-02 |   5.800e-02 |   5.800e-02 |   5.800e-02 |   5.800e-02 |   5.800e-02 |   5.800e-02 |   5.800e-02 |   5.800e-02 |
| hot_side---enthalpy (kJ / kg)       |   1.972e+03 |   1.950e+03 |   1.927e+03 |   1.904e+03 |   1.880e+03 |   1.854e+03 |   1.828e+03 |   1.801e+03 |   1.773e+03 |   1.744e+03 |   1.713e+03 |   1.682e+03 |   1.649e+03 |   1.616e+03 |   1.581e+03 |   1.544e+03 |   1.507e+03 |   1.468e+03 |   1.427e+03 |   1.385e+03 |   1.385e+03 |   1.340e+03 |   1.293e+03 |   1.244e+03 |   1.193e+03 |   1.140e+03 |   1.086e+03 |   1.029e+03 |   9.698e+02 |   9.085e+02 |   8.448e+02 |   7.786e+02 |   7.099e+02 |   6.386e+02 |   5.645e+02 |   4.876e+02 |   4.076e+02 |   3.246e+02 |   2.384e+02 |   1.489e+02 |
| hot_side---temperature (C)          |   3.554e+01 |   3.554e+01 |   3.554e+01 |   3.554e+01 |   3.554e+01 |   3.554e+01 |   3.554e+01 |   3.554e+01 |   3.554e+01 |   3.554e+01 |   3.554e+01 |   3.554e+01 |   3.554e+01 |   3.554e+01 |   3.554e+01 |   3.554e+01 |   3.554e+01 |   3.554e+01 |   3.554e+01 |   3.554e+01 |   3.554e+01 |   3.554e+01 |   3.554e+01 |   3.554e+01 |   3.554e+01 |   3.554e+01 |   3.554e+01 |   3.554e+01 |   3.554e+01 |   3.554e+01 |   3.554e+01 |   3.554e+01 |   3.554e+01 |   3.554e+01 |   3.554e+01 |   3.554e+01 |   3.554e+01 |   3.554e+01 |   3.554e+01 |   3.554e+01 |
| hot_side---vapor mass fraction (-)  |   7.543e-01 |   7.453e-01 |   7.359e-01 |   7.262e-01 |   7.161e-01 |   7.057e-01 |   6.949e-01 |   6.837e-01 |   6.720e-01 |   6.599e-01 |   6.474e-01 |   6.344e-01 |   6.209e-01 |   6.070e-01 |   5.925e-01 |   5.774e-01 |   5.618e-01 |   5.457e-01 |   5.289e-01 |   5.115e-01 |   5.115e-01 |   4.928e-01 |   4.733e-01 |   4.531e-01 |   4.321e-01 |   4.103e-01 |   3.876e-01 |   3.641e-01 |   3.397e-01 |   3.143e-01 |   2.880e-01 |   2.606e-01 |   2.322e-01 |   2.026e-01 |   1.720e-01 |   1.401e-01 |   1.071e-01 |   7.272e-02 |   3.705e-02 |   0.000e+00 |
| hot_side---differ number ()         |   2.000e+00 |   2.000e+00 |   2.000e+00 |   2.000e+00 |   2.000e+00 |   2.000e+00 |   2.000e+00 |   2.000e+00 |   2.000e+00 |   2.000e+00 |   2.000e+00 |   2.000e+00 |   2.000e+00 |   2.000e+00 |   2.000e+00 |   2.000e+00 |   2.000e+00 |   2.000e+00 |   2.000e+00 |   2.000e+00 |   2.000e+00 |   2.000e+00 |   2.000e+00 |   2.000e+00 |   2.000e+00 |   2.000e+00 |   2.000e+00 |   2.000e+00 |   2.000e+00 |   2.000e+00 |   2.000e+00 |   2.000e+00 |   2.000e+00 |   2.000e+00 |   2.000e+00 |   2.000e+00 |   2.000e+00 |   2.000e+00 |   2.000e+00 |   2.181e+01 |
| cold_side---pressure (bar)          |   2.950e+00 |   2.951e+00 |   2.953e+00 |   2.954e+00 |   2.955e+00 |   2.957e+00 |   2.958e+00 |   2.959e+00 |   2.961e+00 |   2.962e+00 |   2.963e+00 |   2.964e+00 |   2.966e+00 |   2.967e+00 |   2.968e+00 |   2.970e+00 |   2.971e+00 |   2.972e+00 |   2.974e+00 |   2.975e+00 |   2.975e+00 |   2.976e+00 |   2.978e+00 |   2.979e+00 |   2.980e+00 |   2.982e+00 |   2.983e+00 |   2.984e+00 |   2.986e+00 |   2.987e+00 |   2.988e+00 |   2.989e+00 |   2.991e+00 |   2.992e+00 |   2.993e+00 |   2.995e+00 |   2.996e+00 |   2.997e+00 |   2.999e+00 |   3.000e+00 |
| cold_side---enthalpy (kJ / kg)      |   1.283e+02 |   1.275e+02 |   1.267e+02 |   1.258e+02 |   1.250e+02 |   1.241e+02 |   1.231e+02 |   1.222e+02 |   1.212e+02 |   1.201e+02 |   1.191e+02 |   1.179e+02 |   1.168e+02 |   1.156e+02 |   1.143e+02 |   1.130e+02 |   1.117e+02 |   1.103e+02 |   1.088e+02 |   1.073e+02 |   1.073e+02 |   1.057e+02 |   1.041e+02 |   1.023e+02 |   1.005e+02 |   9.862e+01 |   9.667e+01 |   9.464e+01 |   9.254e+01 |   9.035e+01 |   8.808e+01 |   8.572e+01 |   8.327e+01 |   8.073e+01 |   7.809e+01 |   7.534e+01 |   7.249e+01 |   6.953e+01 |   6.646e+01 |   6.327e+01 |
| cold_side---temperature (C)         |   3.054e+01 |   3.036e+01 |   3.016e+01 |   2.996e+01 |   2.976e+01 |   2.954e+01 |   2.932e+01 |   2.909e+01 |   2.885e+01 |   2.860e+01 |   2.834e+01 |   2.807e+01 |   2.779e+01 |   2.750e+01 |   2.721e+01 |   2.690e+01 |   2.657e+01 |   2.624e+01 |   2.590e+01 |   2.554e+01 |   2.554e+01 |   2.515e+01 |   2.475e+01 |   2.433e+01 |   2.390e+01 |   2.345e+01 |   2.298e+01 |   2.250e+01 |   2.200e+01 |   2.147e+01 |   2.093e+01 |   2.037e+01 |   1.978e+01 |   1.917e+01 |   1.854e+01 |   1.788e+01 |   1.720e+01 |   1.650e+01 |   1.576e+01 |   1.500e+01 |
| cold_side---vapor mass fraction (-) | nan         | nan         | nan         | nan         | nan         | nan         | nan         | nan         | nan         | nan         | nan         | nan         | nan         | nan         | nan         | nan         | nan         | nan         | nan         | nan         | nan         | nan         | nan         | nan         | nan         | nan         | nan         | nan         | nan         | nan         | nan         | nan         | nan         | nan         | nan         | nan         | nan         | nan         | nan         | nan         |
| cold_side---differ number ()        |   3.413e+00 |   3.413e+00 |   3.413e+00 |   3.413e+00 |   3.413e+00 |   3.413e+00 |   3.413e+00 |   3.413e+00 |   3.413e+00 |   3.413e+00 |   3.413e+00 |   3.413e+00 |   3.413e+00 |   3.413e+00 |   3.413e+00 |   3.413e+00 |   3.413e+00 |   3.413e+00 |   3.413e+00 |   3.413e+00 |   3.413e+00 |   3.413e+00 |   3.412e+00 |   3.412e+00 |   3.412e+00 |   3.412e+00 |   3.412e+00 |   3.412e+00 |   3.412e+00 |   3.412e+00 |   3.412e+00 |   3.412e+00 |   3.412e+00 |   3.411e+00 |   3.411e+00 |   3.411e+00 |   3.411e+00 |   3.411e+00 |   3.410e+00 |   3.410e+00 |
+-------------------------------------+-------------+-------------+-------------+-------------+-------------+-------------+-------------+-------------+-------------+-------------+-------------+-------------+-------------+-------------+-------------+-------------+-------------+-------------+-------------+-------------+-------------+-------------+-------------+-------------+-------------+-------------+-------------+-------------+-------------+-------------+-------------+-------------+-------------+-------------+-------------+-------------+-------------+-------------+-------------+-------------+
##### RESULTS (Nodes: HeatExchanger: heatexchanger_a) #####
+-------------------------------------+-------------+-------------+-------------+-------------+-------------+-------------+-------------+-------------+-------------+-------------+-------------+-------------+-------------+-------------+-------------+-------------+-------------+-------------+-------------+-------------+-------------+-------------+-------------+-------------+-------------+-------------+-------------+-------------+-------------+-------------+-------------+-------------+-------------+-------------+-------------+-------------+-------------+-------------+-------------+-------------+
|                                     |           0 |           1 |           2 |           3 |           4 |           5 |           6 |           7 |           8 |           9 |          10 |          11 |          12 |          13 |          14 |          15 |          16 |          17 |          18 |          19 |          20 |          21 |          22 |          23 |          24 |          25 |          26 |          27 |          28 |          29 |          30 |          31 |          32 |          33 |          34 |          35 |          36 |          37 |          38 |          39 |
|-------------------------------------+-------------+-------------+-------------+-------------+-------------+-------------+-------------+-------------+-------------+-------------+-------------+-------------+-------------+-------------+-------------+-------------+-------------+-------------+-------------+-------------+-------------+-------------+-------------+-------------+-------------+-------------+-------------+-------------+-------------+-------------+-------------+-------------+-------------+-------------+-------------+-------------+-------------+-------------+-------------+-------------|
| hot_side---pressure (bar)           |   2.150e+01 |   2.150e+01 |   2.150e+01 |   2.150e+01 |   2.150e+01 |   2.150e+01 |   2.150e+01 |   2.150e+01 |   2.150e+01 |   2.150e+01 |   2.150e+01 |   2.150e+01 |   2.150e+01 |   2.150e+01 |   2.150e+01 |   2.150e+01 |   2.150e+01 |   2.150e+01 |   2.150e+01 |   2.150e+01 |   2.150e+01 |   2.150e+01 |   2.150e+01 |   2.150e+01 |   2.150e+01 |   2.150e+01 |   2.150e+01 |   2.150e+01 |   2.150e+01 |   2.150e+01 |   2.150e+01 |   2.150e+01 |   2.150e+01 |   2.150e+01 |   2.150e+01 |   2.150e+01 |   2.150e+01 |   2.150e+01 |   2.150e+01 |   2.150e+01 |
| hot_side---enthalpy (kJ / kg)       |   9.254e+02 |   9.045e+02 |   8.848e+02 |   8.664e+02 |   8.491e+02 |   8.329e+02 |   8.178e+02 |   8.035e+02 |   7.902e+02 |   7.778e+02 |   7.661e+02 |   7.552e+02 |   7.450e+02 |   7.355e+02 |   7.265e+02 |   7.182e+02 |   7.104e+02 |   7.031e+02 |   6.963e+02 |   6.899e+02 |   6.899e+02 |   6.843e+02 |   6.791e+02 |   6.742e+02 |   6.695e+02 |   6.652e+02 |   6.611e+02 |   6.573e+02 |   6.538e+02 |   6.504e+02 |   6.473e+02 |   6.443e+02 |   6.415e+02 |   6.389e+02 |   6.365e+02 |   6.342e+02 |   6.321e+02 |   6.301e+02 |   6.282e+02 |   6.264e+02 |
| hot_side---temperature (C)          |   2.161e+02 |   2.115e+02 |   2.072e+02 |   2.031e+02 |   1.992e+02 |   1.956e+02 |   1.922e+02 |   1.890e+02 |   1.860e+02 |   1.832e+02 |   1.806e+02 |   1.781e+02 |   1.758e+02 |   1.736e+02 |   1.715e+02 |   1.696e+02 |   1.678e+02 |   1.662e+02 |   1.646e+02 |   1.631e+02 |   1.631e+02 |   1.618e+02 |   1.606e+02 |   1.595e+02 |   1.584e+02 |   1.574e+02 |   1.565e+02 |   1.556e+02 |   1.548e+02 |   1.540e+02 |   1.533e+02 |   1.526e+02 |   1.519e+02 |   1.513e+02 |   1.508e+02 |   1.502e+02 |   1.497e+02 |   1.493e+02 |   1.488e+02 |   1.484e+02 |
| hot_side---vapor mass fraction (-)  |   0.000e+00 | nan         | nan         | nan         | nan         | nan         | nan         | nan         | nan         | nan         | nan         | nan         | nan         | nan         | nan         | nan         | nan         | nan         | nan         | nan         | nan         | nan         | nan         | nan         | nan         | nan         | nan         | nan         | nan         | nan         | nan         | nan         | nan         | nan         | nan         | nan         | nan         | nan         | nan         | nan         |
| hot_side---differ number ()         |   3.463e+00 |   4.946e+00 |   4.963e+00 |   4.978e+00 |   4.992e+00 |   5.005e+00 |   5.016e+00 |   5.026e+00 |   5.035e+00 |   5.043e+00 |   5.051e+00 |   5.058e+00 |   5.064e+00 |   5.070e+00 |   5.075e+00 |   5.079e+00 |   5.084e+00 |   5.088e+00 |   5.091e+00 |   5.095e+00 |   5.095e+00 |   5.098e+00 |   5.100e+00 |   5.103e+00 |   5.105e+00 |   5.107e+00 |   5.109e+00 |   5.111e+00 |   5.113e+00 |   5.114e+00 |   5.116e+00 |   5.117e+00 |   5.118e+00 |   5.119e+00 |   5.121e+00 |   5.122e+00 |   5.123e+00 |   5.123e+00 |   5.124e+00 |   5.125e+00 |
| cold_side---pressure (bar)          |   1.932e+02 |   1.932e+02 |   1.932e+02 |   1.932e+02 |   1.932e+02 |   1.932e+02 |   1.932e+02 |   1.932e+02 |   1.932e+02 |   1.932e+02 |   1.932e+02 |   1.932e+02 |   1.932e+02 |   1.932e+02 |   1.932e+02 |   1.932e+02 |   1.932e+02 |   1.932e+02 |   1.932e+02 |   1.932e+02 |   1.932e+02 |   1.932e+02 |   1.932e+02 |   1.932e+02 |   1.932e+02 |   1.932e+02 |   1.932e+02 |   1.932e+02 |   1.932e+02 |   1.932e+02 |   1.932e+02 |   1.932e+02 |   1.932e+02 |   1.932e+02 |   1.932e+02 |   1.932e+02 |   1.932e+02 |   1.932e+02 |   1.932e+02 |   1.932e+02 |
| cold_side---enthalpy (kJ / kg)      |   6.731e+02 |   6.691e+02 |   6.654e+02 |   6.619e+02 |   6.586e+02 |   6.555e+02 |   6.526e+02 |   6.499e+02 |   6.473e+02 |   6.450e+02 |   6.427e+02 |   6.407e+02 |   6.387e+02 |   6.369e+02 |   6.352e+02 |   6.336e+02 |   6.321e+02 |   6.307e+02 |   6.294e+02 |   6.282e+02 |   6.282e+02 |   6.271e+02 |   6.261e+02 |   6.252e+02 |   6.243e+02 |   6.235e+02 |   6.227e+02 |   6.220e+02 |   6.213e+02 |   6.207e+02 |   6.201e+02 |   6.195e+02 |   6.190e+02 |   6.185e+02 |   6.180e+02 |   6.176e+02 |   6.172e+02 |   6.168e+02 |   6.164e+02 |   6.161e+02 |
| cold_side---temperature (C)         |   1.568e+02 |   1.559e+02 |   1.550e+02 |   1.542e+02 |   1.534e+02 |   1.527e+02 |   1.520e+02 |   1.514e+02 |   1.508e+02 |   1.502e+02 |   1.497e+02 |   1.492e+02 |   1.488e+02 |   1.483e+02 |   1.479e+02 |   1.475e+02 |   1.472e+02 |   1.469e+02 |   1.466e+02 |   1.463e+02 |   1.463e+02 |   1.460e+02 |   1.458e+02 |   1.456e+02 |   1.454e+02 |   1.452e+02 |   1.450e+02 |   1.448e+02 |   1.446e+02 |   1.445e+02 |   1.444e+02 |   1.442e+02 |   1.441e+02 |   1.440e+02 |   1.439e+02 |   1.438e+02 |   1.437e+02 |   1.436e+02 |   1.435e+02 |   1.434e+02 |
| cold_side---vapor mass fraction (-) | nan         | nan         | nan         | nan         | nan         | nan         | nan         | nan         | nan         | nan         | nan         | nan         | nan         | nan         | nan         | nan         | nan         | nan         | nan         | nan         | nan         | nan         | nan         | nan         | nan         | nan         | nan         | nan         | nan         | nan         | nan         | nan         | nan         | nan         | nan         | nan         | nan         | nan         | nan         | nan         |
| cold_side---differ number ()        |   2.600e+00 |   2.601e+00 |   2.601e+00 |   2.601e+00 |   2.602e+00 |   2.602e+00 |   2.602e+00 |   2.602e+00 |   2.602e+00 |   2.603e+00 |   2.603e+00 |   2.603e+00 |   2.603e+00 |   2.603e+00 |   2.603e+00 |   2.603e+00 |   2.604e+00 |   2.604e+00 |   2.604e+00 |   2.604e+00 |   2.604e+00 |   2.604e+00 |   2.604e+00 |   2.604e+00 |   2.604e+00 |   2.604e+00 |   2.604e+00 |   2.604e+00 |   2.604e+00 |   2.604e+00 |   2.604e+00 |   2.604e+00 |   2.604e+00 |   2.604e+00 |   2.604e+00 |   2.605e+00 |   2.605e+00 |   2.605e+00 |   2.605e+00 |   2.605e+00 |
+-------------------------------------+-------------+-------------+-------------+-------------+-------------+-------------+-------------+-------------+-------------+-------------+-------------+-------------+-------------+-------------+-------------+-------------+-------------+-------------+-------------+-------------+-------------+-------------+-------------+-------------+-------------+-------------+-------------+-------------+-------------+-------------+-------------+-------------+-------------+-------------+-------------+-------------+-------------+-------------+-------------+-------------+
##### RESULTS (Nodes: ExtractHeatExchanger: heatexchanger_b) #####
+-------------------------------------+-------------+-------------+-------------+-------------+-------------+-------------+-------------+-------------+-------------+-------------+-------------+-------------+-------------+-------------+-------------+-------------+-------------+-------------+-------------+-------------+-------------+-------------+-------------+-------------+-------------+-------------+-------------+-------------+-------------+-------------+-------------+-------------+-------------+-------------+-------------+-------------+-------------+-------------+-------------+-------------+
|                                     |           0 |           1 |           2 |           3 |           4 |           5 |           6 |           7 |           8 |           9 |          10 |          11 |          12 |          13 |          14 |          15 |          16 |          17 |          18 |          19 |          20 |          21 |          22 |          23 |          24 |          25 |          26 |          27 |          28 |          29 |          30 |          31 |          32 |          33 |          34 |          35 |          36 |          37 |          38 |          39 |
|-------------------------------------+-------------+-------------+-------------+-------------+-------------+-------------+-------------+-------------+-------------+-------------+-------------+-------------+-------------+-------------+-------------+-------------+-------------+-------------+-------------+-------------+-------------+-------------+-------------+-------------+-------------+-------------+-------------+-------------+-------------+-------------+-------------+-------------+-------------+-------------+-------------+-------------+-------------+-------------+-------------+-------------|
| hot_side---pressure (bar)           |   2.150e+01 |   2.150e+01 |   2.150e+01 |   2.150e+01 |   2.150e+01 |   2.150e+01 |   2.150e+01 |   2.150e+01 |   2.150e+01 |   2.150e+01 |   2.150e+01 |   2.150e+01 |   2.150e+01 |   2.150e+01 |   2.150e+01 |   2.150e+01 |   2.150e+01 |   2.150e+01 |   2.150e+01 |   2.150e+01 |   2.150e+01 |   2.150e+01 |   2.150e+01 |   2.150e+01 |   2.150e+01 |   2.150e+01 |   2.150e+01 |   2.150e+01 |   2.150e+01 |   2.150e+01 |   2.150e+01 |   2.150e+01 |   2.150e+01 |   2.150e+01 |   2.150e+01 |   2.150e+01 |   2.150e+01 |   2.150e+01 |   2.150e+01 |   2.150e+01 |
| hot_side---enthalpy (kJ / kg)       |   2.162e+03 |   2.154e+03 |   2.146e+03 |   2.138e+03 |   2.129e+03 |   2.119e+03 |   2.109e+03 |   2.098e+03 |   2.087e+03 |   2.075e+03 |   2.061e+03 |   2.048e+03 |   2.033e+03 |   2.017e+03 |   2.000e+03 |   1.982e+03 |   1.963e+03 |   1.943e+03 |   1.922e+03 |   1.899e+03 |   1.899e+03 |   1.873e+03 |   1.845e+03 |   1.815e+03 |   1.783e+03 |   1.749e+03 |   1.713e+03 |   1.674e+03 |   1.632e+03 |   1.587e+03 |   1.540e+03 |   1.489e+03 |   1.434e+03 |   1.375e+03 |   1.312e+03 |   1.245e+03 |   1.173e+03 |   1.096e+03 |   1.014e+03 |   9.254e+02 |
| hot_side---temperature (C)          |   2.161e+02 |   2.161e+02 |   2.161e+02 |   2.161e+02 |   2.161e+02 |   2.161e+02 |   2.161e+02 |   2.161e+02 |   2.161e+02 |   2.161e+02 |   2.161e+02 |   2.161e+02 |   2.161e+02 |   2.161e+02 |   2.161e+02 |   2.161e+02 |   2.161e+02 |   2.161e+02 |   2.161e+02 |   2.161e+02 |   2.161e+02 |   2.161e+02 |   2.161e+02 |   2.161e+02 |   2.161e+02 |   2.161e+02 |   2.161e+02 |   2.161e+02 |   2.161e+02 |   2.161e+02 |   2.161e+02 |   2.161e+02 |   2.161e+02 |   2.161e+02 |   2.161e+02 |   2.161e+02 |   2.161e+02 |   2.161e+02 |   2.161e+02 |   2.161e+02 |
| hot_side---vapor mass fraction (-)  |   6.596e-01 |   6.556e-01 |   6.514e-01 |   6.469e-01 |   6.421e-01 |   6.370e-01 |   6.316e-01 |   6.258e-01 |   6.196e-01 |   6.131e-01 |   6.061e-01 |   5.987e-01 |   5.908e-01 |   5.824e-01 |   5.735e-01 |   5.640e-01 |   5.539e-01 |   5.431e-01 |   5.316e-01 |   5.194e-01 |   5.194e-01 |   5.055e-01 |   4.906e-01 |   4.747e-01 |   4.577e-01 |   4.395e-01 |   4.201e-01 |   3.993e-01 |   3.770e-01 |   3.532e-01 |   3.277e-01 |   3.004e-01 |   2.712e-01 |   2.400e-01 |   2.065e-01 |   1.707e-01 |   1.323e-01 |   9.121e-02 |   4.718e-02 |   0.000e+00 |
| hot_side---differ number ()         |   2.000e+00 |   2.000e+00 |   2.000e+00 |   2.000e+00 |   2.000e+00 |   2.000e+00 |   2.000e+00 |   2.000e+00 |   2.000e+00 |   2.000e+00 |   2.000e+00 |   2.000e+00 |   2.000e+00 |   2.000e+00 |   2.000e+00 |   2.000e+00 |   2.000e+00 |   2.000e+00 |   2.000e+00 |   2.000e+00 |   2.000e+00 |   2.000e+00 |   2.000e+00 |   2.000e+00 |   2.000e+00 |   2.000e+00 |   2.000e+00 |   2.000e+00 |   2.000e+00 |   2.000e+00 |   2.000e+00 |   2.000e+00 |   2.000e+00 |   2.000e+00 |   2.000e+00 |   2.000e+00 |   2.000e+00 |   2.000e+00 |   2.000e+00 |   8.182e+00 |
| cold_side---pressure (bar)          |   1.931e+02 |   1.931e+02 |   1.931e+02 |   1.931e+02 |   1.931e+02 |   1.931e+02 |   1.931e+02 |   1.931e+02 |   1.931e+02 |   1.931e+02 |   1.931e+02 |   1.931e+02 |   1.931e+02 |   1.931e+02 |   1.931e+02 |   1.931e+02 |   1.931e+02 |   1.931e+02 |   1.931e+02 |   1.931e+02 |   1.931e+02 |   1.931e+02 |   1.931e+02 |   1.931e+02 |   1.931e+02 |   1.931e+02 |   1.931e+02 |   1.931e+02 |   1.931e+02 |   1.931e+02 |   1.931e+02 |   1.931e+02 |   1.931e+02 |   1.931e+02 |   1.931e+02 |   1.931e+02 |   1.931e+02 |   1.931e+02 |   1.931e+02 |   1.932e+02 |
| cold_side---enthalpy (kJ / kg)      |   9.089e+02 |   9.075e+02 |   9.060e+02 |   9.044e+02 |   9.027e+02 |   9.008e+02 |   8.989e+02 |   8.968e+02 |   8.946e+02 |   8.923e+02 |   8.898e+02 |   8.872e+02 |   8.843e+02 |   8.813e+02 |   8.781e+02 |   8.747e+02 |   8.711e+02 |   8.673e+02 |   8.632e+02 |   8.588e+02 |   8.588e+02 |   8.538e+02 |   8.485e+02 |   8.428e+02 |   8.368e+02 |   8.303e+02 |   8.233e+02 |   8.159e+02 |   8.079e+02 |   7.994e+02 |   7.903e+02 |   7.805e+02 |   7.701e+02 |   7.589e+02 |   7.469e+02 |   7.341e+02 |   7.204e+02 |   7.057e+02 |   6.900e+02 |   6.731e+02 |
| cold_side---temperature (C)         |   2.111e+02 |   2.107e+02 |   2.104e+02 |   2.100e+02 |   2.097e+02 |   2.092e+02 |   2.088e+02 |   2.083e+02 |   2.078e+02 |   2.073e+02 |   2.068e+02 |   2.062e+02 |   2.055e+02 |   2.048e+02 |   2.041e+02 |   2.034e+02 |   2.025e+02 |   2.017e+02 |   2.007e+02 |   1.997e+02 |   1.997e+02 |   1.986e+02 |   1.974e+02 |   1.961e+02 |   1.947e+02 |   1.932e+02 |   1.916e+02 |   1.899e+02 |   1.881e+02 |   1.862e+02 |   1.841e+02 |   1.818e+02 |   1.794e+02 |   1.768e+02 |   1.741e+02 |   1.711e+02 |   1.679e+02 |   1.645e+02 |   1.608e+02 |   1.568e+02 |
| cold_side---vapor mass fraction (-) | nan         | nan         | nan         | nan         | nan         | nan         | nan         | nan         | nan         | nan         | nan         | nan         | nan         | nan         | nan         | nan         | nan         | nan         | nan         | nan         | nan         | nan         | nan         | nan         | nan         | nan         | nan         | nan         | nan         | nan         | nan         | nan         | nan         | nan         | nan         | nan         | nan         | nan         | nan         | nan         |
| cold_side---differ number ()        |   4.430e+00 |   4.431e+00 |   4.432e+00 |   4.433e+00 |   4.434e+00 |   4.435e+00 |   4.436e+00 |   4.437e+00 |   4.439e+00 |   4.440e+00 |   4.441e+00 |   4.443e+00 |   4.444e+00 |   4.446e+00 |   4.448e+00 |   4.450e+00 |   4.451e+00 |   4.454e+00 |   4.456e+00 |   4.458e+00 |   4.458e+00 |   4.461e+00 |   4.463e+00 |   4.466e+00 |   4.469e+00 |   4.472e+00 |   4.476e+00 |   4.479e+00 |   4.483e+00 |   4.487e+00 |   4.491e+00 |   4.495e+00 |   4.500e+00 |   4.505e+00 |   4.509e+00 |   4.515e+00 |   4.520e+00 |   4.525e+00 |   4.531e+00 |   4.537e+00 |
+-------------------------------------+-------------+-------------+-------------+-------------+-------------+-------------+-------------+-------------+-------------+-------------+-------------+-------------+-------------+-------------+-------------+-------------+-------------+-------------+-------------+-------------+-------------+-------------+-------------+-------------+-------------+-------------+-------------+-------------+-------------+-------------+-------------+-------------+-------------+-------------+-------------+-------------+-------------+-------------+-------------+-------------+
##### RESULTS (Nodes: ExtractHeatExchanger: heatexchanger_c) #####
+-------------------------------------+-------------+-------------+-------------+-------------+-------------+-------------+-------------+-------------+-------------+-------------+-------------+-------------+-------------+-------------+-------------+-------------+-------------+-------------+-------------+-------------+-------------+-------------+-------------+-------------+-------------+-------------+-------------+-------------+-------------+-------------+-------------+-------------+-------------+-------------+-------------+-------------+-------------+-------------+-------------+-------------+
|                                     |           0 |           1 |           2 |           3 |           4 |           5 |           6 |           7 |           8 |           9 |          10 |          11 |          12 |          13 |          14 |          15 |          16 |          17 |          18 |          19 |          20 |          21 |          22 |          23 |          24 |          25 |          26 |          27 |          28 |          29 |          30 |          31 |          32 |          33 |          34 |          35 |          36 |          37 |          38 |          39 |
|-------------------------------------+-------------+-------------+-------------+-------------+-------------+-------------+-------------+-------------+-------------+-------------+-------------+-------------+-------------+-------------+-------------+-------------+-------------+-------------+-------------+-------------+-------------+-------------+-------------+-------------+-------------+-------------+-------------+-------------+-------------+-------------+-------------+-------------+-------------+-------------+-------------+-------------+-------------+-------------+-------------+-------------|
| hot_side---pressure (bar)           |   4.120e+01 |   4.120e+01 |   4.120e+01 |   4.120e+01 |   4.120e+01 |   4.120e+01 |   4.120e+01 |   4.120e+01 |   4.120e+01 |   4.120e+01 |   4.120e+01 |   4.120e+01 |   4.120e+01 |   4.120e+01 |   4.120e+01 |   4.120e+01 |   4.120e+01 |   4.120e+01 |   4.120e+01 |   4.120e+01 |   4.120e+01 |   4.120e+01 |   4.120e+01 |   4.120e+01 |   4.120e+01 |   4.120e+01 |   4.120e+01 |   4.120e+01 |   4.120e+01 |   4.120e+01 |   4.120e+01 |   4.120e+01 |   4.120e+01 |   4.120e+01 |   4.120e+01 |   4.120e+01 |   4.120e+01 |   4.120e+01 |   4.120e+01 |   4.120e+01 |
| hot_side---enthalpy (kJ / kg)       |   2.980e+03 |   2.840e+03 |   2.798e+03 |   2.779e+03 |   2.759e+03 |   2.737e+03 |   2.715e+03 |   2.693e+03 |   2.669e+03 |   2.644e+03 |   2.618e+03 |   2.590e+03 |   2.562e+03 |   2.532e+03 |   2.501e+03 |   2.469e+03 |   2.436e+03 |   2.400e+03 |   2.364e+03 |   2.325e+03 |   2.325e+03 |   2.284e+03 |   2.240e+03 |   2.194e+03 |   2.146e+03 |   2.097e+03 |   2.044e+03 |   1.989e+03 |   1.932e+03 |   1.872e+03 |   1.810e+03 |   1.744e+03 |   1.675e+03 |   1.604e+03 |   1.528e+03 |   1.450e+03 |   1.367e+03 |   1.281e+03 |   1.191e+03 |   1.096e+03 |
| hot_side---temperature (C)          |   3.081e+02 |   2.626e+02 |   2.521e+02 |   2.521e+02 |   2.521e+02 |   2.521e+02 |   2.521e+02 |   2.521e+02 |   2.521e+02 |   2.521e+02 |   2.521e+02 |   2.521e+02 |   2.521e+02 |   2.521e+02 |   2.521e+02 |   2.521e+02 |   2.521e+02 |   2.521e+02 |   2.521e+02 |   2.521e+02 |   2.521e+02 |   2.521e+02 |   2.521e+02 |   2.521e+02 |   2.521e+02 |   2.521e+02 |   2.521e+02 |   2.521e+02 |   2.521e+02 |   2.521e+02 |   2.521e+02 |   2.521e+02 |   2.521e+02 |   2.521e+02 |   2.521e+02 |   2.521e+02 |   2.521e+02 |   2.521e+02 |   2.521e+02 |   2.521e+02 |
| hot_side---vapor mass fraction (-)  | nan         | nan         |   9.988e-01 |   9.874e-01 |   9.756e-01 |   9.632e-01 |   9.503e-01 |   9.368e-01 |   9.228e-01 |   9.081e-01 |   8.928e-01 |   8.768e-01 |   8.602e-01 |   8.428e-01 |   8.247e-01 |   8.057e-01 |   7.860e-01 |   7.654e-01 |   7.439e-01 |   7.214e-01 |   7.214e-01 |   6.969e-01 |   6.713e-01 |   6.444e-01 |   6.164e-01 |   5.871e-01 |   5.564e-01 |   5.243e-01 |   4.907e-01 |   4.555e-01 |   4.187e-01 |   3.803e-01 |   3.400e-01 |   2.978e-01 |   2.537e-01 |   2.075e-01 |   1.591e-01 |   1.085e-01 |   5.551e-02 |  -1.185e-16 |
| hot_side---differ number ()         |   3.355e+01 |   2.655e+01 |   2.000e+00 |   2.000e+00 |   2.000e+00 |   2.000e+00 |   2.000e+00 |   2.000e+00 |   2.000e+00 |   2.000e+00 |   2.000e+00 |   2.000e+00 |   2.000e+00 |   2.000e+00 |   2.000e+00 |   2.000e+00 |   2.000e+00 |   2.000e+00 |   2.000e+00 |   2.000e+00 |   2.000e+00 |   2.000e+00 |   2.000e+00 |   2.000e+00 |   2.000e+00 |   2.000e+00 |   2.000e+00 |   2.000e+00 |   2.000e+00 |   2.000e+00 |   2.000e+00 |   2.000e+00 |   2.000e+00 |   2.000e+00 |   2.000e+00 |   2.000e+00 |   2.000e+00 |   2.000e+00 |   2.000e+00 |   1.095e+01 |
| cold_side---pressure (bar)          |   1.931e+02 |   1.931e+02 |   1.931e+02 |   1.931e+02 |   1.931e+02 |   1.931e+02 |   1.931e+02 |   1.931e+02 |   1.931e+02 |   1.931e+02 |   1.931e+02 |   1.931e+02 |   1.931e+02 |   1.931e+02 |   1.931e+02 |   1.931e+02 |   1.931e+02 |   1.931e+02 |   1.931e+02 |   1.931e+02 |   1.931e+02 |   1.931e+02 |   1.931e+02 |   1.931e+02 |   1.931e+02 |   1.931e+02 |   1.931e+02 |   1.931e+02 |   1.931e+02 |   1.931e+02 |   1.931e+02 |   1.931e+02 |   1.931e+02 |   1.931e+02 |   1.931e+02 |   1.931e+02 |   1.931e+02 |   1.931e+02 |   1.931e+02 |   1.931e+02 |
| cold_side---enthalpy (kJ / kg)      |   1.073e+03 |   1.061e+03 |   1.057e+03 |   1.055e+03 |   1.054e+03 |   1.052e+03 |   1.050e+03 |   1.048e+03 |   1.046e+03 |   1.044e+03 |   1.041e+03 |   1.039e+03 |   1.037e+03 |   1.034e+03 |   1.031e+03 |   1.029e+03 |   1.026e+03 |   1.023e+03 |   1.019e+03 |   1.016e+03 |   1.016e+03 |   1.012e+03 |   1.009e+03 |   1.005e+03 |   1.000e+03 |   9.961e+02 |   9.915e+02 |   9.867e+02 |   9.818e+02 |   9.765e+02 |   9.711e+02 |   9.654e+02 |   9.594e+02 |   9.531e+02 |   9.466e+02 |   9.397e+02 |   9.326e+02 |   9.250e+02 |   9.172e+02 |   9.089e+02 |
| cold_side---temperature (C)         |   2.471e+02 |   2.445e+02 |   2.437e+02 |   2.433e+02 |   2.430e+02 |   2.426e+02 |   2.422e+02 |   2.417e+02 |   2.413e+02 |   2.408e+02 |   2.403e+02 |   2.398e+02 |   2.393e+02 |   2.387e+02 |   2.381e+02 |   2.375e+02 |   2.369e+02 |   2.362e+02 |   2.355e+02 |   2.348e+02 |   2.348e+02 |   2.340e+02 |   2.332e+02 |   2.323e+02 |   2.314e+02 |   2.304e+02 |   2.294e+02 |   2.284e+02 |   2.273e+02 |   2.261e+02 |   2.249e+02 |   2.237e+02 |   2.223e+02 |   2.209e+02 |   2.195e+02 |   2.180e+02 |   2.164e+02 |   2.147e+02 |   2.129e+02 |   2.111e+02 |
| cold_side---vapor mass fraction (-) | nan         | nan         | nan         | nan         | nan         | nan         | nan         | nan         | nan         | nan         | nan         | nan         | nan         | nan         | nan         | nan         | nan         | nan         | nan         | nan         | nan         | nan         | nan         | nan         | nan         | nan         | nan         | nan         | nan         | nan         | nan         | nan         | nan         | nan         | nan         | nan         | nan         | nan         | nan         | nan         |
| cold_side---differ number ()        |   3.633e+00 |   3.640e+00 |   3.642e+00 |   3.643e+00 |   3.644e+00 |   3.645e+00 |   3.646e+00 |   3.647e+00 |   3.648e+00 |   3.649e+00 |   3.650e+00 |   3.652e+00 |   3.653e+00 |   3.654e+00 |   3.656e+00 |   3.657e+00 |   3.659e+00 |   3.660e+00 |   3.662e+00 |   3.664e+00 |   3.664e+00 |   3.666e+00 |   3.668e+00 |   3.670e+00 |   3.672e+00 |   3.674e+00 |   3.676e+00 |   3.678e+00 |   3.681e+00 |   3.683e+00 |   3.686e+00 |   3.688e+00 |   3.691e+00 |   3.694e+00 |   3.697e+00 |   3.700e+00 |   3.703e+00 |   3.706e+00 |   3.710e+00 |   3.713e+00 |
+-------------------------------------+-------------+-------------+-------------+-------------+-------------+-------------+-------------+-------------+-------------+-------------+-------------+-------------+-------------+-------------+-------------+-------------+-------------+-------------+-------------+-------------+-------------+-------------+-------------+-------------+-------------+-------------+-------------+-------------+-------------+-------------+-------------+-------------+-------------+-------------+-------------+-------------+-------------+-------------+-------------+-------------+
##### RESULTS (Nodes: OverHeater: heatexchanger_d) #####
+-------------------------------------+-------------+-------------+-------------+-------------+-------------+-------------+-------------+-------------+-------------+-------------+-------------+-------------+-------------+-------------+-------------+-------------+-------------+-------------+-------------+-------------+-------------+-------------+-------------+-------------+-------------+-------------+-------------+-------------+-------------+-------------+-------------+-------------+-------------+-------------+-------------+-------------+-------------+-------------+-------------+-------------+
|                                     |           0 |           1 |           2 |           3 |           4 |           5 |           6 |           7 |           8 |           9 |          10 |          11 |          12 |          13 |          14 |          15 |          16 |          17 |          18 |          19 |          20 |          21 |          22 |          23 |          24 |          25 |          26 |          27 |          28 |          29 |          30 |          31 |          32 |          33 |          34 |          35 |          36 |          37 |          38 |          39 |
|-------------------------------------+-------------+-------------+-------------+-------------+-------------+-------------+-------------+-------------+-------------+-------------+-------------+-------------+-------------+-------------+-------------+-------------+-------------+-------------+-------------+-------------+-------------+-------------+-------------+-------------+-------------+-------------+-------------+-------------+-------------+-------------+-------------+-------------+-------------+-------------+-------------+-------------+-------------+-------------+-------------+-------------|
| hot_side---pressure (bar)           |   2.150e+01 |   2.150e+01 |   2.150e+01 |   2.150e+01 |   2.150e+01 |   2.150e+01 |   2.150e+01 |   2.150e+01 |   2.150e+01 |   2.150e+01 |   2.150e+01 |   2.150e+01 |   2.150e+01 |   2.150e+01 |   2.150e+01 |   2.150e+01 |   2.150e+01 |   2.150e+01 |   2.150e+01 |   2.150e+01 |   2.150e+01 |   2.150e+01 |   2.150e+01 |   2.150e+01 |   2.150e+01 |   2.150e+01 |   2.150e+01 |   2.150e+01 |   2.150e+01 |   2.150e+01 |   2.150e+01 |   2.150e+01 |   2.150e+01 |   2.150e+01 |   2.150e+01 |   2.150e+01 |   2.150e+01 |   2.150e+01 |   2.150e+01 |   2.150e+01 |
| hot_side---enthalpy (kJ / kg)       |   3.346e+03 |   3.334e+03 |   3.322e+03 |   3.311e+03 |   3.299e+03 |   3.289e+03 |   3.278e+03 |   3.268e+03 |   3.258e+03 |   3.248e+03 |   3.238e+03 |   3.229e+03 |   3.220e+03 |   3.211e+03 |   3.203e+03 |   3.195e+03 |   3.186e+03 |   3.179e+03 |   3.171e+03 |   3.164e+03 |   3.164e+03 |   3.157e+03 |   3.150e+03 |   3.143e+03 |   3.137e+03 |   3.130e+03 |   3.124e+03 |   3.118e+03 |   3.112e+03 |   3.107e+03 |   3.101e+03 |   3.096e+03 |   3.090e+03 |   3.085e+03 |   3.080e+03 |   3.075e+03 |   3.071e+03 |   3.066e+03 |   3.062e+03 |   3.057e+03 |
| hot_side---temperature (C)          |   4.455e+02 |   4.400e+02 |   4.346e+02 |   4.293e+02 |   4.243e+02 |   4.193e+02 |   4.145e+02 |   4.098e+02 |   4.053e+02 |   4.009e+02 |   3.966e+02 |   3.924e+02 |   3.883e+02 |   3.844e+02 |   3.806e+02 |   3.769e+02 |   3.732e+02 |   3.697e+02 |   3.663e+02 |   3.630e+02 |   3.630e+02 |   3.599e+02 |   3.568e+02 |   3.538e+02 |   3.509e+02 |   3.481e+02 |   3.454e+02 |   3.428e+02 |   3.402e+02 |   3.377e+02 |   3.352e+02 |   3.329e+02 |   3.305e+02 |   3.283e+02 |   3.261e+02 |   3.240e+02 |   3.219e+02 |   3.199e+02 |   3.180e+02 |   3.161e+02 |
| hot_side---vapor mass fraction (-)  | nan         | nan         | nan         | nan         | nan         | nan         | nan         | nan         | nan         | nan         | nan         | nan         | nan         | nan         | nan         | nan         | nan         | nan         | nan         | nan         | nan         | nan         | nan         | nan         | nan         | nan         | nan         | nan         | nan         | nan         | nan         | nan         | nan         | nan         | nan         | nan         | nan         | nan         | nan         | nan         |
| hot_side---differ number ()         |   3.095e+00 |   3.095e+00 |   3.095e+00 |   3.095e+00 |   3.094e+00 |   3.094e+00 |   3.093e+00 |   3.093e+00 |   3.092e+00 |   3.091e+00 |   3.090e+00 |   3.090e+00 |   3.089e+00 |   3.087e+00 |   3.086e+00 |   3.085e+00 |   3.084e+00 |   3.083e+00 |   3.081e+00 |   3.080e+00 |   3.080e+00 |   3.078e+00 |   3.077e+00 |   3.075e+00 |   3.074e+00 |   3.072e+00 |   3.070e+00 |   3.069e+00 |   3.067e+00 |   3.065e+00 |   3.063e+00 |   3.062e+00 |   3.060e+00 |   3.058e+00 |   3.056e+00 |   3.054e+00 |   3.052e+00 |   3.050e+00 |   3.048e+00 |   3.046e+00 |
| cold_side---pressure (bar)          |   1.930e+02 |   1.930e+02 |   1.930e+02 |   1.930e+02 |   1.930e+02 |   1.930e+02 |   1.930e+02 |   1.930e+02 |   1.930e+02 |   1.930e+02 |   1.930e+02 |   1.930e+02 |   1.930e+02 |   1.930e+02 |   1.930e+02 |   1.930e+02 |   1.930e+02 |   1.930e+02 |   1.930e+02 |   1.930e+02 |   1.930e+02 |   1.930e+02 |   1.930e+02 |   1.930e+02 |   1.930e+02 |   1.930e+02 |   1.930e+02 |   1.930e+02 |   1.930e+02 |   1.930e+02 |   1.930e+02 |   1.930e+02 |   1.930e+02 |   1.930e+02 |   1.930e+02 |   1.930e+02 |   1.930e+02 |   1.930e+02 |   1.930e+02 |   1.931e+02 |
| cold_side---enthalpy (kJ / kg)      |   1.103e+03 |   1.102e+03 |   1.101e+03 |   1.099e+03 |   1.098e+03 |   1.097e+03 |   1.096e+03 |   1.095e+03 |   1.094e+03 |   1.093e+03 |   1.092e+03 |   1.091e+03 |   1.090e+03 |   1.089e+03 |   1.088e+03 |   1.087e+03 |   1.086e+03 |   1.086e+03 |   1.085e+03 |   1.084e+03 |   1.084e+03 |   1.083e+03 |   1.083e+03 |   1.082e+03 |   1.081e+03 |   1.081e+03 |   1.080e+03 |   1.079e+03 |   1.079e+03 |   1.078e+03 |   1.078e+03 |   1.077e+03 |   1.077e+03 |   1.076e+03 |   1.075e+03 |   1.075e+03 |   1.074e+03 |   1.074e+03 |   1.074e+03 |   1.073e+03 |
| cold_side---temperature (C)         |   2.535e+02 |   2.532e+02 |   2.530e+02 |   2.527e+02 |   2.525e+02 |   2.522e+02 |   2.520e+02 |   2.518e+02 |   2.515e+02 |   2.513e+02 |   2.511e+02 |   2.509e+02 |   2.507e+02 |   2.505e+02 |   2.503e+02 |   2.502e+02 |   2.500e+02 |   2.498e+02 |   2.496e+02 |   2.495e+02 |   2.495e+02 |   2.493e+02 |   2.492e+02 |   2.490e+02 |   2.489e+02 |   2.487e+02 |   2.486e+02 |   2.485e+02 |   2.483e+02 |   2.482e+02 |   2.481e+02 |   2.480e+02 |   2.478e+02 |   2.477e+02 |   2.476e+02 |   2.475e+02 |   2.474e+02 |   2.473e+02 |   2.472e+02 |   2.471e+02 |
| cold_side---vapor mass fraction (-) | nan         | nan         | nan         | nan         | nan         | nan         | nan         | nan         | nan         | nan         | nan         | nan         | nan         | nan         | nan         | nan         | nan         | nan         | nan         | nan         | nan         | nan         | nan         | nan         | nan         | nan         | nan         | nan         | nan         | nan         | nan         | nan         | nan         | nan         | nan         | nan         | nan         | nan         | nan         | nan         |
| cold_side---differ number ()        |   2.053e+00 |   2.053e+00 |   2.053e+00 |   2.053e+00 |   2.053e+00 |   2.053e+00 |   2.053e+00 |   2.053e+00 |   2.053e+00 |   2.053e+00 |   2.053e+00 |   2.053e+00 |   2.053e+00 |   2.053e+00 |   2.053e+00 |   2.053e+00 |   2.053e+00 |   2.053e+00 |   2.053e+00 |   2.053e+00 |   2.053e+00 |   2.053e+00 |   2.053e+00 |   2.053e+00 |   2.053e+00 |   2.053e+00 |   2.053e+00 |   2.053e+00 |   2.053e+00 |   2.053e+00 |   2.053e+00 |   2.053e+00 |   2.054e+00 |   2.054e+00 |   2.054e+00 |   2.054e+00 |   2.054e+00 |   2.054e+00 |   2.054e+00 |   2.054e+00 |
+-------------------------------------+-------------+-------------+-------------+-------------+-------------+-------------+-------------+-------------+-------------+-------------+-------------+-------------+-------------+-------------+-------------+-------------+-------------+-------------+-------------+-------------+-------------+-------------+-------------+-------------+-------------+-------------+-------------+-------------+-------------+-------------+-------------+-------------+-------------+-------------+-------------+-------------+-------------+-------------+-------------+-------------+
##### RESULTS (Nodes: ExtractHeatExchanger: heatexchanger_e) #####
+-------------------------------------+-------------+-------------+-------------+-------------+-------------+-------------+-------------+-------------+-------------+-------------+-------------+-------------+-------------+-------------+-------------+-------------+-------------+-------------+-------------+-------------+-------------+-------------+-------------+-------------+-------------+-------------+-------------+-------------+-------------+-------------+-------------+-------------+-------------+-------------+-------------+-------------+-------------+-------------+-------------+-------------+
|                                     |           0 |           1 |           2 |           3 |           4 |           5 |           6 |           7 |           8 |           9 |          10 |          11 |          12 |          13 |          14 |          15 |          16 |          17 |          18 |          19 |          20 |          21 |          22 |          23 |          24 |          25 |          26 |          27 |          28 |          29 |          30 |          31 |          32 |          33 |          34 |          35 |          36 |          37 |          38 |          39 |
|-------------------------------------+-------------+-------------+-------------+-------------+-------------+-------------+-------------+-------------+-------------+-------------+-------------+-------------+-------------+-------------+-------------+-------------+-------------+-------------+-------------+-------------+-------------+-------------+-------------+-------------+-------------+-------------+-------------+-------------+-------------+-------------+-------------+-------------+-------------+-------------+-------------+-------------+-------------+-------------+-------------+-------------|
| hot_side---pressure (bar)           |   3.900e+00 |   3.900e+00 |   3.900e+00 |   3.900e+00 |   3.900e+00 |   3.900e+00 |   3.900e+00 |   3.900e+00 |   3.900e+00 |   3.900e+00 |   3.900e+00 |   3.900e+00 |   3.900e+00 |   3.900e+00 |   3.900e+00 |   3.900e+00 |   3.900e+00 |   3.900e+00 |   3.900e+00 |   3.900e+00 |   3.900e+00 |   3.900e+00 |   3.900e+00 |   3.900e+00 |   3.900e+00 |   3.900e+00 |   3.900e+00 |   3.900e+00 |   3.900e+00 |   3.900e+00 |   3.900e+00 |   3.900e+00 |   3.900e+00 |   3.900e+00 |   3.900e+00 |   3.900e+00 |   3.900e+00 |   3.900e+00 |   3.900e+00 |   3.900e+00 |
| hot_side---enthalpy (kJ / kg)       |   2.937e+03 |   2.666e+03 |   2.642e+03 |   2.617e+03 |   2.590e+03 |   2.563e+03 |   2.534e+03 |   2.505e+03 |   2.474e+03 |   2.442e+03 |   2.408e+03 |   2.374e+03 |   2.338e+03 |   2.300e+03 |   2.261e+03 |   2.221e+03 |   2.179e+03 |   2.135e+03 |   2.089e+03 |   2.042e+03 |   2.042e+03 |   1.991e+03 |   1.937e+03 |   1.882e+03 |   1.824e+03 |   1.763e+03 |   1.700e+03 |   1.635e+03 |   1.567e+03 |   1.496e+03 |   1.422e+03 |   1.345e+03 |   1.265e+03 |   1.181e+03 |   1.094e+03 |   1.003e+03 |   9.086e+02 |   8.102e+02 |   7.076e+02 |   6.007e+02 |
| hot_side---temperature (C)          |   2.365e+02 |   1.427e+02 |   1.427e+02 |   1.427e+02 |   1.427e+02 |   1.427e+02 |   1.427e+02 |   1.427e+02 |   1.427e+02 |   1.427e+02 |   1.427e+02 |   1.427e+02 |   1.427e+02 |   1.427e+02 |   1.427e+02 |   1.427e+02 |   1.427e+02 |   1.427e+02 |   1.427e+02 |   1.427e+02 |   1.427e+02 |   1.427e+02 |   1.427e+02 |   1.427e+02 |   1.427e+02 |   1.427e+02 |   1.427e+02 |   1.427e+02 |   1.427e+02 |   1.427e+02 |   1.427e+02 |   1.427e+02 |   1.427e+02 |   1.427e+02 |   1.427e+02 |   1.427e+02 |   1.427e+02 |   1.427e+02 |   1.427e+02 |   1.427e+02 |
| hot_side---vapor mass fraction (-)  | nan         |   9.670e-01 |   9.556e-01 |   9.437e-01 |   9.313e-01 |   9.185e-01 |   9.051e-01 |   8.913e-01 |   8.768e-01 |   8.618e-01 |   8.462e-01 |   8.300e-01 |   8.131e-01 |   7.956e-01 |   7.773e-01 |   7.584e-01 |   7.386e-01 |   7.181e-01 |   6.968e-01 |   6.747e-01 |   6.747e-01 |   6.507e-01 |   6.257e-01 |   5.996e-01 |   5.725e-01 |   5.442e-01 |   5.148e-01 |   4.842e-01 |   4.523e-01 |   4.190e-01 |   3.844e-01 |   3.483e-01 |   3.108e-01 |   2.716e-01 |   2.308e-01 |   1.884e-01 |   1.441e-01 |   9.804e-02 |   5.002e-02 |   0.000e+00 |
| hot_side---differ number ()         |   5.257e+01 |   2.000e+00 |   2.000e+00 |   2.000e+00 |   2.000e+00 |   2.000e+00 |   2.000e+00 |   2.000e+00 |   2.000e+00 |   2.000e+00 |   2.000e+00 |   2.000e+00 |   2.000e+00 |   2.000e+00 |   2.000e+00 |   2.000e+00 |   2.000e+00 |   2.000e+00 |   2.000e+00 |   2.000e+00 |   2.000e+00 |   2.000e+00 |   2.000e+00 |   2.000e+00 |   2.000e+00 |   2.000e+00 |   2.000e+00 |   2.000e+00 |   2.000e+00 |   2.000e+00 |   2.000e+00 |   2.000e+00 |   2.000e+00 |   2.000e+00 |   2.000e+00 |   2.000e+00 |   2.000e+00 |   2.000e+00 |   2.000e+00 |   1.413e+01 |
| cold_side---pressure (bar)          |   3.650e+00 |   3.651e+00 |   3.653e+00 |   3.654e+00 |   3.655e+00 |   3.657e+00 |   3.658e+00 |   3.659e+00 |   3.661e+00 |   3.662e+00 |   3.663e+00 |   3.664e+00 |   3.666e+00 |   3.667e+00 |   3.668e+00 |   3.670e+00 |   3.671e+00 |   3.672e+00 |   3.674e+00 |   3.675e+00 |   3.675e+00 |   3.676e+00 |   3.678e+00 |   3.679e+00 |   3.680e+00 |   3.682e+00 |   3.683e+00 |   3.684e+00 |   3.686e+00 |   3.687e+00 |   3.688e+00 |   3.689e+00 |   3.691e+00 |   3.692e+00 |   3.693e+00 |   3.695e+00 |   3.696e+00 |   3.697e+00 |   3.699e+00 |   3.700e+00 |
| cold_side---enthalpy (kJ / kg)      |   5.793e+02 |   5.626e+02 |   5.611e+02 |   5.595e+02 |   5.579e+02 |   5.562e+02 |   5.544e+02 |   5.526e+02 |   5.507e+02 |   5.487e+02 |   5.466e+02 |   5.445e+02 |   5.423e+02 |   5.400e+02 |   5.375e+02 |   5.350e+02 |   5.324e+02 |   5.297e+02 |   5.269e+02 |   5.240e+02 |   5.240e+02 |   5.208e+02 |   5.175e+02 |   5.141e+02 |   5.105e+02 |   5.068e+02 |   5.029e+02 |   4.988e+02 |   4.946e+02 |   4.902e+02 |   4.857e+02 |   4.809e+02 |   4.759e+02 |   4.708e+02 |   4.654e+02 |   4.598e+02 |   4.539e+02 |   4.479e+02 |   4.415e+02 |   4.349e+02 |
| cold_side---temperature (C)         |   1.377e+02 |   1.338e+02 |   1.334e+02 |   1.331e+02 |   1.327e+02 |   1.323e+02 |   1.319e+02 |   1.314e+02 |   1.310e+02 |   1.305e+02 |   1.300e+02 |   1.295e+02 |   1.290e+02 |   1.285e+02 |   1.279e+02 |   1.273e+02 |   1.267e+02 |   1.261e+02 |   1.254e+02 |   1.247e+02 |   1.247e+02 |   1.240e+02 |   1.232e+02 |   1.224e+02 |   1.215e+02 |   1.207e+02 |   1.198e+02 |   1.188e+02 |   1.178e+02 |   1.168e+02 |   1.157e+02 |   1.146e+02 |   1.134e+02 |   1.122e+02 |   1.109e+02 |   1.096e+02 |   1.082e+02 |   1.068e+02 |   1.053e+02 |   1.037e+02 |
| cold_side---vapor mass fraction (-) | nan         | nan         | nan         | nan         | nan         | nan         | nan         | nan         | nan         | nan         | nan         | nan         | nan         | nan         | nan         | nan         | nan         | nan         | nan         | nan         | nan         | nan         | nan         | nan         | nan         | nan         | nan         | nan         | nan         | nan         | nan         | nan         | nan         | nan         | nan         | nan         | nan         | nan         | nan         | nan         |
| cold_side---differ number ()        |   3.504e+00 |   3.507e+00 |   3.507e+00 |   3.507e+00 |   3.508e+00 |   3.508e+00 |   3.508e+00 |   3.509e+00 |   3.509e+00 |   3.509e+00 |   3.510e+00 |   3.510e+00 |   3.510e+00 |   3.511e+00 |   3.511e+00 |   3.511e+00 |   3.512e+00 |   3.512e+00 |   3.513e+00 |   3.513e+00 |   3.513e+00 |   3.514e+00 |   3.514e+00 |   3.515e+00 |   3.515e+00 |   3.516e+00 |   3.516e+00 |   3.517e+00 |   3.517e+00 |   3.518e+00 |   3.519e+00 |   3.519e+00 |   3.520e+00 |   3.520e+00 |   3.521e+00 |   3.522e+00 |   3.522e+00 |   3.523e+00 |   3.524e+00 |   3.525e+00 |
+-------------------------------------+-------------+-------------+-------------+-------------+-------------+-------------+-------------+-------------+-------------+-------------+-------------+-------------+-------------+-------------+-------------+-------------+-------------+-------------+-------------+-------------+-------------+-------------+-------------+-------------+-------------+-------------+-------------+-------------+-------------+-------------+-------------+-------------+-------------+-------------+-------------+-------------+-------------+-------------+-------------+-------------+
##### RESULTS (Nodes: HeatExchanger: heatexchanger_f) #####
+-------------------------------------+-------------+-------------+-------------+-------------+-------------+-------------+-------------+-------------+-------------+-------------+-------------+-------------+-------------+-------------+-------------+-------------+-------------+-------------+-------------+-------------+-------------+-------------+-------------+-------------+-------------+-------------+-------------+-------------+-------------+-------------+-------------+-------------+-------------+-------------+-------------+-------------+-------------+-------------+-------------+-------------+
|                                     |           0 |           1 |           2 |           3 |           4 |           5 |           6 |           7 |           8 |           9 |          10 |          11 |          12 |          13 |          14 |          15 |          16 |          17 |          18 |          19 |          20 |          21 |          22 |          23 |          24 |          25 |          26 |          27 |          28 |          29 |          30 |          31 |          32 |          33 |          34 |          35 |          36 |          37 |          38 |          39 |
|-------------------------------------+-------------+-------------+-------------+-------------+-------------+-------------+-------------+-------------+-------------+-------------+-------------+-------------+-------------+-------------+-------------+-------------+-------------+-------------+-------------+-------------+-------------+-------------+-------------+-------------+-------------+-------------+-------------+-------------+-------------+-------------+-------------+-------------+-------------+-------------+-------------+-------------+-------------+-------------+-------------+-------------|
| hot_side---pressure (bar)           |   3.900e+00 |   3.900e+00 |   3.900e+00 |   3.900e+00 |   3.900e+00 |   3.900e+00 |   3.900e+00 |   3.900e+00 |   3.900e+00 |   3.900e+00 |   3.900e+00 |   3.900e+00 |   3.900e+00 |   3.900e+00 |   3.900e+00 |   3.900e+00 |   3.900e+00 |   3.900e+00 |   3.900e+00 |   3.900e+00 |   3.900e+00 |   3.900e+00 |   3.900e+00 |   3.900e+00 |   3.900e+00 |   3.900e+00 |   3.900e+00 |   3.900e+00 |   3.900e+00 |   3.900e+00 |   3.900e+00 |   3.900e+00 |   3.900e+00 |   3.900e+00 |   3.900e+00 |   3.900e+00 |   3.900e+00 |   3.900e+00 |   3.900e+00 |   3.900e+00 |
| hot_side---enthalpy (kJ / kg)       |   6.007e+02 |   5.912e+02 |   5.822e+02 |   5.736e+02 |   5.656e+02 |   5.579e+02 |   5.507e+02 |   5.438e+02 |   5.373e+02 |   5.312e+02 |   5.254e+02 |   5.199e+02 |   5.147e+02 |   5.098e+02 |   5.052e+02 |   5.008e+02 |   4.966e+02 |   4.927e+02 |   4.889e+02 |   4.854e+02 |   4.854e+02 |   4.823e+02 |   4.793e+02 |   4.764e+02 |   4.737e+02 |   4.712e+02 |   4.687e+02 |   4.664e+02 |   4.642e+02 |   4.622e+02 |   4.602e+02 |   4.583e+02 |   4.566e+02 |   4.549e+02 |   4.533e+02 |   4.518e+02 |   4.504e+02 |   4.490e+02 |   4.477e+02 |   4.465e+02 |
| hot_side---temperature (C)          |   1.427e+02 |   1.405e+02 |   1.384e+02 |   1.364e+02 |   1.345e+02 |   1.327e+02 |   1.310e+02 |   1.294e+02 |   1.279e+02 |   1.264e+02 |   1.251e+02 |   1.238e+02 |   1.225e+02 |   1.214e+02 |   1.203e+02 |   1.192e+02 |   1.183e+02 |   1.173e+02 |   1.165e+02 |   1.156e+02 |   1.156e+02 |   1.149e+02 |   1.142e+02 |   1.135e+02 |   1.129e+02 |   1.123e+02 |   1.117e+02 |   1.111e+02 |   1.106e+02 |   1.101e+02 |   1.097e+02 |   1.092e+02 |   1.088e+02 |   1.084e+02 |   1.080e+02 |   1.077e+02 |   1.073e+02 |   1.070e+02 |   1.067e+02 |   1.064e+02 |
| hot_side---vapor mass fraction (-)  |   0.000e+00 | nan         | nan         | nan         | nan         | nan         | nan         | nan         | nan         | nan         | nan         | nan         | nan         | nan         | nan         | nan         | nan         | nan         | nan         | nan         | nan         | nan         | nan         | nan         | nan         | nan         | nan         | nan         | nan         | nan         | nan         | nan         | nan         | nan         | nan         | nan         | nan         | nan         | nan         | nan         |
| hot_side---differ number ()         |   3.083e+00 |   4.168e+00 |   4.170e+00 |   4.172e+00 |   4.174e+00 |   4.176e+00 |   4.178e+00 |   4.180e+00 |   4.181e+00 |   4.183e+00 |   4.184e+00 |   4.185e+00 |   4.186e+00 |   4.187e+00 |   4.188e+00 |   4.189e+00 |   4.190e+00 |   4.191e+00 |   4.191e+00 |   4.192e+00 |   4.192e+00 |   4.193e+00 |   4.193e+00 |   4.194e+00 |   4.194e+00 |   4.195e+00 |   4.195e+00 |   4.195e+00 |   4.196e+00 |   4.196e+00 |   4.197e+00 |   4.197e+00 |   4.197e+00 |   4.197e+00 |   4.198e+00 |   4.198e+00 |   4.198e+00 |   4.198e+00 |   4.199e+00 |   4.199e+00 |
| cold_side---pressure (bar)          |   3.700e+00 |   3.701e+00 |   3.703e+00 |   3.704e+00 |   3.705e+00 |   3.707e+00 |   3.708e+00 |   3.709e+00 |   3.711e+00 |   3.712e+00 |   3.713e+00 |   3.714e+00 |   3.716e+00 |   3.717e+00 |   3.718e+00 |   3.720e+00 |   3.721e+00 |   3.722e+00 |   3.724e+00 |   3.725e+00 |   3.725e+00 |   3.726e+00 |   3.728e+00 |   3.729e+00 |   3.730e+00 |   3.732e+00 |   3.733e+00 |   3.734e+00 |   3.736e+00 |   3.737e+00 |   3.738e+00 |   3.739e+00 |   3.741e+00 |   3.742e+00 |   3.743e+00 |   3.745e+00 |   3.746e+00 |   3.747e+00 |   3.749e+00 |   3.750e+00 |
| cold_side---enthalpy (kJ / kg)      |   4.349e+02 |   4.343e+02 |   4.338e+02 |   4.332e+02 |   4.327e+02 |   4.323e+02 |   4.318e+02 |   4.314e+02 |   4.310e+02 |   4.306e+02 |   4.303e+02 |   4.299e+02 |   4.296e+02 |   4.293e+02 |   4.290e+02 |   4.287e+02 |   4.285e+02 |   4.282e+02 |   4.280e+02 |   4.278e+02 |   4.278e+02 |   4.276e+02 |   4.274e+02 |   4.272e+02 |   4.271e+02 |   4.269e+02 |   4.268e+02 |   4.266e+02 |   4.265e+02 |   4.264e+02 |   4.262e+02 |   4.261e+02 |   4.260e+02 |   4.259e+02 |   4.258e+02 |   4.257e+02 |   4.256e+02 |   4.255e+02 |   4.255e+02 |   4.254e+02 |
| cold_side---temperature (C)         |   1.037e+02 |   1.035e+02 |   1.034e+02 |   1.033e+02 |   1.032e+02 |   1.031e+02 |   1.030e+02 |   1.029e+02 |   1.028e+02 |   1.027e+02 |   1.026e+02 |   1.025e+02 |   1.024e+02 |   1.024e+02 |   1.023e+02 |   1.022e+02 |   1.022e+02 |   1.021e+02 |   1.020e+02 |   1.020e+02 |   1.020e+02 |   1.020e+02 |   1.019e+02 |   1.019e+02 |   1.018e+02 |   1.018e+02 |   1.018e+02 |   1.017e+02 |   1.017e+02 |   1.017e+02 |   1.016e+02 |   1.016e+02 |   1.016e+02 |   1.016e+02 |   1.015e+02 |   1.015e+02 |   1.015e+02 |   1.015e+02 |   1.014e+02 |   1.014e+02 |
| cold_side---vapor mass fraction (-) | nan         | nan         | nan         | nan         | nan         | nan         | nan         | nan         | nan         | nan         | nan         | nan         | nan         | nan         | nan         | nan         | nan         | nan         | nan         | nan         | nan         | nan         | nan         | nan         | nan         | nan         | nan         | nan         | nan         | nan         | nan         | nan         | nan         | nan         | nan         | nan         | nan         | nan         | nan         | nan         |
| cold_side---differ number ()        |   2.136e+00 |   2.136e+00 |   2.136e+00 |   2.136e+00 |   2.136e+00 |   2.136e+00 |   2.136e+00 |   2.136e+00 |   2.136e+00 |   2.136e+00 |   2.136e+00 |   2.136e+00 |   2.136e+00 |   2.136e+00 |   2.136e+00 |   2.136e+00 |   2.136e+00 |   2.136e+00 |   2.136e+00 |   2.136e+00 |   2.136e+00 |   2.136e+00 |   2.136e+00 |   2.136e+00 |   2.136e+00 |   2.136e+00 |   2.136e+00 |   2.136e+00 |   2.136e+00 |   2.136e+00 |   2.136e+00 |   2.136e+00 |   2.136e+00 |   2.136e+00 |   2.136e+00 |   2.136e+00 |   2.136e+00 |   2.136e+00 |   2.136e+00 |   2.136e+00 |
+-------------------------------------+-------------+-------------+-------------+-------------+-------------+-------------+-------------+-------------+-------------+-------------+-------------+-------------+-------------+-------------+-------------+-------------+-------------+-------------+-------------+-------------+-------------+-------------+-------------+-------------+-------------+-------------+-------------+-------------+-------------+-------------+-------------+-------------+-------------+-------------+-------------+-------------+-------------+-------------+-------------+-------------+
##### RESULTS (Nodes: ExtractHeatExchanger: heatexchanger_g) #####
+-------------------------------------+-------------+-------------+-------------+-------------+-------------+-------------+-------------+-------------+-------------+-------------+-------------+-------------+-------------+-------------+-------------+-------------+-------------+-------------+-------------+-------------+-------------+-------------+-------------+-------------+-------------+-------------+-------------+-------------+-------------+-------------+-------------+-------------+-------------+-------------+-------------+-------------+-------------+-------------+-------------+-------------+
|                                     |           0 |           1 |           2 |           3 |           4 |           5 |           6 |           7 |           8 |           9 |          10 |          11 |          12 |          13 |          14 |          15 |          16 |          17 |          18 |          19 |          20 |          21 |          22 |          23 |          24 |          25 |          26 |          27 |          28 |          29 |          30 |          31 |          32 |          33 |          34 |          35 |          36 |          37 |          38 |          39 |
|-------------------------------------+-------------+-------------+-------------+-------------+-------------+-------------+-------------+-------------+-------------+-------------+-------------+-------------+-------------+-------------+-------------+-------------+-------------+-------------+-------------+-------------+-------------+-------------+-------------+-------------+-------------+-------------+-------------+-------------+-------------+-------------+-------------+-------------+-------------+-------------+-------------+-------------+-------------+-------------+-------------+-------------|
| hot_side---pressure (bar)           |   1.270e+00 |   1.270e+00 |   1.270e+00 |   1.270e+00 |   1.270e+00 |   1.270e+00 |   1.270e+00 |   1.270e+00 |   1.270e+00 |   1.270e+00 |   1.270e+00 |   1.270e+00 |   1.270e+00 |   1.270e+00 |   1.270e+00 |   1.270e+00 |   1.270e+00 |   1.270e+00 |   1.270e+00 |   1.270e+00 |   1.270e+00 |   1.270e+00 |   1.270e+00 |   1.270e+00 |   1.270e+00 |   1.270e+00 |   1.270e+00 |   1.270e+00 |   1.270e+00 |   1.270e+00 |   1.270e+00 |   1.270e+00 |   1.270e+00 |   1.270e+00 |   1.270e+00 |   1.270e+00 |   1.270e+00 |   1.270e+00 |   1.270e+00 |   1.270e+00 |
| hot_side---enthalpy (kJ / kg)       |   1.630e+03 |   1.621e+03 |   1.611e+03 |   1.601e+03 |   1.591e+03 |   1.579e+03 |   1.567e+03 |   1.555e+03 |   1.542e+03 |   1.528e+03 |   1.513e+03 |   1.497e+03 |   1.481e+03 |   1.463e+03 |   1.445e+03 |   1.426e+03 |   1.405e+03 |   1.384e+03 |   1.361e+03 |   1.337e+03 |   1.337e+03 |   1.311e+03 |   1.282e+03 |   1.252e+03 |   1.221e+03 |   1.187e+03 |   1.151e+03 |   1.114e+03 |   1.074e+03 |   1.032e+03 |   9.870e+02 |   9.397e+02 |   8.897e+02 |   8.367e+02 |   7.805e+02 |   7.211e+02 |   6.582e+02 |   5.915e+02 |   5.210e+02 |   4.463e+02 |
| hot_side---temperature (C)          |   1.064e+02 |   1.064e+02 |   1.064e+02 |   1.064e+02 |   1.064e+02 |   1.064e+02 |   1.064e+02 |   1.064e+02 |   1.064e+02 |   1.064e+02 |   1.064e+02 |   1.064e+02 |   1.064e+02 |   1.064e+02 |   1.064e+02 |   1.064e+02 |   1.064e+02 |   1.064e+02 |   1.064e+02 |   1.064e+02 |   1.064e+02 |   1.064e+02 |   1.064e+02 |   1.064e+02 |   1.064e+02 |   1.064e+02 |   1.064e+02 |   1.064e+02 |   1.064e+02 |   1.064e+02 |   1.064e+02 |   1.064e+02 |   1.064e+02 |   1.064e+02 |   1.064e+02 |   1.064e+02 |   1.064e+02 |   1.064e+02 |   1.064e+02 |   1.064e+02 |
| hot_side---vapor mass fraction (-)  |   5.286e-01 |   5.246e-01 |   5.203e-01 |   5.158e-01 |   5.110e-01 |   5.059e-01 |   5.006e-01 |   4.950e-01 |   4.891e-01 |   4.829e-01 |   4.763e-01 |   4.693e-01 |   4.620e-01 |   4.542e-01 |   4.461e-01 |   4.374e-01 |   4.283e-01 |   4.187e-01 |   4.086e-01 |   3.979e-01 |   3.979e-01 |   3.860e-01 |   3.733e-01 |   3.599e-01 |   3.458e-01 |   3.308e-01 |   3.149e-01 |   2.981e-01 |   2.803e-01 |   2.614e-01 |   2.415e-01 |   2.204e-01 |   1.980e-01 |   1.743e-01 |   1.493e-01 |   1.227e-01 |   9.461e-02 |   6.486e-02 |   3.336e-02 |   0.000e+00 |
| hot_side---differ number ()         |   2.000e+00 |   2.000e+00 |   2.000e+00 |   2.000e+00 |   2.000e+00 |   2.000e+00 |   2.000e+00 |   2.000e+00 |   2.000e+00 |   2.000e+00 |   2.000e+00 |   2.000e+00 |   2.000e+00 |   2.000e+00 |   2.000e+00 |   2.000e+00 |   2.000e+00 |   2.000e+00 |   2.000e+00 |   2.000e+00 |   2.000e+00 |   2.000e+00 |   2.000e+00 |   2.000e+00 |   2.000e+00 |   2.000e+00 |   2.000e+00 |   2.000e+00 |   2.000e+00 |   2.000e+00 |   2.000e+00 |   2.000e+00 |   2.000e+00 |   2.000e+00 |   2.000e+00 |   2.000e+00 |   2.000e+00 |   2.000e+00 |   2.000e+00 |   1.018e+01 |
| cold_side---pressure (bar)          |   3.750e+00 |   3.751e+00 |   3.753e+00 |   3.754e+00 |   3.755e+00 |   3.757e+00 |   3.758e+00 |   3.759e+00 |   3.761e+00 |   3.762e+00 |   3.763e+00 |   3.764e+00 |   3.766e+00 |   3.767e+00 |   3.768e+00 |   3.770e+00 |   3.771e+00 |   3.772e+00 |   3.774e+00 |   3.775e+00 |   3.775e+00 |   3.776e+00 |   3.778e+00 |   3.779e+00 |   3.780e+00 |   3.782e+00 |   3.783e+00 |   3.784e+00 |   3.786e+00 |   3.787e+00 |   3.788e+00 |   3.789e+00 |   3.791e+00 |   3.792e+00 |   3.793e+00 |   3.795e+00 |   3.796e+00 |   3.797e+00 |   3.799e+00 |   3.800e+00 |
| cold_side---enthalpy (kJ / kg)      |   4.254e+02 |   4.242e+02 |   4.230e+02 |   4.217e+02 |   4.203e+02 |   4.189e+02 |   4.174e+02 |   4.158e+02 |   4.141e+02 |   4.123e+02 |   4.104e+02 |   4.084e+02 |   4.063e+02 |   4.041e+02 |   4.017e+02 |   3.993e+02 |   3.967e+02 |   3.939e+02 |   3.910e+02 |   3.879e+02 |   3.879e+02 |   3.845e+02 |   3.809e+02 |   3.771e+02 |   3.730e+02 |   3.687e+02 |   3.642e+02 |   3.593e+02 |   3.542e+02 |   3.488e+02 |   3.431e+02 |   3.371e+02 |   3.307e+02 |   3.239e+02 |   3.167e+02 |   3.091e+02 |   3.011e+02 |   2.925e+02 |   2.835e+02 |   2.740e+02 |
| cold_side---temperature (C)         |   1.014e+02 |   1.012e+02 |   1.009e+02 |   1.006e+02 |   1.002e+02 |   9.989e+01 |   9.952e+01 |   9.914e+01 |   9.874e+01 |   9.832e+01 |   9.787e+01 |   9.740e+01 |   9.690e+01 |   9.637e+01 |   9.581e+01 |   9.523e+01 |   9.461e+01 |   9.395e+01 |   9.326e+01 |   9.254e+01 |   9.254e+01 |   9.172e+01 |   9.086e+01 |   8.995e+01 |   8.898e+01 |   8.796e+01 |   8.688e+01 |   8.573e+01 |   8.452e+01 |   8.323e+01 |   8.187e+01 |   8.043e+01 |   7.890e+01 |   7.729e+01 |   7.557e+01 |   7.376e+01 |   7.184e+01 |   6.980e+01 |   6.765e+01 |   6.537e+01 |
| cold_side---vapor mass fraction (-) | nan         | nan         | nan         | nan         | nan         | nan         | nan         | nan         | nan         | nan         | nan         | nan         | nan         | nan         | nan         | nan         | nan         | nan         | nan         | nan         | nan         | nan         | nan         | nan         | nan         | nan         | nan         | nan         | nan         | nan         | nan         | nan         | nan         | nan         | nan         | nan         | nan         | nan         | nan         | nan         |
| cold_side---differ number ()        |   4.097e+00 |   4.098e+00 |   4.098e+00 |   4.098e+00 |   4.098e+00 |   4.098e+00 |   4.098e+00 |   4.099e+00 |   4.099e+00 |   4.099e+00 |   4.099e+00 |   4.100e+00 |   4.100e+00 |   4.100e+00 |   4.101e+00 |   4.101e+00 |   4.101e+00 |   4.101e+00 |   4.102e+00 |   4.102e+00 |   4.102e+00 |   4.103e+00 |   4.103e+00 |   4.103e+00 |   4.104e+00 |   4.104e+00 |   4.105e+00 |   4.105e+00 |   4.106e+00 |   4.106e+00 |   4.107e+00 |   4.107e+00 |   4.108e+00 |   4.109e+00 |   4.109e+00 |   4.110e+00 |   4.110e+00 |   4.111e+00 |   4.112e+00 |   4.112e+00 |
+-------------------------------------+-------------+-------------+-------------+-------------+-------------+-------------+-------------+-------------+-------------+-------------+-------------+-------------+-------------+-------------+-------------+-------------+-------------+-------------+-------------+-------------+-------------+-------------+-------------+-------------+-------------+-------------+-------------+-------------+-------------+-------------+-------------+-------------+-------------+-------------+-------------+-------------+-------------+-------------+-------------+-------------+
##### RESULTS (Nodes: HeatExchanger: heatexchanger_h) #####
+-------------------------------------+-------------+-------------+-------------+-------------+-------------+-------------+-------------+-------------+-------------+-------------+-------------+-------------+-------------+-------------+-------------+-------------+-------------+-------------+-------------+-------------+-------------+-------------+-------------+-------------+-------------+-------------+-------------+-------------+-------------+-------------+-------------+-------------+-------------+-------------+-------------+-------------+-------------+-------------+-------------+-------------+
|                                     |           0 |           1 |           2 |           3 |           4 |           5 |           6 |           7 |           8 |           9 |          10 |          11 |          12 |          13 |          14 |          15 |          16 |          17 |          18 |          19 |          20 |          21 |          22 |          23 |          24 |          25 |          26 |          27 |          28 |          29 |          30 |          31 |          32 |          33 |          34 |          35 |          36 |          37 |          38 |          39 |
|-------------------------------------+-------------+-------------+-------------+-------------+-------------+-------------+-------------+-------------+-------------+-------------+-------------+-------------+-------------+-------------+-------------+-------------+-------------+-------------+-------------+-------------+-------------+-------------+-------------+-------------+-------------+-------------+-------------+-------------+-------------+-------------+-------------+-------------+-------------+-------------+-------------+-------------+-------------+-------------+-------------+-------------|
| hot_side---pressure (bar)           |   1.270e+00 |   1.270e+00 |   1.270e+00 |   1.270e+00 |   1.270e+00 |   1.270e+00 |   1.270e+00 |   1.270e+00 |   1.270e+00 |   1.270e+00 |   1.270e+00 |   1.270e+00 |   1.270e+00 |   1.270e+00 |   1.270e+00 |   1.270e+00 |   1.270e+00 |   1.270e+00 |   1.270e+00 |   1.270e+00 |   1.270e+00 |   1.270e+00 |   1.270e+00 |   1.270e+00 |   1.270e+00 |   1.270e+00 |   1.270e+00 |   1.270e+00 |   1.270e+00 |   1.270e+00 |   1.270e+00 |   1.270e+00 |   1.270e+00 |   1.270e+00 |   1.270e+00 |   1.270e+00 |   1.270e+00 |   1.270e+00 |   1.270e+00 |   1.270e+00 |
| hot_side---enthalpy (kJ / kg)       |   4.463e+02 |   4.354e+02 |   4.250e+02 |   4.152e+02 |   4.060e+02 |   3.973e+02 |   3.890e+02 |   3.813e+02 |   3.739e+02 |   3.669e+02 |   3.604e+02 |   3.542e+02 |   3.483e+02 |   3.428e+02 |   3.375e+02 |   3.326e+02 |   3.279e+02 |   3.235e+02 |   3.193e+02 |   3.154e+02 |   3.154e+02 |   3.119e+02 |   3.086e+02 |   3.054e+02 |   3.024e+02 |   2.996e+02 |   2.969e+02 |   2.943e+02 |   2.919e+02 |   2.896e+02 |   2.875e+02 |   2.854e+02 |   2.835e+02 |   2.816e+02 |   2.799e+02 |   2.782e+02 |   2.766e+02 |   2.752e+02 |   2.738e+02 |   2.724e+02 |
| hot_side---temperature (C)          |   1.064e+02 |   1.038e+02 |   1.014e+02 |   9.907e+01 |   9.687e+01 |   9.480e+01 |   9.284e+01 |   9.099e+01 |   8.924e+01 |   8.759e+01 |   8.602e+01 |   8.455e+01 |   8.315e+01 |   8.183e+01 |   8.058e+01 |   7.941e+01 |   7.829e+01 |   7.724e+01 |   7.625e+01 |   7.531e+01 |   7.531e+01 |   7.447e+01 |   7.368e+01 |   7.292e+01 |   7.221e+01 |   7.153e+01 |   7.089e+01 |   7.028e+01 |   6.970e+01 |   6.916e+01 |   6.864e+01 |   6.815e+01 |   6.769e+01 |   6.725e+01 |   6.683e+01 |   6.644e+01 |   6.606e+01 |   6.571e+01 |   6.537e+01 |   6.505e+01 |
| hot_side---vapor mass fraction (-)  |   0.000e+00 | nan         | nan         | nan         | nan         | nan         | nan         | nan         | nan         | nan         | nan         | nan         | nan         | nan         | nan         | nan         | nan         | nan         | nan         | nan         | nan         | nan         | nan         | nan         | nan         | nan         | nan         | nan         | nan         | nan         | nan         | nan         | nan         | nan         | nan         | nan         | nan         | nan         | nan         | nan         |
| hot_side---differ number ()         |   3.199e+00 |   4.400e+00 |   4.402e+00 |   4.403e+00 |   4.405e+00 |   4.406e+00 |   4.407e+00 |   4.408e+00 |   4.409e+00 |   4.410e+00 |   4.411e+00 |   4.411e+00 |   4.412e+00 |   4.413e+00 |   4.413e+00 |   4.414e+00 |   4.414e+00 |   4.415e+00 |   4.415e+00 |   4.415e+00 |   4.415e+00 |   4.416e+00 |   4.416e+00 |   4.416e+00 |   4.417e+00 |   4.417e+00 |   4.417e+00 |   4.417e+00 |   4.417e+00 |   4.418e+00 |   4.418e+00 |   4.418e+00 |   4.418e+00 |   4.418e+00 |   4.418e+00 |   4.418e+00 |   4.419e+00 |   4.419e+00 |   4.419e+00 |   4.419e+00 |
| cold_side---pressure (bar)          |   3.800e+00 |   3.801e+00 |   3.803e+00 |   3.804e+00 |   3.805e+00 |   3.807e+00 |   3.808e+00 |   3.809e+00 |   3.811e+00 |   3.812e+00 |   3.813e+00 |   3.814e+00 |   3.816e+00 |   3.817e+00 |   3.818e+00 |   3.820e+00 |   3.821e+00 |   3.822e+00 |   3.824e+00 |   3.825e+00 |   3.825e+00 |   3.826e+00 |   3.828e+00 |   3.829e+00 |   3.830e+00 |   3.832e+00 |   3.833e+00 |   3.834e+00 |   3.836e+00 |   3.837e+00 |   3.838e+00 |   3.839e+00 |   3.841e+00 |   3.842e+00 |   3.843e+00 |   3.845e+00 |   3.846e+00 |   3.847e+00 |   3.849e+00 |   3.850e+00 |
| cold_side---enthalpy (kJ / kg)      |   2.740e+02 |   2.726e+02 |   2.712e+02 |   2.700e+02 |   2.688e+02 |   2.677e+02 |   2.666e+02 |   2.656e+02 |   2.647e+02 |   2.638e+02 |   2.630e+02 |   2.622e+02 |   2.614e+02 |   2.607e+02 |   2.600e+02 |   2.594e+02 |   2.588e+02 |   2.582e+02 |   2.577e+02 |   2.572e+02 |   2.572e+02 |   2.568e+02 |   2.563e+02 |   2.559e+02 |   2.555e+02 |   2.552e+02 |   2.548e+02 |   2.545e+02 |   2.542e+02 |   2.539e+02 |   2.536e+02 |   2.534e+02 |   2.531e+02 |   2.529e+02 |   2.527e+02 |   2.524e+02 |   2.522e+02 |   2.521e+02 |   2.519e+02 |   2.517e+02 |
| cold_side---temperature (C)         |   6.537e+01 |   6.503e+01 |   6.472e+01 |   6.442e+01 |   6.414e+01 |   6.387e+01 |   6.362e+01 |   6.338e+01 |   6.315e+01 |   6.294e+01 |   6.274e+01 |   6.255e+01 |   6.237e+01 |   6.220e+01 |   6.204e+01 |   6.189e+01 |   6.175e+01 |   6.161e+01 |   6.149e+01 |   6.137e+01 |   6.137e+01 |   6.126e+01 |   6.116e+01 |   6.106e+01 |   6.097e+01 |   6.088e+01 |   6.080e+01 |   6.072e+01 |   6.065e+01 |   6.058e+01 |   6.051e+01 |   6.045e+01 |   6.039e+01 |   6.033e+01 |   6.028e+01 |   6.023e+01 |   6.018e+01 |   6.014e+01 |   6.009e+01 |   6.005e+01 |
| cold_side---vapor mass fraction (-) | nan         | nan         | nan         | nan         | nan         | nan         | nan         | nan         | nan         | nan         | nan         | nan         | nan         | nan         | nan         | nan         | nan         | nan         | nan         | nan         | nan         | nan         | nan         | nan         | nan         | nan         | nan         | nan         | nan         | nan         | nan         | nan         | nan         | nan         | nan         | nan         | nan         | nan         | nan         | nan         |
| cold_side---differ number ()        |   2.309e+00 |   2.309e+00 |   2.310e+00 |   2.310e+00 |   2.310e+00 |   2.310e+00 |   2.310e+00 |   2.310e+00 |   2.310e+00 |   2.310e+00 |   2.310e+00 |   2.310e+00 |   2.310e+00 |   2.310e+00 |   2.310e+00 |   2.310e+00 |   2.310e+00 |   2.310e+00 |   2.310e+00 |   2.310e+00 |   2.310e+00 |   2.310e+00 |   2.310e+00 |   2.310e+00 |   2.310e+00 |   2.310e+00 |   2.310e+00 |   2.310e+00 |   2.310e+00 |   2.310e+00 |   2.310e+00 |   2.310e+00 |   2.310e+00 |   2.310e+00 |   2.310e+00 |   2.310e+00 |   2.310e+00 |   2.310e+00 |   2.310e+00 |   2.310e+00 |
+-------------------------------------+-------------+-------------+-------------+-------------+-------------+-------------+-------------+-------------+-------------+-------------+-------------+-------------+-------------+-------------+-------------+-------------+-------------+-------------+-------------+-------------+-------------+-------------+-------------+-------------+-------------+-------------+-------------+-------------+-------------+-------------+-------------+-------------+-------------+-------------+-------------+-------------+-------------+-------------+-------------+-------------+
##### RESULTS (Nodes: ExtractHeatExchanger: heatexchanger_i) #####
+-------------------------------------+-------------+-------------+-------------+-------------+-------------+-------------+-------------+-------------+-------------+-------------+-------------+-------------+-------------+-------------+-------------+-------------+-------------+-------------+-------------+-------------+-------------+-------------+-------------+-------------+-------------+-------------+-------------+-------------+-------------+-------------+-------------+-------------+-------------+-------------+-------------+-------------+-------------+-------------+-------------+-------------+
|                                     |           0 |           1 |           2 |           3 |           4 |           5 |           6 |           7 |           8 |           9 |          10 |          11 |          12 |          13 |          14 |          15 |          16 |          17 |          18 |          19 |          20 |          21 |          22 |          23 |          24 |          25 |          26 |          27 |          28 |          29 |          30 |          31 |          32 |          33 |          34 |          35 |          36 |          37 |          38 |          39 |
|-------------------------------------+-------------+-------------+-------------+-------------+-------------+-------------+-------------+-------------+-------------+-------------+-------------+-------------+-------------+-------------+-------------+-------------+-------------+-------------+-------------+-------------+-------------+-------------+-------------+-------------+-------------+-------------+-------------+-------------+-------------+-------------+-------------+-------------+-------------+-------------+-------------+-------------+-------------+-------------+-------------+-------------|
| hot_side---pressure (bar)           |   2.510e-01 |   2.510e-01 |   2.510e-01 |   2.510e-01 |   2.510e-01 |   2.510e-01 |   2.510e-01 |   2.510e-01 |   2.510e-01 |   2.510e-01 |   2.510e-01 |   2.510e-01 |   2.510e-01 |   2.510e-01 |   2.510e-01 |   2.510e-01 |   2.510e-01 |   2.510e-01 |   2.510e-01 |   2.510e-01 |   2.510e-01 |   2.510e-01 |   2.510e-01 |   2.510e-01 |   2.510e-01 |   2.510e-01 |   2.510e-01 |   2.510e-01 |   2.510e-01 |   2.510e-01 |   2.510e-01 |   2.510e-01 |   2.510e-01 |   2.510e-01 |   2.510e-01 |   2.510e-01 |   2.510e-01 |   2.510e-01 |   2.510e-01 |   2.510e-01 |
| hot_side---enthalpy (kJ / kg)       |   7.726e+02 |   7.673e+02 |   7.617e+02 |   7.559e+02 |   7.499e+02 |   7.436e+02 |   7.371e+02 |   7.303e+02 |   7.231e+02 |   7.157e+02 |   7.080e+02 |   7.000e+02 |   6.916e+02 |   6.828e+02 |   6.737e+02 |   6.642e+02 |   6.544e+02 |   6.441e+02 |   6.333e+02 |   6.221e+02 |   6.221e+02 |   6.100e+02 |   5.973e+02 |   5.840e+02 |   5.702e+02 |   5.557e+02 |   5.406e+02 |   5.249e+02 |   5.085e+02 |   4.913e+02 |   4.734e+02 |   4.547e+02 |   4.352e+02 |   4.148e+02 |   3.935e+02 |   3.713e+02 |   3.482e+02 |   3.240e+02 |   2.987e+02 |   2.723e+02 |
| hot_side---temperature (C)          |   6.505e+01 |   6.505e+01 |   6.505e+01 |   6.505e+01 |   6.505e+01 |   6.505e+01 |   6.505e+01 |   6.505e+01 |   6.505e+01 |   6.505e+01 |   6.505e+01 |   6.505e+01 |   6.505e+01 |   6.505e+01 |   6.505e+01 |   6.505e+01 |   6.505e+01 |   6.505e+01 |   6.505e+01 |   6.505e+01 |   6.505e+01 |   6.505e+01 |   6.505e+01 |   6.505e+01 |   6.505e+01 |   6.505e+01 |   6.505e+01 |   6.505e+01 |   6.505e+01 |   6.505e+01 |   6.505e+01 |   6.505e+01 |   6.505e+01 |   6.505e+01 |   6.505e+01 |   6.505e+01 |   6.505e+01 |   6.505e+01 |   6.505e+01 |   6.505e+01 |
| hot_side---vapor mass fraction (-)  |   2.133e-01 |   2.110e-01 |   2.087e-01 |   2.062e-01 |   2.036e-01 |   2.010e-01 |   1.982e-01 |   1.953e-01 |   1.922e-01 |   1.891e-01 |   1.858e-01 |   1.823e-01 |   1.788e-01 |   1.750e-01 |   1.712e-01 |   1.671e-01 |   1.629e-01 |   1.585e-01 |   1.539e-01 |   1.492e-01 |   1.492e-01 |   1.440e-01 |   1.385e-01 |   1.329e-01 |   1.270e-01 |   1.208e-01 |   1.144e-01 |   1.077e-01 |   1.007e-01 |   9.337e-02 |   8.573e-02 |   7.776e-02 |   6.943e-02 |   6.075e-02 |   5.168e-02 |   4.221e-02 |   3.233e-02 |   2.201e-02 |   1.124e-02 |   2.153e-17 |
| hot_side---differ number ()         |   2.000e+00 |   2.000e+00 |   2.000e+00 |   2.000e+00 |   2.000e+00 |   2.000e+00 |   2.000e+00 |   2.000e+00 |   2.000e+00 |   2.000e+00 |   2.000e+00 |   2.000e+00 |   2.000e+00 |   2.000e+00 |   2.000e+00 |   2.000e+00 |   2.000e+00 |   2.000e+00 |   2.000e+00 |   2.000e+00 |   2.000e+00 |   2.000e+00 |   2.000e+00 |   2.000e+00 |   2.000e+00 |   2.000e+00 |   2.000e+00 |   2.000e+00 |   2.000e+00 |   2.000e+00 |   2.000e+00 |   2.000e+00 |   2.000e+00 |   2.000e+00 |   2.000e+00 |   2.000e+00 |   2.000e+00 |   2.000e+00 |   2.000e+00 |   6.838e+00 |
| cold_side---pressure (bar)          |   3.850e+00 |   3.851e+00 |   3.853e+00 |   3.854e+00 |   3.855e+00 |   3.857e+00 |   3.858e+00 |   3.859e+00 |   3.861e+00 |   3.862e+00 |   3.863e+00 |   3.864e+00 |   3.866e+00 |   3.867e+00 |   3.868e+00 |   3.870e+00 |   3.871e+00 |   3.872e+00 |   3.874e+00 |   3.875e+00 |   3.875e+00 |   3.876e+00 |   3.878e+00 |   3.879e+00 |   3.880e+00 |   3.882e+00 |   3.883e+00 |   3.884e+00 |   3.886e+00 |   3.887e+00 |   3.888e+00 |   3.889e+00 |   3.891e+00 |   3.892e+00 |   3.893e+00 |   3.895e+00 |   3.896e+00 |   3.897e+00 |   3.899e+00 |   3.900e+00 |
| cold_side---enthalpy (kJ / kg)      |   2.517e+02 |   2.508e+02 |   2.499e+02 |   2.490e+02 |   2.480e+02 |   2.469e+02 |   2.458e+02 |   2.447e+02 |   2.435e+02 |   2.423e+02 |   2.411e+02 |   2.397e+02 |   2.383e+02 |   2.369e+02 |   2.354e+02 |   2.338e+02 |   2.322e+02 |   2.305e+02 |   2.287e+02 |   2.269e+02 |   2.269e+02 |   2.249e+02 |   2.228e+02 |   2.206e+02 |   2.183e+02 |   2.160e+02 |   2.135e+02 |   2.109e+02 |   2.082e+02 |   2.053e+02 |   2.024e+02 |   1.993e+02 |   1.961e+02 |   1.927e+02 |   1.892e+02 |   1.856e+02 |   1.817e+02 |   1.777e+02 |   1.736e+02 |   1.692e+02 |
| cold_side---temperature (C)         |   6.005e+01 |   5.984e+01 |   5.962e+01 |   5.940e+01 |   5.916e+01 |   5.891e+01 |   5.865e+01 |   5.838e+01 |   5.810e+01 |   5.781e+01 |   5.751e+01 |   5.719e+01 |   5.686e+01 |   5.651e+01 |   5.616e+01 |   5.578e+01 |   5.539e+01 |   5.499e+01 |   5.456e+01 |   5.412e+01 |   5.412e+01 |   5.364e+01 |   5.314e+01 |   5.262e+01 |   5.207e+01 |   5.150e+01 |   5.091e+01 |   5.029e+01 |   4.964e+01 |   4.896e+01 |   4.826e+01 |   4.752e+01 |   4.675e+01 |   4.595e+01 |   4.511e+01 |   4.423e+01 |   4.332e+01 |   4.236e+01 |   4.137e+01 |   4.033e+01 |
| cold_side---vapor mass fraction (-) | nan         | nan         | nan         | nan         | nan         | nan         | nan         | nan         | nan         | nan         | nan         | nan         | nan         | nan         | nan         | nan         | nan         | nan         | nan         | nan         | nan         | nan         | nan         | nan         | nan         | nan         | nan         | nan         | nan         | nan         | nan         | nan         | nan         | nan         | nan         | nan         | nan         | nan         | nan         | nan         |
| cold_side---differ number ()        |   3.596e+00 |   3.596e+00 |   3.596e+00 |   3.596e+00 |   3.596e+00 |   3.597e+00 |   3.597e+00 |   3.597e+00 |   3.597e+00 |   3.597e+00 |   3.597e+00 |   3.597e+00 |   3.597e+00 |   3.597e+00 |   3.597e+00 |   3.597e+00 |   3.597e+00 |   3.597e+00 |   3.597e+00 |   3.597e+00 |   3.597e+00 |   3.597e+00 |   3.597e+00 |   3.597e+00 |   3.598e+00 |   3.598e+00 |   3.598e+00 |   3.598e+00 |   3.598e+00 |   3.598e+00 |   3.598e+00 |   3.598e+00 |   3.598e+00 |   3.598e+00 |   3.598e+00 |   3.598e+00 |   3.598e+00 |   3.598e+00 |   3.598e+00 |   3.598e+00 |
+-------------------------------------+-------------+-------------+-------------+-------------+-------------+-------------+-------------+-------------+-------------+-------------+-------------+-------------+-------------+-------------+-------------+-------------+-------------+-------------+-------------+-------------+-------------+-------------+-------------+-------------+-------------+-------------+-------------+-------------+-------------+-------------+-------------+-------------+-------------+-------------+-------------+-------------+-------------+-------------+-------------+-------------+
##### RESULTS (Nodes: HeatExchanger: heatexchanger_j) #####
+-------------------------------------+-------------+-------------+-------------+-------------+-------------+-------------+-------------+-------------+-------------+-------------+-------------+-------------+-------------+-------------+-------------+-------------+-------------+-------------+-------------+-------------+-------------+-------------+-------------+-------------+-------------+-------------+-------------+-------------+-------------+-------------+-------------+-------------+-------------+-------------+-------------+-------------+-------------+-------------+-------------+-------------+
|                                     |           0 |           1 |           2 |           3 |           4 |           5 |           6 |           7 |           8 |           9 |          10 |          11 |          12 |          13 |          14 |          15 |          16 |          17 |          18 |          19 |          20 |          21 |          22 |          23 |          24 |          25 |          26 |          27 |          28 |          29 |          30 |          31 |          32 |          33 |          34 |          35 |          36 |          37 |          38 |          39 |
|-------------------------------------+-------------+-------------+-------------+-------------+-------------+-------------+-------------+-------------+-------------+-------------+-------------+-------------+-------------+-------------+-------------+-------------+-------------+-------------+-------------+-------------+-------------+-------------+-------------+-------------+-------------+-------------+-------------+-------------+-------------+-------------+-------------+-------------+-------------+-------------+-------------+-------------+-------------+-------------+-------------+-------------|
| hot_side---pressure (bar)           |   2.510e-01 |   2.510e-01 |   2.510e-01 |   2.510e-01 |   2.510e-01 |   2.510e-01 |   2.510e-01 |   2.510e-01 |   2.510e-01 |   2.510e-01 |   2.510e-01 |   2.510e-01 |   2.510e-01 |   2.510e-01 |   2.510e-01 |   2.510e-01 |   2.510e-01 |   2.510e-01 |   2.510e-01 |   2.510e-01 |   2.510e-01 |   2.510e-01 |   2.510e-01 |   2.510e-01 |   2.510e-01 |   2.510e-01 |   2.510e-01 |   2.510e-01 |   2.510e-01 |   2.510e-01 |   2.510e-01 |   2.510e-01 |   2.510e-01 |   2.510e-01 |   2.510e-01 |   2.510e-01 |   2.510e-01 |   2.510e-01 |   2.510e-01 |   2.510e-01 |
| hot_side---enthalpy (kJ / kg)       |   2.723e+02 |   2.671e+02 |   2.621e+02 |   2.574e+02 |   2.528e+02 |   2.484e+02 |   2.442e+02 |   2.402e+02 |   2.363e+02 |   2.326e+02 |   2.291e+02 |   2.257e+02 |   2.225e+02 |   2.193e+02 |   2.164e+02 |   2.135e+02 |   2.108e+02 |   2.082e+02 |   2.056e+02 |   2.032e+02 |   2.032e+02 |   2.010e+02 |   1.989e+02 |   1.969e+02 |   1.949e+02 |   1.930e+02 |   1.912e+02 |   1.895e+02 |   1.879e+02 |   1.863e+02 |   1.848e+02 |   1.833e+02 |   1.819e+02 |   1.805e+02 |   1.792e+02 |   1.780e+02 |   1.768e+02 |   1.757e+02 |   1.746e+02 |   1.735e+02 |
| hot_side---temperature (C)          |   6.505e+01 |   6.381e+01 |   6.262e+01 |   6.148e+01 |   6.038e+01 |   5.933e+01 |   5.833e+01 |   5.737e+01 |   5.645e+01 |   5.556e+01 |   5.472e+01 |   5.391e+01 |   5.313e+01 |   5.239e+01 |   5.168e+01 |   5.099e+01 |   5.034e+01 |   4.971e+01 |   4.911e+01 |   4.854e+01 |   4.854e+01 |   4.801e+01 |   4.750e+01 |   4.702e+01 |   4.655e+01 |   4.610e+01 |   4.567e+01 |   4.526e+01 |   4.486e+01 |   4.448e+01 |   4.412e+01 |   4.377e+01 |   4.343e+01 |   4.311e+01 |   4.280e+01 |   4.250e+01 |   4.222e+01 |   4.194e+01 |   4.168e+01 |   4.143e+01 |
| hot_side---vapor mass fraction (-)  |   2.153e-17 | nan         | nan         | nan         | nan         | nan         | nan         | nan         | nan         | nan         | nan         | nan         | nan         | nan         | nan         | nan         | nan         | nan         | nan         | nan         | nan         | nan         | nan         | nan         | nan         | nan         | nan         | nan         | nan         | nan         | nan         | nan         | nan         | nan         | nan         | nan         | nan         | nan         | nan         | nan         |
| hot_side---differ number ()         |   2.955e+00 |   3.911e+00 |   3.911e+00 |   3.911e+00 |   3.912e+00 |   3.912e+00 |   3.912e+00 |   3.912e+00 |   3.912e+00 |   3.913e+00 |   3.913e+00 |   3.913e+00 |   3.913e+00 |   3.913e+00 |   3.913e+00 |   3.913e+00 |   3.913e+00 |   3.913e+00 |   3.914e+00 |   3.914e+00 |   3.914e+00 |   3.914e+00 |   3.914e+00 |   3.914e+00 |   3.914e+00 |   3.914e+00 |   3.914e+00 |   3.914e+00 |   3.914e+00 |   3.914e+00 |   3.914e+00 |   3.914e+00 |   3.914e+00 |   3.914e+00 |   3.914e+00 |   3.914e+00 |   3.914e+00 |   3.914e+00 |   3.914e+00 |   3.914e+00 |
| cold_side---pressure (bar)          |   3.900e+00 |   3.901e+00 |   3.903e+00 |   3.904e+00 |   3.905e+00 |   3.907e+00 |   3.908e+00 |   3.909e+00 |   3.911e+00 |   3.912e+00 |   3.913e+00 |   3.914e+00 |   3.916e+00 |   3.917e+00 |   3.918e+00 |   3.920e+00 |   3.921e+00 |   3.922e+00 |   3.924e+00 |   3.925e+00 |   3.925e+00 |   3.926e+00 |   3.928e+00 |   3.929e+00 |   3.930e+00 |   3.932e+00 |   3.933e+00 |   3.934e+00 |   3.936e+00 |   3.937e+00 |   3.938e+00 |   3.939e+00 |   3.941e+00 |   3.942e+00 |   3.943e+00 |   3.945e+00 |   3.946e+00 |   3.947e+00 |   3.949e+00 |   3.950e+00 |
| cold_side---enthalpy (kJ / kg)      |   1.692e+02 |   1.684e+02 |   1.676e+02 |   1.668e+02 |   1.660e+02 |   1.653e+02 |   1.646e+02 |   1.639e+02 |   1.633e+02 |   1.627e+02 |   1.621e+02 |   1.615e+02 |   1.610e+02 |   1.605e+02 |   1.600e+02 |   1.595e+02 |   1.591e+02 |   1.587e+02 |   1.582e+02 |   1.578e+02 |   1.578e+02 |   1.575e+02 |   1.571e+02 |   1.568e+02 |   1.565e+02 |   1.562e+02 |   1.559e+02 |   1.556e+02 |   1.553e+02 |   1.551e+02 |   1.548e+02 |   1.546e+02 |   1.543e+02 |   1.541e+02 |   1.539e+02 |   1.537e+02 |   1.535e+02 |   1.533e+02 |   1.531e+02 |   1.529e+02 |
| cold_side---temperature (C)         |   4.033e+01 |   4.012e+01 |   3.992e+01 |   3.974e+01 |   3.956e+01 |   3.938e+01 |   3.922e+01 |   3.906e+01 |   3.891e+01 |   3.876e+01 |   3.862e+01 |   3.849e+01 |   3.836e+01 |   3.824e+01 |   3.812e+01 |   3.801e+01 |   3.790e+01 |   3.779e+01 |   3.770e+01 |   3.760e+01 |   3.760e+01 |   3.751e+01 |   3.743e+01 |   3.735e+01 |   3.727e+01 |   3.720e+01 |   3.713e+01 |   3.706e+01 |   3.699e+01 |   3.693e+01 |   3.687e+01 |   3.681e+01 |   3.676e+01 |   3.670e+01 |   3.665e+01 |   3.660e+01 |   3.656e+01 |   3.651e+01 |   3.647e+01 |   3.643e+01 |
| cold_side---vapor mass fraction (-) | nan         | nan         | nan         | nan         | nan         | nan         | nan         | nan         | nan         | nan         | nan         | nan         | nan         | nan         | nan         | nan         | nan         | nan         | nan         | nan         | nan         | nan         | nan         | nan         | nan         | nan         | nan         | nan         | nan         | nan         | nan         | nan         | nan         | nan         | nan         | nan         | nan         | nan         | nan         | nan         |
| cold_side---differ number ()        |   2.316e+00 |   2.316e+00 |   2.316e+00 |   2.316e+00 |   2.316e+00 |   2.316e+00 |   2.316e+00 |   2.316e+00 |   2.316e+00 |   2.316e+00 |   2.316e+00 |   2.316e+00 |   2.316e+00 |   2.316e+00 |   2.316e+00 |   2.316e+00 |   2.316e+00 |   2.316e+00 |   2.316e+00 |   2.316e+00 |   2.316e+00 |   2.316e+00 |   2.316e+00 |   2.316e+00 |   2.316e+00 |   2.316e+00 |   2.316e+00 |   2.316e+00 |   2.316e+00 |   2.316e+00 |   2.316e+00 |   2.316e+00 |   2.316e+00 |   2.316e+00 |   2.316e+00 |   2.316e+00 |   2.316e+00 |   2.316e+00 |   2.316e+00 |   2.316e+00 |
+-------------------------------------+-------------+-------------+-------------+-------------+-------------+-------------+-------------+-------------+-------------+-------------+-------------+-------------+-------------+-------------+-------------+-------------+-------------+-------------+-------------+-------------+-------------+-------------+-------------+-------------+-------------+-------------+-------------+-------------+-------------+-------------+-------------+-------------+-------------+-------------+-------------+-------------+-------------+-------------+-------------+-------------+
##### RESULTS (Nodes: ExtractHeatExchanger: heatexchanger_k) #####
+-------------------------------------+-------------+-------------+-------------+-------------+-------------+-------------+-------------+-------------+-------------+-------------+-------------+-------------+-------------+-------------+-------------+-------------+-------------+-------------+-------------+-------------+-------------+-------------+-------------+-------------+-------------+-------------+-------------+-------------+-------------+-------------+-------------+-------------+-------------+-------------+-------------+-------------+-------------+-------------+-------------+-------------+
|                                     |           0 |           1 |           2 |           3 |           4 |           5 |           6 |           7 |           8 |           9 |          10 |          11 |          12 |          13 |          14 |          15 |          16 |          17 |          18 |          19 |          20 |          21 |          22 |          23 |          24 |          25 |          26 |          27 |          28 |          29 |          30 |          31 |          32 |          33 |          34 |          35 |          36 |          37 |          38 |          39 |
|-------------------------------------+-------------+-------------+-------------+-------------+-------------+-------------+-------------+-------------+-------------+-------------+-------------+-------------+-------------+-------------+-------------+-------------+-------------+-------------+-------------+-------------+-------------+-------------+-------------+-------------+-------------+-------------+-------------+-------------+-------------+-------------+-------------+-------------+-------------+-------------+-------------+-------------+-------------+-------------+-------------+-------------|
| hot_side---pressure (bar)           |   1.270e+00 |   1.270e+00 |   1.270e+00 |   1.270e+00 |   1.270e+00 |   1.270e+00 |   1.270e+00 |   1.270e+00 |   1.270e+00 |   1.270e+00 |   1.270e+00 |   1.270e+00 |   1.270e+00 |   1.270e+00 |   1.270e+00 |   1.270e+00 |   1.270e+00 |   1.270e+00 |   1.270e+00 |   1.270e+00 |   1.270e+00 |   1.270e+00 |   1.270e+00 |   1.270e+00 |   1.270e+00 |   1.270e+00 |   1.270e+00 |   1.270e+00 |   1.270e+00 |   1.270e+00 |   1.270e+00 |   1.270e+00 |   1.270e+00 |   1.270e+00 |   1.270e+00 |   1.270e+00 |   1.270e+00 |   1.270e+00 |   1.270e+00 |   1.270e+00 |
| hot_side---enthalpy (kJ / kg)       |   2.756e+03 |   2.667e+03 |   2.607e+03 |   2.547e+03 |   2.488e+03 |   2.428e+03 |   2.368e+03 |   2.309e+03 |   2.249e+03 |   2.189e+03 |   2.129e+03 |   2.069e+03 |   2.009e+03 |   1.950e+03 |   1.890e+03 |   1.830e+03 |   1.770e+03 |   1.710e+03 |   1.650e+03 |   1.590e+03 |   1.590e+03 |   1.530e+03 |   1.470e+03 |   1.410e+03 |   1.350e+03 |   1.290e+03 |   1.230e+03 |   1.169e+03 |   1.109e+03 |   1.049e+03 |   9.889e+02 |   9.287e+02 |   8.685e+02 |   8.082e+02 |   7.479e+02 |   6.876e+02 |   6.273e+02 |   5.670e+02 |   5.067e+02 |   4.463e+02 |
| hot_side---temperature (C)          |   1.405e+02 |   1.064e+02 |   1.064e+02 |   1.064e+02 |   1.064e+02 |   1.064e+02 |   1.064e+02 |   1.064e+02 |   1.064e+02 |   1.064e+02 |   1.064e+02 |   1.064e+02 |   1.064e+02 |   1.064e+02 |   1.064e+02 |   1.064e+02 |   1.064e+02 |   1.064e+02 |   1.064e+02 |   1.064e+02 |   1.064e+02 |   1.064e+02 |   1.064e+02 |   1.064e+02 |   1.064e+02 |   1.064e+02 |   1.064e+02 |   1.064e+02 |   1.064e+02 |   1.064e+02 |   1.064e+02 |   1.064e+02 |   1.064e+02 |   1.064e+02 |   1.064e+02 |   1.064e+02 |   1.064e+02 |   1.064e+02 |   1.064e+02 |   1.064e+02 |
| hot_side---vapor mass fraction (-)  | nan         |   9.916e-01 |   9.650e-01 |   9.383e-01 |   9.117e-01 |   8.850e-01 |   8.583e-01 |   8.316e-01 |   8.049e-01 |   7.782e-01 |   7.515e-01 |   7.248e-01 |   6.981e-01 |   6.713e-01 |   6.446e-01 |   6.178e-01 |   5.911e-01 |   5.643e-01 |   5.375e-01 |   5.107e-01 |   5.107e-01 |   4.839e-01 |   4.571e-01 |   4.303e-01 |   4.035e-01 |   3.766e-01 |   3.498e-01 |   3.229e-01 |   2.961e-01 |   2.692e-01 |   2.423e-01 |   2.154e-01 |   1.885e-01 |   1.616e-01 |   1.347e-01 |   1.078e-01 |   8.084e-02 |   5.390e-02 |   2.696e-02 |   0.000e+00 |
| hot_side---differ number ()         |   1.805e+01 |   2.000e+00 |   2.000e+00 |   2.000e+00 |   2.000e+00 |   2.000e+00 |   2.000e+00 |   2.000e+00 |   2.000e+00 |   2.000e+00 |   2.000e+00 |   2.000e+00 |   2.000e+00 |   2.000e+00 |   2.000e+00 |   2.000e+00 |   2.000e+00 |   2.000e+00 |   2.000e+00 |   2.000e+00 |   2.000e+00 |   2.000e+00 |   2.000e+00 |   2.000e+00 |   2.000e+00 |   2.000e+00 |   2.000e+00 |   2.000e+00 |   2.000e+00 |   2.000e+00 |   2.000e+00 |   2.000e+00 |   2.000e+00 |   2.000e+00 |   2.000e+00 |   2.000e+00 |   2.000e+00 |   2.000e+00 |   2.000e+00 |   5.833e+00 |
| cold_side---pressure (bar)          |   3.950e+00 |   3.951e+00 |   3.953e+00 |   3.954e+00 |   3.955e+00 |   3.957e+00 |   3.958e+00 |   3.959e+00 |   3.961e+00 |   3.962e+00 |   3.963e+00 |   3.964e+00 |   3.966e+00 |   3.967e+00 |   3.968e+00 |   3.970e+00 |   3.971e+00 |   3.972e+00 |   3.974e+00 |   3.975e+00 |   3.975e+00 |   3.976e+00 |   3.978e+00 |   3.979e+00 |   3.980e+00 |   3.982e+00 |   3.983e+00 |   3.984e+00 |   3.986e+00 |   3.987e+00 |   3.988e+00 |   3.989e+00 |   3.991e+00 |   3.992e+00 |   3.993e+00 |   3.995e+00 |   3.996e+00 |   3.997e+00 |   3.999e+00 |   4.000e+00 |
| cold_side---enthalpy (kJ / kg)      |   1.529e+02 |   1.528e+02 |   1.527e+02 |   1.526e+02 |   1.525e+02 |   1.524e+02 |   1.524e+02 |   1.523e+02 |   1.522e+02 |   1.521e+02 |   1.520e+02 |   1.519e+02 |   1.518e+02 |   1.517e+02 |   1.516e+02 |   1.515e+02 |   1.514e+02 |   1.513e+02 |   1.512e+02 |   1.512e+02 |   1.512e+02 |   1.511e+02 |   1.510e+02 |   1.509e+02 |   1.508e+02 |   1.507e+02 |   1.506e+02 |   1.505e+02 |   1.504e+02 |   1.503e+02 |   1.502e+02 |   1.501e+02 |   1.500e+02 |   1.500e+02 |   1.499e+02 |   1.498e+02 |   1.497e+02 |   1.496e+02 |   1.495e+02 |   1.494e+02 |
| cold_side---temperature (C)         |   3.643e+01 |   3.639e+01 |   3.637e+01 |   3.635e+01 |   3.633e+01 |   3.631e+01 |   3.628e+01 |   3.626e+01 |   3.624e+01 |   3.622e+01 |   3.620e+01 |   3.617e+01 |   3.615e+01 |   3.613e+01 |   3.611e+01 |   3.609e+01 |   3.606e+01 |   3.604e+01 |   3.602e+01 |   3.600e+01 |   3.600e+01 |   3.598e+01 |   3.595e+01 |   3.593e+01 |   3.591e+01 |   3.589e+01 |   3.586e+01 |   3.584e+01 |   3.582e+01 |   3.580e+01 |   3.578e+01 |   3.575e+01 |   3.573e+01 |   3.571e+01 |   3.569e+01 |   3.567e+01 |   3.564e+01 |   3.562e+01 |   3.560e+01 |   3.558e+01 |
| cold_side---vapor mass fraction (-) | nan         | nan         | nan         | nan         | nan         | nan         | nan         | nan         | nan         | nan         | nan         | nan         | nan         | nan         | nan         | nan         | nan         | nan         | nan         | nan         | nan         | nan         | nan         | nan         | nan         | nan         | nan         | nan         | nan         | nan         | nan         | nan         | nan         | nan         | nan         | nan         | nan         | nan         | nan         | nan         |
| cold_side---differ number ()        |   2.012e+00 |   2.012e+00 |   2.012e+00 |   2.012e+00 |   2.012e+00 |   2.012e+00 |   2.012e+00 |   2.012e+00 |   2.012e+00 |   2.012e+00 |   2.012e+00 |   2.012e+00 |   2.012e+00 |   2.012e+00 |   2.012e+00 |   2.012e+00 |   2.012e+00 |   2.012e+00 |   2.012e+00 |   2.012e+00 |   2.012e+00 |   2.012e+00 |   2.012e+00 |   2.012e+00 |   2.012e+00 |   2.012e+00 |   2.012e+00 |   2.012e+00 |   2.012e+00 |   2.012e+00 |   2.012e+00 |   2.012e+00 |   2.012e+00 |   2.012e+00 |   2.012e+00 |   2.012e+00 |   2.012e+00 |   2.012e+00 |   2.012e+00 |   2.012e+00 |
+-------------------------------------+-------------+-------------+-------------+-------------+-------------+-------------+-------------+-------------+-------------+-------------+-------------+-------------+-------------+-------------+-------------+-------------+-------------+-------------+-------------+-------------+-------------+-------------+-------------+-------------+-------------+-------------+-------------+-------------+-------------+-------------+-------------+-------------+-------------+-------------+-------------+-------------+-------------+-------------+-------------+-------------+
2026-04-25 14:56:28,817 - INFO - logger - Path for logging: pure_steam_plant_model1_loggings\Aurora.log
2026-04-25 14:56:28,818 - INFO - logger - Used AURORA version: 0.1.1 - GCC's Nature
2026-04-25 14:56:28,820 - DEBUG - network - Default unit specifications:
mass flow: kg / s
pressure: Pa
enthalpy: J / kg
temperature: K
temperature difference above boiling point: K
temperature difference under boiling point: K
volumetric flow: m^3 / s
specific volume: m^3 / kg
vapor mass fraction: -
entropy: J / kgK
voltage: V
electricity: A
electric phase: rad
frequency: Hz
optical intensity: W/m^2
luminous intensity: cd
luminous flux: lm
spatial size: m
time size: s
2026-04-25 14:56:28,821 - DEBUG - network - Default mass flow limits
min: 1e-05 kg / s
max: 1000000000000.0 kg / s
2026-04-25 14:56:28,821 - DEBUG - network - Default pressure limits
min: 100000.0 Pa
max: 30000000.0 Pa
2026-04-25 14:56:28,821 - DEBUG - network - Default enthalpy limits
min: 1000.0 J / kg
max: 7000000.0 J / kg
2026-04-25 14:56:28,821 - DEBUG - network - Default voltage limits
min: -1000000000000.0 V
max: 1000000000000.0 V
2026-04-25 14:56:28,821 - DEBUG - network - Default electricity limits
min: -1000000000000.0 A
max: 1000000000000.0 A
2026-04-25 14:56:28,821 - DEBUG - network - Default frequency limits
min: 1e-05 Hz
max: 1000000000000.0 Hz
2026-04-25 14:56:28,821 - DEBUG - network - Setting fluid property pressure unit: bar.
2026-04-25 14:56:28,821 - DEBUG - network - Setting fluid property temperature unit: C.
2026-04-25 14:56:28,821 - DEBUG - network - Setting fluid property enthalpy unit: kJ / kg.
2026-04-25 14:56:28,821 - DEBUG - network - Setting fluid property mass flow unit: kg / s.
2026-04-25 14:56:28,840 - DEBUG - connection - Created connection from boiler (out1) to turbine2 (in1).
2026-04-25 14:56:28,841 - DEBUG - connection - Created connection from boiler (out2) to boiler_splitter (in1).
2026-04-25 14:56:28,841 - DEBUG - connection - Created connection from boiler_splitter (out1) to valve_3_4 (in1).
2026-04-25 14:56:28,841 - DEBUG - connection - Created connection from valve_3_4 (out1) to merge_4_5_65 (in1).
2026-04-25 14:56:28,842 - DEBUG - connection - Created connection from valve_5_6 (out1) to merge_4_5_65 (in2).
2026-04-25 14:56:28,842 - DEBUG - connection - Created connection from turbine1_splitter (out1) to valve_5_6 (in1).
2026-04-25 14:56:28,842 - DEBUG - connection - Created connection from boiler_splitter (out2) to turbine1 (in1).
2026-04-25 14:56:28,843 - DEBUG - connection - Created connection from turbine1 (out1) to turbine1_splitter (in1).
2026-04-25 14:56:28,843 - DEBUG - connection - Created connection from turbine1_splitter (out2) to split_8_61_64 (in1).
2026-04-25 14:56:28,843 - DEBUG - connection - Created connection from turbine2 (out1) to turbine2_splitter (in1).
2026-04-25 14:56:28,844 - DEBUG - connection - Created connection from turbine2_splitter (out1) to turbine3 (in1).
2026-04-25 14:56:28,844 - DEBUG - connection - Created connection from turbine2_splitter (out2) to heatexchanger_d (in1).
2026-04-25 14:56:28,844 - DEBUG - connection - Created connection from turbine3 (out1) to turbine3_splitter (in1).
2026-04-25 14:56:28,845 - DEBUG - connection - Created connection from turbine3_splitter (out1) to turbine4 (in1).
2026-04-25 14:56:28,845 - DEBUG - connection - Created connection from turbine3_splitter (out2) to split_12_48_49 (in1).
2026-04-25 14:56:28,846 - DEBUG - connection - Created connection from turbine4 (out1) to turbine4_splitter (in1).
2026-04-25 14:56:28,846 - DEBUG - connection - Created connection from turbine4_splitter (out1) to turbine5 (in1).
2026-04-25 14:56:28,846 - DEBUG - connection - Created connection from turbine4_splitter (out2) to heatexchanger_e (in1).
2026-04-25 14:56:28,846 - DEBUG - connection - Created connection from turbine5 (out1) to turbine5_splitter (in1).
2026-04-25 14:56:28,846 - DEBUG - connection - Created connection from turbine5_splitter (out1) to turbine6 (in1).
2026-04-25 14:56:28,846 - DEBUG - connection - Created connection from turbine5_splitter (out2) to split_16_38_39 (in1).
2026-04-25 14:56:28,847 - DEBUG - connection - Created connection from turbine6 (out1) to turbine6_splitter (in1).
2026-04-25 14:56:28,847 - DEBUG - connection - Created connection from turbine6_splitter (out1) to turbine7 (in1).
2026-04-25 14:56:28,847 - DEBUG - connection - Created connection from turbine6_splitter (out2) to heater_i_merge (in1).
2026-04-25 14:56:28,848 - DEBUG - connection - Created connection from turbine7 (out1) to condense_merge (in1).
2026-04-25 14:56:28,848 - DEBUG - connection - Created connection from condense_merge (out1) to condenser (in1).
2026-04-25 14:56:28,848 - DEBUG - connection - Created connection from condenser (out2) to cooling_water_sink (in1).
2026-04-25 14:56:28,848 - DEBUG - connection - Created connection from cooling_water_source (out1) to condenser (in2).
2026-04-25 14:56:28,850 - DEBUG - connection - Created connection from condenser (out1) to condense_pump (in1).
2026-04-25 14:56:28,850 - DEBUG - connection - Created connection from condense_pump (out1) to heatexchanger_k (in2).
2026-04-25 14:56:28,850 - DEBUG - connection - Created connection from merge_25_26_24 (out1) to condense_merge (in2).
2026-04-25 14:56:28,851 - DEBUG - connection - Created connection from valve_25_30 (out1) to merge_25_26_24 (in1).
2026-04-25 14:56:28,851 - DEBUG - connection - Created connection from valve_26_27 (out1) to merge_25_26_24 (in2).
2026-04-25 14:56:28,851 - DEBUG - connection - Created connection from heatexchanger_k (out1) to valve_26_27 (in1).
2026-04-25 14:56:28,851 - DEBUG - connection - Created connection from merge_39_40_28 (out1) to heatexchanger_k (in1).
2026-04-25 14:56:28,851 - DEBUG - connection - Created connection from heatexchanger_k (out2) to heatexchanger_j (in2).
2026-04-25 14:56:28,851 - DEBUG - connection - Created connection from heatexchanger_j (out1) to valve_25_30 (in1).
2026-04-25 14:56:28,851 - DEBUG - connection - Created connection from heatexchanger_i (out1) to heatexchanger_j (in1).
2026-04-25 14:56:28,853 - DEBUG - connection - Created connection from heatexchanger_j (out2) to heatexchanger_i (in2).
2026-04-25 14:56:28,853 - DEBUG - connection - Created connection from heatexchanger_i (out2) to heatexchanger_h (in2).
2026-04-25 14:56:28,853 - DEBUG - connection - Created connection from valve_34_35 (out1) to heater_i_merge (in2).
2026-04-25 14:56:28,854 - DEBUG - connection - Created connection from heater_i_merge (out1) to heatexchanger_i (in1).
2026-04-25 14:56:28,854 - DEBUG - connection - Created connection from heatexchanger_h (out1) to valve_34_35 (in1).
2026-04-25 14:56:28,854 - DEBUG - connection - Created connection from heatexchanger_g (out1) to heatexchanger_h (in1).
2026-04-25 14:56:28,855 - DEBUG - connection - Created connection from heatexchanger_h (out2) to heatexchanger_g (in2).
2026-04-25 14:56:28,855 - DEBUG - connection - Created connection from split_16_38_39 (out1) to heater_g_merge (in1).
2026-04-25 14:56:28,855 - DEBUG - connection - Created connection from heater_g_merge (out1) to heatexchanger_g (in1).
2026-04-25 14:56:28,856 - DEBUG - connection - Created connection from split_16_38_39 (out2) to merge_39_40_28 (in2).
2026-04-25 14:56:28,856 - DEBUG - connection - Created connection from merge_47_65_40 (out1) to merge_39_40_28 (in1).
2026-04-25 14:56:28,856 - DEBUG - connection - Created connection from heatexchanger_g (out2) to heatexchanger_f (in2).
2026-04-25 14:56:28,856 - DEBUG - connection - Created connection from valve_42_43 (out1) to heater_g_merge (in2).
2026-04-25 14:56:28,856 - DEBUG - connection - Created connection from heatexchanger_f (out1) to valve_42_43 (in1).
2026-04-25 14:56:28,856 - DEBUG - connection - Created connection from heatexchanger_e (out1) to heatexchanger_f (in1).
2026-04-25 14:56:28,857 - DEBUG - connection - Created connection from heatexchanger_f (out2) to heatexchanger_e (in2).
2026-04-25 14:56:28,857 - DEBUG - connection - Created connection from heatexchanger_e (out2) to deaerator_merge (in2).
2026-04-25 14:56:28,858 - DEBUG - connection - Created connection from valve_47_48 (out1) to merge_47_65_40 (in2).
2026-04-25 14:56:28,858 - DEBUG - connection - Created connection from split_12_48_49 (out2) to valve_47_48 (in1).
2026-04-25 14:56:28,858 - DEBUG - connection - Created connection from split_12_48_49 (out1) to valve_49_50 (in1).
2026-04-25 14:56:28,859 - DEBUG - connection - Created connection from valve_49_50 (out1) to deaerator (in2).
2026-04-25 14:56:28,859 - DEBUG - connection - Created connection from valve_51_53 (out1) to deaerator_merge (in1).
2026-04-25 14:56:28,859 - DEBUG - connection - Created connection from deaerator_merge (out1) to deaerator (in1).
2026-04-25 14:56:28,859 - DEBUG - connection - Created connection from deaerator (out1) to recycle_pump (in1).
2026-04-25 14:56:28,860 - DEBUG - connection - Created connection from deaerator (out2) to deaerator_sink (in1).
2026-04-25 14:56:28,860 - DEBUG - connection - Created connection from heatexchanger_a (out1) to valve_51_53 (in1).
2026-04-25 14:56:28,860 - DEBUG - connection - Created connection from recycle_pump (out1) to heatexchanger_a (in2).
2026-04-25 14:56:28,861 - DEBUG - connection - Created connection from heatexchanger_b (out1) to heatexchanger_a (in1).
2026-04-25 14:56:28,861 - DEBUG - connection - Created connection from heatexchanger_a (out2) to heatexchanger_b (in2).
2026-04-25 14:56:28,861 - DEBUG - connection - Created connection from heater_b_merge (out1) to heatexchanger_b (in1).
2026-04-25 14:56:28,862 - DEBUG - connection - Created connection from heatexchanger_d (out1) to heater_b_merge (in1).
2026-04-25 14:56:28,862 - DEBUG - connection - Created connection from valve_58_60 (out1) to heater_b_merge (in2).
2026-04-25 14:56:28,862 - DEBUG - connection - Created connection from heatexchanger_b (out2) to heatexchanger_c (in2).
2026-04-25 14:56:28,862 - DEBUG - connection - Created connection from heatexchanger_c (out1) to valve_58_60 (in1).
2026-04-25 14:56:28,863 - DEBUG - connection - Created connection from split_8_61_64 (out2) to heatexchanger_c (in1).
2026-04-25 14:56:28,863 - DEBUG - connection - Created connection from heatexchanger_c (out2) to heatexchanger_d (in2).
2026-04-25 14:56:28,863 - DEBUG - connection - Created connection from heatexchanger_d (out2) to boiler (in2).
2026-04-25 14:56:28,864 - DEBUG - connection - Created connection from split_8_61_64 (out1) to boiler (in1).
2026-04-25 14:56:28,864 - DEBUG - connection - Created connection from merge_4_5_65 (out1) to cycle_closer (in1).
2026-04-25 14:56:28,864 - DEBUG - connection - Created connection from cycle_closer (out1) to merge_47_65_40 (in1).
2026-04-25 14:56:28,865 - DEBUG - network - Added connection c1 to network.
2026-04-25 14:56:28,865 - DEBUG - network - Added connection c2 to network.
2026-04-25 14:56:28,865 - DEBUG - network - Added connection c3 to network.
2026-04-25 14:56:28,867 - DEBUG - network - Added connection c4 to network.
2026-04-25 14:56:28,867 - DEBUG - network - Added connection c5 to network.
2026-04-25 14:56:28,868 - DEBUG - network - Added connection c6 to network.
2026-04-25 14:56:28,868 - DEBUG - network - Added connection c7 to network.
2026-04-25 14:56:28,868 - DEBUG - network - Added connection c8 to network.
2026-04-25 14:56:28,869 - DEBUG - network - Added connection c9 to network.
2026-04-25 14:56:28,869 - DEBUG - network - Added connection c10 to network.
2026-04-25 14:56:28,870 - DEBUG - network - Added connection c11 to network.
2026-04-25 14:56:28,870 - DEBUG - network - Added connection c12 to network.
2026-04-25 14:56:28,870 - DEBUG - network - Added connection c13 to network.
2026-04-25 14:56:28,871 - DEBUG - network - Added connection c14 to network.
2026-04-25 14:56:28,871 - DEBUG - network - Added connection c15 to network.
2026-04-25 14:56:28,871 - DEBUG - network - Added connection c16 to network.
2026-04-25 14:56:28,872 - DEBUG - network - Added connection c17 to network.
2026-04-25 14:56:28,872 - DEBUG - network - Added connection c18 to network.
2026-04-25 14:56:28,872 - DEBUG - network - Added connection c19 to network.
2026-04-25 14:56:28,873 - DEBUG - network - Added connection c20 to network.
2026-04-25 14:56:28,873 - DEBUG - network - Added connection c21 to network.
2026-04-25 14:56:28,874 - DEBUG - network - Added connection c22 to network.
2026-04-25 14:56:28,874 - DEBUG - network - Added connection c23 to network.
2026-04-25 14:56:28,874 - DEBUG - network - Added connection c24 to network.
2026-04-25 14:56:28,875 - DEBUG - network - Added connection c25 to network.
2026-04-25 14:56:28,875 - DEBUG - network - Added connection c26 to network.
2026-04-25 14:56:28,875 - DEBUG - network - Added connection c27 to network.
2026-04-25 14:56:28,876 - DEBUG - network - Added connection c28 to network.
2026-04-25 14:56:28,876 - DEBUG - network - Added connection c29 to network.
2026-04-25 14:56:28,877 - DEBUG - network - Added connection c30 to network.
2026-04-25 14:56:28,877 - DEBUG - network - Added connection c31 to network.
2026-04-25 14:56:28,877 - DEBUG - network - Added connection c32 to network.
2026-04-25 14:56:28,877 - DEBUG - network - Added connection c33 to network.
2026-04-25 14:56:28,878 - DEBUG - network - Added connection c34 to network.
2026-04-25 14:56:28,878 - DEBUG - network - Added connection c35 to network.
2026-04-25 14:56:28,879 - DEBUG - network - Added connection c36 to network.
2026-04-25 14:56:28,879 - DEBUG - network - Added connection c37 to network.
2026-04-25 14:56:28,880 - DEBUG - network - Added connection c38 to network.
2026-04-25 14:56:28,880 - DEBUG - network - Added connection c39 to network.
2026-04-25 14:56:28,881 - DEBUG - network - Added connection c40 to network.
2026-04-25 14:56:28,881 - DEBUG - network - Added connection c41 to network.
2026-04-25 14:56:28,881 - DEBUG - network - Added connection c42 to network.
2026-04-25 14:56:28,882 - DEBUG - network - Added connection c43 to network.
2026-04-25 14:56:28,882 - DEBUG - network - Added connection c44 to network.
2026-04-25 14:56:28,883 - DEBUG - network - Added connection c45 to network.
2026-04-25 14:56:28,883 - DEBUG - network - Added connection c46 to network.
2026-04-25 14:56:28,884 - DEBUG - network - Added connection c47 to network.
2026-04-25 14:56:28,884 - DEBUG - network - Added connection c48 to network.
2026-04-25 14:56:28,884 - DEBUG - network - Added connection c49 to network.
2026-04-25 14:56:28,885 - DEBUG - network - Added connection c50 to network.
2026-04-25 14:56:28,885 - DEBUG - network - Added connection c51 to network.
2026-04-25 14:56:28,885 - DEBUG - network - Added connection c52 to network.
2026-04-25 14:56:28,886 - DEBUG - network - Added connection c53 to network.
2026-04-25 14:56:28,886 - DEBUG - network - Added connection c54 to network.
2026-04-25 14:56:28,886 - DEBUG - network - Added connection c55 to network.
2026-04-25 14:56:28,887 - DEBUG - network - Added connection c56 to network.
2026-04-25 14:56:28,887 - DEBUG - network - Added connection c57 to network.
2026-04-25 14:56:28,887 - DEBUG - network - Added connection c58 to network.
2026-04-25 14:56:28,888 - DEBUG - network - Added connection c59 to network.
2026-04-25 14:56:28,888 - DEBUG - network - Added connection c60 to network.
2026-04-25 14:56:28,888 - DEBUG - network - Added connection c61 to network.
2026-04-25 14:56:28,889 - DEBUG - network - Added connection c62 to network.
2026-04-25 14:56:28,889 - DEBUG - network - Added connection c63 to network.
2026-04-25 14:56:28,889 - DEBUG - network - Added connection c64 to network.
2026-04-25 14:56:28,890 - DEBUG - network - Added connection c65 to network.
2026-04-25 14:56:28,890 - DEBUG - network - Added connection deaerator_drain to network.
2026-04-25 14:56:28,890 - DEBUG - network - Added connection d65 to network.
2026-04-25 14:56:28,891 - DEBUG - network - Added connection turbine1_out to network.
2026-04-25 14:56:28,891 - DEBUG - network - Added connection turbine2_out to network.
2026-04-25 14:56:28,892 - DEBUG - network - Added connection turbine3_out to network.
2026-04-25 14:56:28,892 - DEBUG - network - Added connection turbine4_out to network.
2026-04-25 14:56:28,892 - DEBUG - network - Added connection turbine5_out to network.
2026-04-25 14:56:28,893 - DEBUG - network - Added connection turbine6_out to network.
2026-04-25 14:56:28,893 - DEBUG - network - Added connection condenser_hot_in to network.
2026-04-25 14:56:28,893 - DEBUG - network - Added connection heater_i_hot_in to network.
2026-04-25 14:56:28,894 - DEBUG - network - Added connection heater_g_hot_in to network.
2026-04-25 14:56:28,894 - DEBUG - network - Added connection heater_b_hot_in to network.
2026-04-25 14:56:28,894 - DEBUG - network - Added connection deaerator_cold_in to network.
2026-04-25 14:56:29,106 - DEBUG - network - Removing 6 mass flow variables from ['c52', 'c54', 'c56', 'c59', 'c62', 'c63', 'c2'] from system variables.
2026-04-25 14:56:29,106 - DEBUG - network - Removing 1 mass flow variables from ['c3', 'c4'] from system variables.
2026-04-25 14:56:29,106 - DEBUG - network - Removing 1 mass flow variables from ['c6', 'c5'] from system variables.
2026-04-25 14:56:29,106 - DEBUG - network - Removing 1 mass flow variables from ['c48', 'c47'] from system variables.
2026-04-25 14:56:29,106 - DEBUG - network - Removing 0 mass flow variables from ['deaerator_drain'] from system variables.
2026-04-25 14:56:29,107 - INFO - network - ########----Simplify Fluid System Successful----########
2026-04-25 14:56:29,119 - DEBUG - network - Updated fluid property SI values and fluid mass fraction for user specified connection parameters.
2026-04-25 14:56:29,135 - INFO - network - ########----Network check successful----########
2026-04-25 14:56:29,135 - DEBUG - network - Solver properties:
 - mode: design
 - init_path: None
 - design_path: pure_steam_plant_model1_design_
 - min_iter: 4
 - max_iter: 150
2026-04-25 14:56:29,135 - DEBUG - network - Network information:
 - Number of components: 56
 - Number of fluid components: 56
 - Number of electric components: 0
 - Number of connections: 78
 - Number of fluid connections: 78
 - Number of electric connections: 0
 - Number of busses: 0
2026-04-25 14:56:29,142 - DEBUG - network - Generic fluid property specification complete in the final of initialization.
2026-04-25 14:56:29,143 - INFO - network - ########-----Initializing variables bounds-----########
2026-04-25 14:56:29,147 - DEBUG - connection - The connection: c1 has 0 equations.
2026-04-25 14:56:29,147 - DEBUG - connection - The connection: c10 has 0 equations.
2026-04-25 14:56:29,147 - DEBUG - connection - The connection: c11 has 0 equations.
2026-04-25 14:56:29,147 - DEBUG - connection - The connection: c12 has 0 equations.
2026-04-25 14:56:29,147 - DEBUG - connection - The connection: c13 has 0 equations.
2026-04-25 14:56:29,147 - DEBUG - connection - The connection: c14 has 0 equations.
2026-04-25 14:56:29,147 - DEBUG - connection - The connection: c15 has 0 equations.
2026-04-25 14:56:29,147 - DEBUG - connection - The connection: c16 has 0 equations.
2026-04-25 14:56:29,147 - DEBUG - connection - The connection: c17 has 0 equations.
2026-04-25 14:56:29,147 - DEBUG - connection - The connection: c18 has 0 equations.
2026-04-25 14:56:29,147 - DEBUG - connection - The connection: c19 has 0 equations.
2026-04-25 14:56:29,147 - DEBUG - connection - The connection: c2 has 0 equations.
2026-04-25 14:56:29,147 - DEBUG - connection - The connection: c20 has 0 equations.
2026-04-25 14:56:29,147 - DEBUG - connection - The connection: c21 has 0 equations.
2026-04-25 14:56:29,147 - DEBUG - connection - The connection: c22 has 0 equations.
2026-04-25 14:56:29,147 - DEBUG - connection - The connection: c23 has 0 equations.
2026-04-25 14:56:29,149 - DEBUG - connection - The connection: c24 has 0 equations.
2026-04-25 14:56:29,149 - DEBUG - connection - The connection: c25 has 0 equations.
2026-04-25 14:56:29,149 - DEBUG - connection - The connection: c26 has 0 equations.
2026-04-25 14:56:29,149 - DEBUG - connection - The connection: c27 has 0 equations.
2026-04-25 14:56:29,149 - DEBUG - connection - The connection: c28 has 0 equations.
2026-04-25 14:56:29,149 - DEBUG - connection - The connection: c29 has 0 equations.
2026-04-25 14:56:29,149 - DEBUG - connection - The connection: c3 has 0 equations.
2026-04-25 14:56:29,149 - DEBUG - connection - The connection: c30 has 0 equations.
2026-04-25 14:56:29,149 - DEBUG - connection - The connection: c31 has 0 equations.
2026-04-25 14:56:29,149 - DEBUG - connection - The connection: c32 has 0 equations.
2026-04-25 14:56:29,149 - DEBUG - connection - The connection: c33 has 0 equations.
2026-04-25 14:56:29,149 - DEBUG - connection - The connection: c34 has 0 equations.
2026-04-25 14:56:29,149 - DEBUG - connection - The connection: c35 has 0 equations.
2026-04-25 14:56:29,149 - DEBUG - connection - The connection: c36 has 0 equations.
2026-04-25 14:56:29,149 - DEBUG - connection - The connection: c37 has 0 equations.
2026-04-25 14:56:29,149 - DEBUG - connection - The connection: c38 has 0 equations.
2026-04-25 14:56:29,149 - DEBUG - connection - The connection: c39 has 0 equations.
2026-04-25 14:56:29,149 - DEBUG - connection - The connection: c4 has 0 equations.
2026-04-25 14:56:29,149 - DEBUG - connection - The connection: c40 has 0 equations.
2026-04-25 14:56:29,149 - DEBUG - connection - The connection: c41 has 0 equations.
2026-04-25 14:56:29,149 - DEBUG - connection - The connection: c42 has 0 equations.
2026-04-25 14:56:29,149 - DEBUG - connection - The connection: c43 has 0 equations.
2026-04-25 14:56:29,149 - DEBUG - connection - The connection: c44 has 0 equations.
2026-04-25 14:56:29,149 - DEBUG - connection - The connection: c45 has 0 equations.
2026-04-25 14:56:29,149 - DEBUG - connection - The connection: c46 has 0 equations.
2026-04-25 14:56:29,149 - DEBUG - connection - The connection: c47 has 0 equations.
2026-04-25 14:56:29,149 - DEBUG - connection - The connection: c48 has 0 equations.
2026-04-25 14:56:29,149 - DEBUG - connection - The connection: c49 has 0 equations.
2026-04-25 14:56:29,149 - DEBUG - connection - The connection: c5 has 0 equations.
2026-04-25 14:56:29,149 - DEBUG - connection - The connection: c50 has 0 equations.
2026-04-25 14:56:29,149 - DEBUG - connection - The connection: c51 has 0 equations.
2026-04-25 14:56:29,149 - DEBUG - connection - The connection: c52 has 0 equations.
2026-04-25 14:56:29,149 - DEBUG - connection - The connection: c53 has 0 equations.
2026-04-25 14:56:29,149 - DEBUG - connection - The connection: c54 has 0 equations.
2026-04-25 14:56:29,149 - DEBUG - connection - The connection: c55 has 0 equations.
2026-04-25 14:56:29,149 - DEBUG - connection - The connection: c56 has 0 equations.
2026-04-25 14:56:29,149 - DEBUG - connection - The connection: c57 has 0 equations.
2026-04-25 14:56:29,149 - DEBUG - connection - The connection: c58 has 0 equations.
2026-04-25 14:56:29,149 - DEBUG - connection - The connection: c59 has 0 equations.
2026-04-25 14:56:29,149 - DEBUG - connection - The connection: c6 has 0 equations.
2026-04-25 14:56:29,149 - DEBUG - connection - The connection: c60 has 0 equations.
2026-04-25 14:56:29,149 - DEBUG - connection - The connection: c61 has 0 equations.
2026-04-25 14:56:29,149 - DEBUG - connection - The connection: c62 has 0 equations.
2026-04-25 14:56:29,149 - DEBUG - connection - The connection: c63 has 0 equations.
2026-04-25 14:56:29,149 - DEBUG - connection - The connection: c64 has 0 equations.
2026-04-25 14:56:29,149 - DEBUG - connection - The connection: c65 has 0 equations.
2026-04-25 14:56:29,149 - DEBUG - connection - The connection: c7 has 0 equations.
2026-04-25 14:56:29,149 - DEBUG - connection - The connection: c8 has 0 equations.
2026-04-25 14:56:29,149 - DEBUG - connection - The connection: c9 has 0 equations.
2026-04-25 14:56:29,150 - DEBUG - connection - The connection: condenser_hot_in has 0 equations.
2026-04-25 14:56:29,150 - DEBUG - connection - The connection: d65 has 0 equations.
2026-04-25 14:56:29,150 - DEBUG - connection - The connection: deaerator_cold_in has 0 equations.
2026-04-25 14:56:29,150 - DEBUG - connection - The connection: deaerator_drain has 0 equations.
2026-04-25 14:56:29,150 - DEBUG - connection - The connection: heater_b_hot_in has 0 equations.
2026-04-25 14:56:29,150 - DEBUG - connection - The connection: heater_g_hot_in has 0 equations.
2026-04-25 14:56:29,150 - DEBUG - connection - The connection: heater_i_hot_in has 0 equations.
2026-04-25 14:56:29,150 - DEBUG - connection - The connection: turbine1_out has 0 equations.
2026-04-25 14:56:29,150 - DEBUG - connection - The connection: turbine2_out has 0 equations.
2026-04-25 14:56:29,150 - DEBUG - connection - The connection: turbine3_out has 0 equations.
2026-04-25 14:56:29,150 - DEBUG - connection - The connection: turbine4_out has 0 equations.
2026-04-25 14:56:29,150 - DEBUG - connection - The connection: turbine5_out has 0 equations.
2026-04-25 14:56:29,150 - DEBUG - connection - The connection: turbine6_out has 0 equations.
2026-04-25 14:56:29,150 - DEBUG - component - The component: boiler of type BoilerSimple has 2 equations.
2026-04-25 14:56:29,150 - DEBUG - component - The component: boiler_splitter of type Splitter has 1 equations.
2026-04-25 14:56:29,150 - DEBUG - component - The component: condense_merge of type Merge has 2 equations.
2026-04-25 14:56:29,150 - DEBUG - component - The component: condense_pump of type Pump has 1 equations.
2026-04-25 14:56:29,150 - DEBUG - component - The component: condenser of type Condenser has 3 equations.
2026-04-25 14:56:29,150 - DEBUG - component - The component: cooling_water_sink of type Sink has 0 equations.
2026-04-25 14:56:29,150 - DEBUG - component - The component: cooling_water_source of type Source has 0 equations.
2026-04-25 14:56:29,150 - DEBUG - component - The component: cycle_closer of type CycleCloser has 0 equations.
2026-04-25 14:56:29,150 - DEBUG - component - The component: deaerator of type Deaerator has 4 equations.
2026-04-25 14:56:29,150 - DEBUG - component - The component: deaerator_merge of type Merge has 2 equations.
2026-04-25 14:56:29,151 - DEBUG - component - The component: deaerator_sink of type Sink has 0 equations.
2026-04-25 14:56:29,151 - DEBUG - component - The component: heater_b_merge of type Merge has 2 equations.
2026-04-25 14:56:29,151 - DEBUG - component - The component: heater_g_merge of type Merge has 2 equations.
2026-04-25 14:56:29,151 - DEBUG - component - The component: heater_i_merge of type Merge has 2 equations.
2026-04-25 14:56:29,151 - DEBUG - component - The component: heatexchanger_a of type HeatExchanger has 2 equations.
2026-04-25 14:56:29,151 - DEBUG - component - The component: heatexchanger_b of type ExtractHeatExchanger has 3 equations.
2026-04-25 14:56:29,151 - DEBUG - component - The component: heatexchanger_c of type ExtractHeatExchanger has 3 equations.
2026-04-25 14:56:29,151 - DEBUG - component - The component: heatexchanger_d of type OverHeater has 2 equations.
2026-04-25 14:56:29,151 - DEBUG - component - The component: heatexchanger_e of type ExtractHeatExchanger has 3 equations.
2026-04-25 14:56:29,151 - DEBUG - component - The component: heatexchanger_f of type HeatExchanger has 2 equations.
2026-04-25 14:56:29,151 - DEBUG - component - The component: heatexchanger_g of type ExtractHeatExchanger has 3 equations.
2026-04-25 14:56:29,151 - DEBUG - component - The component: heatexchanger_h of type HeatExchanger has 2 equations.
2026-04-25 14:56:29,151 - DEBUG - component - The component: heatexchanger_i of type ExtractHeatExchanger has 3 equations.
2026-04-25 14:56:29,151 - DEBUG - component - The component: heatexchanger_j of type HeatExchanger has 2 equations.
2026-04-25 14:56:29,151 - DEBUG - component - The component: heatexchanger_k of type ExtractHeatExchanger has 3 equations.
2026-04-25 14:56:29,151 - DEBUG - component - The component: merge_25_26_24 of type Merge has 2 equations.
2026-04-25 14:56:29,151 - DEBUG - component - The component: merge_39_40_28 of type Merge has 2 equations.
2026-04-25 14:56:29,151 - DEBUG - component - The component: merge_47_65_40 of type Merge has 2 equations.
2026-04-25 14:56:29,151 - DEBUG - component - The component: merge_4_5_65 of type Merge has 2 equations.
2026-04-25 14:56:29,151 - DEBUG - component - The component: recycle_pump of type Pump has 1 equations.
2026-04-25 14:56:29,151 - DEBUG - component - The component: split_12_48_49 of type Splitter has 1 equations.
2026-04-25 14:56:29,151 - DEBUG - component - The component: split_16_38_39 of type Splitter has 1 equations.
2026-04-25 14:56:29,151 - DEBUG - component - The component: split_8_61_64 of type Splitter has 1 equations.
2026-04-25 14:56:29,151 - DEBUG - component - The component: turbine1 of type Turbine has 1 equations.
2026-04-25 14:56:29,151 - DEBUG - component - The component: turbine1_splitter of type Splitter has 1 equations.
2026-04-25 14:56:29,151 - DEBUG - component - The component: turbine2 of type Turbine has 1 equations.
2026-04-25 14:56:29,151 - DEBUG - component - The component: turbine2_splitter of type Splitter has 1 equations.
2026-04-25 14:56:29,151 - DEBUG - component - The component: turbine3 of type Turbine has 1 equations.
2026-04-25 14:56:29,151 - DEBUG - component - The component: turbine3_splitter of type Splitter has 1 equations.
2026-04-25 14:56:29,151 - DEBUG - component - The component: turbine4 of type Turbine has 1 equations.
2026-04-25 14:56:29,151 - DEBUG - component - The component: turbine4_splitter of type Splitter has 1 equations.
2026-04-25 14:56:29,151 - DEBUG - component - The component: turbine5 of type Turbine has 1 equations.
2026-04-25 14:56:29,151 - DEBUG - component - The component: turbine5_splitter of type Splitter has 1 equations.
2026-04-25 14:56:29,151 - DEBUG - component - The component: turbine6 of type Turbine has 1 equations.
2026-04-25 14:56:29,151 - DEBUG - component - The component: turbine6_splitter of type Splitter has 1 equations.
2026-04-25 14:56:29,151 - DEBUG - component - The component: turbine7 of type Turbine has 1 equations.
2026-04-25 14:56:29,152 - DEBUG - component - The component: valve_25_30 of type Valve has 0 equations.
2026-04-25 14:56:29,152 - DEBUG - component - The component: valve_26_27 of type Valve has 0 equations.
2026-04-25 14:56:29,152 - DEBUG - component - The component: valve_34_35 of type Valve has 0 equations.
2026-04-25 14:56:29,152 - DEBUG - component - The component: valve_3_4 of type Valve has 0 equations.
2026-04-25 14:56:29,152 - DEBUG - component - The component: valve_42_43 of type Valve has 0 equations.
2026-04-25 14:56:29,152 - DEBUG - component - The component: valve_47_48 of type Valve has 0 equations.
2026-04-25 14:56:29,152 - DEBUG - component - The component: valve_49_50 of type Valve has 0 equations.
2026-04-25 14:56:29,152 - DEBUG - component - The component: valve_51_53 of type Valve has 0 equations.
2026-04-25 14:56:29,152 - DEBUG - component - The component: valve_58_60 of type Valve has 0 equations.
2026-04-25 14:56:29,152 - DEBUG - component - The component: valve_5_6 of type Valve has 0 equations.
2026-04-25 14:56:29,178 - DEBUG - network - ------presolve_batch: 1------
2026-04-25 14:56:29,178 - DEBUG - network - Has pre_solved equation: <component parameter>: T_out1 of BoilerSimple: boiler
2026-04-25 14:56:29,178 - DEBUG - network - Has pre_solved equation: <component constraint>: mass_flow_constraints of Splitter: boiler_splitter
2026-04-25 14:56:29,178 - DEBUG - network - Has pre_solved equation: <component parameter>: subcooling of Condenser: condenser
2026-04-25 14:56:29,178 - DEBUG - network - Has pre_solved equation: <component constraint>: saturated_liquid_constraints of Deaerator: deaerator
2026-04-25 14:56:29,178 - DEBUG - network - Has pre_solved equation: <component parameter>: saturated_cooling of ExtractHeatExchanger: heatexchanger_b
2026-04-25 14:56:29,178 - DEBUG - network - Has pre_solved equation: <component parameter>: saturated_cooling of ExtractHeatExchanger: heatexchanger_c
2026-04-25 14:56:29,178 - DEBUG - network - Has pre_solved equation: <component parameter>: DTNS of OverHeater: heatexchanger_d
2026-04-25 14:56:29,178 - DEBUG - network - Has pre_solved equation: <component parameter>: saturated_cooling of ExtractHeatExchanger: heatexchanger_e
2026-04-25 14:56:29,179 - DEBUG - network - Has pre_solved equation: <component parameter>: saturated_cooling of ExtractHeatExchanger: heatexchanger_g
2026-04-25 14:56:29,179 - DEBUG - network - Has pre_solved equation: <component parameter>: saturated_cooling of ExtractHeatExchanger: heatexchanger_i
2026-04-25 14:56:29,179 - DEBUG - network - Has pre_solved equation: <component parameter>: saturated_cooling of ExtractHeatExchanger: heatexchanger_k
2026-04-25 14:56:29,179 - DEBUG - network - Has pre_solved equation: <component constraint>: mass_flow_constraints of Merge: merge_4_5_65
2026-04-25 14:56:29,179 - DEBUG - network - Has pre_solved equation: <component parameter>: eta_s of Pump: recycle_pump
2026-04-25 14:56:29,179 - DEBUG - network - Has pre_solved equation: <component constraint>: mass_flow_constraints of Splitter: turbine1_splitter
2026-04-25 14:56:29,179 - DEBUG - network - ------presolve_batch: 2------
2026-04-25 14:56:29,179 - DEBUG - network - Has pre_solved equation: <component parameter>: T_out2 of BoilerSimple: boiler
2026-04-25 14:56:29,179 - DEBUG - network - Has pre_solved equation: <component parameter>: eta_s of Pump: condense_pump
2026-04-25 14:56:29,179 - DEBUG - network - Has pre_solved equation: <component parameter>: DTU_sh of Condenser: condenser
2026-04-25 14:56:29,179 - DEBUG - network - Has pre_solved equation: <component constraint>: saturated_vapour_constraints of Deaerator: deaerator
2026-04-25 14:56:29,179 - DEBUG - network - Has pre_solved equation: <component parameter>: DTL of HeatExchanger: heatexchanger_a
2026-04-25 14:56:29,179 - DEBUG - network - Has pre_solved equation: <component parameter>: DTU_sh of ExtractHeatExchanger: heatexchanger_b
2026-04-25 14:56:29,179 - DEBUG - network - Has pre_solved equation: <component parameter>: DTU_sh of ExtractHeatExchanger: heatexchanger_c
2026-04-25 14:56:29,180 - DEBUG - network - Has pre_solved equation: <component parameter>: DTU_sh of ExtractHeatExchanger: heatexchanger_e
2026-04-25 14:56:29,180 - DEBUG - network - Has pre_solved equation: <component parameter>: DTU_sh of ExtractHeatExchanger: heatexchanger_g
2026-04-25 14:56:29,180 - DEBUG - network - Has pre_solved equation: <component parameter>: DTU_sh of ExtractHeatExchanger: heatexchanger_i
2026-04-25 14:56:29,180 - DEBUG - network - Has pre_solved equation: <component parameter>: DTU_sh of ExtractHeatExchanger: heatexchanger_k
2026-04-25 14:56:29,180 - DEBUG - network - Has pre_solved equation: <component parameter>: eta_s of Turbine: turbine1
2026-04-25 14:56:29,180 - DEBUG - network - ------presolve_batch: 3------
2026-04-25 14:56:29,180 - DEBUG - network - Has pre_solved equation: <component parameter>: DTL of HeatExchanger: heatexchanger_f
2026-04-25 14:56:29,180 - DEBUG - network - Has pre_solved equation: <component parameter>: DTL of HeatExchanger: heatexchanger_h
2026-04-25 14:56:29,180 - DEBUG - network - Has pre_solved equation: <component parameter>: DTL of HeatExchanger: heatexchanger_j
2026-04-25 14:56:29,180 - DEBUG - network - Has pre_solved equation: <component constraint>: energy_balance_constraints of Merge: merge_4_5_65
2026-04-25 14:56:29,181 - DEBUG - network - Has pre_solved equation: <component parameter>: eta_s of Turbine: turbine2
2026-04-25 14:56:29,181 - DEBUG - network - Has pre_solved equation: <component parameter>: eta_s of Turbine: turbine3
2026-04-25 14:56:29,181 - DEBUG - network - Has pre_solved equation: <component parameter>: eta_s of Turbine: turbine4
2026-04-25 14:56:29,181 - DEBUG - network - Has pre_solved equation: <component parameter>: eta_s of Turbine: turbine5
2026-04-25 14:56:29,181 - DEBUG - network - Has pre_solved equation: <component parameter>: eta_s of Turbine: turbine6
2026-04-25 14:56:29,181 - DEBUG - network - Has pre_solved equation: <component parameter>: eta_s of Turbine: turbine7
2026-04-25 14:56:29,181 - DEBUG - network - ------presolve_batch: 4------
2026-04-25 14:56:29,181 - DEBUG - network - Has removed 36 pre_solved equations totally.
2026-04-25 14:56:29,181 - DEBUG - component - The component: boiler of type BoilerSimple has 0 variables.
2026-04-25 14:56:29,182 - DEBUG - component - The component: boiler_splitter of type Splitter has 0 variables.
2026-04-25 14:56:29,182 - DEBUG - component - The component: condense_merge of type Merge has 0 variables.
2026-04-25 14:56:29,182 - DEBUG - component - The component: condense_pump of type Pump has 0 variables.
2026-04-25 14:56:29,182 - DEBUG - component - The component: condenser of type Condenser has 0 variables.
2026-04-25 14:56:29,182 - DEBUG - component - The component: cooling_water_sink of type Sink has 0 variables.
2026-04-25 14:56:29,182 - DEBUG - component - The component: cooling_water_source of type Source has 0 variables.
2026-04-25 14:56:29,182 - DEBUG - component - The component: cycle_closer of type CycleCloser has 0 variables.
2026-04-25 14:56:29,182 - DEBUG - component - The component: deaerator of type Deaerator has 0 variables.
2026-04-25 14:56:29,182 - DEBUG - component - The component: deaerator_merge of type Merge has 0 variables.
2026-04-25 14:56:29,182 - DEBUG - component - The component: deaerator_sink of type Sink has 0 variables.
2026-04-25 14:56:29,182 - DEBUG - component - The component: heater_b_merge of type Merge has 0 variables.
2026-04-25 14:56:29,182 - DEBUG - component - The component: heater_g_merge of type Merge has 0 variables.
2026-04-25 14:56:29,182 - DEBUG - component - The component: heater_i_merge of type Merge has 0 variables.
2026-04-25 14:56:29,182 - DEBUG - component - The component: heatexchanger_a of type HeatExchanger has 0 variables.
2026-04-25 14:56:29,182 - DEBUG - component - The component: heatexchanger_b of type ExtractHeatExchanger has 0 variables.
2026-04-25 14:56:29,182 - DEBUG - component - The component: heatexchanger_c of type ExtractHeatExchanger has 0 variables.
2026-04-25 14:56:29,182 - DEBUG - component - The component: heatexchanger_d of type OverHeater has 0 variables.
2026-04-25 14:56:29,182 - DEBUG - component - The component: heatexchanger_e of type ExtractHeatExchanger has 0 variables.
2026-04-25 14:56:29,182 - DEBUG - component - The component: heatexchanger_f of type HeatExchanger has 0 variables.
2026-04-25 14:56:29,182 - DEBUG - component - The component: heatexchanger_g of type ExtractHeatExchanger has 0 variables.
2026-04-25 14:56:29,182 - DEBUG - component - The component: heatexchanger_h of type HeatExchanger has 0 variables.
2026-04-25 14:56:29,182 - DEBUG - component - The component: heatexchanger_i of type ExtractHeatExchanger has 0 variables.
2026-04-25 14:56:29,182 - DEBUG - component - The component: heatexchanger_j of type HeatExchanger has 0 variables.
2026-04-25 14:56:29,182 - DEBUG - component - The component: heatexchanger_k of type ExtractHeatExchanger has 0 variables.
2026-04-25 14:56:29,182 - DEBUG - component - The component: merge_25_26_24 of type Merge has 0 variables.
2026-04-25 14:56:29,182 - DEBUG - component - The component: merge_39_40_28 of type Merge has 0 variables.
2026-04-25 14:56:29,182 - DEBUG - component - The component: merge_47_65_40 of type Merge has 0 variables.
2026-04-25 14:56:29,182 - DEBUG - component - The component: merge_4_5_65 of type Merge has 0 variables.
2026-04-25 14:56:29,182 - DEBUG - component - The component: recycle_pump of type Pump has 0 variables.
2026-04-25 14:56:29,182 - DEBUG - component - The component: split_12_48_49 of type Splitter has 0 variables.
2026-04-25 14:56:29,182 - DEBUG - component - The component: split_16_38_39 of type Splitter has 0 variables.
2026-04-25 14:56:29,182 - DEBUG - component - The component: split_8_61_64 of type Splitter has 0 variables.
2026-04-25 14:56:29,182 - DEBUG - component - The component: turbine1 of type Turbine has 0 variables.
2026-04-25 14:56:29,182 - DEBUG - component - The component: turbine1_splitter of type Splitter has 0 variables.
2026-04-25 14:56:29,182 - DEBUG - component - The component: turbine2 of type Turbine has 0 variables.
2026-04-25 14:56:29,182 - DEBUG - component - The component: turbine2_splitter of type Splitter has 0 variables.
2026-04-25 14:56:29,183 - DEBUG - component - The component: turbine3 of type Turbine has 0 variables.
2026-04-25 14:56:29,183 - DEBUG - component - The component: turbine3_splitter of type Splitter has 0 variables.
2026-04-25 14:56:29,183 - DEBUG - component - The component: turbine4 of type Turbine has 0 variables.
2026-04-25 14:56:29,183 - DEBUG - component - The component: turbine4_splitter of type Splitter has 0 variables.
2026-04-25 14:56:29,183 - DEBUG - component - The component: turbine5 of type Turbine has 0 variables.
2026-04-25 14:56:29,183 - DEBUG - component - The component: turbine5_splitter of type Splitter has 0 variables.
2026-04-25 14:56:29,183 - DEBUG - component - The component: turbine6 of type Turbine has 0 variables.
2026-04-25 14:56:29,183 - DEBUG - component - The component: turbine6_splitter of type Splitter has 0 variables.
2026-04-25 14:56:29,183 - DEBUG - component - The component: turbine7 of type Turbine has 0 variables.
2026-04-25 14:56:29,183 - DEBUG - component - The component: valve_25_30 of type Valve has 0 variables.
2026-04-25 14:56:29,183 - DEBUG - component - The component: valve_26_27 of type Valve has 0 variables.
2026-04-25 14:56:29,183 - DEBUG - component - The component: valve_34_35 of type Valve has 0 variables.
2026-04-25 14:56:29,183 - DEBUG - component - The component: valve_3_4 of type Valve has 0 variables.
2026-04-25 14:56:29,183 - DEBUG - component - The component: valve_42_43 of type Valve has 0 variables.
2026-04-25 14:56:29,183 - DEBUG - component - The component: valve_47_48 of type Valve has 0 variables.
2026-04-25 14:56:29,183 - DEBUG - component - The component: valve_49_50 of type Valve has 0 variables.
2026-04-25 14:56:29,183 - DEBUG - component - The component: valve_51_53 of type Valve has 0 variables.
2026-04-25 14:56:29,183 - DEBUG - component - The component: valve_58_60 of type Valve has 0 variables.
2026-04-25 14:56:29,183 - DEBUG - component - The component: valve_5_6 of type Valve has 0 variables.
2026-04-25 14:56:29,248 - INFO - network - ########----Network initialised----########
2026-04-25 14:56:29,248 - DEBUG - network - ------Equation Summarization------
2026-04-25 14:56:29,248 - DEBUG - network - Total number of equations: 38
2026-04-25 14:56:29,248 - DEBUG - network - Number of connection equations: 0.
2026-04-25 14:56:29,248 - DEBUG - network - Number of component equations: 74.
2026-04-25 14:56:29,248 - DEBUG - network - Number of bus equations: 0.
2026-04-25 14:56:29,248 - DEBUG - network - Number of user defined equations: 0.
2026-04-25 14:56:29,249 - DEBUG - network - Number of presolved equations: 36.
2026-04-25 14:56:29,249 - DEBUG - network - ------Variable Summarization------
2026-04-25 14:56:29,249 - DEBUG - network - Total number of variables: 38.
2026-04-25 14:56:29,249 - DEBUG - network - Number of component variables: 0.
2026-04-25 14:56:29,249 - DEBUG - network - Number of connection variables: 38.
2026-04-25 14:56:29,249 - DEBUG - network - Number of mass flow variables: 25.
2026-04-25 14:56:29,249 - DEBUG - network - Number of pressure variables: 0.
2026-04-25 14:56:29,249 - DEBUG - network - Number of enthalpy variables: 13.
2026-04-25 14:56:29,249 - DEBUG - network - ------Fluid Module Summarization------
2026-04-25 14:56:29,249 - DEBUG - network - Number of fluid composition equations: 0.
2026-04-25 14:56:29,249 - DEBUG - network - Number of fluid variables: 0.
2026-04-25 14:56:29,275 - DEBUG - network - 
##### VARIABLES #####
+----+--------------------------------------------------------+-------------+-------------+---------+-----------+
|    | label                                                  |   min value |   max value | unit    |     scale |
|----+--------------------------------------------------------+-------------+-------------+---------+-----------|
|  0 | <mass flow objective> of connection: c1                |   1.000e-05 |   1.000e+12 | kg / s  | 1.000e+00 |
|  1 | <mass flow objective> of connection: c10               |   1.000e-05 |   1.000e+12 | kg / s  | 1.000e+00 |
|  2 | <mass flow objective> of connection: c11               |   1.000e-05 |   1.000e+12 | kg / s  | 1.000e+00 |
|  3 | <mass flow objective> of connection: c12               |   1.000e-05 |   1.000e+12 | kg / s  | 1.000e+00 |
|  4 | <mass flow objective> of connection: c13               |   1.000e-05 |   1.000e+12 | kg / s  | 1.000e+00 |
|  5 | <mass flow objective> of connection: c14               |   1.000e-05 |   1.000e+12 | kg / s  | 1.000e+00 |
|  6 | <mass flow objective> of connection: c15               |   1.000e-05 |   1.000e+12 | kg / s  | 1.000e+00 |
|  7 | <mass flow objective> of connection: c16               |   1.000e-05 |   1.000e+12 | kg / s  | 1.000e+00 |
|  8 | <mass flow objective> of connection: c17               |   1.000e-05 |   1.000e+12 | kg / s  | 1.000e+00 |
|  9 | <mass flow objective> of connection: c18               |   1.000e-05 |   1.000e+12 | kg / s  | 1.000e+00 |
| 10 | <mass flow objective> of connection: c20               |   1.000e-05 |   1.000e+12 | kg / s  | 1.000e+00 |
| 11 | <mass flow objective> of connection: c22               |   1.000e-05 |   1.000e+12 | kg / s  | 1.000e+00 |
| 12 | <mass flow objective> of connection: c24               |   1.000e-05 |   1.000e+12 | kg / s  | 1.000e+00 |
| 13 | <mass flow objective> of connection: c25               |   1.000e-05 |   1.000e+12 | kg / s  | 1.000e+00 |
| 14 | <mass flow objective> of connection: c26               |   1.000e-05 |   1.000e+12 | kg / s  | 1.000e+00 |
| 15 | <mass flow objective> of connection: c34               |   1.000e-05 |   1.000e+12 | kg / s  | 1.000e+00 |
| 16 | <mass flow objective> of connection: c38               |   1.000e-05 |   1.000e+12 | kg / s  | 1.000e+00 |
| 17 | <mass flow objective> of connection: c39               |   1.000e-05 |   1.000e+12 | kg / s  | 1.000e+00 |
| 18 | <mass flow objective> of connection: c40               |   1.000e-05 |   1.000e+12 | kg / s  | 1.000e+00 |
| 19 | <mass flow objective> of connection: c49               |   1.000e-05 |   1.000e+12 | kg / s  | 1.000e+00 |
| 20 | <mass flow objective> of connection: c51               |   1.000e-05 |   1.000e+12 | kg / s  | 1.000e+00 |
| 21 | <mass flow objective> of connection: c58               |   1.000e-05 |   1.000e+12 | kg / s  | 1.000e+00 |
| 22 | <mass flow objective> of connection: c9                |   1.000e-05 |   1.000e+12 | kg / s  | 1.000e+00 |
| 23 | <mass flow objective> of connection: d65               |   1.000e-05 |   1.000e+12 | kg / s  | 1.000e+00 |
| 24 | <mass flow objective> of connection: deaerator_cold_in |   1.000e-05 |   1.000e+12 | kg / s  | 1.000e+00 |
| 25 | <enthalpy objective> of connection: c24                |   1.573e+01 |   6.529e+03 | kJ / kg | 1.000e+05 |
| 26 | <enthalpy objective> of connection: c28                |   1.585e+01 |   6.529e+03 | kJ / kg | 1.000e+05 |
| 27 | <enthalpy objective> of connection: c32                |   1.612e+01 |   6.529e+03 | kJ / kg | 1.000e+05 |
| 28 | <enthalpy objective> of connection: c37                |   1.611e+01 |   6.529e+03 | kJ / kg | 1.000e+05 |
| 29 | <enthalpy objective> of connection: c40                |   1.585e+01 |   6.529e+03 | kJ / kg | 1.000e+05 |
| 30 | <enthalpy objective> of connection: c45                |   1.610e+01 |   6.529e+03 | kJ / kg | 1.000e+05 |
| 31 | <enthalpy objective> of connection: c56                |   3.481e+01 |   6.517e+03 | kJ / kg | 1.000e+05 |
| 32 | <enthalpy objective> of connection: c63                |   3.480e+01 |   6.517e+03 | kJ / kg | 1.000e+05 |
| 33 | <enthalpy objective> of connection: condenser_hot_in   |   1.573e+01 |   6.529e+03 | kJ / kg | 1.000e+05 |
| 34 | <enthalpy objective> of connection: deaerator_cold_in  |   1.609e+01 |   6.529e+03 | kJ / kg | 1.000e+05 |
| 35 | <enthalpy objective> of connection: heater_b_hot_in    |   1.787e+01 |   6.528e+03 | kJ / kg | 1.000e+05 |
| 36 | <enthalpy objective> of connection: heater_g_hot_in    |   1.585e+01 |   6.529e+03 | kJ / kg | 1.000e+05 |
| 37 | <enthalpy objective> of connection: heater_i_hot_in    |   1.575e+01 |   6.529e+03 | kJ / kg | 1.000e+05 |
+----+--------------------------------------------------------+-------------+-------------+---------+-----------+
##### EQUATIONS #####
+----+---------------------------------------------------------------------------------------------+-----------+
|    | label                                                                                       |     scale |
|----+---------------------------------------------------------------------------------------------+-----------|
|  0 | <component constraint>: mass_flow_constraints of Merge: condense_merge                      | 1.000e+00 |
|  1 | <component constraint>: energy_balance_constraints of Merge: condense_merge                 | 1.000e+05 |
|  2 | <component constraint>: energy_balance_constraints of Condenser: condenser                  | 1.000e+05 |
|  3 | <component constraint>: mass_flow_constraints of Deaerator: deaerator                       | 1.000e+00 |
|  4 | <component constraint>: energy_balance_constraints of Deaerator: deaerator                  | 1.000e+05 |
|  5 | <component constraint>: mass_flow_constraints of Merge: deaerator_merge                     | 1.000e+00 |
|  6 | <component constraint>: energy_balance_constraints of Merge: deaerator_merge                | 1.000e+05 |
|  7 | <component constraint>: mass_flow_constraints of Merge: heater_b_merge                      | 1.000e+00 |
|  8 | <component constraint>: energy_balance_constraints of Merge: heater_b_merge                 | 1.000e+05 |
|  9 | <component constraint>: mass_flow_constraints of Merge: heater_g_merge                      | 1.000e+00 |
| 10 | <component constraint>: energy_balance_constraints of Merge: heater_g_merge                 | 1.000e+05 |
| 11 | <component constraint>: mass_flow_constraints of Merge: heater_i_merge                      | 1.000e+00 |
| 12 | <component constraint>: energy_balance_constraints of Merge: heater_i_merge                 | 1.000e+05 |
| 13 | <component constraint>: energy_balance_constraints of HeatExchanger: heatexchanger_a        | 1.000e+05 |
| 14 | <component constraint>: energy_balance_constraints of ExtractHeatExchanger: heatexchanger_b | 1.000e+05 |
| 15 | <component constraint>: energy_balance_constraints of ExtractHeatExchanger: heatexchanger_c | 1.000e+05 |
| 16 | <component constraint>: energy_balance_constraints of OverHeater: heatexchanger_d           | 1.000e+05 |
| 17 | <component constraint>: energy_balance_constraints of ExtractHeatExchanger: heatexchanger_e | 1.000e+05 |
| 18 | <component constraint>: energy_balance_constraints of HeatExchanger: heatexchanger_f        | 1.000e+05 |
| 19 | <component constraint>: energy_balance_constraints of ExtractHeatExchanger: heatexchanger_g | 1.000e+05 |
| 20 | <component constraint>: energy_balance_constraints of HeatExchanger: heatexchanger_h        | 1.000e+05 |
| 21 | <component constraint>: energy_balance_constraints of ExtractHeatExchanger: heatexchanger_i | 1.000e+05 |
| 22 | <component constraint>: energy_balance_constraints of HeatExchanger: heatexchanger_j        | 1.000e+05 |
| 23 | <component constraint>: energy_balance_constraints of ExtractHeatExchanger: heatexchanger_k | 1.000e+05 |
| 24 | <component constraint>: mass_flow_constraints of Merge: merge_25_26_24                      | 1.000e+00 |
| 25 | <component constraint>: energy_balance_constraints of Merge: merge_25_26_24                 | 1.000e+05 |
| 26 | <component constraint>: mass_flow_constraints of Merge: merge_39_40_28                      | 1.000e+00 |
| 27 | <component constraint>: energy_balance_constraints of Merge: merge_39_40_28                 | 1.000e+05 |
| 28 | <component constraint>: mass_flow_constraints of Merge: merge_47_65_40                      | 1.000e+00 |
| 29 | <component constraint>: energy_balance_constraints of Merge: merge_47_65_40                 | 1.000e+05 |
| 30 | <component constraint>: mass_flow_constraints of Splitter: split_12_48_49                   | 1.000e+00 |
| 31 | <component constraint>: mass_flow_constraints of Splitter: split_16_38_39                   | 1.000e+00 |
| 32 | <component constraint>: mass_flow_constraints of Splitter: split_8_61_64                    | 1.000e+00 |
| 33 | <component constraint>: mass_flow_constraints of Splitter: turbine2_splitter                | 1.000e+00 |
| 34 | <component constraint>: mass_flow_constraints of Splitter: turbine3_splitter                | 1.000e+00 |
| 35 | <component constraint>: mass_flow_constraints of Splitter: turbine4_splitter                | 1.000e+00 |
| 36 | <component constraint>: mass_flow_constraints of Splitter: turbine5_splitter                | 1.000e+00 |
| 37 | <component constraint>: mass_flow_constraints of Splitter: turbine6_splitter                | 1.000e+00 |
+----+---------------------------------------------------------------------------------------------+-----------+
##### FLUID VARIABLES #####
+---------+---------------------+
| label   | fluid composition   |
|---------+---------------------|
+---------+---------------------+
##### FLUID EQUATIONS #####
+---------+---------------------+
| label   | fluid composition   |
|---------+---------------------|
+---------+---------------------+
2026-04-25 14:56:29,280 - DEBUG - network - 
##### TEMPERATURE BOUNDS #####
+-------------------+-------------+-------------+--------+
|                   |   min value |   max value | unit   |
|-------------------+-------------+-------------+--------|
| c24               |   2.742e+00 |   1.707e+03 | C      |
| c28               |   2.742e+00 |   1.707e+03 | C      |
| c32               |   2.742e+00 |   1.707e+03 | C      |
| c37               |   2.742e+00 |   1.707e+03 | C      |
| c40               |   2.742e+00 |   1.707e+03 | C      |
| c45               |   2.742e+00 |   1.707e+03 | C      |
| c56               |   2.742e+00 |   1.707e+03 | C      |
| c63               |   2.742e+00 |   1.707e+03 | C      |
| condenser_hot_in  |   2.742e+00 |   1.707e+03 | C      |
| deaerator_cold_in |   2.742e+00 |   1.707e+03 | C      |
| heater_b_hot_in   |   2.742e+00 |   1.707e+03 | C      |
| heater_g_hot_in   |   2.742e+00 |   1.707e+03 | C      |
| heater_i_hot_in   |   2.742e+00 |   1.707e+03 | C      |
+-------------------+-------------+-------------+--------+
2026-04-25 14:56:29,281 - DEBUG - network - has no linear dependence in network topology
2026-04-25 14:56:29,281 - INFO - network - Starting solver.
2026-04-25 14:56:29,283 - PROGRESS - network -  iter  | residual   | progress   | massflow   | pressure   | enthalpy   | voltage    | electricity | frequency  | fluid      | component  
2026-04-25 14:56:29,283 - PROGRESS - network - -------+------------+------------+------------+------------+------------+------------+------------+------------+------------+------------
2026-04-25 14:56:29,294 - DEBUG - network - matrix value: 4.3730313846604066e+41
2026-04-25 14:56:29,296 - PROGRESS - network -  1     | 3.95e+04   | 15 %       | 1.01e+01   | 0.00e+00   | 4.56e-02   | 0.00e+00   | 0.00e+00   | 0.00e+00   | 0.00e+00   | 0.00e+00   
2026-04-25 14:56:29,297 - DEBUG - network - matrix value: 4.373124802646777e+41
2026-04-25 14:56:29,299 - PROGRESS - network -  2     | 2.56e+04   | 17 %       | 1.01e+01   | 0.00e+00   | 1.33e-02   | 0.00e+00   | 0.00e+00   | 0.00e+00   | 0.00e+00   | 0.00e+00   
2026-04-25 14:56:29,299 - DEBUG - network - matrix value: 4.3731821049261465e+41
2026-04-25 14:56:29,301 - PROGRESS - network -  3     | 2.56e+04   | 17 %       | 1.01e+01   | 0.00e+00   | 1.32e-02   | 0.00e+00   | 0.00e+00   | 0.00e+00   | 0.00e+00   | 0.00e+00   
2026-04-25 14:56:29,301 - DEBUG - network - matrix value: 4.373203400574078e+41
2026-04-25 14:56:29,303 - PROGRESS - network -  4     | 2.55e+04   | 17 %       | 1.01e+01   | 0.00e+00   | 1.32e-02   | 0.00e+00   | 0.00e+00   | 0.00e+00   | 0.00e+00   | 0.00e+00   
2026-04-25 14:56:29,304 - DEBUG - network - matrix value: 4.373188798639092e+41
2026-04-25 14:56:29,306 - PROGRESS - network -  5     | 2.55e+04   | 17 %       | 1.01e+01   | 0.00e+00   | 1.31e-02   | 0.00e+00   | 0.00e+00   | 0.00e+00   | 0.00e+00   | 0.00e+00   
2026-04-25 14:56:29,306 - DEBUG - network - matrix value: 4.373138408141493e+41
2026-04-25 14:56:29,307 - PROGRESS - network -  6     | 2.55e+04   | 17 %       | 1.01e+01   | 0.00e+00   | 1.30e-02   | 0.00e+00   | 0.00e+00   | 0.00e+00   | 0.00e+00   | 0.00e+00   
2026-04-25 14:56:29,308 - DEBUG - network - matrix value: 4.373052338072978e+41
2026-04-25 14:56:29,309 - PROGRESS - network -  7     | 2.55e+04   | 17 %       | 1.01e+01   | 0.00e+00   | 1.30e-02   | 0.00e+00   | 0.00e+00   | 0.00e+00   | 0.00e+00   | 0.00e+00   
2026-04-25 14:56:29,310 - DEBUG - network - matrix value: 4.372930697396032e+41
2026-04-25 14:56:29,312 - PROGRESS - network -  8     | 2.55e+04   | 17 %       | 1.01e+01   | 0.00e+00   | 1.29e-02   | 0.00e+00   | 0.00e+00   | 0.00e+00   | 0.00e+00   | 0.00e+00   
2026-04-25 14:56:29,313 - DEBUG - network - matrix value: 4.372773595044118e+41
2026-04-25 14:56:29,315 - PROGRESS - network -  9     | 2.55e+04   | 17 %       | 1.01e+01   | 0.00e+00   | 1.29e-02   | 0.00e+00   | 0.00e+00   | 0.00e+00   | 0.00e+00   | 0.00e+00   
2026-04-25 14:56:29,315 - DEBUG - network - matrix value: 4.3725811399197756e+41
2026-04-25 14:56:29,316 - PROGRESS - network -  10    | 2.54e+04   | 17 %       | 1.01e+01   | 0.00e+00   | 1.28e-02   | 0.00e+00   | 0.00e+00   | 0.00e+00   | 0.00e+00   | 0.00e+00   
2026-04-25 14:56:29,317 - DEBUG - network - matrix value: 4.372353440895691e+41
2026-04-25 14:56:29,317 - DEBUG - network - the iteration has not progressed, re_just
2026-04-25 14:56:29,320 - DEBUG - network - 
##### VARIABLES BOUNDS #####
+-----------+-----------------------+--------+------------+-------------+-------------+---------+
|           | label                 | type   |      value |   min value |   max value | unit    |
+===========+=======================+========+============+=============+=============+=========+
| bounds_27 | <enthalpy objective>  | below  | -6.894e+01 |   1.612e+01 |         nan | kJ / kg |
|           | of connection: c32    |        |            |             |             |         |
+-----------+-----------------------+--------+------------+-------------+-------------+---------+
2026-04-25 14:56:29,320 - PROGRESS - network -  11    | 2.54e+04   | 17 %       | 1.02e+01   | 0.00e+00   | 1.06e+01   | 0.00e+00   | 0.00e+00   | 0.00e+00   | 0.00e+00   | 0.00e+00   
2026-04-25 14:56:29,320 - DEBUG - network - matrix value: 4.491554897137702e+41
2026-04-25 14:56:29,322 - PROGRESS - network -  12    | 2.66e+04   | 17 %       | 1.01e+01   | 0.00e+00   | 2.62e-02   | 0.00e+00   | 0.00e+00   | 0.00e+00   | 0.00e+00   | 0.00e+00   
2026-04-25 14:56:29,322 - DEBUG - network - matrix value: 4.490722069398826e+41
2026-04-25 14:56:29,324 - PROGRESS - network -  13    | 2.66e+04   | 17 %       | 1.01e+01   | 0.00e+00   | 2.61e-02   | 0.00e+00   | 0.00e+00   | 0.00e+00   | 0.00e+00   | 0.00e+00   
2026-04-25 14:56:29,325 - DEBUG - network - matrix value: 4.48985619996981e+41
2026-04-25 14:56:29,328 - PROGRESS - network -  14    | 2.65e+04   | 17 %       | 1.01e+01   | 0.00e+00   | 2.60e-02   | 0.00e+00   | 0.00e+00   | 0.00e+00   | 0.00e+00   | 0.00e+00   
2026-04-25 14:56:29,328 - DEBUG - network - matrix value: 4.488957393115922e+41
2026-04-25 14:56:29,330 - PROGRESS - network -  15    | 2.65e+04   | 17 %       | 1.01e+01   | 0.00e+00   | 2.58e-02   | 0.00e+00   | 0.00e+00   | 0.00e+00   | 0.00e+00   | 0.00e+00   
2026-04-25 14:56:29,330 - DEBUG - network - matrix value: 4.488025753073309e+41
2026-04-25 14:56:29,333 - PROGRESS - network -  16    | 2.65e+04   | 17 %       | 1.01e+01   | 0.00e+00   | 2.57e-02   | 0.00e+00   | 0.00e+00   | 0.00e+00   | 0.00e+00   | 0.00e+00   
2026-04-25 14:56:29,333 - DEBUG - network - matrix value: 4.4870613840498565e+41
2026-04-25 14:56:29,335 - PROGRESS - network -  17    | 2.65e+04   | 17 %       | 1.01e+01   | 0.00e+00   | 2.56e-02   | 0.00e+00   | 0.00e+00   | 0.00e+00   | 0.00e+00   | 0.00e+00   
2026-04-25 14:56:29,335 - DEBUG - network - matrix value: 4.486064390222718e+41
2026-04-25 14:56:29,337 - PROGRESS - network -  18    | 2.65e+04   | 17 %       | 1.01e+01   | 0.00e+00   | 2.55e-02   | 0.00e+00   | 0.00e+00   | 0.00e+00   | 0.00e+00   | 0.00e+00   
2026-04-25 14:56:29,338 - DEBUG - network - matrix value: 4.485034875739178e+41
2026-04-25 14:56:29,340 - PROGRESS - network -  19    | 2.64e+04   | 17 %       | 1.01e+01   | 0.00e+00   | 2.54e-02   | 0.00e+00   | 0.00e+00   | 0.00e+00   | 0.00e+00   | 0.00e+00   
2026-04-25 14:56:29,340 - DEBUG - network - matrix value: 4.483972944715779e+41
2026-04-25 14:56:29,340 - DEBUG - network - the iteration has not progressed, re_just
2026-04-25 14:56:29,343 - DEBUG - network - 
##### VARIABLES BOUNDS #####
+-----------+-----------------------+--------+------------+-------------+-------------+---------+
|           | label                 | type   |      value |   min value |   max value | unit    |
+===========+=======================+========+============+=============+=============+=========+
| bounds_27 | <enthalpy objective>  | below  | -1.616e+02 |   1.612e+01 |         nan | kJ / kg |
|           | of connection: c32    |        |            |             |             |         |
+-----------+-----------------------+--------+------------+-------------+-------------+---------+
| bounds_29 | <enthalpy objective>  | below  | -3.046e+02 |   1.585e+01 |         nan | kJ / kg |
|           | of connection: c40    |        |            |             |             |         |
+-----------+-----------------------+--------+------------+-------------+-------------+---------+
2026-04-25 14:56:29,343 - PROGRESS - network -  20    | 2.64e+04   | 17 %       | 1.44e+01   | 0.00e+00   | 1.04e+01   | 0.00e+00   | 0.00e+00   | 0.00e+00   | 0.00e+00   | 0.00e+00   
2026-04-25 14:56:29,343 - DEBUG - network - matrix value: 3.943295486659853e+41
2026-04-25 14:56:29,346 - PROGRESS - network -  21    | 2.55e+04   | 17 %       | 1.01e+01   | 0.00e+00   | 2.15e-02   | 0.00e+00   | 0.00e+00   | 0.00e+00   | 0.00e+00   | 0.00e+00   
2026-04-25 14:56:29,346 - DEBUG - network - matrix value: 3.944341583457859e+41
2026-04-25 14:56:29,348 - PROGRESS - network -  22    | 2.55e+04   | 17 %       | 1.01e+01   | 0.00e+00   | 2.14e-02   | 0.00e+00   | 0.00e+00   | 0.00e+00   | 0.00e+00   | 0.00e+00   
2026-04-25 14:56:29,350 - DEBUG - network - matrix value: 3.945349008666826e+41
2026-04-25 14:56:29,351 - PROGRESS - network -  23    | 2.55e+04   | 17 %       | 1.01e+01   | 0.00e+00   | 2.13e-02   | 0.00e+00   | 0.00e+00   | 0.00e+00   | 0.00e+00   | 0.00e+00   
2026-04-25 14:56:29,352 - DEBUG - network - matrix value: 3.946317879425145e+41
2026-04-25 14:56:29,354 - PROGRESS - network -  24    | 2.54e+04   | 17 %       | 1.01e+01   | 0.00e+00   | 2.12e-02   | 0.00e+00   | 0.00e+00   | 0.00e+00   | 0.00e+00   | 0.00e+00   
2026-04-25 14:56:29,354 - DEBUG - network - matrix value: 3.947248312827982e+41
2026-04-25 14:56:29,356 - PROGRESS - network -  25    | 2.54e+04   | 17 %       | 1.01e+01   | 0.00e+00   | 2.11e-02   | 0.00e+00   | 0.00e+00   | 0.00e+00   | 0.00e+00   | 0.00e+00   
2026-04-25 14:56:29,357 - DEBUG - network - matrix value: 3.948140425926815e+41
2026-04-25 14:56:29,359 - PROGRESS - network -  26    | 2.54e+04   | 17 %       | 1.01e+01   | 0.00e+00   | 2.10e-02   | 0.00e+00   | 0.00e+00   | 0.00e+00   | 0.00e+00   | 0.00e+00   
2026-04-25 14:56:29,360 - DEBUG - network - matrix value: 3.948994335728777e+41
2026-04-25 14:56:29,362 - PROGRESS - network -  27    | 2.54e+04   | 17 %       | 1.01e+01   | 0.00e+00   | 2.08e-02   | 0.00e+00   | 0.00e+00   | 0.00e+00   | 0.00e+00   | 0.00e+00   
2026-04-25 14:56:29,362 - DEBUG - network - matrix value: 3.949810159196067e+41
2026-04-25 14:56:29,364 - PROGRESS - network -  28    | 2.54e+04   | 17 %       | 1.01e+01   | 0.00e+00   | 2.07e-02   | 0.00e+00   | 0.00e+00   | 0.00e+00   | 0.00e+00   | 0.00e+00   
2026-04-25 14:56:29,365 - DEBUG - network - matrix value: 3.950588013245711e+41
2026-04-25 14:56:29,365 - DEBUG - network - the iteration has not progressed, re_just
2026-04-25 14:56:29,367 - DEBUG - network - 
##### VARIABLES BOUNDS #####
+-----------+-----------------------+--------+------------+-------------+-------------+---------+
|           | label                 | type   |      value |   min value |   max value | unit    |
+===========+=======================+========+============+=============+=============+=========+
| bounds_29 | <enthalpy objective>  | below  | -5.328e+01 |   1.585e+01 |         nan | kJ / kg |
|           | of connection: c40    |        |            |             |             |         |
+-----------+-----------------------+--------+------------+-------------+-------------+---------+
2026-04-25 14:56:29,367 - PROGRESS - network -  29    | 2.54e+04   | 17 %       | 1.50e+01   | 0.00e+00   | 1.29e+01   | 0.00e+00   | 0.00e+00   | 0.00e+00   | 0.00e+00   | 0.00e+00   
2026-04-25 14:56:29,368 - DEBUG - network - matrix value: 4.502145734178342e+41
2026-04-25 14:56:29,369 - PROGRESS - network -  30    | 2.71e+04   | 17 %       | 1.01e+01   | 0.00e+00   | 2.38e-02   | 0.00e+00   | 0.00e+00   | 0.00e+00   | 0.00e+00   | 0.00e+00   
2026-04-25 14:56:29,370 - DEBUG - network - matrix value: 4.500699247395869e+41
2026-04-25 14:56:29,372 - PROGRESS - network -  31    | 2.71e+04   | 17 %       | 1.01e+01   | 0.00e+00   | 2.37e-02   | 0.00e+00   | 0.00e+00   | 0.00e+00   | 0.00e+00   | 0.00e+00   
2026-04-25 14:56:29,372 - DEBUG - network - matrix value: 4.4992214956484106e+41
2026-04-25 14:56:29,374 - PROGRESS - network -  32    | 2.71e+04   | 17 %       | 1.01e+01   | 0.00e+00   | 2.36e-02   | 0.00e+00   | 0.00e+00   | 0.00e+00   | 0.00e+00   | 0.00e+00   
2026-04-25 14:56:29,374 - DEBUG - network - matrix value: 4.497712583788443e+41
2026-04-25 14:56:29,377 - PROGRESS - network -  33    | 2.71e+04   | 17 %       | 1.01e+01   | 0.00e+00   | 2.35e-02   | 0.00e+00   | 0.00e+00   | 0.00e+00   | 0.00e+00   | 0.00e+00   
2026-04-25 14:56:29,377 - DEBUG - network - matrix value: 4.496172616624547e+41
2026-04-25 14:56:29,379 - PROGRESS - network -  34    | 2.70e+04   | 17 %       | 1.01e+01   | 0.00e+00   | 2.34e-02   | 0.00e+00   | 0.00e+00   | 0.00e+00   | 0.00e+00   | 0.00e+00   
2026-04-25 14:56:29,380 - DEBUG - network - matrix value: 4.4946016989212824e+41
2026-04-25 14:56:29,382 - PROGRESS - network -  35    | 2.70e+04   | 17 %       | 1.01e+01   | 0.00e+00   | 2.33e-02   | 0.00e+00   | 0.00e+00   | 0.00e+00   | 0.00e+00   | 0.00e+00   
2026-04-25 14:56:29,383 - DEBUG - network - matrix value: 4.4929999353983466e+41
2026-04-25 14:56:29,385 - PROGRESS - network -  36    | 2.70e+04   | 17 %       | 1.01e+01   | 0.00e+00   | 2.32e-02   | 0.00e+00   | 0.00e+00   | 0.00e+00   | 0.00e+00   | 0.00e+00   
2026-04-25 14:56:29,385 - DEBUG - network - matrix value: 4.491367430730169e+41
2026-04-25 14:56:29,387 - PROGRESS - network -  37    | 2.70e+04   | 17 %       | 1.01e+01   | 0.00e+00   | 2.31e-02   | 0.00e+00   | 0.00e+00   | 0.00e+00   | 0.00e+00   | 0.00e+00   
2026-04-25 14:56:29,387 - DEBUG - network - matrix value: 4.489704289545304e+41
2026-04-25 14:56:29,387 - DEBUG - network - the iteration has not progressed, re_just
2026-04-25 14:56:29,390 - DEBUG - network - 
##### VARIABLES BOUNDS #####
+-----------+-----------------------+--------+------------+-------------+-------------+---------+
|           | label                 | type   |      value |   min value |   max value | unit    |
+===========+=======================+========+============+=============+=============+=========+
| bounds_29 | <enthalpy objective>  | below  | -2.615e+02 |   1.585e+01 |         nan | kJ / kg |
|           | of connection: c40    |        |            |             |             |         |
+-----------+-----------------------+--------+------------+-------------+-------------+---------+
2026-04-25 14:56:29,390 - PROGRESS - network -  38    | 2.70e+04   | 17 %       | 1.44e+01   | 0.00e+00   | 8.07e+00   | 0.00e+00   | 0.00e+00   | 0.00e+00   | 0.00e+00   | 0.00e+00   
2026-04-25 14:56:29,391 - DEBUG - network - matrix value: 5.0398010381422454e+41
2026-04-25 14:56:29,392 - PROGRESS - network -  39    | 2.84e+04   | 17 %       | 1.01e+01   | 0.00e+00   | 2.00e-02   | 0.00e+00   | 0.00e+00   | 0.00e+00   | 0.00e+00   | 0.00e+00   
2026-04-25 14:56:29,393 - DEBUG - network - matrix value: 5.037186916730276e+41
2026-04-25 14:56:29,395 - PROGRESS - network -  40    | 2.84e+04   | 17 %       | 1.01e+01   | 0.00e+00   | 1.99e-02   | 0.00e+00   | 0.00e+00   | 0.00e+00   | 0.00e+00   | 0.00e+00   
2026-04-25 14:56:29,395 - DEBUG - network - matrix value: 5.034541935884073e+41
2026-04-25 14:56:29,397 - PROGRESS - network -  41    | 2.84e+04   | 17 %       | 1.01e+01   | 0.00e+00   | 1.98e-02   | 0.00e+00   | 0.00e+00   | 0.00e+00   | 0.00e+00   | 0.00e+00   
2026-04-25 14:56:29,397 - DEBUG - network - matrix value: 5.031866206996051e+41
2026-04-25 14:56:29,399 - PROGRESS - network -  42    | 2.84e+04   | 17 %       | 1.01e+01   | 0.00e+00   | 1.98e-02   | 0.00e+00   | 0.00e+00   | 0.00e+00   | 0.00e+00   | 0.00e+00   
2026-04-25 14:56:29,399 - DEBUG - network - matrix value: 5.029159841398053e+41
2026-04-25 14:56:29,401 - PROGRESS - network -  43    | 2.83e+04   | 17 %       | 1.01e+01   | 0.00e+00   | 1.97e-02   | 0.00e+00   | 0.00e+00   | 0.00e+00   | 0.00e+00   | 0.00e+00   
2026-04-25 14:56:29,401 - DEBUG - network - matrix value: 5.026422950361153e+41
2026-04-25 14:56:29,403 - PROGRESS - network -  44    | 2.83e+04   | 17 %       | 1.01e+01   | 0.00e+00   | 1.96e-02   | 0.00e+00   | 0.00e+00   | 0.00e+00   | 0.00e+00   | 0.00e+00   
2026-04-25 14:56:29,403 - DEBUG - network - matrix value: 5.0236556450947094e+41
2026-04-25 14:56:29,405 - PROGRESS - network -  45    | 2.83e+04   | 17 %       | 1.01e+01   | 0.00e+00   | 1.96e-02   | 0.00e+00   | 0.00e+00   | 0.00e+00   | 0.00e+00   | 0.00e+00   
2026-04-25 14:56:29,405 - DEBUG - network - matrix value: 5.020858036746944e+41
2026-04-25 14:56:29,407 - PROGRESS - network -  46    | 2.83e+04   | 17 %       | 1.01e+01   | 0.00e+00   | 1.95e-02   | 0.00e+00   | 0.00e+00   | 0.00e+00   | 0.00e+00   | 0.00e+00   
2026-04-25 14:56:29,407 - DEBUG - network - matrix value: 5.0180302364025735e+41
2026-04-25 14:56:29,407 - DEBUG - network - the iteration has not progressed, re_just
2026-04-25 14:56:29,410 - DEBUG - network - 
##### VARIABLES BOUNDS #####
+-----------+-----------------------+--------+------------+-------------+-------------+---------+
|           | label                 | type   |      value |   min value |   max value | unit    |
+===========+=======================+========+============+=============+=============+=========+
| bounds_29 | <enthalpy objective>  | below  | -3.345e+02 |   1.585e+01 |         nan | kJ / kg |
|           | of connection: c40    |        |            |             |             |         |
+-----------+-----------------------+--------+------------+-------------+-------------+---------+
2026-04-25 14:56:29,410 - PROGRESS - network -  47    | 2.83e+04   | 17 %       | 1.36e+01   | 0.00e+00   | 1.01e+01   | 0.00e+00   | 0.00e+00   | 0.00e+00   | 0.00e+00   | 0.00e+00   
2026-04-25 14:56:29,410 - DEBUG - network - matrix value: 4.904065969949196e+41
2026-04-25 14:56:29,412 - PROGRESS - network -  48    | 2.75e+04   | 17 %       | 1.01e+01   | 0.00e+00   | 2.11e-02   | 0.00e+00   | 0.00e+00   | 0.00e+00   | 0.00e+00   | 0.00e+00   
2026-04-25 14:56:29,413 - DEBUG - network - matrix value: 4.902244336747603e+41
2026-04-25 14:56:29,414 - PROGRESS - network -  49    | 2.75e+04   | 17 %       | 1.01e+01   | 0.00e+00   | 2.11e-02   | 0.00e+00   | 0.00e+00   | 0.00e+00   | 0.00e+00   | 0.00e+00   
2026-04-25 14:56:29,415 - DEBUG - network - matrix value: 4.9003888251948875e+41
2026-04-25 14:56:29,416 - PROGRESS - network -  50    | 2.75e+04   | 17 %       | 1.01e+01   | 0.00e+00   | 2.10e-02   | 0.00e+00   | 0.00e+00   | 0.00e+00   | 0.00e+00   | 0.00e+00   
2026-04-25 14:56:29,416 - DEBUG - network - matrix value: 4.89849955194354e+41
2026-04-25 14:56:29,418 - PROGRESS - network -  51    | 2.75e+04   | 17 %       | 1.01e+01   | 0.00e+00   | 2.09e-02   | 0.00e+00   | 0.00e+00   | 0.00e+00   | 0.00e+00   | 0.00e+00   
2026-04-25 14:56:29,419 - DEBUG - network - matrix value: 4.896576633594959e+41
2026-04-25 14:56:29,421 - PROGRESS - network -  52    | 2.75e+04   | 17 %       | 1.01e+01   | 0.00e+00   | 2.08e-02   | 0.00e+00   | 0.00e+00   | 0.00e+00   | 0.00e+00   | 0.00e+00   
2026-04-25 14:56:29,421 - DEBUG - network - matrix value: 4.894620186697674e+41
2026-04-25 14:56:29,423 - PROGRESS - network -  53    | 2.74e+04   | 17 %       | 1.01e+01   | 0.00e+00   | 2.08e-02   | 0.00e+00   | 0.00e+00   | 0.00e+00   | 0.00e+00   | 0.00e+00   
2026-04-25 14:56:29,423 - DEBUG - network - matrix value: 4.8926303277490965e+41
2026-04-25 14:56:29,425 - PROGRESS - network -  54    | 2.74e+04   | 17 %       | 1.01e+01   | 0.00e+00   | 2.07e-02   | 0.00e+00   | 0.00e+00   | 0.00e+00   | 0.00e+00   | 0.00e+00   
2026-04-25 14:56:29,426 - DEBUG - network - matrix value: 4.890607173191906e+41
2026-04-25 14:56:29,427 - PROGRESS - network -  55    | 2.74e+04   | 17 %       | 1.01e+01   | 0.00e+00   | 2.06e-02   | 0.00e+00   | 0.00e+00   | 0.00e+00   | 0.00e+00   | 0.00e+00   
2026-04-25 14:56:29,428 - DEBUG - network - matrix value: 4.888550839416599e+41
2026-04-25 14:56:29,428 - DEBUG - network - the iteration has not progressed, re_just
2026-04-25 14:56:29,430 - DEBUG - network - 
##### VARIABLES BOUNDS #####
+-----------+-----------------------+--------+------------+-------------+-------------+---------+
|           | label                 | type   |      value |   min value |   max value | unit    |
+===========+=======================+========+============+=============+=============+=========+
| bounds_29 | <enthalpy objective>  | below  | -3.336e+02 |   1.585e+01 |         nan | kJ / kg |
|           | of connection: c40    |        |            |             |             |         |
+-----------+-----------------------+--------+------------+-------------+-------------+---------+
2026-04-25 14:56:29,430 - PROGRESS - network -  56    | 2.74e+04   | 17 %       | 1.30e+01   | 0.00e+00   | 8.96e+00   | 0.00e+00   | 0.00e+00   | 0.00e+00   | 0.00e+00   | 0.00e+00   
2026-04-25 14:56:29,430 - DEBUG - network - matrix value: 4.035367997839211e+41
2026-04-25 14:56:29,432 - PROGRESS - network -  57    | 2.70e+04   | 17 %       | 1.01e+01   | 0.00e+00   | 2.37e-02   | 0.00e+00   | 0.00e+00   | 0.00e+00   | 0.00e+00   | 0.00e+00   
2026-04-25 14:56:29,432 - DEBUG - network - matrix value: 4.035487314350052e+41
2026-04-25 14:56:29,434 - PROGRESS - network -  58    | 2.69e+04   | 17 %       | 1.01e+01   | 0.00e+00   | 2.36e-02   | 0.00e+00   | 0.00e+00   | 0.00e+00   | 0.00e+00   | 0.00e+00   
2026-04-25 14:56:29,434 - DEBUG - network - matrix value: 4.035570560514338e+41
2026-04-25 14:56:29,435 - PROGRESS - network -  59    | 2.69e+04   | 17 %       | 1.01e+01   | 0.00e+00   | 2.35e-02   | 0.00e+00   | 0.00e+00   | 0.00e+00   | 0.00e+00   | 0.00e+00   
2026-04-25 14:56:29,437 - DEBUG - network - matrix value: 4.035617849813274e+41
2026-04-25 14:56:29,439 - PROGRESS - network -  60    | 2.69e+04   | 17 %       | 1.01e+01   | 0.00e+00   | 2.34e-02   | 0.00e+00   | 0.00e+00   | 0.00e+00   | 0.00e+00   | 0.00e+00   
2026-04-25 14:56:29,439 - DEBUG - network - matrix value: 4.035629295694316e+41
2026-04-25 14:56:29,441 - PROGRESS - network -  61    | 2.69e+04   | 17 %       | 1.01e+01   | 0.00e+00   | 2.33e-02   | 0.00e+00   | 0.00e+00   | 0.00e+00   | 0.00e+00   | 0.00e+00   
2026-04-25 14:56:29,441 - DEBUG - network - matrix value: 4.035605011570887e+41
2026-04-25 14:56:29,443 - PROGRESS - network -  62    | 2.68e+04   | 17 %       | 1.01e+01   | 0.00e+00   | 2.32e-02   | 0.00e+00   | 0.00e+00   | 0.00e+00   | 0.00e+00   | 0.00e+00   
2026-04-25 14:56:29,443 - DEBUG - network - matrix value: 4.035545110821641e+41
2026-04-25 14:56:29,445 - PROGRESS - network -  63    | 2.68e+04   | 17 %       | 1.01e+01   | 0.00e+00   | 2.31e-02   | 0.00e+00   | 0.00e+00   | 0.00e+00   | 0.00e+00   | 0.00e+00   
2026-04-25 14:56:29,445 - DEBUG - network - matrix value: 4.035449706790131e+41
2026-04-25 14:56:29,447 - PROGRESS - network -  64    | 2.68e+04   | 17 %       | 1.01e+01   | 0.00e+00   | 2.30e-02   | 0.00e+00   | 0.00e+00   | 0.00e+00   | 0.00e+00   | 0.00e+00   
2026-04-25 14:56:29,447 - DEBUG - network - matrix value: 4.03531891278414e+41
2026-04-25 14:56:29,447 - DEBUG - network - the iteration has not progressed, re_just
2026-04-25 14:56:29,449 - PROGRESS - network -  65    | 2.68e+04   | 17 %       | 1.56e+01   | 0.00e+00   | 1.17e+01   | 0.00e+00   | 0.00e+00   | 0.00e+00   | 0.00e+00   | 0.00e+00   
2026-04-25 14:56:29,449 - DEBUG - network - matrix value: 4.577546098983581e+41
2026-04-25 14:56:29,451 - PROGRESS - network -  66    | 2.74e+04   | 17 %       | 1.01e+01   | 0.00e+00   | 3.23e-02   | 0.00e+00   | 0.00e+00   | 0.00e+00   | 0.00e+00   | 0.00e+00   
2026-04-25 14:56:29,451 - PROGRESS - network - -------+------------+------------+------------+------------+------------+------------+------------+------------+------------+------------
2026-04-25 14:56:29,451 - DEBUG - network - Total iterations: 66, Calculation time: 0.17 s, Iterations per second: 392.62
2026-04-25 14:56:29,463 - WARNING - network - the un_converged functions are:[
  2--residual: 12112.367958917554,
  8--residual: 7836.918373562488,
  2--residual: 7160.282484925231,
  1--residual: 6905.6786283671,
  4--residual: 6184.258021323772
]the un_converged variables are:[
  1--increment: 10.0,
  8--increment: 0.22800824901850023,
  0--increment: 0.18738238645825886,
  2--increment: 0.18341281337912504,
  4--increment: 0.17471320233508686
]
2026-04-25 14:56:29,463 - WARNING - network - The solver does not seem to make any progress, aborting calculation. Residual value is 2.74e+04. This frequently happens, if the solver pushes the fluid properties out of their feasible range.
2026-04-25 14:56:29,561 - WARNING - component - Invalid value for mass_deviation: mass_deviation = 385.60524328222033 above maximum value (0.001) (kg / s) at component CycleCloser cycle_closer.
2026-04-25 14:56:29,638 - INFO - network - Postprocessing complete.
2026-04-25 14:56:29,638 - INFO - network - Calculation complete.
2026-04-25 14:56:29,638 - WARNING - warnings - FutureWarning: Setting an item of incompatible dtype is deprecated and will raise an error in a future version of pandas. Value '[94m 530.0000000000001 [0m' has dtype incompatible with float64, please explicitly cast to a compatible dtype first.
2026-04-25 14:56:29,639 - WARNING - warnings - FutureWarning: Setting an item of incompatible dtype is deprecated and will raise an error in a future version of pandas. Value '[94m 529.9999999986522 [0m' has dtype incompatible with float64, please explicitly cast to a compatible dtype first.
2026-04-25 14:56:29,640 - WARNING - warnings - FutureWarning: Setting an item of incompatible dtype is deprecated and will raise an error in a future version of pandas. Value '[94m 0.7999999999999765 [0m' has dtype incompatible with float64, please explicitly cast to a compatible dtype first.
2026-04-25 14:56:29,642 - WARNING - warnings - FutureWarning: Setting an item of incompatible dtype is deprecated and will raise an error in a future version of pandas. Value '[94m 4.999999999692875 [0m' has dtype incompatible with float64, please explicitly cast to a compatible dtype first.
2026-04-25 14:56:29,644 - WARNING - warnings - FutureWarning: Setting an item of incompatible dtype is deprecated and will raise an error in a future version of pandas. Value '[31m 385.60524328222033 [0m' has dtype incompatible with float64, please explicitly cast to a compatible dtype first.
2026-04-25 14:56:29,646 - WARNING - warnings - FutureWarning: Setting an item of incompatible dtype is deprecated and will raise an error in a future version of pandas. Value '[94m 5.00000000000108 [0m' has dtype incompatible with float64, please explicitly cast to a compatible dtype first.
2026-04-25 14:56:29,650 - WARNING - warnings - FutureWarning: Setting an item of incompatible dtype is deprecated and will raise an error in a future version of pandas. Value '[94m 5.000000000085208 [0m' has dtype incompatible with float64, please explicitly cast to a compatible dtype first.
2026-04-25 14:56:29,657 - WARNING - warnings - FutureWarning: Setting an item of incompatible dtype is deprecated and will raise an error in a future version of pandas. Value '[94m 100.00000000000006 [0m' has dtype incompatible with float64, please explicitly cast to a compatible dtype first.
2026-04-25 14:56:29,658 - WARNING - warnings - FutureWarning: Setting an item of incompatible dtype is deprecated and will raise an error in a future version of pandas. Value '[94m 0.88 [0m' has dtype incompatible with float64, please explicitly cast to a compatible dtype first.
2026-04-25 14:56:29,694 - RESULT - network - 
##### RESULTS (BoilerSimple) #####
+--------+-----------+----------+----------+---------------+----------+------------+----------+------------+----------+---------------+----------+------------+----------+------------+
|        |         Q | Q_unit   |   T_out1 | T_out1_unit   |      pr1 | pr1_unit   |      dp1 | dp1_unit   |   T_out2 | T_out2_unit   |      pr2 | pr2_unit   |      dp2 | dp2_unit   |
|--------+-----------+----------+----------+---------------+----------+------------+----------+------------+----------+---------------+----------+------------+----------+------------|
| boiler | -1.42e+09 | W        | 5.30e+02 | C             | 9.22e-01 | -          | 3.20e+00 | bar        | 5.30e+02 | C             | 9.90e-01 | -          | 2.00e+00 | bar        |
+--------+-----------+----------+----------+---------------+----------+------------+----------+------------+----------+---------------+----------+------------+----------+------------+
##### RESULTS (Pump) #####
+---------------+----------+----------+----------+-----------+-----------+-----------+----------+--------------+
|               |        P | P_unit   |       pr | pr_unit   |        dp | dp_unit   |    eta_s | eta_s_unit   |
|---------------+----------+----------+----------+-----------+-----------+-----------+----------+--------------|
| condense_pump | 1.85e+05 | W        | 6.90e+01 | -         | -3.94e+00 | bar       | 8.00e-01 | -            |
| recycle_pump  | 1.48e+07 | W        | 5.29e+01 | -         | -1.90e+02 | bar       | 8.00e-01 | -            |
+---------------+----------+----------+----------+-----------+-----------+-----------+----------+--------------+
##### RESULTS (Condenser) #####
+-----------+-----------+----------+----------+-----------+--------+-------------+-------+------------+----------+---------------+----------+------------+----------+------------+-----------+----------------+----------+------------+----------+------------+----------+------------+----------+------------+----------+------------+----------+------------+------+-----------+----------+-------------+----------+-------------+----------+----------------+----------+----------------+------------+-----------------+-----------+----------------+-----------+----------------+----------+---------------+-------------------+------------------------+
|           |         Q | Q_unit   |       kA | kA_unit   |   KDTA | KDTA_unit   |   DTM | DTM_unit   |   DT_log | DT_log_unit   |      DTU | DTU_unit   |      DTL | DTL_unit   |   DTN_min | DTN_min_unit   |      pr1 | pr1_unit   |      pr2 | pr2_unit   |      dp1 | dp1_unit   |      dp2 | dp2_unit   |      hf1 | hf1_unit   |      hf2 | hf2_unit   |   fA | fA_unit   |     exm1 | exm1_unit   |     exm2 | exm2_unit   |    zeta1 | zeta1_unit     |    zeta2 | zeta2_unit     |   eff_cold | eff_cold_unit   |   eff_hot | eff_hot_unit   |   eff_max | eff_max_unit   |   DTU_sh | DTU_sh_unit   |   supercooling_dT | supercooling_dT_unit   |
|-----------+-----------+----------+----------+-----------+--------+-------------+-------+------------+----------+---------------+----------+------------+----------+------------+-----------+----------------+----------+------------+----------+------------+----------+------------+----------+------------+----------+------------+----------+------------+------+-----------+----------+-------------+----------+-------------+----------+----------------+----------+----------------+------------+-----------------+-----------+----------------+-----------+----------------+----------+---------------+-------------------+------------------------|
| condenser | -5.19e+08 | W        | 4.72e+07 | W/K       |    nan | W/K         |   nan | C          | 1.10e+01 | C             | 5.00e+00 | C          | 2.05e+01 | C          |  5.00e+00 | C              | 1.00e+00 | -          | 9.83e-01 | -          | 0.00e+00 | bar        | 5.00e-02 | bar        | 5.00e+01 | W/m^2*K    | 5.00e+02 | W/m^2*K    |  nan | m^2       | 6.10e-01 | -           | 7.84e-01 | -           | 0.00e+00 | (Pa*s)/(m^3*s) | 1.78e+01 | (Pa*s)/(m^3*s) |   7.57e-01 | -               |  9.42e-01 | -              |  9.42e-01 | -              | 5.00e+00 | C             |          0.00e+00 | C                      |
+-----------+-----------+----------+----------+-----------+--------+-------------+-------+------------+----------+---------------+----------+------------+----------+------------+-----------+----------------+----------+------------+----------+------------+----------+------------+----------+------------+----------+------------+----------+------------+------+-----------+----------+-------------+----------+-------------+----------+----------------+----------+----------------+------------+-----------------+-----------+----------------+-----------+----------------+----------+---------------+-------------------+------------------------+
##### RESULTS (CycleCloser) #####
+--------------+------------------+-----------------------+-------------------+------------------------+
|              |   mass_deviation | mass_deviation_unit   |   fluid_deviation | fluid_deviation_unit   |
|--------------+------------------+-----------------------+-------------------+------------------------|
| cycle_closer |         3.86e+02 | kg / s                |          0.00e+00 | -                      |
+--------------+------------------+-----------------------+-------------------+------------------------+
##### RESULTS (Deaerator) #####
+-----------+-----------+----------+----------+------------+----------+------------+----------+------------+----------+------------+----------+----------------+----------+----------------+
|           |         Q | Q_unit   |      pr1 | pr1_unit   |      pr2 | pr2_unit   |      dp1 | dp1_unit   |      dp2 | dp2_unit   |    zeta1 | zeta1_unit     |    zeta2 | zeta2_unit     |
|-----------+-----------+----------+----------+------------+----------+------------+----------+------------+----------+------------+----------+----------------+----------+----------------|
| deaerator | -6.05e+08 | W        | 1.00e+00 | -          | 1.00e+00 | -          | 0.00e+00 | bar        | 0.00e+00 | bar        | 0.00e+00 | (Pa*s)/(m^3*s) | 0.00e+00 | (Pa*s)/(m^3*s) |
+-----------+-----------+----------+----------+------------+----------+------------+----------+------------+----------+------------+----------+----------------+----------+----------------+
##### RESULTS (HeatExchanger) #####
+-----------------+-----------+----------+----------+-----------+--------+-------------+-------+------------+----------+---------------+----------+------------+----------+------------+-----------+----------------+----------+------------+----------+------------+----------+------------+----------+------------+----------+------------+----------+------------+------+-----------+----------+-------------+----------+-------------+----------+----------------+----------+----------------+------------+-----------------+-----------+----------------+-----------+----------------+
|                 |         Q | Q_unit   |       kA | kA_unit   |   KDTA | KDTA_unit   |   DTM | DTM_unit   |   DT_log | DT_log_unit   |      DTU | DTU_unit   |      DTL | DTL_unit   |   DTN_min | DTN_min_unit   |      pr1 | pr1_unit   |      pr2 | pr2_unit   |      dp1 | dp1_unit   |      dp2 | dp2_unit   |      hf1 | hf1_unit   |      hf2 | hf2_unit   |   fA | fA_unit   |     exm1 | exm1_unit   |     exm2 | exm2_unit   |    zeta1 | zeta1_unit     |    zeta2 | zeta2_unit     |   eff_cold | eff_cold_unit   |   eff_hot | eff_hot_unit   |   eff_max | eff_max_unit   |
|-----------------+-----------+----------+----------+-----------+--------+-------------+-------+------------+----------+---------------+----------+------------+----------+------------+-----------+----------------+----------+------------+----------+------------+----------+------------+----------+------------+----------+------------+----------+------------+------+-----------+----------+-------------+----------+-------------+----------+----------------+----------+----------------+------------+-----------------+-----------+----------------+-----------+----------------|
| heatexchanger_a | -9.03e+06 | W        | 3.57e+05 | W/K       |    nan | W/K         |   nan | C          | 2.53e+01 | C             | 7.26e+01 | C          | 5.00e+00 | C          |  5.00e+00 | C              | 1.00e+00 | -          | 1.00e+00 | -          | 0.00e+00 | bar        | 5.00e-02 | bar        | 5.00e+01 | W/m^2*K    | 5.00e+02 | W/m^2*K    |  nan | m^2       | 6.10e-01 | -           | 7.84e-01 | -           | 0.00e+00 | (Pa*s)/(m^3*s) | 1.71e+01 | (Pa*s)/(m^3*s) |   1.44e-04 | -               |  9.33e-01 | -              |  9.33e-01 | -              |
| heatexchanger_f | -6.66e+07 | W        | 1.33e+07 | W/K       |    nan | W/K         |   nan | C          | 5.02e+00 | C             | 5.03e+00 | C          | 5.00e+00 | C          |  5.00e+00 | C              | 1.00e+00 | -          | 9.87e-01 | -          | 0.00e+00 | bar        | 5.00e-02 | bar        | 5.00e+01 | W/m^2*K    | 5.00e+02 | W/m^2*K    |  nan | m^2       | 6.10e-01 | -           | 7.84e-01 | -           | 0.00e+00 | (Pa*s)/(m^3*s) | 4.16e+01 | (Pa*s)/(m^3*s) |   6.65e-02 | -               |  8.80e-01 | -              |  8.80e-01 | -              |
| heatexchanger_h | -3.13e+07 | W        | 6.23e+06 | W/K       |    nan | W/K         |   nan | C          | 5.02e+00 | C             | 5.04e+00 | C          | 5.00e+00 | C          |  5.00e+00 | C              | 1.00e+00 | -          | 9.87e-01 | -          | 0.00e+00 | bar        | 5.00e-02 | bar        | 5.00e+01 | W/m^2*K    | 5.00e+02 | W/m^2*K    |  nan | m^2       | 6.10e-01 | -           | 7.84e-01 | -           | 0.00e+00 | (Pa*s)/(m^3*s) | 4.28e+01 | (Pa*s)/(m^3*s) |   8.91e-01 | -               |  8.93e-01 | -              |  8.93e-01 | -              |
| heatexchanger_j | -4.04e+07 | W        | 2.98e+06 | W/K       |    nan | W/K         |   nan | C          | 1.35e+01 | C             | 2.86e+01 | C          | 5.00e+00 | C          |  5.00e+00 | C              | 1.00e+00 | -          | 9.87e-01 | -          | 0.00e+00 | bar        | 5.00e-02 | bar        | 5.00e+01 | W/m^2*K    | 5.00e+02 | W/m^2*K    |  nan | m^2       | 6.10e-01 | -           | 7.84e-01 | -           | 0.00e+00 | (Pa*s)/(m^3*s) | 4.39e+01 | (Pa*s)/(m^3*s) |   1.36e-04 | -               |  8.25e-01 | -              |  8.25e-01 | -              |
+-----------------+-----------+----------+----------+-----------+--------+-------------+-------+------------+----------+---------------+----------+------------+----------+------------+-----------+----------------+----------+------------+----------+------------+----------+------------+----------+------------+----------+------------+----------+------------+------+-----------+----------+-------------+----------+-------------+----------+----------------+----------+----------------+------------+-----------------+-----------+----------------+-----------+----------------+
##### RESULTS (ExtractHeatExchanger) #####
+-----------------+-----------+----------+----------+-----------+--------+-------------+-------+------------+----------+---------------+----------+------------+----------+------------+-----------+----------------+----------+------------+----------+------------+----------+------------+----------+------------+----------+------------+----------+------------+------+-----------+----------+-------------+----------+-------------+----------+----------------+----------+----------------+------------+-----------------+-----------+----------------+-----------+----------------+----------+---------------+-------------------+------------------------+
|                 |         Q | Q_unit   |       kA | kA_unit   |   KDTA | KDTA_unit   |   DTM | DTM_unit   |   DT_log | DT_log_unit   |      DTU | DTU_unit   |      DTL | DTL_unit   |   DTN_min | DTN_min_unit   |      pr1 | pr1_unit   |      pr2 | pr2_unit   |      dp1 | dp1_unit   |      dp2 | dp2_unit   |      hf1 | hf1_unit   |      hf2 | hf2_unit   |   fA | fA_unit   |     exm1 | exm1_unit   |     exm2 | exm2_unit   |    zeta1 | zeta1_unit     |    zeta2 | zeta2_unit     |   eff_cold | eff_cold_unit   |   eff_hot | eff_hot_unit   |   eff_max | eff_max_unit   |   DTU_sh | DTU_sh_unit   |   supercooling_dT | supercooling_dT_unit   |
|-----------------+-----------+----------+----------+-----------+--------+-------------+-------+------------+----------+---------------+----------+------------+----------+------------+-----------+----------------+----------+------------+----------+------------+----------+------------+----------+------------+----------+------------+----------+------------+------+-----------+----------+-------------+----------+-------------+----------+----------------+----------+----------------+------------+-----------------+-----------+----------------+-----------+----------------+----------+---------------+-------------------+------------------------|
| heatexchanger_b | -4.74e+06 | W        | 1.88e+05 | W/K       |    nan | W/K         |   nan | C          | 2.53e+01 | C             | 5.00e+00 | C          | 7.26e+01 | C          |  5.00e+00 | C              | 1.00e+00 | -          | 1.00e+00 | -          | 0.00e+00 | bar        | 5.00e-02 | bar        | 5.00e+01 | W/m^2*K    | 5.00e+02 | W/m^2*K    |  nan | m^2       | 6.10e-01 | -           | 7.84e-01 | -           | 0.00e+00 | (Pa*s)/(m^3*s) | 1.64e+01 | (Pa*s)/(m^3*s) |   9.29e-01 | -               |  3.29e-01 | -              |  9.29e-01 | -              | 5.00e+00 | C             |          0.00e+00 | C                      |
| heatexchanger_c | -7.14e+08 | W        | 1.42e+07 | W/K       |    nan | W/K         |   nan | C          | 5.04e+01 | C             | 6.10e+01 | C          | 4.10e+01 | C          |  4.10e+01 | C              | 1.00e+00 | -          | 1.00e+00 | -          | 0.00e+00 | bar        | 5.00e-02 | bar        | 5.00e+01 | W/m^2*K    | 5.00e+02 | W/m^2*K    |  nan | m^2       | 6.10e-01 | -           | 7.84e-01 | -           | 0.00e+00 | (Pa*s)/(m^3*s) | 1.54e+01 | (Pa*s)/(m^3*s) |   3.49e-01 | -               |  9.07e-01 | -              |  9.07e-01 | -              | 5.00e+00 | C             |          0.00e+00 | C                      |
| heatexchanger_e | -1.01e+09 | W        | 3.20e+07 | W/K       |    nan | W/K         |   nan | C          | 3.15e+01 | C             | 9.88e+01 | C          | 5.03e+00 | C          |  5.03e+00 | C              | 1.00e+00 | -          | 9.86e-01 | -          | 0.00e+00 | bar        | 5.00e-02 | bar        | 5.00e+01 | W/m^2*K    | 5.00e+02 | W/m^2*K    |  nan | m^2       | 6.10e-01 | -           | 7.84e-01 | -           | 0.00e+00 | (Pa*s)/(m^3*s) | 4.10e+01 | (Pa*s)/(m^3*s) |   6.11e-05 | -               |  9.91e-01 | -              |  9.91e-01 | -              | 5.00e+00 | C             |          0.00e+00 | C                      |
| heatexchanger_g | -2.00e+08 | W        | 3.98e+07 | W/K       |    nan | W/K         |   nan | C          | 5.02e+00 | C             | 5.00e+00 | C          | 5.04e+00 | C          |  5.00e+00 | C              | 1.00e+00 | -          | 9.87e-01 | -          | 0.00e+00 | bar        | 5.00e-02 | bar        | 5.00e+01 | W/m^2*K    | 5.00e+02 | W/m^2*K    |  nan | m^2       | 6.10e-01 | -           | 7.84e-01 | -           | 0.00e+00 | (Pa*s)/(m^3*s) | 4.23e+01 | (Pa*s)/(m^3*s) |   7.11e-03 | -               |  9.81e-01 | -              |  9.81e-01 | -              | 5.00e+00 | C             |          0.00e+00 | C                      |
| heatexchanger_i | -1.31e+09 | W        | 8.75e+06 | W/K       |    nan | W/K         |   nan | C          | 1.50e+02 | C             | 4.38e+02 | C          | 2.86e+01 | C          |  2.86e+01 | C              | 1.00e+00 | -          | 9.87e-01 | -          | 0.00e+00 | bar        | 5.00e-02 | bar        | 5.00e+01 | W/m^2*K    | 5.00e+02 | W/m^2*K    |  nan | m^2       | 6.10e-01 | -           | 7.84e-01 | -           | 0.00e+00 | (Pa*s)/(m^3*s) | 4.36e+01 | (Pa*s)/(m^3*s) |   2.97e-02 | -               |  9.64e-01 | -              |  9.64e-01 | -              | 5.00e+00 | C             |          0.00e+00 | C                      |
| heatexchanger_k | -5.28e+08 | W        | 7.50e+06 | W/K       |    nan | W/K         |   nan | C          | 7.04e+01 | C             | 7.00e+01 | C          | 7.09e+01 | C          |  7.00e+01 | C              | 1.00e+00 | -          | 9.88e-01 | -          | 0.00e+00 | bar        | 5.00e-02 | bar        | 5.00e+01 | W/m^2*K    | 5.00e+02 | W/m^2*K    |  nan | m^2       | 6.10e-01 | -           | 7.84e-01 | -           | 0.00e+00 | (Pa*s)/(m^3*s) | 4.39e+01 | (Pa*s)/(m^3*s) |   1.20e-02 | -               |  7.73e-01 | -              |  7.73e-01 | -              | 7.00e+01 | C             |          0.00e+00 | C                      |
+-----------------+-----------+----------+----------+-----------+--------+-------------+-------+------------+----------+---------------+----------+------------+----------+------------+-----------+----------------+----------+------------+----------+------------+----------+------------+----------+------------+----------+------------+----------+------------+------+-----------+----------+-------------+----------+-------------+----------+----------------+----------+----------------+------------+-----------------+-----------+----------------+-----------+----------------+----------+---------------+-------------------+------------------------+
##### RESULTS (OverHeater) #####
+-----------------+-----------+----------+----------+-----------+--------+-------------+-------+------------+----------+---------------+----------+------------+----------+------------+-----------+----------------+----------+------------+----------+------------+----------+------------+----------+------------+----------+------------+----------+------------+------+-----------+----------+-------------+----------+-------------+----------+----------------+----------+----------------+------------+-----------------+-----------+----------------+-----------+----------------+----------+-------------+
|                 |         Q | Q_unit   |       kA | kA_unit   |   KDTA | KDTA_unit   |   DTM | DTM_unit   |   DT_log | DT_log_unit   |      DTU | DTU_unit   |      DTL | DTL_unit   |   DTN_min | DTN_min_unit   |      pr1 | pr1_unit   |      pr2 | pr2_unit   |      dp1 | dp1_unit   |      dp2 | dp2_unit   |      hf1 | hf1_unit   |      hf2 | hf2_unit   |   fA | fA_unit   |     exm1 | exm1_unit   |     exm2 | exm2_unit   |    zeta1 | zeta1_unit     |    zeta2 | zeta2_unit     |   eff_cold | eff_cold_unit   |   eff_hot | eff_hot_unit   |   eff_max | eff_max_unit   |     DTNS | DTNS_unit   |
|-----------------+-----------+----------+----------+-----------+--------+-------------+-------+------------+----------+---------------+----------+------------+----------+------------+-----------+----------------+----------+------------+----------+------------+----------+------------+----------+------------+----------+------------+----------+------------+------+-----------+----------+-------------+----------+-------------+----------+----------------+----------+----------------+------------+-----------------+-----------+----------------+-----------+----------------+----------+-------------|
| heatexchanger_d | -3.78e+07 | W        | 3.30e+05 | W/K       |    nan | W/K         |   nan | C          | 1.15e+02 | C             | 1.77e+02 | C          | 6.90e+01 | C          |  6.90e+01 | C              | 1.00e+00 | -          | 1.00e+00 | -          | 0.00e+00 | bar        | 5.00e-02 | bar        | 5.00e+01 | W/m^2*K    | 5.00e+02 | W/m^2*K    |  nan | m^2       | 6.10e-01 | -           | 7.84e-01 | -           | 0.00e+00 | (Pa*s)/(m^3*s) | 1.47e+01 | (Pa*s)/(m^3*s) |   5.07e-02 | -               |  6.32e-01 | -              |  6.32e-01 | -              | 1.00e+02 | C           |
+-----------------+-----------+----------+----------+-----------+--------+-------------+-------+------------+----------+---------------+----------+------------+----------+------------+-----------+----------------+----------+------------+----------+------------+----------+------------+----------+------------+----------+------------+----------+------------+------+-----------+----------+-------------+----------+-------------+----------+----------------+----------+----------------+------------+-----------------+-----------+----------------+-----------+----------------+----------+-------------+
##### RESULTS (Turbine) #####
+----------+-----------+----------+----------+-----------+----------+-----------+----------+--------------+
|          |         P | P_unit   |       pr | pr_unit   |       dp | dp_unit   |    eta_s | eta_s_unit   |
|----------+-----------+----------+----------+-----------+----------+-----------+----------+--------------|
| turbine1 | -2.13e+08 | W        | 2.16e-01 | -         | 1.50e+02 | bar       | 8.80e-01 | -            |
| turbine2 | -5.01e+07 | W        | 5.66e-01 | -         | 1.65e+01 | bar       | 8.80e-01 | -            |
| turbine3 | -4.67e+07 | W        | 4.76e-01 | -         | 1.13e+01 | bar       | 8.80e-01 | -            |
| turbine4 | -1.15e+08 | W        | 3.81e-01 | -         | 6.34e+00 | bar       | 8.80e-01 | -            |
| turbine5 | -4.43e+07 | W        | 3.26e-01 | -         | 2.63e+00 | bar       | 8.80e-01 | -            |
| turbine6 | -4.36e+07 | W        | 1.98e-01 | -         | 1.02e+00 | bar       | 8.80e-01 | -            |
| turbine7 | -1.84e+07 | W        | 2.31e-01 | -         | 1.93e-01 | bar       | 8.80e-01 | -            |
+----------+-----------+----------+----------+-----------+----------+-----------+----------+--------------+
##### RESULTS (Valve) #####
+-------------+----------+-----------+----------+-----------+----------+----------------+
|             |       pr | pr_unit   |       dp | dp_unit   |     zeta | zeta_unit      |
|-------------+----------+-----------+----------+-----------+----------+----------------|
| valve_25_30 | 2.31e-01 | -         | 1.93e-01 | bar       | 1.13e+00 | (Pa*s)/(m^3*s) |
| valve_26_27 | 4.57e-02 | -         | 1.21e+00 | bar       | 3.62e-01 | (Pa*s)/(m^3*s) |
| valve_34_35 | 1.98e-01 | -         | 1.02e+00 | bar       | 3.44e+03 | (Pa*s)/(m^3*s) |
| valve_3_4   | 6.65e-03 | -         | 1.90e+02 | bar       | 2.84e+11 | (Pa*s)/(m^3*s) |
| valve_42_43 | 3.26e-01 | -         | 2.63e+00 | bar       | 1.57e+03 | (Pa*s)/(m^3*s) |
| valve_47_48 | 1.24e-01 | -         | 8.97e+00 | bar       | 3.47e+09 | (Pa*s)/(m^3*s) |
| valve_49_50 | 3.56e-01 | -         | 6.59e+00 | bar       | 2.78e+01 | (Pa*s)/(m^3*s) |
| valve_51_53 | 1.70e-01 | -         | 1.79e+01 | bar       | 4.57e+05 | (Pa*s)/(m^3*s) |
| valve_58_60 | 5.22e-01 | -         | 1.97e+01 | bar       | 3.14e+03 | (Pa*s)/(m^3*s) |
| valve_5_6   | 3.08e-02 | -         | 3.99e+01 | bar       | 5.02e+10 | (Pa*s)/(m^3*s) |
+-------------+----------+-----------+----------+-----------+----------+----------------+
##### RESULTS (FluidConnection) #####
+-------------------+-----------+----------+-----------+----------+-----------+----------+-----------+----------+------------+--------------+------------+---------------+-----------+----------+-----------+------------+------------+----------+-----------+----------+----------------------+---------+
|                   |         m | m_unit   |         p | p_unit   |         h | h_unit   |         T | T_unit   |      Td_bp | Td_bp_unit   |     Td_dew | Td_dew_unit   |         v | v_unit   |       vol | vol_unit   |          x | x_unit   |         s | s_unit   | phase                |   Water |
|-------------------+-----------+----------+-----------+----------+-----------+----------+-----------+----------+------------+--------------+------------+---------------+-----------+----------+-----------+------------+------------+----------+-----------+----------+----------------------+---------|
| c1                | 2.943e+02 | kg / s   | 3.800e+01 | bar      | 3.517e+03 | kJ / kg  | 5.300e+02 | C        |  2.827e+02 | K            | -2.827e+02 | K             | 2.799e+01 | m^3 / s  | 9.509e-02 | m^3 / kg   | -1.000e+00 | -        | 7.205e+03 | J / kgK  | state not recognised |       1 |
| c10               | 1.309e+02 | kg / s   | 2.150e+01 | bar      | 3.346e+03 | kJ / kg  | 4.455e+02 | C        |  2.294e+02 | K            | -2.294e+02 | K             | 1.975e+01 | m^3 / s  | 1.509e-01 | m^3 / kg   | -1.000e+00 | -        | 7.237e+03 | J / kgK  | state not recognised |       1 |
| c11               | 5.374e+02 | kg / s   | 1.024e+01 | bar      | 3.151e+03 | kJ / kg  | 3.469e+02 | C        |  1.660e+02 | K            | -1.660e+02 | K             | 1.474e+02 | m^3 / s  | 2.743e-01 | m^3 / kg   |  1.000e+00 | -        | 7.281e+03 | J / kgK  | g                    |       1 |
| c12               | 6.255e+01 | kg / s   | 1.024e+01 | bar      | 3.151e+03 | kJ / kg  | 3.469e+02 | C        |  1.660e+02 | K            | -1.660e+02 | K             | 1.716e+01 | m^3 / s  | 2.743e-01 | m^3 / kg   |  1.000e+00 | -        | 7.281e+03 | J / kgK  | g                    |       1 |
| c13               | 2.206e+02 | kg / s   | 3.900e+00 | bar      | 2.937e+03 | kJ / kg  | 2.365e+02 | C        |  9.380e+01 | K            | -9.380e+01 | K             | 1.310e+02 | m^3 / s  | 5.940e-01 | m^3 / kg   |  1.000e+00 | -        | 7.339e+03 | J / kgK  | g                    |       1 |
| c14               | 4.315e+02 | kg / s   | 3.900e+00 | bar      | 2.937e+03 | kJ / kg  | 2.365e+02 | C        |  9.380e+01 | K            | -9.380e+01 | K             | 2.563e+02 | m^3 / s  | 5.940e-01 | m^3 / kg   |  1.000e+00 | -        | 7.339e+03 | J / kgK  | g                    |       1 |
| c15               | 1.900e+02 | kg / s   | 1.270e+00 | bar      | 2.736e+03 | kJ / kg  | 1.309e+02 | C        |  2.450e+01 | K            | -2.450e+01 | K             | 2.753e+02 | m^3 / s  | 1.449e+00 | m^3 / kg   |  1.000e+00 | -        | 7.408e+03 | J / kgK  | g                    |       1 |
| c16               | 3.646e+02 | kg / s   | 1.270e+00 | bar      | 2.736e+03 | kJ / kg  | 1.309e+02 | C        |  2.450e+01 | K            | -2.450e+01 | K             | 5.284e+02 | m^3 / s  | 1.449e+00 | m^3 / kg   |  1.000e+00 | -        | 7.408e+03 | J / kgK  | g                    |       1 |
| c17               | 1.045e+02 | kg / s   | 2.510e-01 | bar      | 2.507e+03 | kJ / kg  | 6.505e+01 | C        |  0.000e+00 | K            |  0.000e+00 | K             | 6.154e+02 | m^3 / s  | 5.887e+00 | m^3 / kg   |  9.526e-01 | -        | 7.500e+03 | J / kgK  | tp                   |       1 |
| c18               | 4.055e+02 | kg / s   | 2.510e-01 | bar      | 2.507e+03 | kJ / kg  | 6.505e+01 | C        |  0.000e+00 | K            |  0.000e+00 | K             | 2.387e+03 | m^3 / s  | 5.887e+00 | m^3 / kg   |  9.526e-01 | -        | 7.500e+03 | J / kgK  | tp                   |       1 |
| c19               | 1.045e+02 | kg / s   | 5.800e-02 | bar      | 2.330e+03 | kJ / kg  | 3.554e+01 | C        |  0.000e+00 | K            |  0.000e+00 | K             | 2.312e+03 | m^3 / s  | 2.212e+01 | m^3 / kg   |  9.026e-01 | -        | 7.578e+03 | J / kgK  | tp                   |       1 |
| c2                | 5.805e+02 | kg / s   | 1.910e+02 | bar      | 3.347e+03 | kJ / kg  | 5.300e+02 | C        |  1.681e+02 | K            | -1.681e+02 | K             | 9.733e+00 | m^3 / s  | 1.677e-02 | m^3 / kg   | -1.000e+00 | -        | 6.297e+03 | J / kgK  | state not recognised |       1 |
| c20               | 5.874e+02 | kg / s   | 2.950e+00 | bar      | 1.283e+02 | kJ / kg  | 3.054e+01 | C        | -1.024e+02 | K            |  1.024e+02 | K             | 5.900e-01 | m^3 / s  | 1.004e-03 | m^3 / kg   |  0.000e+00 | -        | 4.441e+02 | J / kgK  | l                    |       1 |
| c21               | 5.874e+02 | kg / s   | 3.000e+00 | bar      | 6.327e+01 | kJ / kg  | 1.500e+01 | C        | -1.185e+02 | K            |  1.185e+02 | K             | 5.879e-01 | m^3 / s  | 1.001e-03 | m^3 / kg   |  0.000e+00 | -        | 2.244e+02 | J / kgK  | l                    |       1 |
| c22               | 3.738e+02 | kg / s   | 5.800e-02 | bar      | 1.489e+02 | kJ / kg  | 3.554e+01 | C        |  0.000e+00 | K            |  0.000e+00 | K             | 3.761e-01 | m^3 / s  | 1.006e-03 | m^3 / kg   |  0.000e+00 | -        | 5.125e+02 | J / kgK  | tp                   |       1 |
| c23               | 3.738e+02 | kg / s   | 4.000e+00 | bar      | 1.494e+02 | kJ / kg  | 3.558e+01 | C        | -1.080e+02 | K            |  1.080e+02 | K             | 3.761e-01 | m^3 / s  | 1.006e-03 | m^3 / kg   |  0.000e+00 | -        | 5.128e+02 | J / kgK  | l                    |       1 |
| c24               | 5.352e+02 | kg / s   | 5.800e-02 | bar      | 1.306e+03 | kJ / kg  | 3.554e+01 | C        |  0.000e+00 | K            |  0.000e+00 | K             | 6.279e+03 | m^3 / s  | 1.173e+01 | m^3 / kg   |  4.787e-01 | -        | 4.260e+03 | J / kgK  | tp                   |       1 |
| c25               | 4.084e+02 | kg / s   | 5.800e-02 | bar      | 1.735e+02 | kJ / kg  | 3.554e+01 | C        |  0.000e+00 | K            |  0.000e+00 | K             | 1.023e+02 | m^3 / s  | 2.506e-01 | m^3 / kg   |  1.019e-02 | -        | 5.922e+02 | J / kgK  | tp                   |       1 |
| c26               | 5.235e+02 | kg / s   | 5.800e-02 | bar      | 4.463e+02 | kJ / kg  | 3.554e+01 | C        |  0.000e+00 | K            |  0.000e+00 | K             | 1.579e+03 | m^3 / s  | 3.017e+00 | m^3 / kg   |  1.231e-01 | -        | 1.476e+03 | J / kgK  | tp                   |       1 |
| c27               | 5.235e+02 | kg / s   | 1.270e+00 | bar      | 4.463e+02 | kJ / kg  | 1.064e+02 | C        |  0.000e+00 | K            |  0.000e+00 | K             | 5.490e-01 | m^3 / s  | 1.049e-03 | m^3 / kg   |  0.000e+00 | -        | 1.379e+03 | J / kgK  | tp                   |       1 |
| c28               | 5.235e+02 | kg / s   | 1.270e+00 | bar      | 1.456e+03 | kJ / kg  | 1.064e+02 | C        |  0.000e+00 | K            |  0.000e+00 | K             | 3.200e+02 | m^3 / s  | 6.112e-01 | m^3 / kg   |  4.508e-01 | -        | 4.038e+03 | J / kgK  | tp                   |       1 |
| c29               | 3.738e+02 | kg / s   | 3.950e+00 | bar      | 1.529e+02 | kJ / kg  | 3.643e+01 | C        | -1.067e+02 | K            |  1.067e+02 | K             | 3.762e-01 | m^3 / s  | 1.006e-03 | m^3 / kg   |  0.000e+00 | -        | 5.243e+02 | J / kgK  | l                    |       1 |
| c3                | 8.000e-03 | kg / s   | 1.910e+02 | bar      | 3.347e+03 | kJ / kg  | 5.300e+02 | C        |  1.681e+02 | K            | -1.681e+02 | K             | 1.341e-04 | m^3 / s  | 1.677e-02 | m^3 / kg   | -1.000e+00 | -        | 6.297e+03 | J / kgK  | state not recognised |       1 |
| c30               | 4.084e+02 | kg / s   | 2.510e-01 | bar      | 1.735e+02 | kJ / kg  | 4.143e+01 | C        | -2.362e+01 | K            |  2.362e+01 | K             | 4.119e-01 | m^3 / s  | 1.008e-03 | m^3 / kg   |  0.000e+00 | -        | 5.914e+02 | J / kgK  | l                    |       1 |
| c31               | 4.084e+02 | kg / s   | 2.510e-01 | bar      | 2.723e+02 | kJ / kg  | 6.505e+01 | C        |  0.000e+00 | K            |  0.000e+00 | K             | 4.166e-01 | m^3 / s  | 1.020e-03 | m^3 / kg   |  2.153e-17 | -        | 8.943e+02 | J / kgK  | tp                   |       1 |
| c32               | 3.738e+02 | kg / s   | 3.900e+00 | bar      | 1.530e+02 | kJ / kg  | 3.643e+01 | C        | -1.063e+02 | K            |  1.063e+02 | K             | 3.762e-01 | m^3 / s  | 1.006e-03 | m^3 / kg   |  0.000e+00 | -        | 5.244e+02 | J / kgK  | l                    |       1 |
| c33               | 3.738e+02 | kg / s   | 3.850e+00 | bar      | 2.517e+02 | kJ / kg  | 6.005e+01 | C        | -8.218e+01 | K            |  8.218e+01 | K             | 3.801e-01 | m^3 / s  | 1.017e-03 | m^3 / kg   |  0.000e+00 | -        | 8.318e+02 | J / kgK  | l                    |       1 |
| c34               | 1.798e+02 | kg / s   | 2.510e-01 | bar      | 2.724e+02 | kJ / kg  | 6.505e+01 | C        |  0.000e+00 | K            |  0.000e+00 | K             | 2.234e-01 | m^3 / s  | 1.242e-03 | m^3 / kg   |  3.600e-05 | -        | 8.945e+02 | J / kgK  | tp                   |       1 |
| c35               | 1.798e+02 | kg / s   | 1.270e+00 | bar      | 2.724e+02 | kJ / kg  | 6.505e+01 | C        | -4.138e+01 | K            |  4.138e+01 | K             | 1.834e-01 | m^3 / s  | 1.020e-03 | m^3 / kg   |  0.000e+00 | -        | 8.942e+02 | J / kgK  | l                    |       1 |
| c36               | 1.798e+02 | kg / s   | 1.270e+00 | bar      | 4.463e+02 | kJ / kg  | 1.064e+02 | C        |  0.000e+00 | K            |  0.000e+00 | K             | 1.885e-01 | m^3 / s  | 1.049e-03 | m^3 / kg   |  0.000e+00 | -        | 1.379e+03 | J / kgK  | tp                   |       1 |
| c37               | 3.738e+02 | kg / s   | 3.800e+00 | bar      | 4.252e+02 | kJ / kg  | 1.014e+02 | C        | -4.038e+01 | K            |  4.038e+01 | K             | 3.904e-01 | m^3 / s  | 1.044e-03 | m^3 / kg   |  0.000e+00 | -        | 1.323e+03 | J / kgK  | l                    |       1 |
| c38               | 2.841e+02 | kg / s   | 1.270e+00 | bar      | 2.736e+03 | kJ / kg  | 1.309e+02 | C        |  2.450e+01 | K            | -2.450e+01 | K             | 4.117e+02 | m^3 / s  | 1.449e+00 | m^3 / kg   |  1.000e+00 | -        | 7.408e+03 | J / kgK  | g                    |       1 |
| c39               | 5.393e+02 | kg / s   | 1.270e+00 | bar      | 2.736e+03 | kJ / kg  | 1.309e+02 | C        |  2.450e+01 | K            | -2.450e+01 | K             | 7.815e+02 | m^3 / s  | 1.449e+00 | m^3 / kg   |  1.000e+00 | -        | 7.408e+03 | J / kgK  | g                    |       1 |
| c4                | 8.000e-03 | kg / s   | 1.270e+00 | bar      | 3.347e+03 | kJ / kg  | 4.331e+02 | C        |  3.267e+02 | K            | -3.267e+02 | K             | 2.050e-02 | m^3 / s  | 2.563e+00 | m^3 / kg   | -1.000e+00 | -        | 8.534e+03 | J / kgK  | state not recognised |       1 |
| c40               | 8.768e+01 | kg / s   | 1.270e+00 | bar      | 2.221e+01 | kJ / kg  | 5.254e+00 | C        | -1.012e+02 | K            |  1.012e+02 | K             | 8.769e-02 | m^3 / s  | 1.000e-03 | m^3 / kg   |  0.000e+00 | -        | 8.009e+01 | J / kgK  | l                    |       1 |
| c41               | 3.738e+02 | kg / s   | 3.750e+00 | bar      | 4.254e+02 | kJ / kg  | 1.014e+02 | C        | -3.987e+01 | K            |  3.987e+01 | K             | 3.904e-01 | m^3 / s  | 1.044e-03 | m^3 / kg   |  0.000e+00 | -        | 1.323e+03 | J / kgK  | l                    |       1 |
| c42               | 4.315e+02 | kg / s   | 1.270e+00 | bar      | 4.465e+02 | kJ / kg  | 1.064e+02 | C        |  0.000e+00 | K            |  0.000e+00 | K             | 5.030e-01 | m^3 / s  | 1.166e-03 | m^3 / kg   |  8.647e-05 | -        | 1.380e+03 | J / kgK  | tp                   |       1 |
| c43               | 4.315e+02 | kg / s   | 3.900e+00 | bar      | 4.465e+02 | kJ / kg  | 1.064e+02 | C        | -3.627e+01 | K            |  3.627e+01 | K             | 4.525e-01 | m^3 / s  | 1.048e-03 | m^3 / kg   |  0.000e+00 | -        | 1.379e+03 | J / kgK  | l                    |       1 |
| c44               | 4.315e+02 | kg / s   | 3.900e+00 | bar      | 6.007e+02 | kJ / kg  | 1.427e+02 | C        |  0.000e+00 | K            |  0.000e+00 | K             | 4.672e-01 | m^3 / s  | 1.083e-03 | m^3 / kg   |  0.000e+00 | -        | 1.767e+03 | J / kgK  | tp                   |       1 |
| c45               | 3.738e+02 | kg / s   | 3.700e+00 | bar      | 5.792e+02 | kJ / kg  | 1.377e+02 | C        | -3.156e+00 | K            |  3.156e+00 | K             | 4.027e-01 | m^3 / s  | 1.077e-03 | m^3 / kg   |  0.000e+00 | -        | 1.715e+03 | J / kgK  | l                    |       1 |
| c46               | 3.738e+02 | kg / s   | 3.650e+00 | bar      | 5.793e+02 | kJ / kg  | 1.377e+02 | C        | -2.639e+00 | K            |  2.639e+00 | K             | 4.027e-01 | m^3 / s  | 1.077e-03 | m^3 / kg   |  0.000e+00 | -        | 1.715e+03 | J / kgK  | l                    |       1 |
| c47               | 1.600e-02 | kg / s   | 1.270e+00 | bar      | 3.151e+03 | kJ / kg  | 3.381e+02 | C        |  2.317e+02 | K            | -2.317e+02 | K             | 3.546e-02 | m^3 / s  | 2.216e+00 | m^3 / kg   |  1.000e+00 | -        | 8.236e+03 | J / kgK  | g                    |       1 |
| c48               | 1.600e-02 | kg / s   | 1.024e+01 | bar      | 3.151e+03 | kJ / kg  | 3.469e+02 | C        |  1.660e+02 | K            | -1.660e+02 | K             | 4.389e-03 | m^3 / s  | 2.743e-01 | m^3 / kg   |  1.000e+00 | -        | 7.281e+03 | J / kgK  | g                    |       1 |
| c49               | 2.364e+02 | kg / s   | 1.024e+01 | bar      | 3.151e+03 | kJ / kg  | 3.469e+02 | C        |  1.660e+02 | K            | -1.660e+02 | K             | 6.484e+01 | m^3 / s  | 2.743e-01 | m^3 / kg   |  1.000e+00 | -        | 7.281e+03 | J / kgK  | g                    |       1 |
| c5                | 1.000e-02 | kg / s   | 1.270e+00 | bar      | 2.980e+03 | kJ / kg  | 2.534e+02 | C        |  1.470e+02 | K            | -1.470e+02 | K             | 1.906e-02 | m^3 / s  | 1.906e+00 | m^3 / kg   |  1.000e+00 | -        | 7.936e+03 | J / kgK  | g                    |       1 |
| c50               | 2.364e+02 | kg / s   | 3.650e+00 | bar      | 3.151e+03 | kJ / kg  | 3.405e+02 | C        |  2.002e+02 | K            | -2.002e+02 | K             | 1.822e+02 | m^3 / s  | 7.707e-01 | m^3 / kg   |  1.000e+00 | -        | 7.751e+03 | J / kgK  | g                    |       1 |
| c51               | 3.021e+01 | kg / s   | 3.650e+00 | bar      | 6.264e+02 | kJ / kg  | 1.403e+02 | C        |  0.000e+00 | K            |  0.000e+00 | K             | 2.864e-01 | m^3 / s  | 9.480e-03 | m^3 / kg   |  1.671e-02 | -        | 1.829e+03 | J / kgK  | tp                   |       1 |
| c52               | 5.805e+02 | kg / s   | 3.650e+00 | bar      | 5.906e+02 | kJ / kg  | 1.403e+02 | C        |  0.000e+00 | K            |  0.000e+00 | K             | 6.270e-01 | m^3 / s  | 1.080e-03 | m^3 / kg   |  4.711e-17 | -        | 1.743e+03 | J / kgK  | tp                   |       1 |
| c53               | 3.021e+01 | kg / s   | 2.150e+01 | bar      | 6.264e+02 | kJ / kg  | 1.484e+02 | C        | -6.765e+01 | K            |  6.765e+01 | K             | 3.286e-02 | m^3 / s  | 1.088e-03 | m^3 / kg   |  0.000e+00 | -        | 1.824e+03 | J / kgK  | l                    |       1 |
| c54               | 5.805e+02 | kg / s   | 1.932e+02 | bar      | 6.161e+02 | kJ / kg  | 1.434e+02 | C        | -2.194e+02 | K            |  2.194e+02 | K             | 6.221e-01 | m^3 / s  | 1.072e-03 | m^3 / kg   |  0.000e+00 | -        | 1.755e+03 | J / kgK  | l                    |       1 |
| c55               | 3.021e+01 | kg / s   | 2.150e+01 | bar      | 9.254e+02 | kJ / kg  | 2.161e+02 | C        |  0.000e+00 | K            |  0.000e+00 | K             | 3.574e-02 | m^3 / s  | 1.183e-03 | m^3 / kg   |  0.000e+00 | -        | 2.481e+03 | J / kgK  | tp                   |       1 |
| c56               | 5.805e+02 | kg / s   | 1.932e+02 | bar      | 6.161e+02 | kJ / kg  | 1.434e+02 | C        | -2.194e+02 | K            |  2.194e+02 | K             | 6.221e-01 | m^3 / s  | 1.072e-03 | m^3 / kg   |  0.000e+00 | -        | 1.755e+03 | J / kgK  | l                    |       1 |
| c57               | 1.309e+02 | kg / s   | 2.150e+01 | bar      | 3.057e+03 | kJ / kg  | 3.161e+02 | C        |  1.000e+02 | K            | -1.000e+02 | K             | 1.574e+01 | m^3 / s  | 1.203e-01 | m^3 / kg   |  1.000e+00 | -        | 6.794e+03 | J / kgK  | g                    |       1 |
| c58               | 3.791e+02 | kg / s   | 2.150e+01 | bar      | 1.096e+03 | kJ / kg  | 2.161e+02 | C        |  0.000e+00 | K            |  0.000e+00 | K             | 3.610e+00 | m^3 / s  | 9.522e-03 | m^3 / kg   |  9.105e-02 | -        | 2.830e+03 | J / kgK  | tp                   |       1 |
| c59               | 5.805e+02 | kg / s   | 1.931e+02 | bar      | 9.089e+02 | kJ / kg  | 2.111e+02 | C        | -1.518e+02 | K            |  1.518e+02 | K             | 6.711e-01 | m^3 / s  | 1.156e-03 | m^3 / kg   |  0.000e+00 | -        | 2.406e+03 | J / kgK  | l                    |       1 |
| c6                | 1.000e-02 | kg / s   | 4.120e+01 | bar      | 2.980e+03 | kJ / kg  | 3.081e+02 | C        |  5.604e+01 | K            | -5.604e+01 | K             | 5.819e-04 | m^3 / s  | 5.819e-02 | m^3 / kg   |  1.000e+00 | -        | 6.384e+03 | J / kgK  | g                    |       1 |
| c60               | 3.791e+02 | kg / s   | 4.120e+01 | bar      | 1.096e+03 | kJ / kg  | 2.521e+02 | C        |  0.000e+00 | K            |  0.000e+00 | K             | 4.764e-01 | m^3 / s  | 1.257e-03 | m^3 / kg   | -1.185e-16 | -        | 2.813e+03 | J / kgK  | tp                   |       1 |
| c61               | 3.791e+02 | kg / s   | 4.120e+01 | bar      | 2.980e+03 | kJ / kg  | 3.081e+02 | C        |  5.604e+01 | K            | -5.604e+01 | K             | 2.206e+01 | m^3 / s  | 5.819e-02 | m^3 / kg   |  1.000e+00 | -        | 6.384e+03 | J / kgK  | g                    |       1 |
| c62               | 5.805e+02 | kg / s   | 1.931e+02 | bar      | 1.073e+03 | kJ / kg  | 2.471e+02 | C        | -1.157e+02 | K            |  1.157e+02 | K             | 7.084e-01 | m^3 / s  | 1.220e-03 | m^3 / kg   |  0.000e+00 | -        | 2.733e+03 | J / kgK  | l                    |       1 |
| c63               | 5.805e+02 | kg / s   | 1.930e+02 | bar      | 1.174e+03 | kJ / kg  | 2.682e+02 | C        | -9.453e+01 | K            |  9.453e+01 | K             | 7.362e-01 | m^3 / s  | 1.268e-03 | m^3 / kg   |  0.000e+00 | -        | 2.923e+03 | J / kgK  | l                    |       1 |
| c64               | 2.943e+02 | kg / s   | 4.120e+01 | bar      | 2.980e+03 | kJ / kg  | 3.081e+02 | C        |  5.604e+01 | K            | -5.604e+01 | K             | 1.713e+01 | m^3 / s  | 5.819e-02 | m^3 / kg   |  1.000e+00 | -        | 6.384e+03 | J / kgK  | g                    |       1 |
| c65               | 1.800e-02 | kg / s   | 1.270e+00 | bar      | 3.143e+03 | kJ / kg  | 3.343e+02 | C        |  2.279e+02 | K            | -2.279e+02 | K             | 3.964e-02 | m^3 / s  | 2.202e+00 | m^3 / kg   |  1.000e+00 | -        | 8.224e+03 | J / kgK  | g                    |       1 |
| c7                | 5.805e+02 | kg / s   | 1.910e+02 | bar      | 3.347e+03 | kJ / kg  | 5.300e+02 | C        |  1.681e+02 | K            | -1.681e+02 | K             | 9.733e+00 | m^3 / s  | 1.677e-02 | m^3 / kg   | -1.000e+00 | -        | 6.297e+03 | J / kgK  | state not recognised |       1 |
| c8                | 5.805e+02 | kg / s   | 4.120e+01 | bar      | 2.980e+03 | kJ / kg  | 3.081e+02 | C        |  5.604e+01 | K            | -5.604e+01 | K             | 3.378e+01 | m^3 / s  | 5.819e-02 | m^3 / kg   |  1.000e+00 | -        | 6.384e+03 | J / kgK  | g                    |       1 |
| c9                | 2.392e+02 | kg / s   | 2.150e+01 | bar      | 3.346e+03 | kJ / kg  | 4.455e+02 | C        |  2.294e+02 | K            | -2.294e+02 | K             | 3.608e+01 | m^3 / s  | 1.509e-01 | m^3 / kg   | -1.000e+00 | -        | 7.237e+03 | J / kgK  | state not recognised |       1 |
| condenser_hot_in  | 3.738e+02 | kg / s   | 5.800e-02 | bar      | 1.537e+03 | kJ / kg  | 3.554e+01 | C        |  0.000e+00 | K            |  0.000e+00 | K             | 5.263e+03 | m^3 / s  | 1.408e+01 | m^3 / kg   |  5.746e-01 | -        | 5.011e+03 | J / kgK  | tp                   |       1 |
| d65               | 3.856e+02 | kg / s   | 1.270e+00 | bar      | 3.143e+03 | kJ / kg  | 3.343e+02 | C        |  2.279e+02 | K            | -2.279e+02 | K             | 8.492e+02 | m^3 / s  | 2.202e+00 | m^3 / kg   |  1.000e+00 | -        | 8.224e+03 | J / kgK  | g                    |       1 |
| deaerator_cold_in | 5.085e+02 | kg / s   | 3.650e+00 | bar      | 4.246e+02 | kJ / kg  | 1.012e+02 | C        | -3.910e+01 | K            |  3.910e+01 | K             | 5.310e-01 | m^3 / s  | 1.044e-03 | m^3 / kg   |  0.000e+00 | -        | 1.321e+03 | J / kgK  | l                    |       1 |
| deaerator_drain   | 0.000e+00 | kg / s   | 3.650e+00 | bar      | 2.734e+03 | kJ / kg  | 1.403e+02 | C        |  0.000e+00 | K            |  0.000e+00 | K             | 0.000e+00 | m^3 / s  | 5.039e-01 | m^3 / kg   |  1.000e+00 | -        | 6.926e+03 | J / kgK  | tp                   |       1 |
| heater_b_hot_in   | 3.021e+01 | kg / s   | 2.150e+01 | bar      | 1.082e+03 | kJ / kg  | 2.161e+02 | C        |  0.000e+00 | K            |  0.000e+00 | K             | 2.674e-01 | m^3 / s  | 8.852e-03 | m^3 / kg   |  8.373e-02 | -        | 2.802e+03 | J / kgK  | tp                   |       1 |
| heater_g_hot_in   | 1.798e+02 | kg / s   | 1.270e+00 | bar      | 1.557e+03 | kJ / kg  | 1.064e+02 | C        |  0.000e+00 | K            |  0.000e+00 | K             | 1.209e+02 | m^3 / s  | 6.726e-01 | m^3 / kg   |  4.961e-01 | -        | 4.306e+03 | J / kgK  | tp                   |       1 |
| heater_i_hot_in   | 4.084e+02 | kg / s   | 2.510e-01 | bar      | 3.485e+03 | kJ / kg  | 4.979e+02 | C        |  4.329e+02 | K            | -4.329e+02 | K             | 5.789e+03 | m^3 / s  | 1.417e+01 | m^3 / kg   | -1.000e+00 | -        | 9.469e+03 | J / kgK  | state not recognised |       1 |
| turbine1_out      | 5.805e+02 | kg / s   | 4.120e+01 | bar      | 2.980e+03 | kJ / kg  | 3.081e+02 | C        |  5.604e+01 | K            | -5.604e+01 | K             | 3.378e+01 | m^3 / s  | 5.819e-02 | m^3 / kg   |  1.000e+00 | -        | 6.384e+03 | J / kgK  | g                    |       1 |
| turbine2_out      | 2.943e+02 | kg / s   | 2.150e+01 | bar      | 3.346e+03 | kJ / kg  | 4.455e+02 | C        |  2.294e+02 | K            | -2.294e+02 | K             | 4.440e+01 | m^3 / s  | 1.509e-01 | m^3 / kg   | -1.000e+00 | -        | 7.237e+03 | J / kgK  | state not recognised |       1 |
| turbine3_out      | 2.392e+02 | kg / s   | 1.024e+01 | bar      | 3.151e+03 | kJ / kg  | 3.469e+02 | C        |  1.660e+02 | K            | -1.660e+02 | K             | 6.560e+01 | m^3 / s  | 2.743e-01 | m^3 / kg   |  1.000e+00 | -        | 7.281e+03 | J / kgK  | g                    |       1 |
| turbine4_out      | 5.374e+02 | kg / s   | 3.900e+00 | bar      | 2.937e+03 | kJ / kg  | 2.365e+02 | C        |  9.380e+01 | K            | -9.380e+01 | K             | 3.192e+02 | m^3 / s  | 5.940e-01 | m^3 / kg   |  1.000e+00 | -        | 7.339e+03 | J / kgK  | g                    |       1 |
| turbine5_out      | 2.206e+02 | kg / s   | 1.270e+00 | bar      | 2.736e+03 | kJ / kg  | 1.309e+02 | C        |  2.450e+01 | K            | -2.450e+01 | K             | 3.196e+02 | m^3 / s  | 1.449e+00 | m^3 / kg   |  1.000e+00 | -        | 7.408e+03 | J / kgK  | g                    |       1 |
| turbine6_out      | 1.900e+02 | kg / s   | 2.510e-01 | bar      | 2.507e+03 | kJ / kg  | 6.505e+01 | C        |  0.000e+00 | K            |  0.000e+00 | K             | 1.118e+03 | m^3 / s  | 5.887e+00 | m^3 / kg   |  9.526e-01 | -        | 7.500e+03 | J / kgK  | tp                   |       1 |
+-------------------+-----------+----------+-----------+----------+-----------+----------+-----------+----------+------------+--------------+------------+---------------+-----------+----------+-----------+------------+------------+----------+-----------+----------+----------------------+---------+
2026-04-25 14:57:43,724 - INFO - logger - Path for logging: pure_steam_plant_model1_loggings\Aurora.log
2026-04-25 14:57:43,725 - INFO - logger - Used AURORA version: 0.1.1 - GCC's Nature
2026-04-25 14:57:43,728 - DEBUG - network - Default unit specifications:
mass flow: kg / s
pressure: Pa
enthalpy: J / kg
temperature: K
temperature difference above boiling point: K
temperature difference under boiling point: K
volumetric flow: m^3 / s
specific volume: m^3 / kg
vapor mass fraction: -
entropy: J / kgK
voltage: V
electricity: A
electric phase: rad
frequency: Hz
optical intensity: W/m^2
luminous intensity: cd
luminous flux: lm
spatial size: m
time size: s
2026-04-25 14:57:43,728 - DEBUG - network - Default mass flow limits
min: 1e-05 kg / s
max: 1000000000000.0 kg / s
2026-04-25 14:57:43,728 - DEBUG - network - Default pressure limits
min: 100000.0 Pa
max: 30000000.0 Pa
2026-04-25 14:57:43,728 - DEBUG - network - Default enthalpy limits
min: 1000.0 J / kg
max: 7000000.0 J / kg
2026-04-25 14:57:43,728 - DEBUG - network - Default voltage limits
min: -1000000000000.0 V
max: 1000000000000.0 V
2026-04-25 14:57:43,728 - DEBUG - network - Default electricity limits
min: -1000000000000.0 A
max: 1000000000000.0 A
2026-04-25 14:57:43,728 - DEBUG - network - Default frequency limits
min: 1e-05 Hz
max: 1000000000000.0 Hz
2026-04-25 14:57:43,728 - DEBUG - network - Setting fluid property pressure unit: bar.
2026-04-25 14:57:43,728 - DEBUG - network - Setting fluid property temperature unit: C.
2026-04-25 14:57:43,728 - DEBUG - network - Setting fluid property enthalpy unit: kJ / kg.
2026-04-25 14:57:43,728 - DEBUG - network - Setting fluid property mass flow unit: kg / s.
2026-04-25 14:57:43,750 - DEBUG - connection - Created connection from boiler (out1) to turbine2 (in1).
2026-04-25 14:57:43,750 - DEBUG - connection - Created connection from boiler (out2) to boiler_splitter (in1).
2026-04-25 14:57:43,750 - DEBUG - connection - Created connection from boiler_splitter (out1) to valve_3_4 (in1).
2026-04-25 14:57:43,751 - DEBUG - connection - Created connection from valve_3_4 (out1) to merge_4_5_65 (in1).
2026-04-25 14:57:43,751 - DEBUG - connection - Created connection from valve_5_6 (out1) to merge_4_5_65 (in2).
2026-04-25 14:57:43,751 - DEBUG - connection - Created connection from turbine1_splitter (out1) to valve_5_6 (in1).
2026-04-25 14:57:43,752 - DEBUG - connection - Created connection from boiler_splitter (out2) to turbine1 (in1).
2026-04-25 14:57:43,752 - DEBUG - connection - Created connection from turbine1 (out1) to turbine1_splitter (in1).
2026-04-25 14:57:43,753 - DEBUG - connection - Created connection from turbine1_splitter (out2) to split_8_61_64 (in1).
2026-04-25 14:57:43,753 - DEBUG - connection - Created connection from turbine2 (out1) to turbine2_splitter (in1).
2026-04-25 14:57:43,753 - DEBUG - connection - Created connection from turbine2_splitter (out1) to turbine3 (in1).
2026-04-25 14:57:43,754 - DEBUG - connection - Created connection from turbine2_splitter (out2) to heatexchanger_d (in1).
2026-04-25 14:57:43,754 - DEBUG - connection - Created connection from turbine3 (out1) to turbine3_splitter (in1).
2026-04-25 14:57:43,755 - DEBUG - connection - Created connection from turbine3_splitter (out1) to turbine4 (in1).
2026-04-25 14:57:43,755 - DEBUG - connection - Created connection from turbine3_splitter (out2) to split_12_48_49 (in1).
2026-04-25 14:57:43,755 - DEBUG - connection - Created connection from turbine4 (out1) to turbine4_splitter (in1).
2026-04-25 14:57:43,755 - DEBUG - connection - Created connection from turbine4_splitter (out1) to turbine5 (in1).
2026-04-25 14:57:43,756 - DEBUG - connection - Created connection from turbine4_splitter (out2) to heatexchanger_e (in1).
2026-04-25 14:57:43,756 - DEBUG - connection - Created connection from turbine5 (out1) to turbine5_splitter (in1).
2026-04-25 14:57:43,756 - DEBUG - connection - Created connection from turbine5_splitter (out1) to turbine6 (in1).
2026-04-25 14:57:43,757 - DEBUG - connection - Created connection from turbine5_splitter (out2) to split_16_38_39 (in1).
2026-04-25 14:57:43,757 - DEBUG - connection - Created connection from turbine6 (out1) to turbine6_splitter (in1).
2026-04-25 14:57:43,757 - DEBUG - connection - Created connection from turbine6_splitter (out1) to turbine7 (in1).
2026-04-25 14:57:43,758 - DEBUG - connection - Created connection from turbine6_splitter (out2) to heater_i_merge (in1).
2026-04-25 14:57:43,758 - DEBUG - connection - Created connection from turbine7 (out1) to condense_merge (in1).
2026-04-25 14:57:43,758 - DEBUG - connection - Created connection from condense_merge (out1) to condenser (in1).
2026-04-25 14:57:43,759 - DEBUG - connection - Created connection from condenser (out2) to cooling_water_sink (in1).
2026-04-25 14:57:43,759 - DEBUG - connection - Created connection from cooling_water_source (out1) to condenser (in2).
2026-04-25 14:57:43,759 - DEBUG - connection - Created connection from condenser (out1) to condense_pump (in1).
2026-04-25 14:57:43,760 - DEBUG - connection - Created connection from condense_pump (out1) to heatexchanger_k (in2).
2026-04-25 14:57:43,760 - DEBUG - connection - Created connection from merge_25_26_24 (out1) to condense_merge (in2).
2026-04-25 14:57:43,760 - DEBUG - connection - Created connection from valve_25_30 (out1) to merge_25_26_24 (in1).
2026-04-25 14:57:43,761 - DEBUG - connection - Created connection from valve_26_27 (out1) to merge_25_26_24 (in2).
2026-04-25 14:57:43,761 - DEBUG - connection - Created connection from heatexchanger_k (out1) to valve_26_27 (in1).
2026-04-25 14:57:43,761 - DEBUG - connection - Created connection from merge_39_40_28 (out1) to heatexchanger_k (in1).
2026-04-25 14:57:43,762 - DEBUG - connection - Created connection from heatexchanger_k (out2) to heatexchanger_j (in2).
2026-04-25 14:57:43,762 - DEBUG - connection - Created connection from heatexchanger_j (out1) to valve_25_30 (in1).
2026-04-25 14:57:43,762 - DEBUG - connection - Created connection from heatexchanger_i (out1) to heatexchanger_j (in1).
2026-04-25 14:57:43,763 - DEBUG - connection - Created connection from heatexchanger_j (out2) to heatexchanger_i (in2).
2026-04-25 14:57:43,763 - DEBUG - connection - Created connection from heatexchanger_i (out2) to heatexchanger_h (in2).
2026-04-25 14:57:43,764 - DEBUG - connection - Created connection from valve_34_35 (out1) to heater_i_merge (in2).
2026-04-25 14:57:43,764 - DEBUG - connection - Created connection from heater_i_merge (out1) to heatexchanger_i (in1).
2026-04-25 14:57:43,764 - DEBUG - connection - Created connection from heatexchanger_h (out1) to valve_34_35 (in1).
2026-04-25 14:57:43,765 - DEBUG - connection - Created connection from heatexchanger_g (out1) to heatexchanger_h (in1).
2026-04-25 14:57:43,765 - DEBUG - connection - Created connection from heatexchanger_h (out2) to heatexchanger_g (in2).
2026-04-25 14:57:43,765 - DEBUG - connection - Created connection from split_16_38_39 (out1) to heater_g_merge (in1).
2026-04-25 14:57:43,765 - DEBUG - connection - Created connection from heater_g_merge (out1) to heatexchanger_g (in1).
2026-04-25 14:57:43,766 - DEBUG - connection - Created connection from split_16_38_39 (out2) to merge_39_40_28 (in2).
2026-04-25 14:57:43,766 - DEBUG - connection - Created connection from merge_47_65_40 (out1) to merge_39_40_28 (in1).
2026-04-25 14:57:43,767 - DEBUG - connection - Created connection from heatexchanger_g (out2) to heatexchanger_f (in2).
2026-04-25 14:57:43,767 - DEBUG - connection - Created connection from valve_42_43 (out1) to heater_g_merge (in2).
2026-04-25 14:57:43,767 - DEBUG - connection - Created connection from heatexchanger_f (out1) to valve_42_43 (in1).
2026-04-25 14:57:43,769 - DEBUG - connection - Created connection from heatexchanger_e (out1) to heatexchanger_f (in1).
2026-04-25 14:57:43,769 - DEBUG - connection - Created connection from heatexchanger_f (out2) to heatexchanger_e (in2).
2026-04-25 14:57:43,769 - DEBUG - connection - Created connection from heatexchanger_e (out2) to deaerator_merge (in2).
2026-04-25 14:57:43,770 - DEBUG - connection - Created connection from valve_47_48 (out1) to merge_47_65_40 (in2).
2026-04-25 14:57:43,770 - DEBUG - connection - Created connection from split_12_48_49 (out2) to valve_47_48 (in1).
2026-04-25 14:57:43,770 - DEBUG - connection - Created connection from split_12_48_49 (out1) to valve_49_50 (in1).
2026-04-25 14:57:43,771 - DEBUG - connection - Created connection from valve_49_50 (out1) to deaerator (in2).
2026-04-25 14:57:43,771 - DEBUG - connection - Created connection from valve_51_53 (out1) to deaerator_merge (in1).
2026-04-25 14:57:43,771 - DEBUG - connection - Created connection from deaerator_merge (out1) to deaerator (in1).
2026-04-25 14:57:43,771 - DEBUG - connection - Created connection from deaerator (out1) to recycle_pump (in1).
2026-04-25 14:57:43,772 - DEBUG - connection - Created connection from deaerator (out2) to deaerator_sink (in1).
2026-04-25 14:57:43,772 - DEBUG - connection - Created connection from heatexchanger_a (out1) to valve_51_53 (in1).
2026-04-25 14:57:43,772 - DEBUG - connection - Created connection from recycle_pump (out1) to heatexchanger_a (in2).
2026-04-25 14:57:43,773 - DEBUG - connection - Created connection from heatexchanger_b (out1) to heatexchanger_a (in1).
2026-04-25 14:57:43,773 - DEBUG - connection - Created connection from heatexchanger_a (out2) to heatexchanger_b (in2).
2026-04-25 14:57:43,774 - DEBUG - connection - Created connection from heater_b_merge (out1) to heatexchanger_b (in1).
2026-04-25 14:57:43,774 - DEBUG - connection - Created connection from heatexchanger_d (out1) to heater_b_merge (in1).
2026-04-25 14:57:43,774 - DEBUG - connection - Created connection from valve_58_60 (out1) to heater_b_merge (in2).
2026-04-25 14:57:43,775 - DEBUG - connection - Created connection from heatexchanger_b (out2) to heatexchanger_c (in2).
2026-04-25 14:57:43,775 - DEBUG - connection - Created connection from heatexchanger_c (out1) to valve_58_60 (in1).
2026-04-25 14:57:43,775 - DEBUG - connection - Created connection from split_8_61_64 (out2) to heatexchanger_c (in1).
2026-04-25 14:57:43,775 - DEBUG - connection - Created connection from heatexchanger_c (out2) to heatexchanger_d (in2).
2026-04-25 14:57:43,775 - DEBUG - connection - Created connection from heatexchanger_d (out2) to boiler (in2).
2026-04-25 14:57:43,776 - DEBUG - connection - Created connection from split_8_61_64 (out1) to boiler (in1).
2026-04-25 14:57:43,776 - DEBUG - connection - Created connection from merge_4_5_65 (out1) to cycle_closer (in1).
2026-04-25 14:57:43,776 - DEBUG - connection - Created connection from cycle_closer (out1) to merge_47_65_40 (in1).
2026-04-25 14:57:43,777 - DEBUG - network - Added connection c1 to network.
2026-04-25 14:57:43,777 - DEBUG - network - Added connection c2 to network.
2026-04-25 14:57:43,778 - DEBUG - network - Added connection c3 to network.
2026-04-25 14:57:43,778 - DEBUG - network - Added connection c4 to network.
2026-04-25 14:57:43,778 - DEBUG - network - Added connection c5 to network.
2026-04-25 14:57:43,779 - DEBUG - network - Added connection c6 to network.
2026-04-25 14:57:43,779 - DEBUG - network - Added connection c7 to network.
2026-04-25 14:57:43,780 - DEBUG - network - Added connection c8 to network.
2026-04-25 14:57:43,780 - DEBUG - network - Added connection c9 to network.
2026-04-25 14:57:43,781 - DEBUG - network - Added connection c10 to network.
2026-04-25 14:57:43,781 - DEBUG - network - Added connection c11 to network.
2026-04-25 14:57:43,781 - DEBUG - network - Added connection c12 to network.
2026-04-25 14:57:43,782 - DEBUG - network - Added connection c13 to network.
2026-04-25 14:57:43,782 - DEBUG - network - Added connection c14 to network.
2026-04-25 14:57:43,782 - DEBUG - network - Added connection c15 to network.
2026-04-25 14:57:43,783 - DEBUG - network - Added connection c16 to network.
2026-04-25 14:57:43,783 - DEBUG - network - Added connection c17 to network.
2026-04-25 14:57:43,784 - DEBUG - network - Added connection c18 to network.
2026-04-25 14:57:43,784 - DEBUG - network - Added connection c19 to network.
2026-04-25 14:57:43,784 - DEBUG - network - Added connection c20 to network.
2026-04-25 14:57:43,785 - DEBUG - network - Added connection c21 to network.
2026-04-25 14:57:43,785 - DEBUG - network - Added connection c22 to network.
2026-04-25 14:57:43,786 - DEBUG - network - Added connection c23 to network.
2026-04-25 14:57:43,786 - DEBUG - network - Added connection c24 to network.
2026-04-25 14:57:43,787 - DEBUG - network - Added connection c25 to network.
2026-04-25 14:57:43,787 - DEBUG - network - Added connection c26 to network.
2026-04-25 14:57:43,787 - DEBUG - network - Added connection c27 to network.
2026-04-25 14:57:43,788 - DEBUG - network - Added connection c28 to network.
2026-04-25 14:57:43,788 - DEBUG - network - Added connection c29 to network.
2026-04-25 14:57:43,789 - DEBUG - network - Added connection c30 to network.
2026-04-25 14:57:43,789 - DEBUG - network - Added connection c31 to network.
2026-04-25 14:57:43,790 - DEBUG - network - Added connection c32 to network.
2026-04-25 14:57:43,790 - DEBUG - network - Added connection c33 to network.
2026-04-25 14:57:43,790 - DEBUG - network - Added connection c34 to network.
2026-04-25 14:57:43,791 - DEBUG - network - Added connection c35 to network.
2026-04-25 14:57:43,791 - DEBUG - network - Added connection c36 to network.
2026-04-25 14:57:43,792 - DEBUG - network - Added connection c37 to network.
2026-04-25 14:57:43,792 - DEBUG - network - Added connection c38 to network.
2026-04-25 14:57:43,792 - DEBUG - network - Added connection c39 to network.
2026-04-25 14:57:43,793 - DEBUG - network - Added connection c40 to network.
2026-04-25 14:57:43,793 - DEBUG - network - Added connection c41 to network.
2026-04-25 14:57:43,794 - DEBUG - network - Added connection c42 to network.
2026-04-25 14:57:43,794 - DEBUG - network - Added connection c43 to network.
2026-04-25 14:57:43,795 - DEBUG - network - Added connection c44 to network.
2026-04-25 14:57:43,795 - DEBUG - network - Added connection c45 to network.
2026-04-25 14:57:43,795 - DEBUG - network - Added connection c46 to network.
2026-04-25 14:57:43,796 - DEBUG - network - Added connection c47 to network.
2026-04-25 14:57:43,796 - DEBUG - network - Added connection c48 to network.
2026-04-25 14:57:43,797 - DEBUG - network - Added connection c49 to network.
2026-04-25 14:57:43,797 - DEBUG - network - Added connection c50 to network.
2026-04-25 14:57:43,797 - DEBUG - network - Added connection c51 to network.
2026-04-25 14:57:43,797 - DEBUG - network - Added connection c52 to network.
2026-04-25 14:57:43,799 - DEBUG - network - Added connection c53 to network.
2026-04-25 14:57:43,799 - DEBUG - network - Added connection c54 to network.
2026-04-25 14:57:43,800 - DEBUG - network - Added connection c55 to network.
2026-04-25 14:57:43,800 - DEBUG - network - Added connection c56 to network.
2026-04-25 14:57:43,801 - DEBUG - network - Added connection c57 to network.
2026-04-25 14:57:43,801 - DEBUG - network - Added connection c58 to network.
2026-04-25 14:57:43,801 - DEBUG - network - Added connection c59 to network.
2026-04-25 14:57:43,802 - DEBUG - network - Added connection c60 to network.
2026-04-25 14:57:43,802 - DEBUG - network - Added connection c61 to network.
2026-04-25 14:57:43,802 - DEBUG - network - Added connection c62 to network.
2026-04-25 14:57:43,802 - DEBUG - network - Added connection c63 to network.
2026-04-25 14:57:43,803 - DEBUG - network - Added connection c64 to network.
2026-04-25 14:57:43,803 - DEBUG - network - Added connection c65 to network.
2026-04-25 14:57:43,803 - DEBUG - network - Added connection deaerator_drain to network.
2026-04-25 14:57:43,804 - DEBUG - network - Added connection d65 to network.
2026-04-25 14:57:43,804 - DEBUG - network - Added connection turbine1_out to network.
2026-04-25 14:57:43,805 - DEBUG - network - Added connection turbine2_out to network.
2026-04-25 14:57:43,805 - DEBUG - network - Added connection turbine3_out to network.
2026-04-25 14:57:43,806 - DEBUG - network - Added connection turbine4_out to network.
2026-04-25 14:57:43,806 - DEBUG - network - Added connection turbine5_out to network.
2026-04-25 14:57:43,806 - DEBUG - network - Added connection turbine6_out to network.
2026-04-25 14:57:43,807 - DEBUG - network - Added connection condenser_hot_in to network.
2026-04-25 14:57:43,807 - DEBUG - network - Added connection heater_i_hot_in to network.
2026-04-25 14:57:43,807 - DEBUG - network - Added connection heater_g_hot_in to network.
2026-04-25 14:57:43,808 - DEBUG - network - Added connection heater_b_hot_in to network.
2026-04-25 14:57:43,808 - DEBUG - network - Added connection deaerator_cold_in to network.
2026-04-25 14:57:44,036 - DEBUG - network - Removing 6 mass flow variables from ['c52', 'c54', 'c56', 'c59', 'c62', 'c63', 'c2'] from system variables.
2026-04-25 14:57:44,037 - DEBUG - network - Removing 1 mass flow variables from ['c3', 'c4'] from system variables.
2026-04-25 14:57:44,037 - DEBUG - network - Removing 1 mass flow variables from ['c6', 'c5'] from system variables.
2026-04-25 14:57:44,037 - DEBUG - network - Removing 1 mass flow variables from ['c48', 'c47'] from system variables.
2026-04-25 14:57:44,037 - DEBUG - network - Removing 0 mass flow variables from ['deaerator_drain'] from system variables.
2026-04-25 14:57:44,037 - INFO - network - ########----Simplify Fluid System Successful----########
2026-04-25 14:57:44,049 - DEBUG - network - Updated fluid property SI values and fluid mass fraction for user specified connection parameters.
2026-04-25 14:57:44,064 - INFO - network - ########----Network check successful----########
2026-04-25 14:57:44,064 - DEBUG - network - Solver properties:
 - mode: design
 - init_path: None
 - design_path: pure_steam_plant_model1_design_
 - min_iter: 4
 - max_iter: 150
2026-04-25 14:57:44,064 - DEBUG - network - Network information:
 - Number of components: 56
 - Number of fluid components: 56
 - Number of electric components: 0
 - Number of connections: 78
 - Number of fluid connections: 78
 - Number of electric connections: 0
 - Number of busses: 0
2026-04-25 14:57:44,071 - DEBUG - network - Generic fluid property specification complete in the final of initialization.
2026-04-25 14:57:44,071 - INFO - network - ########-----Initializing variables bounds-----########
2026-04-25 14:57:44,075 - DEBUG - connection - The connection: c1 has 0 equations.
2026-04-25 14:57:44,075 - DEBUG - connection - The connection: c10 has 0 equations.
2026-04-25 14:57:44,076 - DEBUG - connection - The connection: c11 has 0 equations.
2026-04-25 14:57:44,076 - DEBUG - connection - The connection: c12 has 0 equations.
2026-04-25 14:57:44,076 - DEBUG - connection - The connection: c13 has 0 equations.
2026-04-25 14:57:44,076 - DEBUG - connection - The connection: c14 has 0 equations.
2026-04-25 14:57:44,076 - DEBUG - connection - The connection: c15 has 0 equations.
2026-04-25 14:57:44,076 - DEBUG - connection - The connection: c16 has 0 equations.
2026-04-25 14:57:44,076 - DEBUG - connection - The connection: c17 has 0 equations.
2026-04-25 14:57:44,076 - DEBUG - connection - The connection: c18 has 0 equations.
2026-04-25 14:57:44,076 - DEBUG - connection - The connection: c19 has 0 equations.
2026-04-25 14:57:44,076 - DEBUG - connection - The connection: c2 has 0 equations.
2026-04-25 14:57:44,076 - DEBUG - connection - The connection: c20 has 0 equations.
2026-04-25 14:57:44,076 - DEBUG - connection - The connection: c21 has 0 equations.
2026-04-25 14:57:44,076 - DEBUG - connection - The connection: c22 has 0 equations.
2026-04-25 14:57:44,076 - DEBUG - connection - The connection: c23 has 0 equations.
2026-04-25 14:57:44,076 - DEBUG - connection - The connection: c24 has 0 equations.
2026-04-25 14:57:44,076 - DEBUG - connection - The connection: c25 has 0 equations.
2026-04-25 14:57:44,076 - DEBUG - connection - The connection: c26 has 0 equations.
2026-04-25 14:57:44,076 - DEBUG - connection - The connection: c27 has 0 equations.
2026-04-25 14:57:44,076 - DEBUG - connection - The connection: c28 has 0 equations.
2026-04-25 14:57:44,076 - DEBUG - connection - The connection: c29 has 0 equations.
2026-04-25 14:57:44,076 - DEBUG - connection - The connection: c3 has 0 equations.
2026-04-25 14:57:44,076 - DEBUG - connection - The connection: c30 has 0 equations.
2026-04-25 14:57:44,076 - DEBUG - connection - The connection: c31 has 0 equations.
2026-04-25 14:57:44,076 - DEBUG - connection - The connection: c32 has 0 equations.
2026-04-25 14:57:44,076 - DEBUG - connection - The connection: c33 has 0 equations.
2026-04-25 14:57:44,076 - DEBUG - connection - The connection: c34 has 0 equations.
2026-04-25 14:57:44,076 - DEBUG - connection - The connection: c35 has 0 equations.
2026-04-25 14:57:44,076 - DEBUG - connection - The connection: c36 has 0 equations.
2026-04-25 14:57:44,076 - DEBUG - connection - The connection: c37 has 0 equations.
2026-04-25 14:57:44,076 - DEBUG - connection - The connection: c38 has 0 equations.
2026-04-25 14:57:44,076 - DEBUG - connection - The connection: c39 has 0 equations.
2026-04-25 14:57:44,076 - DEBUG - connection - The connection: c4 has 0 equations.
2026-04-25 14:57:44,076 - DEBUG - connection - The connection: c40 has 0 equations.
2026-04-25 14:57:44,076 - DEBUG - connection - The connection: c41 has 0 equations.
2026-04-25 14:57:44,076 - DEBUG - connection - The connection: c42 has 0 equations.
2026-04-25 14:57:44,076 - DEBUG - connection - The connection: c43 has 0 equations.
2026-04-25 14:57:44,077 - DEBUG - connection - The connection: c44 has 0 equations.
2026-04-25 14:57:44,077 - DEBUG - connection - The connection: c45 has 0 equations.
2026-04-25 14:57:44,077 - DEBUG - connection - The connection: c46 has 0 equations.
2026-04-25 14:57:44,077 - DEBUG - connection - The connection: c47 has 0 equations.
2026-04-25 14:57:44,077 - DEBUG - connection - The connection: c48 has 0 equations.
2026-04-25 14:57:44,077 - DEBUG - connection - The connection: c49 has 0 equations.
2026-04-25 14:57:44,077 - DEBUG - connection - The connection: c5 has 0 equations.
2026-04-25 14:57:44,077 - DEBUG - connection - The connection: c50 has 0 equations.
2026-04-25 14:57:44,077 - DEBUG - connection - The connection: c51 has 0 equations.
2026-04-25 14:57:44,077 - DEBUG - connection - The connection: c52 has 0 equations.
2026-04-25 14:57:44,077 - DEBUG - connection - The connection: c53 has 0 equations.
2026-04-25 14:57:44,077 - DEBUG - connection - The connection: c54 has 0 equations.
2026-04-25 14:57:44,077 - DEBUG - connection - The connection: c55 has 0 equations.
2026-04-25 14:57:44,077 - DEBUG - connection - The connection: c56 has 0 equations.
2026-04-25 14:57:44,077 - DEBUG - connection - The connection: c57 has 0 equations.
2026-04-25 14:57:44,077 - DEBUG - connection - The connection: c58 has 0 equations.
2026-04-25 14:57:44,077 - DEBUG - connection - The connection: c59 has 0 equations.
2026-04-25 14:57:44,077 - DEBUG - connection - The connection: c6 has 0 equations.
2026-04-25 14:57:44,077 - DEBUG - connection - The connection: c60 has 0 equations.
2026-04-25 14:57:44,077 - DEBUG - connection - The connection: c61 has 0 equations.
2026-04-25 14:57:44,077 - DEBUG - connection - The connection: c62 has 0 equations.
2026-04-25 14:57:44,077 - DEBUG - connection - The connection: c63 has 0 equations.
2026-04-25 14:57:44,077 - DEBUG - connection - The connection: c64 has 0 equations.
2026-04-25 14:57:44,077 - DEBUG - connection - The connection: c65 has 0 equations.
2026-04-25 14:57:44,077 - DEBUG - connection - The connection: c7 has 0 equations.
2026-04-25 14:57:44,077 - DEBUG - connection - The connection: c8 has 0 equations.
2026-04-25 14:57:44,077 - DEBUG - connection - The connection: c9 has 0 equations.
2026-04-25 14:57:44,077 - DEBUG - connection - The connection: condenser_hot_in has 0 equations.
2026-04-25 14:57:44,077 - DEBUG - connection - The connection: d65 has 0 equations.
2026-04-25 14:57:44,077 - DEBUG - connection - The connection: deaerator_cold_in has 0 equations.
2026-04-25 14:57:44,077 - DEBUG - connection - The connection: deaerator_drain has 0 equations.
2026-04-25 14:57:44,077 - DEBUG - connection - The connection: heater_b_hot_in has 0 equations.
2026-04-25 14:57:44,077 - DEBUG - connection - The connection: heater_g_hot_in has 0 equations.
2026-04-25 14:57:44,077 - DEBUG - connection - The connection: heater_i_hot_in has 0 equations.
2026-04-25 14:57:44,077 - DEBUG - connection - The connection: turbine1_out has 0 equations.
2026-04-25 14:57:44,077 - DEBUG - connection - The connection: turbine2_out has 0 equations.
2026-04-25 14:57:44,077 - DEBUG - connection - The connection: turbine3_out has 0 equations.
2026-04-25 14:57:44,077 - DEBUG - connection - The connection: turbine4_out has 0 equations.
2026-04-25 14:57:44,077 - DEBUG - connection - The connection: turbine5_out has 0 equations.
2026-04-25 14:57:44,077 - DEBUG - connection - The connection: turbine6_out has 0 equations.
2026-04-25 14:57:44,078 - DEBUG - component - The component: boiler of type BoilerSimple has 2 equations.
2026-04-25 14:57:44,078 - DEBUG - component - The component: boiler_splitter of type Splitter has 1 equations.
2026-04-25 14:57:44,078 - DEBUG - component - The component: condense_merge of type Merge has 2 equations.
2026-04-25 14:57:44,078 - DEBUG - component - The component: condense_pump of type Pump has 1 equations.
2026-04-25 14:57:44,078 - DEBUG - component - The component: condenser of type Condenser has 3 equations.
2026-04-25 14:57:44,078 - DEBUG - component - The component: cooling_water_sink of type Sink has 0 equations.
2026-04-25 14:57:44,078 - DEBUG - component - The component: cooling_water_source of type Source has 0 equations.
2026-04-25 14:57:44,078 - DEBUG - component - The component: cycle_closer of type CycleCloser has 0 equations.
2026-04-25 14:57:44,078 - DEBUG - component - The component: deaerator of type Deaerator has 4 equations.
2026-04-25 14:57:44,078 - DEBUG - component - The component: deaerator_merge of type Merge has 2 equations.
2026-04-25 14:57:44,078 - DEBUG - component - The component: deaerator_sink of type Sink has 0 equations.
2026-04-25 14:57:44,078 - DEBUG - component - The component: heater_b_merge of type Merge has 2 equations.
2026-04-25 14:57:44,078 - DEBUG - component - The component: heater_g_merge of type Merge has 2 equations.
2026-04-25 14:57:44,078 - DEBUG - component - The component: heater_i_merge of type Merge has 2 equations.
2026-04-25 14:57:44,078 - DEBUG - component - The component: heatexchanger_a of type HeatExchanger has 2 equations.
2026-04-25 14:57:44,078 - DEBUG - component - The component: heatexchanger_b of type ExtractHeatExchanger has 3 equations.
2026-04-25 14:57:44,078 - DEBUG - component - The component: heatexchanger_c of type ExtractHeatExchanger has 3 equations.
2026-04-25 14:57:44,078 - DEBUG - component - The component: heatexchanger_d of type OverHeater has 2 equations.
2026-04-25 14:57:44,078 - DEBUG - component - The component: heatexchanger_e of type ExtractHeatExchanger has 3 equations.
2026-04-25 14:57:44,078 - DEBUG - component - The component: heatexchanger_f of type HeatExchanger has 2 equations.
2026-04-25 14:57:44,078 - DEBUG - component - The component: heatexchanger_g of type ExtractHeatExchanger has 3 equations.
2026-04-25 14:57:44,078 - DEBUG - component - The component: heatexchanger_h of type HeatExchanger has 2 equations.
2026-04-25 14:57:44,079 - DEBUG - component - The component: heatexchanger_i of type ExtractHeatExchanger has 3 equations.
2026-04-25 14:57:44,079 - DEBUG - component - The component: heatexchanger_j of type HeatExchanger has 2 equations.
2026-04-25 14:57:44,079 - DEBUG - component - The component: heatexchanger_k of type ExtractHeatExchanger has 3 equations.
2026-04-25 14:57:44,079 - DEBUG - component - The component: merge_25_26_24 of type Merge has 2 equations.
2026-04-25 14:57:44,079 - DEBUG - component - The component: merge_39_40_28 of type Merge has 2 equations.
2026-04-25 14:57:44,079 - DEBUG - component - The component: merge_47_65_40 of type Merge has 2 equations.
2026-04-25 14:57:44,079 - DEBUG - component - The component: merge_4_5_65 of type Merge has 2 equations.
2026-04-25 14:57:44,079 - DEBUG - component - The component: recycle_pump of type Pump has 1 equations.
2026-04-25 14:57:44,079 - DEBUG - component - The component: split_12_48_49 of type Splitter has 1 equations.
2026-04-25 14:57:44,079 - DEBUG - component - The component: split_16_38_39 of type Splitter has 1 equations.
2026-04-25 14:57:44,079 - DEBUG - component - The component: split_8_61_64 of type Splitter has 1 equations.
2026-04-25 14:57:44,079 - DEBUG - component - The component: turbine1 of type Turbine has 1 equations.
2026-04-25 14:57:44,079 - DEBUG - component - The component: turbine1_splitter of type Splitter has 1 equations.
2026-04-25 14:57:44,079 - DEBUG - component - The component: turbine2 of type Turbine has 1 equations.
2026-04-25 14:57:44,079 - DEBUG - component - The component: turbine2_splitter of type Splitter has 1 equations.
2026-04-25 14:57:44,079 - DEBUG - component - The component: turbine3 of type Turbine has 1 equations.
2026-04-25 14:57:44,079 - DEBUG - component - The component: turbine3_splitter of type Splitter has 1 equations.
2026-04-25 14:57:44,079 - DEBUG - component - The component: turbine4 of type Turbine has 1 equations.
2026-04-25 14:57:44,079 - DEBUG - component - The component: turbine4_splitter of type Splitter has 1 equations.
2026-04-25 14:57:44,079 - DEBUG - component - The component: turbine5 of type Turbine has 1 equations.
2026-04-25 14:57:44,079 - DEBUG - component - The component: turbine5_splitter of type Splitter has 1 equations.
2026-04-25 14:57:44,079 - DEBUG - component - The component: turbine6 of type Turbine has 1 equations.
2026-04-25 14:57:44,079 - DEBUG - component - The component: turbine6_splitter of type Splitter has 1 equations.
2026-04-25 14:57:44,079 - DEBUG - component - The component: turbine7 of type Turbine has 1 equations.
2026-04-25 14:57:44,079 - DEBUG - component - The component: valve_25_30 of type Valve has 0 equations.
2026-04-25 14:57:44,079 - DEBUG - component - The component: valve_26_27 of type Valve has 0 equations.
2026-04-25 14:57:44,079 - DEBUG - component - The component: valve_34_35 of type Valve has 0 equations.
2026-04-25 14:57:44,079 - DEBUG - component - The component: valve_3_4 of type Valve has 0 equations.
2026-04-25 14:57:44,079 - DEBUG - component - The component: valve_42_43 of type Valve has 0 equations.
2026-04-25 14:57:44,079 - DEBUG - component - The component: valve_47_48 of type Valve has 0 equations.
2026-04-25 14:57:44,079 - DEBUG - component - The component: valve_49_50 of type Valve has 0 equations.
2026-04-25 14:57:44,079 - DEBUG - component - The component: valve_51_53 of type Valve has 0 equations.
2026-04-25 14:57:44,079 - DEBUG - component - The component: valve_58_60 of type Valve has 0 equations.
2026-04-25 14:57:44,081 - DEBUG - component - The component: valve_5_6 of type Valve has 0 equations.
2026-04-25 14:57:44,109 - DEBUG - network - ------presolve_batch: 1------
2026-04-25 14:57:44,109 - DEBUG - network - Has pre_solved equation: <component parameter>: T_out1 of BoilerSimple: boiler
2026-04-25 14:57:44,109 - DEBUG - network - Has pre_solved equation: <component constraint>: mass_flow_constraints of Splitter: boiler_splitter
2026-04-25 14:57:44,109 - DEBUG - network - Has pre_solved equation: <component parameter>: subcooling of Condenser: condenser
2026-04-25 14:57:44,109 - DEBUG - network - Has pre_solved equation: <component constraint>: saturated_liquid_constraints of Deaerator: deaerator
2026-04-25 14:57:44,109 - DEBUG - network - Has pre_solved equation: <component parameter>: saturated_cooling of ExtractHeatExchanger: heatexchanger_b
2026-04-25 14:57:44,109 - DEBUG - network - Has pre_solved equation: <component parameter>: saturated_cooling of ExtractHeatExchanger: heatexchanger_c
2026-04-25 14:57:44,109 - DEBUG - network - Has pre_solved equation: <component parameter>: DTNS of OverHeater: heatexchanger_d
2026-04-25 14:57:44,109 - DEBUG - network - Has pre_solved equation: <component parameter>: saturated_cooling of ExtractHeatExchanger: heatexchanger_e
2026-04-25 14:57:44,109 - DEBUG - network - Has pre_solved equation: <component parameter>: saturated_cooling of ExtractHeatExchanger: heatexchanger_g
2026-04-25 14:57:44,109 - DEBUG - network - Has pre_solved equation: <component parameter>: saturated_cooling of ExtractHeatExchanger: heatexchanger_i
2026-04-25 14:57:44,109 - DEBUG - network - Has pre_solved equation: <component parameter>: saturated_cooling of ExtractHeatExchanger: heatexchanger_k
2026-04-25 14:57:44,109 - DEBUG - network - Has pre_solved equation: <component constraint>: mass_flow_constraints of Merge: merge_4_5_65
2026-04-25 14:57:44,110 - DEBUG - network - Has pre_solved equation: <component parameter>: eta_s of Pump: recycle_pump
2026-04-25 14:57:44,110 - DEBUG - network - Has pre_solved equation: <component constraint>: mass_flow_constraints of Splitter: turbine1_splitter
2026-04-25 14:57:44,110 - DEBUG - network - ------presolve_batch: 2------
2026-04-25 14:57:44,110 - DEBUG - network - Has pre_solved equation: <component parameter>: T_out2 of BoilerSimple: boiler
2026-04-25 14:57:44,110 - DEBUG - network - Has pre_solved equation: <component parameter>: eta_s of Pump: condense_pump
2026-04-25 14:57:44,110 - DEBUG - network - Has pre_solved equation: <component parameter>: DTU_sh of Condenser: condenser
2026-04-25 14:57:44,110 - DEBUG - network - Has pre_solved equation: <component constraint>: saturated_vapour_constraints of Deaerator: deaerator
2026-04-25 14:57:44,110 - DEBUG - network - Has pre_solved equation: <component parameter>: DTL of HeatExchanger: heatexchanger_a
2026-04-25 14:57:44,110 - DEBUG - network - Has pre_solved equation: <component parameter>: DTU_sh of ExtractHeatExchanger: heatexchanger_b
2026-04-25 14:57:44,110 - DEBUG - network - Has pre_solved equation: <component parameter>: DTU_sh of ExtractHeatExchanger: heatexchanger_c
2026-04-25 14:57:44,110 - DEBUG - network - Has pre_solved equation: <component parameter>: DTU_sh of ExtractHeatExchanger: heatexchanger_e
2026-04-25 14:57:44,110 - DEBUG - network - Has pre_solved equation: <component parameter>: DTU_sh of ExtractHeatExchanger: heatexchanger_g
2026-04-25 14:57:44,110 - DEBUG - network - Has pre_solved equation: <component parameter>: DTU_sh of ExtractHeatExchanger: heatexchanger_i
2026-04-25 14:57:44,110 - DEBUG - network - Has pre_solved equation: <component parameter>: DTU_sh of ExtractHeatExchanger: heatexchanger_k
2026-04-25 14:57:44,111 - DEBUG - network - Has pre_solved equation: <component parameter>: eta_s of Turbine: turbine1
2026-04-25 14:57:44,111 - DEBUG - network - ------presolve_batch: 3------
2026-04-25 14:57:44,111 - DEBUG - network - Has pre_solved equation: <component parameter>: DTL of HeatExchanger: heatexchanger_f
2026-04-25 14:57:44,111 - DEBUG - network - Has pre_solved equation: <component parameter>: DTL of HeatExchanger: heatexchanger_h
2026-04-25 14:57:44,111 - DEBUG - network - Has pre_solved equation: <component parameter>: DTL of HeatExchanger: heatexchanger_j
2026-04-25 14:57:44,111 - DEBUG - network - Has pre_solved equation: <component constraint>: energy_balance_constraints of Merge: merge_4_5_65
2026-04-25 14:57:44,111 - DEBUG - network - Has pre_solved equation: <component parameter>: eta_s of Turbine: turbine2
2026-04-25 14:57:44,112 - DEBUG - network - Has pre_solved equation: <component parameter>: eta_s of Turbine: turbine3
2026-04-25 14:57:44,112 - DEBUG - network - Has pre_solved equation: <component parameter>: eta_s of Turbine: turbine4
2026-04-25 14:57:44,112 - DEBUG - network - Has pre_solved equation: <component parameter>: eta_s of Turbine: turbine5
2026-04-25 14:57:44,112 - DEBUG - network - Has pre_solved equation: <component parameter>: eta_s of Turbine: turbine6
2026-04-25 14:57:44,112 - DEBUG - network - Has pre_solved equation: <component parameter>: eta_s of Turbine: turbine7
2026-04-25 14:57:44,112 - DEBUG - network - ------presolve_batch: 4------
2026-04-25 14:57:44,112 - DEBUG - network - Has removed 36 pre_solved equations totally.
2026-04-25 14:57:44,112 - DEBUG - component - The component: boiler of type BoilerSimple has 0 variables.
2026-04-25 14:57:44,112 - DEBUG - component - The component: boiler_splitter of type Splitter has 0 variables.
2026-04-25 14:57:44,112 - DEBUG - component - The component: condense_merge of type Merge has 0 variables.
2026-04-25 14:57:44,112 - DEBUG - component - The component: condense_pump of type Pump has 0 variables.
2026-04-25 14:57:44,112 - DEBUG - component - The component: condenser of type Condenser has 0 variables.
2026-04-25 14:57:44,112 - DEBUG - component - The component: cooling_water_sink of type Sink has 0 variables.
2026-04-25 14:57:44,113 - DEBUG - component - The component: cooling_water_source of type Source has 0 variables.
2026-04-25 14:57:44,113 - DEBUG - component - The component: cycle_closer of type CycleCloser has 0 variables.
2026-04-25 14:57:44,113 - DEBUG - component - The component: deaerator of type Deaerator has 0 variables.
2026-04-25 14:57:44,113 - DEBUG - component - The component: deaerator_merge of type Merge has 0 variables.
2026-04-25 14:57:44,113 - DEBUG - component - The component: deaerator_sink of type Sink has 0 variables.
2026-04-25 14:57:44,113 - DEBUG - component - The component: heater_b_merge of type Merge has 0 variables.
2026-04-25 14:57:44,113 - DEBUG - component - The component: heater_g_merge of type Merge has 0 variables.
2026-04-25 14:57:44,113 - DEBUG - component - The component: heater_i_merge of type Merge has 0 variables.
2026-04-25 14:57:44,113 - DEBUG - component - The component: heatexchanger_a of type HeatExchanger has 0 variables.
2026-04-25 14:57:44,113 - DEBUG - component - The component: heatexchanger_b of type ExtractHeatExchanger has 0 variables.
2026-04-25 14:57:44,113 - DEBUG - component - The component: heatexchanger_c of type ExtractHeatExchanger has 0 variables.
2026-04-25 14:57:44,113 - DEBUG - component - The component: heatexchanger_d of type OverHeater has 0 variables.
2026-04-25 14:57:44,113 - DEBUG - component - The component: heatexchanger_e of type ExtractHeatExchanger has 0 variables.
2026-04-25 14:57:44,113 - DEBUG - component - The component: heatexchanger_f of type HeatExchanger has 0 variables.
2026-04-25 14:57:44,113 - DEBUG - component - The component: heatexchanger_g of type ExtractHeatExchanger has 0 variables.
2026-04-25 14:57:44,113 - DEBUG - component - The component: heatexchanger_h of type HeatExchanger has 0 variables.
2026-04-25 14:57:44,113 - DEBUG - component - The component: heatexchanger_i of type ExtractHeatExchanger has 0 variables.
2026-04-25 14:57:44,113 - DEBUG - component - The component: heatexchanger_j of type HeatExchanger has 0 variables.
2026-04-25 14:57:44,113 - DEBUG - component - The component: heatexchanger_k of type ExtractHeatExchanger has 0 variables.
2026-04-25 14:57:44,113 - DEBUG - component - The component: merge_25_26_24 of type Merge has 0 variables.
2026-04-25 14:57:44,113 - DEBUG - component - The component: merge_39_40_28 of type Merge has 0 variables.
2026-04-25 14:57:44,113 - DEBUG - component - The component: merge_47_65_40 of type Merge has 0 variables.
2026-04-25 14:57:44,113 - DEBUG - component - The component: merge_4_5_65 of type Merge has 0 variables.
2026-04-25 14:57:44,113 - DEBUG - component - The component: recycle_pump of type Pump has 0 variables.
2026-04-25 14:57:44,113 - DEBUG - component - The component: split_12_48_49 of type Splitter has 0 variables.
2026-04-25 14:57:44,113 - DEBUG - component - The component: split_16_38_39 of type Splitter has 0 variables.
2026-04-25 14:57:44,113 - DEBUG - component - The component: split_8_61_64 of type Splitter has 0 variables.
2026-04-25 14:57:44,113 - DEBUG - component - The component: turbine1 of type Turbine has 0 variables.
2026-04-25 14:57:44,113 - DEBUG - component - The component: turbine1_splitter of type Splitter has 0 variables.
2026-04-25 14:57:44,113 - DEBUG - component - The component: turbine2 of type Turbine has 0 variables.
2026-04-25 14:57:44,113 - DEBUG - component - The component: turbine2_splitter of type Splitter has 0 variables.
2026-04-25 14:57:44,113 - DEBUG - component - The component: turbine3 of type Turbine has 0 variables.
2026-04-25 14:57:44,113 - DEBUG - component - The component: turbine3_splitter of type Splitter has 0 variables.
2026-04-25 14:57:44,113 - DEBUG - component - The component: turbine4 of type Turbine has 0 variables.
2026-04-25 14:57:44,113 - DEBUG - component - The component: turbine4_splitter of type Splitter has 0 variables.
2026-04-25 14:57:44,113 - DEBUG - component - The component: turbine5 of type Turbine has 0 variables.
2026-04-25 14:57:44,113 - DEBUG - component - The component: turbine5_splitter of type Splitter has 0 variables.
2026-04-25 14:57:44,113 - DEBUG - component - The component: turbine6 of type Turbine has 0 variables.
2026-04-25 14:57:44,114 - DEBUG - component - The component: turbine6_splitter of type Splitter has 0 variables.
2026-04-25 14:57:44,114 - DEBUG - component - The component: turbine7 of type Turbine has 0 variables.
2026-04-25 14:57:44,114 - DEBUG - component - The component: valve_25_30 of type Valve has 0 variables.
2026-04-25 14:57:44,114 - DEBUG - component - The component: valve_26_27 of type Valve has 0 variables.
2026-04-25 14:57:44,114 - DEBUG - component - The component: valve_34_35 of type Valve has 0 variables.
2026-04-25 14:57:44,114 - DEBUG - component - The component: valve_3_4 of type Valve has 0 variables.
2026-04-25 14:57:44,114 - DEBUG - component - The component: valve_42_43 of type Valve has 0 variables.
2026-04-25 14:57:44,114 - DEBUG - component - The component: valve_47_48 of type Valve has 0 variables.
2026-04-25 14:57:44,114 - DEBUG - component - The component: valve_49_50 of type Valve has 0 variables.
2026-04-25 14:57:44,114 - DEBUG - component - The component: valve_51_53 of type Valve has 0 variables.
2026-04-25 14:57:44,114 - DEBUG - component - The component: valve_58_60 of type Valve has 0 variables.
2026-04-25 14:57:44,114 - DEBUG - component - The component: valve_5_6 of type Valve has 0 variables.
2026-04-25 14:57:44,186 - INFO - network - ########----Network initialised----########
2026-04-25 14:57:44,186 - DEBUG - network - ------Equation Summarization------
2026-04-25 14:57:44,186 - DEBUG - network - Total number of equations: 38
2026-04-25 14:57:44,186 - DEBUG - network - Number of connection equations: 0.
2026-04-25 14:57:44,186 - DEBUG - network - Number of component equations: 74.
2026-04-25 14:57:44,186 - DEBUG - network - Number of bus equations: 0.
2026-04-25 14:57:44,186 - DEBUG - network - Number of user defined equations: 0.
2026-04-25 14:57:44,186 - DEBUG - network - Number of presolved equations: 36.
2026-04-25 14:57:44,186 - DEBUG - network - ------Variable Summarization------
2026-04-25 14:57:44,186 - DEBUG - network - Total number of variables: 38.
2026-04-25 14:57:44,186 - DEBUG - network - Number of component variables: 0.
2026-04-25 14:57:44,186 - DEBUG - network - Number of connection variables: 38.
2026-04-25 14:57:44,186 - DEBUG - network - Number of mass flow variables: 25.
2026-04-25 14:57:44,186 - DEBUG - network - Number of pressure variables: 0.
2026-04-25 14:57:44,187 - DEBUG - network - Number of enthalpy variables: 13.
2026-04-25 14:57:44,187 - DEBUG - network - ------Fluid Module Summarization------
2026-04-25 14:57:44,187 - DEBUG - network - Number of fluid composition equations: 0.
2026-04-25 14:57:44,187 - DEBUG - network - Number of fluid variables: 0.
2026-04-25 14:57:44,213 - DEBUG - network - 
##### VARIABLES #####
+----+--------------------------------------------------------+-------------+-------------+---------+-----------+
|    | label                                                  |   min value |   max value | unit    |     scale |
|----+--------------------------------------------------------+-------------+-------------+---------+-----------|
|  0 | <mass flow objective> of connection: c1                |   1.000e-05 |   1.000e+12 | kg / s  | 1.000e+00 |
|  1 | <mass flow objective> of connection: c10               |   1.000e-05 |   1.000e+12 | kg / s  | 1.000e+00 |
|  2 | <mass flow objective> of connection: c11               |   1.000e-05 |   1.000e+12 | kg / s  | 1.000e+00 |
|  3 | <mass flow objective> of connection: c12               |   1.000e-05 |   1.000e+12 | kg / s  | 1.000e+00 |
|  4 | <mass flow objective> of connection: c13               |   1.000e-05 |   1.000e+12 | kg / s  | 1.000e+00 |
|  5 | <mass flow objective> of connection: c14               |   1.000e-05 |   1.000e+12 | kg / s  | 1.000e+00 |
|  6 | <mass flow objective> of connection: c15               |   1.000e-05 |   1.000e+12 | kg / s  | 1.000e+00 |
|  7 | <mass flow objective> of connection: c16               |   1.000e-05 |   1.000e+12 | kg / s  | 1.000e+00 |
|  8 | <mass flow objective> of connection: c17               |   1.000e-05 |   1.000e+12 | kg / s  | 1.000e+00 |
|  9 | <mass flow objective> of connection: c18               |   1.000e-05 |   1.000e+12 | kg / s  | 1.000e+00 |
| 10 | <mass flow objective> of connection: c20               |   1.000e-05 |   1.000e+12 | kg / s  | 1.000e+00 |
| 11 | <mass flow objective> of connection: c22               |   1.000e-05 |   1.000e+12 | kg / s  | 1.000e+00 |
| 12 | <mass flow objective> of connection: c24               |   1.000e-05 |   1.000e+12 | kg / s  | 1.000e+00 |
| 13 | <mass flow objective> of connection: c25               |   1.000e-05 |   1.000e+12 | kg / s  | 1.000e+00 |
| 14 | <mass flow objective> of connection: c26               |   1.000e-05 |   1.000e+12 | kg / s  | 1.000e+00 |
| 15 | <mass flow objective> of connection: c34               |   1.000e-05 |   1.000e+12 | kg / s  | 1.000e+00 |
| 16 | <mass flow objective> of connection: c38               |   1.000e-05 |   1.000e+12 | kg / s  | 1.000e+00 |
| 17 | <mass flow objective> of connection: c39               |   1.000e-05 |   1.000e+12 | kg / s  | 1.000e+00 |
| 18 | <mass flow objective> of connection: c40               |   1.000e-05 |   1.000e+12 | kg / s  | 1.000e+00 |
| 19 | <mass flow objective> of connection: c49               |   1.000e-05 |   1.000e+12 | kg / s  | 1.000e+00 |
| 20 | <mass flow objective> of connection: c51               |   1.000e-05 |   1.000e+12 | kg / s  | 1.000e+00 |
| 21 | <mass flow objective> of connection: c58               |   1.000e-05 |   1.000e+12 | kg / s  | 1.000e+00 |
| 22 | <mass flow objective> of connection: c9                |   1.000e-05 |   1.000e+12 | kg / s  | 1.000e+00 |
| 23 | <mass flow objective> of connection: d65               |   1.000e-05 |   1.000e+12 | kg / s  | 1.000e+00 |
| 24 | <mass flow objective> of connection: deaerator_cold_in |   1.000e-05 |   1.000e+12 | kg / s  | 1.000e+00 |
| 25 | <enthalpy objective> of connection: c24                |   1.573e+01 |   6.529e+03 | kJ / kg | 1.000e+05 |
| 26 | <enthalpy objective> of connection: c28                |   1.585e+01 |   6.529e+03 | kJ / kg | 1.000e+05 |
| 27 | <enthalpy objective> of connection: c32                |   1.612e+01 |   6.529e+03 | kJ / kg | 1.000e+05 |
| 28 | <enthalpy objective> of connection: c37                |   1.611e+01 |   6.529e+03 | kJ / kg | 1.000e+05 |
| 29 | <enthalpy objective> of connection: c40                |   1.585e+01 |   6.529e+03 | kJ / kg | 1.000e+05 |
| 30 | <enthalpy objective> of connection: c45                |   1.610e+01 |   6.529e+03 | kJ / kg | 1.000e+05 |
| 31 | <enthalpy objective> of connection: c56                |   3.481e+01 |   6.517e+03 | kJ / kg | 1.000e+05 |
| 32 | <enthalpy objective> of connection: c63                |   3.480e+01 |   6.517e+03 | kJ / kg | 1.000e+05 |
| 33 | <enthalpy objective> of connection: condenser_hot_in   |   1.573e+01 |   6.529e+03 | kJ / kg | 1.000e+05 |
| 34 | <enthalpy objective> of connection: deaerator_cold_in  |   1.609e+01 |   6.529e+03 | kJ / kg | 1.000e+05 |
| 35 | <enthalpy objective> of connection: heater_b_hot_in    |   1.787e+01 |   6.528e+03 | kJ / kg | 1.000e+05 |
| 36 | <enthalpy objective> of connection: heater_g_hot_in    |   1.585e+01 |   6.529e+03 | kJ / kg | 1.000e+05 |
| 37 | <enthalpy objective> of connection: heater_i_hot_in    |   1.575e+01 |   6.529e+03 | kJ / kg | 1.000e+05 |
+----+--------------------------------------------------------+-------------+-------------+---------+-----------+
##### EQUATIONS #####
+----+---------------------------------------------------------------------------------------------+-----------+
|    | label                                                                                       |     scale |
|----+---------------------------------------------------------------------------------------------+-----------|
|  0 | <component constraint>: mass_flow_constraints of Merge: condense_merge                      | 1.000e+00 |
|  1 | <component constraint>: energy_balance_constraints of Merge: condense_merge                 | 1.000e+05 |
|  2 | <component constraint>: energy_balance_constraints of Condenser: condenser                  | 1.000e+05 |
|  3 | <component constraint>: mass_flow_constraints of Deaerator: deaerator                       | 1.000e+00 |
|  4 | <component constraint>: energy_balance_constraints of Deaerator: deaerator                  | 1.000e+05 |
|  5 | <component constraint>: mass_flow_constraints of Merge: deaerator_merge                     | 1.000e+00 |
|  6 | <component constraint>: energy_balance_constraints of Merge: deaerator_merge                | 1.000e+05 |
|  7 | <component constraint>: mass_flow_constraints of Merge: heater_b_merge                      | 1.000e+00 |
|  8 | <component constraint>: energy_balance_constraints of Merge: heater_b_merge                 | 1.000e+05 |
|  9 | <component constraint>: mass_flow_constraints of Merge: heater_g_merge                      | 1.000e+00 |
| 10 | <component constraint>: energy_balance_constraints of Merge: heater_g_merge                 | 1.000e+05 |
| 11 | <component constraint>: mass_flow_constraints of Merge: heater_i_merge                      | 1.000e+00 |
| 12 | <component constraint>: energy_balance_constraints of Merge: heater_i_merge                 | 1.000e+05 |
| 13 | <component constraint>: energy_balance_constraints of HeatExchanger: heatexchanger_a        | 1.000e+05 |
| 14 | <component constraint>: energy_balance_constraints of ExtractHeatExchanger: heatexchanger_b | 1.000e+05 |
| 15 | <component constraint>: energy_balance_constraints of ExtractHeatExchanger: heatexchanger_c | 1.000e+05 |
| 16 | <component constraint>: energy_balance_constraints of OverHeater: heatexchanger_d           | 1.000e+05 |
| 17 | <component constraint>: energy_balance_constraints of ExtractHeatExchanger: heatexchanger_e | 1.000e+05 |
| 18 | <component constraint>: energy_balance_constraints of HeatExchanger: heatexchanger_f        | 1.000e+05 |
| 19 | <component constraint>: energy_balance_constraints of ExtractHeatExchanger: heatexchanger_g | 1.000e+05 |
| 20 | <component constraint>: energy_balance_constraints of HeatExchanger: heatexchanger_h        | 1.000e+05 |
| 21 | <component constraint>: energy_balance_constraints of ExtractHeatExchanger: heatexchanger_i | 1.000e+05 |
| 22 | <component constraint>: energy_balance_constraints of HeatExchanger: heatexchanger_j        | 1.000e+05 |
| 23 | <component constraint>: energy_balance_constraints of ExtractHeatExchanger: heatexchanger_k | 1.000e+05 |
| 24 | <component constraint>: mass_flow_constraints of Merge: merge_25_26_24                      | 1.000e+00 |
| 25 | <component constraint>: energy_balance_constraints of Merge: merge_25_26_24                 | 1.000e+05 |
| 26 | <component constraint>: mass_flow_constraints of Merge: merge_39_40_28                      | 1.000e+00 |
| 27 | <component constraint>: energy_balance_constraints of Merge: merge_39_40_28                 | 1.000e+05 |
| 28 | <component constraint>: mass_flow_constraints of Merge: merge_47_65_40                      | 1.000e+00 |
| 29 | <component constraint>: energy_balance_constraints of Merge: merge_47_65_40                 | 1.000e+05 |
| 30 | <component constraint>: mass_flow_constraints of Splitter: split_12_48_49                   | 1.000e+00 |
| 31 | <component constraint>: mass_flow_constraints of Splitter: split_16_38_39                   | 1.000e+00 |
| 32 | <component constraint>: mass_flow_constraints of Splitter: split_8_61_64                    | 1.000e+00 |
| 33 | <component constraint>: mass_flow_constraints of Splitter: turbine2_splitter                | 1.000e+00 |
| 34 | <component constraint>: mass_flow_constraints of Splitter: turbine3_splitter                | 1.000e+00 |
| 35 | <component constraint>: mass_flow_constraints of Splitter: turbine4_splitter                | 1.000e+00 |
| 36 | <component constraint>: mass_flow_constraints of Splitter: turbine5_splitter                | 1.000e+00 |
| 37 | <component constraint>: mass_flow_constraints of Splitter: turbine6_splitter                | 1.000e+00 |
+----+---------------------------------------------------------------------------------------------+-----------+
##### FLUID VARIABLES #####
+---------+---------------------+
| label   | fluid composition   |
|---------+---------------------|
+---------+---------------------+
##### FLUID EQUATIONS #####
+---------+---------------------+
| label   | fluid composition   |
|---------+---------------------|
+---------+---------------------+
2026-04-25 14:57:44,218 - DEBUG - network - 
##### TEMPERATURE BOUNDS #####
+-------------------+-------------+-------------+--------+
|                   |   min value |   max value | unit   |
|-------------------+-------------+-------------+--------|
| c24               |   2.742e+00 |   1.707e+03 | C      |
| c28               |   2.742e+00 |   1.707e+03 | C      |
| c32               |   2.742e+00 |   1.707e+03 | C      |
| c37               |   2.742e+00 |   1.707e+03 | C      |
| c40               |   2.742e+00 |   1.707e+03 | C      |
| c45               |   2.742e+00 |   1.707e+03 | C      |
| c56               |   2.742e+00 |   1.707e+03 | C      |
| c63               |   2.742e+00 |   1.707e+03 | C      |
| condenser_hot_in  |   2.742e+00 |   1.707e+03 | C      |
| deaerator_cold_in |   2.742e+00 |   1.707e+03 | C      |
| heater_b_hot_in   |   2.742e+00 |   1.707e+03 | C      |
| heater_g_hot_in   |   2.742e+00 |   1.707e+03 | C      |
| heater_i_hot_in   |   2.742e+00 |   1.707e+03 | C      |
+-------------------+-------------+-------------+--------+
2026-04-25 14:57:44,220 - DEBUG - network - has no linear dependence in network topology
2026-04-25 14:57:44,220 - INFO - network - Starting solver.
2026-04-25 14:57:44,222 - PROGRESS - network -  iter  | residual   | progress   | massflow   | pressure   | enthalpy   | voltage    | electricity | frequency  | fluid      | component  
2026-04-25 14:57:44,222 - PROGRESS - network - -------+------------+------------+------------+------------+------------+------------+------------+------------+------------+------------
2026-04-25 14:57:44,232 - DEBUG - network - matrix value: 1.8125454645080112e+39
2026-04-25 14:57:44,236 - DEBUG - network - 
##### VARIABLES BOUNDS #####
+-----------+-----------------------+--------+------------+-------------+-------------+---------+
|           | label                 | type   |      value |   min value |   max value | unit    |
+===========+=======================+========+============+=============+=============+=========+
| bounds_27 | <enthalpy objective>  | below  | -2.298e+02 |   1.612e+01 |         nan | kJ / kg |
|           | of connection: c32    |        |            |             |             |         |
+-----------+-----------------------+--------+------------+-------------+-------------+---------+
| bounds_28 | <enthalpy objective>  | below  | -1.100e+02 |   1.611e+01 |         nan | kJ / kg |
|           | of connection: c37    |        |            |             |             |         |
+-----------+-----------------------+--------+------------+-------------+-------------+---------+
2026-04-25 14:57:44,236 - PROGRESS - network -  1     | 4.27e+04   | 15 %       | 1.32e+04   | 0.00e+00   | 5.97e+01   | 0.00e+00   | 0.00e+00   | 0.00e+00   | 0.00e+00   | 0.00e+00   
2026-04-25 14:57:44,236 - DEBUG - network - matrix value: 2.3428816396101673e+34
2026-04-25 14:57:44,238 - PROGRESS - network -  2     | 2.11e+04   | 18 %       | 1.24e-11   | 0.00e+00   | 3.83e+01   | 0.00e+00   | 0.00e+00   | 0.00e+00   | 0.00e+00   | 0.00e+00   
2026-04-25 14:57:44,238 - DEBUG - network - matrix value: 2.3428816396445608e+34
2026-04-25 14:57:44,240 - PROGRESS - network -  3     | 1.71e-11   | 100 %      | 1.00e-11   | 0.00e+00   | 3.79e-10   | 0.00e+00   | 0.00e+00   | 0.00e+00   | 0.00e+00   | 0.00e+00   
2026-04-25 14:57:44,240 - DEBUG - network - has found the solution in 0th iteration
2026-04-25 14:57:44,240 - PROGRESS - network - -------+------------+------------+------------+------------+------------+------------+------------+------------+------------+------------
2026-04-25 14:57:44,240 - DEBUG - network - Total iterations: 3, Calculation time: 0.02 s, Iterations per second: 166.72
2026-04-25 14:57:45,395 - INFO - network - Postprocessing complete.
2026-04-25 14:57:45,395 - INFO - network - Calculation complete.
2026-04-25 14:57:45,396 - WARNING - warnings - FutureWarning: Setting an item of incompatible dtype is deprecated and will raise an error in a future version of pandas. Value '[94m 530.0000000000001 [0m' has dtype incompatible with float64, please explicitly cast to a compatible dtype first.
2026-04-25 14:57:45,396 - WARNING - warnings - FutureWarning: Setting an item of incompatible dtype is deprecated and will raise an error in a future version of pandas. Value '[94m 529.9999999986522 [0m' has dtype incompatible with float64, please explicitly cast to a compatible dtype first.
2026-04-25 14:57:45,397 - WARNING - warnings - FutureWarning: Setting an item of incompatible dtype is deprecated and will raise an error in a future version of pandas. Value '[94m 0.7999999999999765 [0m' has dtype incompatible with float64, please explicitly cast to a compatible dtype first.
2026-04-25 14:57:45,399 - WARNING - warnings - FutureWarning: Setting an item of incompatible dtype is deprecated and will raise an error in a future version of pandas. Value '[94m 4.999999999692875 [0m' has dtype incompatible with float64, please explicitly cast to a compatible dtype first.
2026-04-25 14:57:45,402 - WARNING - warnings - FutureWarning: Setting an item of incompatible dtype is deprecated and will raise an error in a future version of pandas. Value '[94m 5.00000000000108 [0m' has dtype incompatible with float64, please explicitly cast to a compatible dtype first.
2026-04-25 14:57:45,408 - WARNING - warnings - FutureWarning: Setting an item of incompatible dtype is deprecated and will raise an error in a future version of pandas. Value '[94m 5.000000000085208 [0m' has dtype incompatible with float64, please explicitly cast to a compatible dtype first.
2026-04-25 14:57:45,415 - WARNING - warnings - FutureWarning: Setting an item of incompatible dtype is deprecated and will raise an error in a future version of pandas. Value '[94m 100.00000000000006 [0m' has dtype incompatible with float64, please explicitly cast to a compatible dtype first.
2026-04-25 14:57:45,416 - WARNING - warnings - FutureWarning: Setting an item of incompatible dtype is deprecated and will raise an error in a future version of pandas. Value '[94m 0.88 [0m' has dtype incompatible with float64, please explicitly cast to a compatible dtype first.
2026-04-25 14:57:45,498 - RESULT - network - 
##### RESULTS (BoilerSimple) #####
+--------+-----------+----------+----------+---------------+----------+------------+----------+------------+----------+---------------+----------+------------+----------+------------+
|        |         Q | Q_unit   |   T_out1 | T_out1_unit   |      pr1 | pr1_unit   |      dp1 | dp1_unit   |   T_out2 | T_out2_unit   |      pr2 | pr2_unit   |      dp2 | dp2_unit   |
|--------+-----------+----------+----------+---------------+----------+------------+----------+------------+----------+---------------+----------+------------+----------+------------|
| boiler | -1.59e+09 | W        | 5.30e+02 | C             | 9.22e-01 | -          | 3.20e+00 | bar        | 5.30e+02 | C             | 9.90e-01 | -          | 2.00e+00 | bar        |
+--------+-----------+----------+----------+---------------+----------+------------+----------+------------+----------+---------------+----------+------------+----------+------------+
##### RESULTS (Pump) #####
+---------------+----------+----------+----------+-----------+-----------+-----------+----------+--------------+
|               |        P | P_unit   |       pr | pr_unit   |        dp | dp_unit   |    eta_s | eta_s_unit   |
|---------------+----------+----------+----------+-----------+-----------+-----------+----------+--------------|
| condense_pump | 2.33e+05 | W        | 6.90e+01 | -         | -3.94e+00 | bar       | 8.00e-01 | -            |
| recycle_pump  | 1.48e+07 | W        | 5.29e+01 | -         | -1.90e+02 | bar       | 8.00e-01 | -            |
+---------------+----------+----------+----------+-----------+-----------+-----------+----------+--------------+
##### RESULTS (Condenser) #####
+-----------+-----------+----------+----------+-----------+----------+-------------+-------+------------+----------+---------------+----------+------------+----------+------------+-----------+----------------+----------+------------+----------+------------+----------+------------+----------+------------+----------+------------+----------+------------+----------+-----------+----------+-------------+----------+-------------+----------+----------------+----------+----------------+------------+-----------------+-----------+----------------+-----------+----------------+----------+---------------+-------------------+------------------------+
|           |         Q | Q_unit   |       kA | kA_unit   |     KDTA | KDTA_unit   |   DTM | DTM_unit   |   DT_log | DT_log_unit   |      DTU | DTU_unit   |      DTL | DTL_unit   |   DTN_min | DTN_min_unit   |      pr1 | pr1_unit   |      pr2 | pr2_unit   |      dp1 | dp1_unit   |      dp2 | dp2_unit   |      hf1 | hf1_unit   |      hf2 | hf2_unit   |       fA | fA_unit   |     exm1 | exm1_unit   |     exm2 | exm2_unit   |    zeta1 | zeta1_unit     |    zeta2 | zeta2_unit     |   eff_cold | eff_cold_unit   |   eff_hot | eff_hot_unit   |   eff_max | eff_max_unit   |   DTU_sh | DTU_sh_unit   |   supercooling_dT | supercooling_dT_unit   |
|-----------+-----------+----------+----------+-----------+----------+-------------+-------+------------+----------+---------------+----------+------------+----------+------------+-----------+----------------+----------+------------+----------+------------+----------+------------+----------+------------+----------+------------+----------+------------+----------+-----------+----------+-------------+----------+-------------+----------+----------------+----------+----------------+------------+-----------------+-----------+----------------+-----------+----------------+----------+---------------+-------------------+------------------------|
| condenser | -8.55e+08 | W        | 7.78e+07 | W/K       | 7.77e+07 | W/K         |   nan | C          | 1.10e+01 | C             | 5.00e+00 | C          | 2.05e+01 | C          |  5.00e+00 | C              | 1.00e+00 | -          | 9.83e-01 | -          | 0.00e+00 | bar        | 5.00e-02 | bar        | 5.00e+01 | W/m^2*K    | 5.00e+02 | W/m^2*K    | 1.55e+05 | m^2       | 6.10e-01 | -           | 7.84e-01 | -           | 0.00e+00 | (Pa*s)/(m^3*s) | 3.55e-02 | (Pa*s)/(m^3*s) |   7.57e-01 | -               |  9.55e-01 | -              |  9.55e-01 | -              | 5.00e+00 | C             |          0.00e+00 | C                      |
+-----------+-----------+----------+----------+-----------+----------+-------------+-------+------------+----------+---------------+----------+------------+----------+------------+-----------+----------------+----------+------------+----------+------------+----------+------------+----------+------------+----------+------------+----------+------------+----------+-----------+----------+-------------+----------+-------------+----------+----------------+----------+----------------+------------+-----------------+-----------+----------------+-----------+----------------+----------+---------------+-------------------+------------------------+
##### RESULTS (CycleCloser) #####
+--------------+------------------+-----------------------+-------------------+------------------------+
|              |   mass_deviation | mass_deviation_unit   |   fluid_deviation | fluid_deviation_unit   |
|--------------+------------------+-----------------------+-------------------+------------------------|
| cycle_closer |         1.38e-15 | kg / s                |          0.00e+00 | -                      |
+--------------+------------------+-----------------------+-------------------+------------------------+
##### RESULTS (Deaerator) #####
+-----------+-----------+----------+----------+------------+----------+------------+----------+------------+----------+------------+----------+----------------+----------+----------------+
|           |         Q | Q_unit   |      pr1 | pr1_unit   |      pr2 | pr2_unit   |      dp1 | dp1_unit   |      dp2 | dp2_unit   |    zeta1 | zeta1_unit     |    zeta2 | zeta2_unit     |
|-----------+-----------+----------+----------+------------+----------+------------+----------+------------+----------+------------+----------+----------------+----------+----------------|
| deaerator | -1.34e+06 | W        | 1.00e+00 | -          | 1.00e+00 | -          | 0.00e+00 | bar        | 0.00e+00 | bar        | 0.00e+00 | (Pa*s)/(m^3*s) | 0.00e+00 | (Pa*s)/(m^3*s) |
+-----------+-----------+----------+----------+------------+----------+------------+----------+------------+----------+------------+----------+----------------+----------+----------------+
##### RESULTS (HeatExchanger) #####
+-----------------+-----------+----------+----------+-----------+----------+-------------+-------+------------+----------+---------------+----------+------------+----------+------------+-----------+----------------+----------+------------+----------+------------+----------+------------+----------+------------+----------+------------+----------+------------+----------+-----------+----------+-------------+----------+-------------+----------+----------------+----------+----------------+------------+-----------------+-----------+----------------+-----------+----------------+
|                 |         Q | Q_unit   |       kA | kA_unit   |     KDTA | KDTA_unit   |   DTM | DTM_unit   |   DT_log | DT_log_unit   |      DTU | DTU_unit   |      DTL | DTL_unit   |   DTN_min | DTN_min_unit   |      pr1 | pr1_unit   |      pr2 | pr2_unit   |      dp1 | dp1_unit   |      dp2 | dp2_unit   |      hf1 | hf1_unit   |      hf2 | hf2_unit   |       fA | fA_unit   |     exm1 | exm1_unit   |     exm2 | exm2_unit   |    zeta1 | zeta1_unit     |    zeta2 | zeta2_unit     |   eff_cold | eff_cold_unit   |   eff_hot | eff_hot_unit   |   eff_max | eff_max_unit   |
|-----------------+-----------+----------+----------+-----------+----------+-------------+-------+------------+----------+---------------+----------+------------+----------+------------+-----------+----------------+----------+------------+----------+------------+----------+------------+----------+------------+----------+------------+----------+------------+----------+-----------+----------+-------------+----------+-------------+----------+----------------+----------+----------------+------------+-----------------+-----------+----------------+-----------+----------------|
| heatexchanger_a | -3.31e+07 | W        | 1.51e+06 | W/K       | 1.49e+06 | W/K         |   nan | C          | 2.19e+01 | C             | 5.92e+01 | C          | 5.00e+00 | C          |  5.00e+00 | C              | 1.00e+00 | -          | 1.00e+00 | -          | 0.00e+00 | bar        | 5.00e-02 | bar        | 5.00e+01 | W/m^2*K    | 5.00e+02 | W/m^2*K    | 3.27e+04 | m^2       | 6.10e-01 | -           | 7.84e-01 | -           | 0.00e+00 | (Pa*s)/(m^3*s) | 1.70e+01 | (Pa*s)/(m^3*s) |   1.81e-01 | -               |  9.33e-01 | -              |  9.33e-01 | -              |
| heatexchanger_f | -4.47e+06 | W        | 2.70e+05 | W/K       | 2.69e+05 | W/K         |   nan | C          | 1.66e+01 | C             | 3.90e+01 | C          | 5.00e+00 | C          |  5.00e+00 | C              | 1.00e+00 | -          | 9.87e-01 | -          | 0.00e+00 | bar        | 5.00e-02 | bar        | 5.00e+01 | W/m^2*K    | 5.00e+02 | W/m^2*K    | 5.92e+03 | m^2       | 6.10e-01 | -           | 7.84e-01 | -           | 0.00e+00 | (Pa*s)/(m^3*s) | 2.68e+01 | (Pa*s)/(m^3*s) |   4.12e-03 | -               |  8.80e-01 | -              |  8.80e-01 | -              |
| heatexchanger_h | -1.04e+07 | W        | 6.10e+05 | W/K       | 6.08e+05 | W/K         |   nan | C          | 1.71e+01 | C             | 4.11e+01 | C          | 5.00e+00 | C          |  5.00e+00 | C              | 1.00e+00 | -          | 9.87e-01 | -          | 0.00e+00 | bar        | 5.00e-02 | bar        | 5.00e+01 | W/m^2*K    | 5.00e+02 | W/m^2*K    | 1.34e+04 | m^2       | 6.10e-01 | -           | 7.84e-01 | -           | 0.00e+00 | (Pa*s)/(m^3*s) | 2.75e+01 | (Pa*s)/(m^3*s) |   1.14e-01 | -               |  8.93e-01 | -              |  8.93e-01 | -              |
| heatexchanger_j | -7.64e+06 | W        | 6.19e+05 | W/K       | 6.19e+05 | W/K         |   nan | C          | 1.23e+01 | C             | 2.47e+01 | C          | 5.00e+00 | C          |  5.00e+00 | C              | 1.00e+00 | -          | 9.87e-01 | -          | 0.00e+00 | bar        | 5.00e-02 | bar        | 5.00e+01 | W/m^2*K    | 5.00e+02 | W/m^2*K    | 1.36e+04 | m^2       | 6.10e-01 | -           | 7.84e-01 | -           | 0.00e+00 | (Pa*s)/(m^3*s) | 2.78e+01 | (Pa*s)/(m^3*s) |   1.36e-01 | -               |  8.25e-01 | -              |  8.25e-01 | -              |
+-----------------+-----------+----------+----------+-----------+----------+-------------+-------+------------+----------+---------------+----------+------------+----------+------------+-----------+----------------+----------+------------+----------+------------+----------+------------+----------+------------+----------+------------+----------+------------+----------+-----------+----------+-------------+----------+-------------+----------+----------------+----------+----------------+------------+-----------------+-----------+----------------+-----------+----------------+
##### RESULTS (ExtractHeatExchanger) #####
+-----------------+-----------+----------+----------+-----------+----------+-------------+-------+------------+----------+---------------+----------+------------+----------+------------+-----------+----------------+----------+------------+----------+------------+----------+------------+----------+------------+----------+------------+----------+------------+----------+-----------+----------+-------------+----------+-------------+----------+----------------+----------+----------------+------------+-----------------+-----------+----------------+-----------+----------------+----------+---------------+-------------------+------------------------+
|                 |         Q | Q_unit   |       kA | kA_unit   |     KDTA | KDTA_unit   |   DTM | DTM_unit   |   DT_log | DT_log_unit   |      DTU | DTU_unit   |      DTL | DTL_unit   |   DTN_min | DTN_min_unit   |      pr1 | pr1_unit   |      pr2 | pr2_unit   |      dp1 | dp1_unit   |      dp2 | dp2_unit   |      hf1 | hf1_unit   |      hf2 | hf2_unit   |       fA | fA_unit   |     exm1 | exm1_unit   |     exm2 | exm2_unit   |    zeta1 | zeta1_unit     |    zeta2 | zeta2_unit     |   eff_cold | eff_cold_unit   |   eff_hot | eff_hot_unit   |   eff_max | eff_max_unit   |   DTU_sh | DTU_sh_unit   |   supercooling_dT | supercooling_dT_unit   |
|-----------------+-----------+----------+----------+-----------+----------+-------------+-------+------------+----------+---------------+----------+------------+----------+------------+-----------+----------------+----------+------------+----------+------------+----------+------------+----------+------------+----------+------------+----------+------------+----------+-----------+----------+-------------+----------+-------------+----------+----------------+----------+----------------+------------+-----------------+-----------+----------------+-----------+----------------+----------+---------------+-------------------+------------------------|
| heatexchanger_b | -1.37e+08 | W        | 6.24e+06 | W/K       | 6.28e+06 | W/K         |   nan | C          | 2.19e+01 | C             | 5.00e+00 | C          | 5.92e+01 | C          |  5.00e+00 | C              | 1.00e+00 | -          | 1.00e+00 | -          | 0.00e+00 | bar        | 5.00e-02 | bar        | 5.00e+01 | W/m^2*K    | 5.00e+02 | W/m^2*K    | 1.38e+05 | m^2       | 6.10e-01 | -           | 7.84e-01 | -           | 0.00e+00 | (Pa*s)/(m^3*s) | 1.63e+01 | (Pa*s)/(m^3*s) |   9.14e-01 | -               |  8.25e-01 | -              |  9.14e-01 | -              | 5.00e+00 | C             |          0.00e+00 | C                      |
| heatexchanger_c | -9.53e+07 | W        | 1.89e+06 | W/K       | 4.43e+06 | W/K         |   nan | C          | 5.04e+01 | C             | 6.10e+01 | C          | 4.10e+01 | C          |  4.10e+01 | C              | 1.00e+00 | -          | 1.00e+00 | -          | 0.00e+00 | bar        | 5.00e-02 | bar        | 5.00e+01 | W/m^2*K    | 5.00e+02 | W/m^2*K    | 9.74e+04 | m^2       | 6.10e-01 | -           | 7.84e-01 | -           | 0.00e+00 | (Pa*s)/(m^3*s) | 1.54e+01 | (Pa*s)/(m^3*s) |   3.49e-01 | -               |  9.07e-01 | -              |  9.07e-01 | -              | 5.00e+00 | C             |          0.00e+00 | C                      |
| heatexchanger_e | -6.78e+07 | W        | 1.05e+06 | W/K       | 3.02e+06 | W/K         |   nan | C          | 6.43e+01 | C             | 9.88e+01 | C          | 3.90e+01 | C          |  3.90e+01 | C              | 1.00e+00 | -          | 9.86e-01 | -          | 0.00e+00 | bar        | 5.00e-02 | bar        | 5.00e+01 | W/m^2*K    | 5.00e+02 | W/m^2*K    | 6.64e+04 | m^2       | 6.10e-01 | -           | 7.84e-01 | -           | 0.00e+00 | (Pa*s)/(m^3*s) | 2.64e+01 | (Pa*s)/(m^3*s) |   5.77e-02 | -               |  9.34e-01 | -              |  9.34e-01 | -              | 5.00e+00 | C             |          0.00e+00 | C                      |
| heatexchanger_g | -7.11e+07 | W        | 4.15e+06 | W/K       | 4.15e+06 | W/K         |   nan | C          | 1.71e+01 | C             | 5.00e+00 | C          | 4.11e+01 | C          |  5.00e+00 | C              | 1.00e+00 | -          | 9.87e-01 | -          | 0.00e+00 | bar        | 5.00e-02 | bar        | 5.00e+01 | W/m^2*K    | 5.00e+02 | W/m^2*K    | 9.13e+04 | m^2       | 6.10e-01 | -           | 7.84e-01 | -           | 0.00e+00 | (Pa*s)/(m^3*s) | 2.71e+01 | (Pa*s)/(m^3*s) |   8.78e-01 | -               |  8.73e-01 | -              |  8.78e-01 | -              | 5.00e+00 | C             |          0.00e+00 | C                      |
| heatexchanger_i | -3.87e+07 | W        | 3.14e+06 | W/K       | 3.13e+06 | W/K         |   nan | C          | 1.23e+01 | C             | 5.00e+00 | C          | 2.47e+01 | C          |  5.00e+00 | C              | 1.00e+00 | -          | 9.87e-01 | -          | 0.00e+00 | bar        | 5.00e-02 | bar        | 5.00e+01 | W/m^2*K    | 5.00e+02 | W/m^2*K    | 6.90e+04 | m^2       | 6.10e-01 | -           | 7.84e-01 | -           | 0.00e+00 | (Pa*s)/(m^3*s) | 2.77e+01 | (Pa*s)/(m^3*s) |   7.98e-01 | -               |  8.29e-01 | -              |  8.29e-01 | -              | 5.00e+00 | C             |          0.00e+00 | C                      |
| heatexchanger_k | -1.67e+06 | W        | 1.93e+04 | W/K       | 2.34e+04 | W/K         |   nan | C          | 8.64e+01 | C             | 1.04e+02 | C          | 7.09e+01 | C          |  7.09e+01 | C              | 1.00e+00 | -          | 9.88e-01 | -          | 0.00e+00 | bar        | 5.00e-02 | bar        | 5.00e+01 | W/m^2*K    | 5.00e+02 | W/m^2*K    | 5.14e+02 | m^2       | 6.10e-01 | -           | 7.84e-01 | -           | 0.00e+00 | (Pa*s)/(m^3*s) | 2.78e+01 | (Pa*s)/(m^3*s) |   8.04e-03 | -               |  8.86e-01 | -              |  8.86e-01 | -              | 7.00e+01 | C             |          0.00e+00 | C                      |
+-----------------+-----------+----------+----------+-----------+----------+-------------+-------+------------+----------+---------------+----------+------------+----------+------------+-----------+----------------+----------+------------+----------+------------+----------+------------+----------+------------+----------+------------+----------+------------+----------+-----------+----------+-------------+----------+-------------+----------+----------------+----------+----------------+------------+-----------------+-----------+----------------+-----------+----------------+----------+---------------+-------------------+------------------------+
##### RESULTS (OverHeater) #####
+-----------------+-----------+----------+----------+-----------+----------+-------------+-------+------------+----------+---------------+----------+------------+----------+------------+-----------+----------------+----------+------------+----------+------------+----------+------------+----------+------------+----------+------------+----------+------------+----------+-----------+----------+-------------+----------+-------------+----------+----------------+----------+----------------+------------+-----------------+-----------+----------------+-----------+----------------+----------+-------------+
|                 |         Q | Q_unit   |       kA | kA_unit   |     KDTA | KDTA_unit   |   DTM | DTM_unit   |   DT_log | DT_log_unit   |      DTU | DTU_unit   |      DTL | DTL_unit   |   DTN_min | DTN_min_unit   |      pr1 | pr1_unit   |      pr2 | pr2_unit   |      dp1 | dp1_unit   |      dp2 | dp2_unit   |      hf1 | hf1_unit   |      hf2 | hf2_unit   |       fA | fA_unit   |     exm1 | exm1_unit   |     exm2 | exm2_unit   |    zeta1 | zeta1_unit     |    zeta2 | zeta2_unit     |   eff_cold | eff_cold_unit   |   eff_hot | eff_hot_unit   |   eff_max | eff_max_unit   |     DTNS | DTNS_unit   |
|-----------------+-----------+----------+----------+-----------+----------+-------------+-------+------------+----------+---------------+----------+------------+----------+------------+-----------+----------------+----------+------------+----------+------------+----------+------------+----------+------------+----------+------------+----------+------------+----------+-----------+----------+-------------+----------+-------------+----------+----------------+----------+----------------+------------+-----------------+-----------+----------------+-----------+----------------+----------+-------------|
| heatexchanger_d | -1.74e+07 | W        | 1.45e+05 | W/K       | 1.45e+05 | W/K         |   nan | C          | 1.20e+02 | C             | 1.92e+02 | C          | 6.90e+01 | C          |  6.90e+01 | C              | 1.00e+00 | -          | 1.00e+00 | -          | 0.00e+00 | bar        | 5.00e-02 | bar        | 5.00e+01 | W/m^2*K    | 5.00e+02 | W/m^2*K    | 3.20e+03 | m^2       | 6.10e-01 | -           | 7.84e-01 | -           | 0.00e+00 | (Pa*s)/(m^3*s) | 1.49e+01 | (Pa*s)/(m^3*s) |   1.51e-02 | -               |  6.32e-01 | -              |  6.32e-01 | -              | 1.00e+02 | C           |
+-----------------+-----------+----------+----------+-----------+----------+-------------+-------+------------+----------+---------------+----------+------------+----------+------------+-----------+----------------+----------+------------+----------+------------+----------+------------+----------+------------+----------+------------+----------+------------+----------+-----------+----------+-------------+----------+-------------+----------+----------------+----------+----------------+------------+-----------------+-----------+----------------+-----------+----------------+----------+-------------+
##### RESULTS (Turbine) #####
+----------+-----------+----------+----------+-----------+----------+-----------+----------+--------------+
|          |         P | P_unit   |       pr | pr_unit   |       dp | dp_unit   |    eta_s | eta_s_unit   |
|----------+-----------+----------+----------+-----------+----------+-----------+----------+--------------|
| turbine1 | -2.13e+08 | W        | 2.16e-01 | -         | 1.50e+02 | bar       | 8.80e-01 | -            |
| turbine2 | -9.03e+07 | W        | 5.66e-01 | -         | 1.65e+01 | bar       | 8.80e-01 | -            |
| turbine3 | -9.17e+07 | W        | 4.76e-01 | -         | 1.13e+01 | bar       | 8.80e-01 | -            |
| turbine4 | -1.00e+08 | W        | 3.81e-01 | -         | 6.34e+00 | bar       | 8.80e-01 | -            |
| turbine5 | -8.84e+07 | W        | 3.26e-01 | -         | 2.63e+00 | bar       | 8.80e-01 | -            |
| turbine6 | -9.38e+07 | W        | 1.98e-01 | -         | 1.02e+00 | bar       | 8.80e-01 | -            |
| turbine7 | -6.90e+07 | W        | 2.31e-01 | -         | 1.93e-01 | bar       | 8.80e-01 | -            |
+----------+-----------+----------+----------+-----------+----------+-----------+----------+--------------+
##### RESULTS (Valve) #####
+-------------+----------+-----------+----------+-----------+----------+----------------+
|             |       pr | pr_unit   |       dp | dp_unit   |     zeta | zeta_unit      |
|-------------+----------+-----------+----------+-----------+----------+----------------|
| valve_25_30 | 2.31e-01 | -         | 1.93e-01 | bar       | 3.16e+01 | (Pa*s)/(m^3*s) |
| valve_26_27 | 4.57e-02 | -         | 1.21e+00 | bar       | 1.90e+05 | (Pa*s)/(m^3*s) |
| valve_34_35 | 1.98e-01 | -         | 1.02e+00 | bar       | 3.08e+04 | (Pa*s)/(m^3*s) |
| valve_3_4   | 6.65e-03 | -         | 1.90e+02 | bar       | 2.84e+11 | (Pa*s)/(m^3*s) |
| valve_42_43 | 3.26e-01 | -         | 2.63e+00 | bar       | 3.48e+05 | (Pa*s)/(m^3*s) |
| valve_47_48 | 1.24e-01 | -         | 8.97e+00 | bar       | 3.47e+09 | (Pa*s)/(m^3*s) |
| valve_49_50 | 3.56e-01 | -         | 6.59e+00 | bar       | 5.71e+06 | (Pa*s)/(m^3*s) |
| valve_51_53 | 1.70e-01 | -         | 1.79e+01 | bar       | 3.40e+04 | (Pa*s)/(m^3*s) |
| valve_58_60 | 5.22e-01 | -         | 1.97e+01 | bar       | 1.76e+05 | (Pa*s)/(m^3*s) |
| valve_5_6   | 3.08e-02 | -         | 3.99e+01 | bar       | 5.02e+10 | (Pa*s)/(m^3*s) |
+-------------+----------+-----------+----------+-----------+----------+----------------+
##### RESULTS (FluidConnection) #####
+-------------------+-----------+----------+-----------+----------+-----------+----------+-----------+----------+------------+--------------+------------+---------------+-----------+----------+-----------+------------+------------+----------+-----------+----------+----------------------+---------+
|                   |         m | m_unit   |         p | p_unit   |         h | h_unit   |         T | T_unit   |      Td_bp | Td_bp_unit   |     Td_dew | Td_dew_unit   |         v | v_unit   |       vol | vol_unit   |          x | x_unit   |         s | s_unit   | phase                |   Water |
|-------------------+-----------+----------+-----------+----------+-----------+----------+-----------+----------+------------+--------------+------------+---------------+-----------+----------+-----------+------------+------------+----------+-----------+----------+----------------------+---------|
| c1                | 5.299e+02 | kg / s   | 3.800e+01 | bar      | 3.517e+03 | kJ / kg  | 5.300e+02 | C        |  2.827e+02 | K            | -2.827e+02 | K             | 5.039e+01 | m^3 / s  | 9.509e-02 | m^3 / kg   | -1.000e+00 | -        | 7.205e+03 | J / kgK  | state not recognised |       1 |
| c10               | 6.016e+01 | kg / s   | 2.150e+01 | bar      | 3.346e+03 | kJ / kg  | 4.455e+02 | C        |  2.294e+02 | K            | -2.294e+02 | K             | 9.077e+00 | m^3 / s  | 1.509e-01 | m^3 / kg   | -1.000e+00 | -        | 7.237e+03 | J / kgK  | state not recognised |       1 |
| c11               | 4.692e+02 | kg / s   | 1.024e+01 | bar      | 3.151e+03 | kJ / kg  | 3.469e+02 | C        |  1.660e+02 | K            | -1.660e+02 | K             | 1.287e+02 | m^3 / s  | 2.743e-01 | m^3 / kg   |  1.000e+00 | -        | 7.281e+03 | J / kgK  | g                    |       1 |
| c12               | 5.379e-01 | kg / s   | 1.024e+01 | bar      | 3.151e+03 | kJ / kg  | 3.469e+02 | C        |  1.660e+02 | K            | -1.660e+02 | K             | 1.475e-01 | m^3 / s  | 2.743e-01 | m^3 / kg   |  1.000e+00 | -        | 7.281e+03 | J / kgK  | g                    |       1 |
| c13               | 4.402e+02 | kg / s   | 3.900e+00 | bar      | 2.937e+03 | kJ / kg  | 2.365e+02 | C        |  9.380e+01 | K            | -9.380e+01 | K             | 2.615e+02 | m^3 / s  | 5.940e-01 | m^3 / kg   |  1.000e+00 | -        | 7.339e+03 | J / kgK  | g                    |       1 |
| c14               | 2.900e+01 | kg / s   | 3.900e+00 | bar      | 2.937e+03 | kJ / kg  | 2.365e+02 | C        |  9.380e+01 | K            | -9.380e+01 | K             | 1.723e+01 | m^3 / s  | 5.940e-01 | m^3 / kg   |  1.000e+00 | -        | 7.339e+03 | J / kgK  | g                    |       1 |
| c15               | 4.085e+02 | kg / s   | 1.270e+00 | bar      | 2.736e+03 | kJ / kg  | 1.309e+02 | C        |  2.450e+01 | K            | -2.450e+01 | K             | 5.919e+02 | m^3 / s  | 1.449e+00 | m^3 / kg   |  1.000e+00 | -        | 7.408e+03 | J / kgK  | g                    |       1 |
| c16               | 3.172e+01 | kg / s   | 1.270e+00 | bar      | 2.736e+03 | kJ / kg  | 1.309e+02 | C        |  2.450e+01 | K            | -2.450e+01 | K             | 4.596e+01 | m^3 / s  | 1.449e+00 | m^3 / kg   |  1.000e+00 | -        | 7.408e+03 | J / kgK  | g                    |       1 |
| c17               | 3.912e+02 | kg / s   | 2.510e-01 | bar      | 2.507e+03 | kJ / kg  | 6.505e+01 | C        |  0.000e+00 | K            |  0.000e+00 | K             | 2.303e+03 | m^3 / s  | 5.887e+00 | m^3 / kg   |  9.526e-01 | -        | 7.500e+03 | J / kgK  | tp                   |       1 |
| c18               | 1.732e+01 | kg / s   | 2.510e-01 | bar      | 2.507e+03 | kJ / kg  | 6.505e+01 | C        |  0.000e+00 | K            |  0.000e+00 | K             | 1.020e+02 | m^3 / s  | 5.887e+00 | m^3 / kg   |  9.526e-01 | -        | 7.500e+03 | J / kgK  | tp                   |       1 |
| c19               | 3.912e+02 | kg / s   | 5.800e-02 | bar      | 2.330e+03 | kJ / kg  | 3.554e+01 | C        |  0.000e+00 | K            |  0.000e+00 | K             | 8.651e+03 | m^3 / s  | 2.212e+01 | m^3 / kg   |  9.026e-01 | -        | 7.578e+03 | J / kgK  | tp                   |       1 |
| c2                | 5.805e+02 | kg / s   | 1.910e+02 | bar      | 3.347e+03 | kJ / kg  | 5.300e+02 | C        |  1.681e+02 | K            | -1.681e+02 | K             | 9.733e+00 | m^3 / s  | 1.677e-02 | m^3 / kg   | -1.000e+00 | -        | 6.297e+03 | J / kgK  | state not recognised |       1 |
| c20               | 1.316e+04 | kg / s   | 2.950e+00 | bar      | 1.283e+02 | kJ / kg  | 3.054e+01 | C        | -1.024e+02 | K            |  1.024e+02 | K             | 1.322e+01 | m^3 / s  | 1.004e-03 | m^3 / kg   |  0.000e+00 | -        | 4.441e+02 | J / kgK  | l                    |       1 |
| c21               | 1.316e+04 | kg / s   | 3.000e+00 | bar      | 6.327e+01 | kJ / kg  | 1.500e+01 | C        | -1.185e+02 | K            |  1.185e+02 | K             | 1.317e+01 | m^3 / s  | 1.001e-03 | m^3 / kg   |  0.000e+00 | -        | 2.244e+02 | J / kgK  | l                    |       1 |
| c22               | 4.692e+02 | kg / s   | 5.800e-02 | bar      | 1.489e+02 | kJ / kg  | 3.554e+01 | C        |  0.000e+00 | K            |  0.000e+00 | K             | 4.722e-01 | m^3 / s  | 1.006e-03 | m^3 / kg   |  0.000e+00 | -        | 5.125e+02 | J / kgK  | tp                   |       1 |
| c23               | 4.692e+02 | kg / s   | 4.000e+00 | bar      | 1.494e+02 | kJ / kg  | 3.558e+01 | C        | -1.080e+02 | K            |  1.080e+02 | K             | 4.721e-01 | m^3 / s  | 1.006e-03 | m^3 / kg   |  0.000e+00 | -        | 5.128e+02 | J / kgK  | l                    |       1 |
| c24               | 7.807e+01 | kg / s   | 5.800e-02 | bar      | 1.760e+02 | kJ / kg  | 3.554e+01 | C        |  0.000e+00 | K            |  0.000e+00 | K             | 2.156e+01 | m^3 / s  | 2.762e-01 | m^3 / kg   |  1.123e-02 | -        | 6.004e+02 | J / kgK  | tp                   |       1 |
| c25               | 7.735e+01 | kg / s   | 5.800e-02 | bar      | 1.735e+02 | kJ / kg  | 3.554e+01 | C        |  0.000e+00 | K            |  0.000e+00 | K             | 1.938e+01 | m^3 / s  | 2.506e-01 | m^3 / kg   |  1.019e-02 | -        | 5.922e+02 | J / kgK  | tp                   |       1 |
| c26               | 7.219e-01 | kg / s   | 5.800e-02 | bar      | 4.463e+02 | kJ / kg  | 3.554e+01 | C        |  0.000e+00 | K            |  0.000e+00 | K             | 2.178e+00 | m^3 / s  | 3.017e+00 | m^3 / kg   |  1.231e-01 | -        | 1.476e+03 | J / kgK  | tp                   |       1 |
| c27               | 7.219e-01 | kg / s   | 1.270e+00 | bar      | 4.463e+02 | kJ / kg  | 1.064e+02 | C        |  0.000e+00 | K            |  0.000e+00 | K             | 7.570e-04 | m^3 / s  | 1.049e-03 | m^3 / kg   |  0.000e+00 | -        | 1.379e+03 | J / kgK  | tp                   |       1 |
| c28               | 7.219e-01 | kg / s   | 1.270e+00 | bar      | 2.756e+03 | kJ / kg  | 1.405e+02 | C        |  3.407e+01 | K            | -3.407e+01 | K             | 1.072e+00 | m^3 / s  | 1.485e+00 | m^3 / kg   |  1.000e+00 | -        | 7.455e+03 | J / kgK  | g                    |       1 |
| c29               | 4.692e+02 | kg / s   | 3.950e+00 | bar      | 1.529e+02 | kJ / kg  | 3.643e+01 | C        | -1.067e+02 | K            |  1.067e+02 | K             | 4.722e-01 | m^3 / s  | 1.006e-03 | m^3 / kg   |  0.000e+00 | -        | 5.243e+02 | J / kgK  | l                    |       1 |
| c3                | 8.000e-03 | kg / s   | 1.910e+02 | bar      | 3.347e+03 | kJ / kg  | 5.300e+02 | C        |  1.681e+02 | K            | -1.681e+02 | K             | 1.341e-04 | m^3 / s  | 1.677e-02 | m^3 / kg   | -1.000e+00 | -        | 6.297e+03 | J / kgK  | state not recognised |       1 |
| c30               | 7.735e+01 | kg / s   | 2.510e-01 | bar      | 1.735e+02 | kJ / kg  | 4.143e+01 | C        | -2.362e+01 | K            |  2.362e+01 | K             | 7.800e-02 | m^3 / s  | 1.008e-03 | m^3 / kg   |  0.000e+00 | -        | 5.914e+02 | J / kgK  | l                    |       1 |
| c31               | 7.735e+01 | kg / s   | 2.510e-01 | bar      | 2.723e+02 | kJ / kg  | 6.505e+01 | C        |  0.000e+00 | K            |  0.000e+00 | K             | 7.889e-02 | m^3 / s  | 1.020e-03 | m^3 / kg   |  2.153e-17 | -        | 8.943e+02 | J / kgK  | tp                   |       1 |
| c32               | 4.692e+02 | kg / s   | 3.900e+00 | bar      | 1.692e+02 | kJ / kg  | 4.033e+01 | C        | -1.024e+02 | K            |  1.024e+02 | K             | 4.729e-01 | m^3 / s  | 1.008e-03 | m^3 / kg   |  0.000e+00 | -        | 5.766e+02 | J / kgK  | l                    |       1 |
| c33               | 4.692e+02 | kg / s   | 3.850e+00 | bar      | 2.517e+02 | kJ / kg  | 6.005e+01 | C        | -8.218e+01 | K            |  8.218e+01 | K             | 4.772e-01 | m^3 / s  | 1.017e-03 | m^3 / kg   |  0.000e+00 | -        | 8.318e+02 | J / kgK  | l                    |       1 |
| c34               | 6.003e+01 | kg / s   | 2.510e-01 | bar      | 2.724e+02 | kJ / kg  | 6.505e+01 | C        |  0.000e+00 | K            |  0.000e+00 | K             | 7.458e-02 | m^3 / s  | 1.242e-03 | m^3 / kg   |  3.600e-05 | -        | 8.945e+02 | J / kgK  | tp                   |       1 |
| c35               | 6.003e+01 | kg / s   | 1.270e+00 | bar      | 2.724e+02 | kJ / kg  | 6.505e+01 | C        | -4.138e+01 | K            |  4.138e+01 | K             | 6.122e-02 | m^3 / s  | 1.020e-03 | m^3 / kg   |  0.000e+00 | -        | 8.942e+02 | J / kgK  | l                    |       1 |
| c36               | 6.003e+01 | kg / s   | 1.270e+00 | bar      | 4.463e+02 | kJ / kg  | 1.064e+02 | C        |  0.000e+00 | K            |  0.000e+00 | K             | 6.295e-02 | m^3 / s  | 1.049e-03 | m^3 / kg   |  0.000e+00 | -        | 1.379e+03 | J / kgK  | tp                   |       1 |
| c37               | 4.692e+02 | kg / s   | 3.800e+00 | bar      | 2.740e+02 | kJ / kg  | 6.537e+01 | C        | -7.640e+01 | K            |  7.640e+01 | K             | 4.786e-01 | m^3 / s  | 1.020e-03 | m^3 / kg   |  0.000e+00 | -        | 8.980e+02 | J / kgK  | l                    |       1 |
| c38               | 3.103e+01 | kg / s   | 1.270e+00 | bar      | 2.736e+03 | kJ / kg  | 1.309e+02 | C        |  2.450e+01 | K            | -2.450e+01 | K             | 4.497e+01 | m^3 / s  | 1.449e+00 | m^3 / kg   |  1.000e+00 | -        | 7.408e+03 | J / kgK  | g                    |       1 |
| c39               | 6.879e-01 | kg / s   | 1.270e+00 | bar      | 2.736e+03 | kJ / kg  | 1.309e+02 | C        |  2.450e+01 | K            | -2.450e+01 | K             | 9.968e-01 | m^3 / s  | 1.449e+00 | m^3 / kg   |  1.000e+00 | -        | 7.408e+03 | J / kgK  | g                    |       1 |
| c4                | 8.000e-03 | kg / s   | 1.270e+00 | bar      | 3.347e+03 | kJ / kg  | 4.331e+02 | C        |  3.267e+02 | K            | -3.267e+02 | K             | 2.050e-02 | m^3 / s  | 2.563e+00 | m^3 / kg   | -1.000e+00 | -        | 8.534e+03 | J / kgK  | state not recognised |       1 |
| c40               | 3.400e-02 | kg / s   | 1.270e+00 | bar      | 3.147e+03 | kJ / kg  | 3.361e+02 | C        |  2.297e+02 | K            | -2.297e+02 | K             | 7.510e-02 | m^3 / s  | 2.209e+00 | m^3 / kg   |  1.000e+00 | -        | 8.230e+03 | J / kgK  | g                    |       1 |
| c41               | 4.692e+02 | kg / s   | 3.750e+00 | bar      | 4.254e+02 | kJ / kg  | 1.014e+02 | C        | -3.987e+01 | K            |  3.987e+01 | K             | 4.901e-01 | m^3 / s  | 1.044e-03 | m^3 / kg   |  0.000e+00 | -        | 1.323e+03 | J / kgK  | l                    |       1 |
| c42               | 2.900e+01 | kg / s   | 1.270e+00 | bar      | 4.465e+02 | kJ / kg  | 1.064e+02 | C        |  0.000e+00 | K            |  0.000e+00 | K             | 3.380e-02 | m^3 / s  | 1.166e-03 | m^3 / kg   |  8.647e-05 | -        | 1.380e+03 | J / kgK  | tp                   |       1 |
| c43               | 2.900e+01 | kg / s   | 3.900e+00 | bar      | 4.465e+02 | kJ / kg  | 1.064e+02 | C        | -3.627e+01 | K            |  3.627e+01 | K             | 3.041e-02 | m^3 / s  | 1.048e-03 | m^3 / kg   |  0.000e+00 | -        | 1.379e+03 | J / kgK  | l                    |       1 |
| c44               | 2.900e+01 | kg / s   | 3.900e+00 | bar      | 6.007e+02 | kJ / kg  | 1.427e+02 | C        |  0.000e+00 | K            |  0.000e+00 | K             | 3.140e-02 | m^3 / s  | 1.083e-03 | m^3 / kg   |  0.000e+00 | -        | 1.767e+03 | J / kgK  | tp                   |       1 |
| c45               | 4.692e+02 | kg / s   | 3.700e+00 | bar      | 4.349e+02 | kJ / kg  | 1.037e+02 | C        | -3.713e+01 | K            |  3.713e+01 | K             | 4.909e-01 | m^3 / s  | 1.046e-03 | m^3 / kg   |  0.000e+00 | -        | 1.348e+03 | J / kgK  | l                    |       1 |
| c46               | 4.692e+02 | kg / s   | 3.650e+00 | bar      | 5.793e+02 | kJ / kg  | 1.377e+02 | C        | -2.639e+00 | K            |  2.639e+00 | K             | 5.055e-01 | m^3 / s  | 1.077e-03 | m^3 / kg   |  0.000e+00 | -        | 1.715e+03 | J / kgK  | l                    |       1 |
| c47               | 1.600e-02 | kg / s   | 1.270e+00 | bar      | 3.151e+03 | kJ / kg  | 3.381e+02 | C        |  2.317e+02 | K            | -2.317e+02 | K             | 3.546e-02 | m^3 / s  | 2.216e+00 | m^3 / kg   |  1.000e+00 | -        | 8.236e+03 | J / kgK  | g                    |       1 |
| c48               | 1.600e-02 | kg / s   | 1.024e+01 | bar      | 3.151e+03 | kJ / kg  | 3.469e+02 | C        |  1.660e+02 | K            | -1.660e+02 | K             | 4.389e-03 | m^3 / s  | 2.743e-01 | m^3 / kg   |  1.000e+00 | -        | 7.281e+03 | J / kgK  | g                    |       1 |
| c49               | 5.219e-01 | kg / s   | 1.024e+01 | bar      | 3.151e+03 | kJ / kg  | 3.469e+02 | C        |  1.660e+02 | K            | -1.660e+02 | K             | 1.431e-01 | m^3 / s  | 2.743e-01 | m^3 / kg   |  1.000e+00 | -        | 7.281e+03 | J / kgK  | g                    |       1 |
| c5                | 1.000e-02 | kg / s   | 1.270e+00 | bar      | 2.980e+03 | kJ / kg  | 2.534e+02 | C        |  1.470e+02 | K            | -1.470e+02 | K             | 1.906e-02 | m^3 / s  | 1.906e+00 | m^3 / kg   |  1.000e+00 | -        | 7.936e+03 | J / kgK  | g                    |       1 |
| c50               | 5.219e-01 | kg / s   | 3.650e+00 | bar      | 3.151e+03 | kJ / kg  | 3.405e+02 | C        |  2.002e+02 | K            | -2.002e+02 | K             | 4.022e-01 | m^3 / s  | 7.707e-01 | m^3 / kg   |  1.000e+00 | -        | 7.751e+03 | J / kgK  | g                    |       1 |
| c51               | 1.107e+02 | kg / s   | 3.650e+00 | bar      | 6.264e+02 | kJ / kg  | 1.403e+02 | C        |  0.000e+00 | K            |  0.000e+00 | K             | 1.050e+00 | m^3 / s  | 9.480e-03 | m^3 / kg   |  1.671e-02 | -        | 1.829e+03 | J / kgK  | tp                   |       1 |
| c52               | 5.805e+02 | kg / s   | 3.650e+00 | bar      | 5.906e+02 | kJ / kg  | 1.403e+02 | C        |  0.000e+00 | K            |  0.000e+00 | K             | 6.270e-01 | m^3 / s  | 1.080e-03 | m^3 / kg   |  4.711e-17 | -        | 1.743e+03 | J / kgK  | tp                   |       1 |
| c53               | 1.107e+02 | kg / s   | 2.150e+01 | bar      | 6.264e+02 | kJ / kg  | 1.484e+02 | C        | -6.765e+01 | K            |  6.765e+01 | K             | 1.204e-01 | m^3 / s  | 1.088e-03 | m^3 / kg   |  0.000e+00 | -        | 1.824e+03 | J / kgK  | l                    |       1 |
| c54               | 5.805e+02 | kg / s   | 1.932e+02 | bar      | 6.161e+02 | kJ / kg  | 1.434e+02 | C        | -2.194e+02 | K            |  2.194e+02 | K             | 6.221e-01 | m^3 / s  | 1.072e-03 | m^3 / kg   |  0.000e+00 | -        | 1.755e+03 | J / kgK  | l                    |       1 |
| c55               | 1.107e+02 | kg / s   | 2.150e+01 | bar      | 9.254e+02 | kJ / kg  | 2.161e+02 | C        |  0.000e+00 | K            |  0.000e+00 | K             | 1.310e-01 | m^3 / s  | 1.183e-03 | m^3 / kg   |  0.000e+00 | -        | 2.481e+03 | J / kgK  | tp                   |       1 |
| c56               | 5.805e+02 | kg / s   | 1.932e+02 | bar      | 6.731e+02 | kJ / kg  | 1.568e+02 | C        | -2.060e+02 | K            |  2.060e+02 | K             | 6.302e-01 | m^3 / s  | 1.086e-03 | m^3 / kg   |  0.000e+00 | -        | 1.890e+03 | J / kgK  | l                    |       1 |
| c57               | 6.016e+01 | kg / s   | 2.150e+01 | bar      | 3.057e+03 | kJ / kg  | 3.161e+02 | C        |  1.000e+02 | K            | -1.000e+02 | K             | 7.236e+00 | m^3 / s  | 1.203e-01 | m^3 / kg   |  1.000e+00 | -        | 6.794e+03 | J / kgK  | g                    |       1 |
| c58               | 5.056e+01 | kg / s   | 2.150e+01 | bar      | 1.096e+03 | kJ / kg  | 2.161e+02 | C        |  0.000e+00 | K            |  0.000e+00 | K             | 4.814e-01 | m^3 / s  | 9.522e-03 | m^3 / kg   |  9.105e-02 | -        | 2.830e+03 | J / kgK  | tp                   |       1 |
| c59               | 5.805e+02 | kg / s   | 1.931e+02 | bar      | 9.089e+02 | kJ / kg  | 2.111e+02 | C        | -1.518e+02 | K            |  1.518e+02 | K             | 6.711e-01 | m^3 / s  | 1.156e-03 | m^3 / kg   |  0.000e+00 | -        | 2.406e+03 | J / kgK  | l                    |       1 |
| c6                | 1.000e-02 | kg / s   | 4.120e+01 | bar      | 2.980e+03 | kJ / kg  | 3.081e+02 | C        |  5.604e+01 | K            | -5.604e+01 | K             | 5.819e-04 | m^3 / s  | 5.819e-02 | m^3 / kg   |  1.000e+00 | -        | 6.384e+03 | J / kgK  | g                    |       1 |
| c60               | 5.056e+01 | kg / s   | 4.120e+01 | bar      | 1.096e+03 | kJ / kg  | 2.521e+02 | C        |  0.000e+00 | K            |  0.000e+00 | K             | 6.354e-02 | m^3 / s  | 1.257e-03 | m^3 / kg   | -1.185e-16 | -        | 2.813e+03 | J / kgK  | tp                   |       1 |
| c61               | 5.056e+01 | kg / s   | 4.120e+01 | bar      | 2.980e+03 | kJ / kg  | 3.081e+02 | C        |  5.604e+01 | K            | -5.604e+01 | K             | 2.942e+00 | m^3 / s  | 5.819e-02 | m^3 / kg   |  1.000e+00 | -        | 6.384e+03 | J / kgK  | g                    |       1 |
| c62               | 5.805e+02 | kg / s   | 1.931e+02 | bar      | 1.073e+03 | kJ / kg  | 2.471e+02 | C        | -1.157e+02 | K            |  1.157e+02 | K             | 7.084e-01 | m^3 / s  | 1.220e-03 | m^3 / kg   |  0.000e+00 | -        | 2.733e+03 | J / kgK  | l                    |       1 |
| c63               | 5.805e+02 | kg / s   | 1.930e+02 | bar      | 1.103e+03 | kJ / kg  | 2.535e+02 | C        | -1.093e+02 | K            |  1.093e+02 | K             | 7.162e-01 | m^3 / s  | 1.234e-03 | m^3 / kg   |  0.000e+00 | -        | 2.790e+03 | J / kgK  | l                    |       1 |
| c64               | 5.299e+02 | kg / s   | 4.120e+01 | bar      | 2.980e+03 | kJ / kg  | 3.081e+02 | C        |  5.604e+01 | K            | -5.604e+01 | K             | 3.084e+01 | m^3 / s  | 5.819e-02 | m^3 / kg   |  1.000e+00 | -        | 6.384e+03 | J / kgK  | g                    |       1 |
| c65               | 1.800e-02 | kg / s   | 1.270e+00 | bar      | 3.143e+03 | kJ / kg  | 3.343e+02 | C        |  2.279e+02 | K            | -2.279e+02 | K             | 3.964e-02 | m^3 / s  | 2.202e+00 | m^3 / kg   |  1.000e+00 | -        | 8.224e+03 | J / kgK  | g                    |       1 |
| c7                | 5.805e+02 | kg / s   | 1.910e+02 | bar      | 3.347e+03 | kJ / kg  | 5.300e+02 | C        |  1.681e+02 | K            | -1.681e+02 | K             | 9.733e+00 | m^3 / s  | 1.677e-02 | m^3 / kg   | -1.000e+00 | -        | 6.297e+03 | J / kgK  | state not recognised |       1 |
| c8                | 5.805e+02 | kg / s   | 4.120e+01 | bar      | 2.980e+03 | kJ / kg  | 3.081e+02 | C        |  5.604e+01 | K            | -5.604e+01 | K             | 3.378e+01 | m^3 / s  | 5.819e-02 | m^3 / kg   |  1.000e+00 | -        | 6.384e+03 | J / kgK  | g                    |       1 |
| c9                | 4.697e+02 | kg / s   | 2.150e+01 | bar      | 3.346e+03 | kJ / kg  | 4.455e+02 | C        |  2.294e+02 | K            | -2.294e+02 | K             | 7.087e+01 | m^3 / s  | 1.509e-01 | m^3 / kg   | -1.000e+00 | -        | 7.237e+03 | J / kgK  | state not recognised |       1 |
| condenser_hot_in  | 4.692e+02 | kg / s   | 5.800e-02 | bar      | 1.972e+03 | kJ / kg  | 3.554e+01 | C        |  0.000e+00 | K            |  0.000e+00 | K             | 8.673e+03 | m^3 / s  | 1.848e+01 | m^3 / kg   |  7.543e-01 | -        | 6.417e+03 | J / kgK  | tp                   |       1 |
| d65               | 1.800e-02 | kg / s   | 1.270e+00 | bar      | 3.143e+03 | kJ / kg  | 3.343e+02 | C        |  2.279e+02 | K            | -2.279e+02 | K             | 3.964e-02 | m^3 / s  | 2.202e+00 | m^3 / kg   |  1.000e+00 | -        | 8.224e+03 | J / kgK  | g                    |       1 |
| deaerator_cold_in | 5.800e+02 | kg / s   | 3.650e+00 | bar      | 5.883e+02 | kJ / kg  | 1.398e+02 | C        | -5.380e-01 | K            |  5.380e-01 | K             | 6.261e-01 | m^3 / s  | 1.080e-03 | m^3 / kg   |  0.000e+00 | -        | 1.737e+03 | J / kgK  | l                    |       1 |
| deaerator_drain   | 0.000e+00 | kg / s   | 3.650e+00 | bar      | 2.734e+03 | kJ / kg  | 1.403e+02 | C        |  0.000e+00 | K            |  0.000e+00 | K             | 0.000e+00 | m^3 / s  | 5.039e-01 | m^3 / kg   |  1.000e+00 | -        | 6.926e+03 | J / kgK  | tp                   |       1 |
| heater_b_hot_in   | 1.107e+02 | kg / s   | 2.150e+01 | bar      | 2.162e+03 | kJ / kg  | 2.161e+02 | C        |  0.000e+00 | K            |  0.000e+00 | K             | 6.820e+00 | m^3 / s  | 6.160e-02 | m^3 / kg   |  6.596e-01 | -        | 5.008e+03 | J / kgK  | tp                   |       1 |
| heater_g_hot_in   | 6.003e+01 | kg / s   | 1.270e+00 | bar      | 1.630e+03 | kJ / kg  | 1.064e+02 | C        |  0.000e+00 | K            |  0.000e+00 | K             | 4.302e+01 | m^3 / s  | 7.166e-01 | m^3 / kg   |  5.286e-01 | -        | 4.498e+03 | J / kgK  | tp                   |       1 |
| heater_i_hot_in   | 7.735e+01 | kg / s   | 2.510e-01 | bar      | 7.726e+02 | kJ / kg  | 6.505e+01 | C        |  0.000e+00 | K            |  0.000e+00 | K             | 1.020e+02 | m^3 / s  | 1.319e+00 | m^3 / kg   |  2.133e-01 | -        | 2.374e+03 | J / kgK  | tp                   |       1 |
| turbine1_out      | 5.805e+02 | kg / s   | 4.120e+01 | bar      | 2.980e+03 | kJ / kg  | 3.081e+02 | C        |  5.604e+01 | K            | -5.604e+01 | K             | 3.378e+01 | m^3 / s  | 5.819e-02 | m^3 / kg   |  1.000e+00 | -        | 6.384e+03 | J / kgK  | g                    |       1 |
| turbine2_out      | 5.299e+02 | kg / s   | 2.150e+01 | bar      | 3.346e+03 | kJ / kg  | 4.455e+02 | C        |  2.294e+02 | K            | -2.294e+02 | K             | 7.994e+01 | m^3 / s  | 1.509e-01 | m^3 / kg   | -1.000e+00 | -        | 7.237e+03 | J / kgK  | state not recognised |       1 |
| turbine3_out      | 4.697e+02 | kg / s   | 1.024e+01 | bar      | 3.151e+03 | kJ / kg  | 3.469e+02 | C        |  1.660e+02 | K            | -1.660e+02 | K             | 1.288e+02 | m^3 / s  | 2.743e-01 | m^3 / kg   |  1.000e+00 | -        | 7.281e+03 | J / kgK  | g                    |       1 |
| turbine4_out      | 4.692e+02 | kg / s   | 3.900e+00 | bar      | 2.937e+03 | kJ / kg  | 2.365e+02 | C        |  9.380e+01 | K            | -9.380e+01 | K             | 2.787e+02 | m^3 / s  | 5.940e-01 | m^3 / kg   |  1.000e+00 | -        | 7.339e+03 | J / kgK  | g                    |       1 |
| turbine5_out      | 4.402e+02 | kg / s   | 1.270e+00 | bar      | 2.736e+03 | kJ / kg  | 1.309e+02 | C        |  2.450e+01 | K            | -2.450e+01 | K             | 6.379e+02 | m^3 / s  | 1.449e+00 | m^3 / kg   |  1.000e+00 | -        | 7.408e+03 | J / kgK  | g                    |       1 |
| turbine6_out      | 4.085e+02 | kg / s   | 2.510e-01 | bar      | 2.507e+03 | kJ / kg  | 6.505e+01 | C        |  0.000e+00 | K            |  0.000e+00 | K             | 2.405e+03 | m^3 / s  | 5.887e+00 | m^3 / kg   |  9.526e-01 | -        | 7.500e+03 | J / kgK  | tp                   |       1 |
+-------------------+-----------+----------+-----------+----------+-----------+----------+-----------+----------+------------+--------------+------------+---------------+-----------+----------+-----------+------------+------------+----------+-----------+----------+----------------------+---------+
##### RESULTS (Nodes: Condenser: condenser) #####
+-------------------------------------+-------------+-------------+-------------+-------------+-------------+-------------+-------------+-------------+-------------+-------------+-------------+-------------+-------------+-------------+-------------+-------------+-------------+-------------+-------------+-------------+-------------+-------------+-------------+-------------+-------------+-------------+-------------+-------------+-------------+-------------+-------------+-------------+-------------+-------------+-------------+-------------+-------------+-------------+-------------+-------------+
|                                     |           0 |           1 |           2 |           3 |           4 |           5 |           6 |           7 |           8 |           9 |          10 |          11 |          12 |          13 |          14 |          15 |          16 |          17 |          18 |          19 |          20 |          21 |          22 |          23 |          24 |          25 |          26 |          27 |          28 |          29 |          30 |          31 |          32 |          33 |          34 |          35 |          36 |          37 |          38 |          39 |
|-------------------------------------+-------------+-------------+-------------+-------------+-------------+-------------+-------------+-------------+-------------+-------------+-------------+-------------+-------------+-------------+-------------+-------------+-------------+-------------+-------------+-------------+-------------+-------------+-------------+-------------+-------------+-------------+-------------+-------------+-------------+-------------+-------------+-------------+-------------+-------------+-------------+-------------+-------------+-------------+-------------+-------------|
| hot_side---pressure (bar)           |   5.800e-02 |   5.800e-02 |   5.800e-02 |   5.800e-02 |   5.800e-02 |   5.800e-02 |   5.800e-02 |   5.800e-02 |   5.800e-02 |   5.800e-02 |   5.800e-02 |   5.800e-02 |   5.800e-02 |   5.800e-02 |   5.800e-02 |   5.800e-02 |   5.800e-02 |   5.800e-02 |   5.800e-02 |   5.800e-02 |   5.800e-02 |   5.800e-02 |   5.800e-02 |   5.800e-02 |   5.800e-02 |   5.800e-02 |   5.800e-02 |   5.800e-02 |   5.800e-02 |   5.800e-02 |   5.800e-02 |   5.800e-02 |   5.800e-02 |   5.800e-02 |   5.800e-02 |   5.800e-02 |   5.800e-02 |   5.800e-02 |   5.800e-02 |   5.800e-02 |
| hot_side---enthalpy (kJ / kg)       |   1.972e+03 |   1.950e+03 |   1.927e+03 |   1.904e+03 |   1.880e+03 |   1.854e+03 |   1.828e+03 |   1.801e+03 |   1.773e+03 |   1.744e+03 |   1.713e+03 |   1.682e+03 |   1.649e+03 |   1.616e+03 |   1.581e+03 |   1.544e+03 |   1.507e+03 |   1.468e+03 |   1.427e+03 |   1.385e+03 |   1.385e+03 |   1.340e+03 |   1.293e+03 |   1.244e+03 |   1.193e+03 |   1.140e+03 |   1.086e+03 |   1.029e+03 |   9.698e+02 |   9.085e+02 |   8.448e+02 |   7.786e+02 |   7.099e+02 |   6.386e+02 |   5.645e+02 |   4.876e+02 |   4.076e+02 |   3.246e+02 |   2.384e+02 |   1.489e+02 |
| hot_side---temperature (C)          |   3.554e+01 |   3.554e+01 |   3.554e+01 |   3.554e+01 |   3.554e+01 |   3.554e+01 |   3.554e+01 |   3.554e+01 |   3.554e+01 |   3.554e+01 |   3.554e+01 |   3.554e+01 |   3.554e+01 |   3.554e+01 |   3.554e+01 |   3.554e+01 |   3.554e+01 |   3.554e+01 |   3.554e+01 |   3.554e+01 |   3.554e+01 |   3.554e+01 |   3.554e+01 |   3.554e+01 |   3.554e+01 |   3.554e+01 |   3.554e+01 |   3.554e+01 |   3.554e+01 |   3.554e+01 |   3.554e+01 |   3.554e+01 |   3.554e+01 |   3.554e+01 |   3.554e+01 |   3.554e+01 |   3.554e+01 |   3.554e+01 |   3.554e+01 |   3.554e+01 |
| hot_side---vapor mass fraction (-)  |   7.543e-01 |   7.453e-01 |   7.359e-01 |   7.262e-01 |   7.161e-01 |   7.057e-01 |   6.949e-01 |   6.837e-01 |   6.720e-01 |   6.599e-01 |   6.474e-01 |   6.344e-01 |   6.209e-01 |   6.070e-01 |   5.925e-01 |   5.774e-01 |   5.618e-01 |   5.457e-01 |   5.289e-01 |   5.115e-01 |   5.115e-01 |   4.928e-01 |   4.733e-01 |   4.531e-01 |   4.321e-01 |   4.103e-01 |   3.876e-01 |   3.641e-01 |   3.397e-01 |   3.143e-01 |   2.880e-01 |   2.606e-01 |   2.322e-01 |   2.026e-01 |   1.720e-01 |   1.401e-01 |   1.071e-01 |   7.272e-02 |   3.705e-02 |   0.000e+00 |
| hot_side---differ number ()         |   2.000e+00 |   2.000e+00 |   2.000e+00 |   2.000e+00 |   2.000e+00 |   2.000e+00 |   2.000e+00 |   2.000e+00 |   2.000e+00 |   2.000e+00 |   2.000e+00 |   2.000e+00 |   2.000e+00 |   2.000e+00 |   2.000e+00 |   2.000e+00 |   2.000e+00 |   2.000e+00 |   2.000e+00 |   2.000e+00 |   2.000e+00 |   2.000e+00 |   2.000e+00 |   2.000e+00 |   2.000e+00 |   2.000e+00 |   2.000e+00 |   2.000e+00 |   2.000e+00 |   2.000e+00 |   2.000e+00 |   2.000e+00 |   2.000e+00 |   2.000e+00 |   2.000e+00 |   2.000e+00 |   2.000e+00 |   2.000e+00 |   2.000e+00 |   2.181e+01 |
| cold_side---pressure (bar)          |   2.950e+00 |   2.951e+00 |   2.953e+00 |   2.954e+00 |   2.955e+00 |   2.957e+00 |   2.958e+00 |   2.959e+00 |   2.961e+00 |   2.962e+00 |   2.963e+00 |   2.964e+00 |   2.966e+00 |   2.967e+00 |   2.968e+00 |   2.970e+00 |   2.971e+00 |   2.972e+00 |   2.974e+00 |   2.975e+00 |   2.975e+00 |   2.976e+00 |   2.978e+00 |   2.979e+00 |   2.980e+00 |   2.982e+00 |   2.983e+00 |   2.984e+00 |   2.986e+00 |   2.987e+00 |   2.988e+00 |   2.989e+00 |   2.991e+00 |   2.992e+00 |   2.993e+00 |   2.995e+00 |   2.996e+00 |   2.997e+00 |   2.999e+00 |   3.000e+00 |
| cold_side---enthalpy (kJ / kg)      |   1.283e+02 |   1.275e+02 |   1.267e+02 |   1.258e+02 |   1.250e+02 |   1.241e+02 |   1.231e+02 |   1.222e+02 |   1.212e+02 |   1.201e+02 |   1.191e+02 |   1.179e+02 |   1.168e+02 |   1.156e+02 |   1.143e+02 |   1.130e+02 |   1.117e+02 |   1.103e+02 |   1.088e+02 |   1.073e+02 |   1.073e+02 |   1.057e+02 |   1.041e+02 |   1.023e+02 |   1.005e+02 |   9.862e+01 |   9.667e+01 |   9.464e+01 |   9.254e+01 |   9.035e+01 |   8.808e+01 |   8.572e+01 |   8.327e+01 |   8.073e+01 |   7.809e+01 |   7.534e+01 |   7.249e+01 |   6.953e+01 |   6.646e+01 |   6.327e+01 |
| cold_side---temperature (C)         |   3.054e+01 |   3.036e+01 |   3.016e+01 |   2.996e+01 |   2.976e+01 |   2.954e+01 |   2.932e+01 |   2.909e+01 |   2.885e+01 |   2.860e+01 |   2.834e+01 |   2.807e+01 |   2.779e+01 |   2.750e+01 |   2.721e+01 |   2.690e+01 |   2.657e+01 |   2.624e+01 |   2.590e+01 |   2.554e+01 |   2.554e+01 |   2.515e+01 |   2.475e+01 |   2.433e+01 |   2.390e+01 |   2.345e+01 |   2.298e+01 |   2.250e+01 |   2.200e+01 |   2.147e+01 |   2.093e+01 |   2.037e+01 |   1.978e+01 |   1.917e+01 |   1.854e+01 |   1.788e+01 |   1.720e+01 |   1.650e+01 |   1.576e+01 |   1.500e+01 |
| cold_side---vapor mass fraction (-) | nan         | nan         | nan         | nan         | nan         | nan         | nan         | nan         | nan         | nan         | nan         | nan         | nan         | nan         | nan         | nan         | nan         | nan         | nan         | nan         | nan         | nan         | nan         | nan         | nan         | nan         | nan         | nan         | nan         | nan         | nan         | nan         | nan         | nan         | nan         | nan         | nan         | nan         | nan         | nan         |
| cold_side---differ number ()        |   3.413e+00 |   3.413e+00 |   3.413e+00 |   3.413e+00 |   3.413e+00 |   3.413e+00 |   3.413e+00 |   3.413e+00 |   3.413e+00 |   3.413e+00 |   3.413e+00 |   3.413e+00 |   3.413e+00 |   3.413e+00 |   3.413e+00 |   3.413e+00 |   3.413e+00 |   3.413e+00 |   3.413e+00 |   3.413e+00 |   3.413e+00 |   3.413e+00 |   3.412e+00 |   3.412e+00 |   3.412e+00 |   3.412e+00 |   3.412e+00 |   3.412e+00 |   3.412e+00 |   3.412e+00 |   3.412e+00 |   3.412e+00 |   3.412e+00 |   3.411e+00 |   3.411e+00 |   3.411e+00 |   3.411e+00 |   3.411e+00 |   3.410e+00 |   3.410e+00 |
+-------------------------------------+-------------+-------------+-------------+-------------+-------------+-------------+-------------+-------------+-------------+-------------+-------------+-------------+-------------+-------------+-------------+-------------+-------------+-------------+-------------+-------------+-------------+-------------+-------------+-------------+-------------+-------------+-------------+-------------+-------------+-------------+-------------+-------------+-------------+-------------+-------------+-------------+-------------+-------------+-------------+-------------+
##### RESULTS (Nodes: HeatExchanger: heatexchanger_a) #####
+-------------------------------------+-------------+-------------+-------------+-------------+-------------+-------------+-------------+-------------+-------------+-------------+-------------+-------------+-------------+-------------+-------------+-------------+-------------+-------------+-------------+-------------+-------------+-------------+-------------+-------------+-------------+-------------+-------------+-------------+-------------+-------------+-------------+-------------+-------------+-------------+-------------+-------------+-------------+-------------+-------------+-------------+
|                                     |           0 |           1 |           2 |           3 |           4 |           5 |           6 |           7 |           8 |           9 |          10 |          11 |          12 |          13 |          14 |          15 |          16 |          17 |          18 |          19 |          20 |          21 |          22 |          23 |          24 |          25 |          26 |          27 |          28 |          29 |          30 |          31 |          32 |          33 |          34 |          35 |          36 |          37 |          38 |          39 |
|-------------------------------------+-------------+-------------+-------------+-------------+-------------+-------------+-------------+-------------+-------------+-------------+-------------+-------------+-------------+-------------+-------------+-------------+-------------+-------------+-------------+-------------+-------------+-------------+-------------+-------------+-------------+-------------+-------------+-------------+-------------+-------------+-------------+-------------+-------------+-------------+-------------+-------------+-------------+-------------+-------------+-------------|
| hot_side---pressure (bar)           |   2.150e+01 |   2.150e+01 |   2.150e+01 |   2.150e+01 |   2.150e+01 |   2.150e+01 |   2.150e+01 |   2.150e+01 |   2.150e+01 |   2.150e+01 |   2.150e+01 |   2.150e+01 |   2.150e+01 |   2.150e+01 |   2.150e+01 |   2.150e+01 |   2.150e+01 |   2.150e+01 |   2.150e+01 |   2.150e+01 |   2.150e+01 |   2.150e+01 |   2.150e+01 |   2.150e+01 |   2.150e+01 |   2.150e+01 |   2.150e+01 |   2.150e+01 |   2.150e+01 |   2.150e+01 |   2.150e+01 |   2.150e+01 |   2.150e+01 |   2.150e+01 |   2.150e+01 |   2.150e+01 |   2.150e+01 |   2.150e+01 |   2.150e+01 |   2.150e+01 |
| hot_side---enthalpy (kJ / kg)       |   9.254e+02 |   9.045e+02 |   8.848e+02 |   8.664e+02 |   8.491e+02 |   8.329e+02 |   8.178e+02 |   8.035e+02 |   7.902e+02 |   7.778e+02 |   7.661e+02 |   7.552e+02 |   7.450e+02 |   7.355e+02 |   7.265e+02 |   7.182e+02 |   7.104e+02 |   7.031e+02 |   6.963e+02 |   6.899e+02 |   6.899e+02 |   6.843e+02 |   6.791e+02 |   6.742e+02 |   6.695e+02 |   6.652e+02 |   6.611e+02 |   6.573e+02 |   6.538e+02 |   6.504e+02 |   6.473e+02 |   6.443e+02 |   6.415e+02 |   6.389e+02 |   6.365e+02 |   6.342e+02 |   6.321e+02 |   6.301e+02 |   6.282e+02 |   6.264e+02 |
| hot_side---temperature (C)          |   2.161e+02 |   2.115e+02 |   2.072e+02 |   2.031e+02 |   1.992e+02 |   1.956e+02 |   1.922e+02 |   1.890e+02 |   1.860e+02 |   1.832e+02 |   1.806e+02 |   1.781e+02 |   1.758e+02 |   1.736e+02 |   1.715e+02 |   1.696e+02 |   1.678e+02 |   1.662e+02 |   1.646e+02 |   1.631e+02 |   1.631e+02 |   1.618e+02 |   1.606e+02 |   1.595e+02 |   1.584e+02 |   1.574e+02 |   1.565e+02 |   1.556e+02 |   1.548e+02 |   1.540e+02 |   1.533e+02 |   1.526e+02 |   1.519e+02 |   1.513e+02 |   1.508e+02 |   1.502e+02 |   1.497e+02 |   1.493e+02 |   1.488e+02 |   1.484e+02 |
| hot_side---vapor mass fraction (-)  |   0.000e+00 | nan         | nan         | nan         | nan         | nan         | nan         | nan         | nan         | nan         | nan         | nan         | nan         | nan         | nan         | nan         | nan         | nan         | nan         | nan         | nan         | nan         | nan         | nan         | nan         | nan         | nan         | nan         | nan         | nan         | nan         | nan         | nan         | nan         | nan         | nan         | nan         | nan         | nan         | nan         |
| hot_side---differ number ()         |   3.463e+00 |   4.946e+00 |   4.963e+00 |   4.978e+00 |   4.992e+00 |   5.005e+00 |   5.016e+00 |   5.026e+00 |   5.035e+00 |   5.043e+00 |   5.051e+00 |   5.058e+00 |   5.064e+00 |   5.070e+00 |   5.075e+00 |   5.079e+00 |   5.084e+00 |   5.088e+00 |   5.091e+00 |   5.095e+00 |   5.095e+00 |   5.098e+00 |   5.100e+00 |   5.103e+00 |   5.105e+00 |   5.107e+00 |   5.109e+00 |   5.111e+00 |   5.113e+00 |   5.114e+00 |   5.116e+00 |   5.117e+00 |   5.118e+00 |   5.119e+00 |   5.121e+00 |   5.122e+00 |   5.123e+00 |   5.123e+00 |   5.124e+00 |   5.125e+00 |
| cold_side---pressure (bar)          |   1.932e+02 |   1.932e+02 |   1.932e+02 |   1.932e+02 |   1.932e+02 |   1.932e+02 |   1.932e+02 |   1.932e+02 |   1.932e+02 |   1.932e+02 |   1.932e+02 |   1.932e+02 |   1.932e+02 |   1.932e+02 |   1.932e+02 |   1.932e+02 |   1.932e+02 |   1.932e+02 |   1.932e+02 |   1.932e+02 |   1.932e+02 |   1.932e+02 |   1.932e+02 |   1.932e+02 |   1.932e+02 |   1.932e+02 |   1.932e+02 |   1.932e+02 |   1.932e+02 |   1.932e+02 |   1.932e+02 |   1.932e+02 |   1.932e+02 |   1.932e+02 |   1.932e+02 |   1.932e+02 |   1.932e+02 |   1.932e+02 |   1.932e+02 |   1.932e+02 |
| cold_side---enthalpy (kJ / kg)      |   6.731e+02 |   6.691e+02 |   6.654e+02 |   6.619e+02 |   6.586e+02 |   6.555e+02 |   6.526e+02 |   6.499e+02 |   6.473e+02 |   6.450e+02 |   6.427e+02 |   6.407e+02 |   6.387e+02 |   6.369e+02 |   6.352e+02 |   6.336e+02 |   6.321e+02 |   6.307e+02 |   6.294e+02 |   6.282e+02 |   6.282e+02 |   6.271e+02 |   6.261e+02 |   6.252e+02 |   6.243e+02 |   6.235e+02 |   6.227e+02 |   6.220e+02 |   6.213e+02 |   6.207e+02 |   6.201e+02 |   6.195e+02 |   6.190e+02 |   6.185e+02 |   6.180e+02 |   6.176e+02 |   6.172e+02 |   6.168e+02 |   6.164e+02 |   6.161e+02 |
| cold_side---temperature (C)         |   1.568e+02 |   1.559e+02 |   1.550e+02 |   1.542e+02 |   1.534e+02 |   1.527e+02 |   1.520e+02 |   1.514e+02 |   1.508e+02 |   1.502e+02 |   1.497e+02 |   1.492e+02 |   1.488e+02 |   1.483e+02 |   1.479e+02 |   1.475e+02 |   1.472e+02 |   1.469e+02 |   1.466e+02 |   1.463e+02 |   1.463e+02 |   1.460e+02 |   1.458e+02 |   1.456e+02 |   1.454e+02 |   1.452e+02 |   1.450e+02 |   1.448e+02 |   1.446e+02 |   1.445e+02 |   1.444e+02 |   1.442e+02 |   1.441e+02 |   1.440e+02 |   1.439e+02 |   1.438e+02 |   1.437e+02 |   1.436e+02 |   1.435e+02 |   1.434e+02 |
| cold_side---vapor mass fraction (-) | nan         | nan         | nan         | nan         | nan         | nan         | nan         | nan         | nan         | nan         | nan         | nan         | nan         | nan         | nan         | nan         | nan         | nan         | nan         | nan         | nan         | nan         | nan         | nan         | nan         | nan         | nan         | nan         | nan         | nan         | nan         | nan         | nan         | nan         | nan         | nan         | nan         | nan         | nan         | nan         |
| cold_side---differ number ()        |   2.600e+00 |   2.601e+00 |   2.601e+00 |   2.601e+00 |   2.602e+00 |   2.602e+00 |   2.602e+00 |   2.602e+00 |   2.602e+00 |   2.603e+00 |   2.603e+00 |   2.603e+00 |   2.603e+00 |   2.603e+00 |   2.603e+00 |   2.603e+00 |   2.604e+00 |   2.604e+00 |   2.604e+00 |   2.604e+00 |   2.604e+00 |   2.604e+00 |   2.604e+00 |   2.604e+00 |   2.604e+00 |   2.604e+00 |   2.604e+00 |   2.604e+00 |   2.604e+00 |   2.604e+00 |   2.604e+00 |   2.604e+00 |   2.604e+00 |   2.604e+00 |   2.604e+00 |   2.605e+00 |   2.605e+00 |   2.605e+00 |   2.605e+00 |   2.605e+00 |
+-------------------------------------+-------------+-------------+-------------+-------------+-------------+-------------+-------------+-------------+-------------+-------------+-------------+-------------+-------------+-------------+-------------+-------------+-------------+-------------+-------------+-------------+-------------+-------------+-------------+-------------+-------------+-------------+-------------+-------------+-------------+-------------+-------------+-------------+-------------+-------------+-------------+-------------+-------------+-------------+-------------+-------------+
##### RESULTS (Nodes: ExtractHeatExchanger: heatexchanger_b) #####
+-------------------------------------+-------------+-------------+-------------+-------------+-------------+-------------+-------------+-------------+-------------+-------------+-------------+-------------+-------------+-------------+-------------+-------------+-------------+-------------+-------------+-------------+-------------+-------------+-------------+-------------+-------------+-------------+-------------+-------------+-------------+-------------+-------------+-------------+-------------+-------------+-------------+-------------+-------------+-------------+-------------+-------------+
|                                     |           0 |           1 |           2 |           3 |           4 |           5 |           6 |           7 |           8 |           9 |          10 |          11 |          12 |          13 |          14 |          15 |          16 |          17 |          18 |          19 |          20 |          21 |          22 |          23 |          24 |          25 |          26 |          27 |          28 |          29 |          30 |          31 |          32 |          33 |          34 |          35 |          36 |          37 |          38 |          39 |
|-------------------------------------+-------------+-------------+-------------+-------------+-------------+-------------+-------------+-------------+-------------+-------------+-------------+-------------+-------------+-------------+-------------+-------------+-------------+-------------+-------------+-------------+-------------+-------------+-------------+-------------+-------------+-------------+-------------+-------------+-------------+-------------+-------------+-------------+-------------+-------------+-------------+-------------+-------------+-------------+-------------+-------------|
| hot_side---pressure (bar)           |   2.150e+01 |   2.150e+01 |   2.150e+01 |   2.150e+01 |   2.150e+01 |   2.150e+01 |   2.150e+01 |   2.150e+01 |   2.150e+01 |   2.150e+01 |   2.150e+01 |   2.150e+01 |   2.150e+01 |   2.150e+01 |   2.150e+01 |   2.150e+01 |   2.150e+01 |   2.150e+01 |   2.150e+01 |   2.150e+01 |   2.150e+01 |   2.150e+01 |   2.150e+01 |   2.150e+01 |   2.150e+01 |   2.150e+01 |   2.150e+01 |   2.150e+01 |   2.150e+01 |   2.150e+01 |   2.150e+01 |   2.150e+01 |   2.150e+01 |   2.150e+01 |   2.150e+01 |   2.150e+01 |   2.150e+01 |   2.150e+01 |   2.150e+01 |   2.150e+01 |
| hot_side---enthalpy (kJ / kg)       |   2.162e+03 |   2.154e+03 |   2.146e+03 |   2.138e+03 |   2.129e+03 |   2.119e+03 |   2.109e+03 |   2.098e+03 |   2.087e+03 |   2.075e+03 |   2.061e+03 |   2.048e+03 |   2.033e+03 |   2.017e+03 |   2.000e+03 |   1.982e+03 |   1.963e+03 |   1.943e+03 |   1.922e+03 |   1.899e+03 |   1.899e+03 |   1.873e+03 |   1.845e+03 |   1.815e+03 |   1.783e+03 |   1.749e+03 |   1.713e+03 |   1.674e+03 |   1.632e+03 |   1.587e+03 |   1.540e+03 |   1.489e+03 |   1.434e+03 |   1.375e+03 |   1.312e+03 |   1.245e+03 |   1.173e+03 |   1.096e+03 |   1.014e+03 |   9.254e+02 |
| hot_side---temperature (C)          |   2.161e+02 |   2.161e+02 |   2.161e+02 |   2.161e+02 |   2.161e+02 |   2.161e+02 |   2.161e+02 |   2.161e+02 |   2.161e+02 |   2.161e+02 |   2.161e+02 |   2.161e+02 |   2.161e+02 |   2.161e+02 |   2.161e+02 |   2.161e+02 |   2.161e+02 |   2.161e+02 |   2.161e+02 |   2.161e+02 |   2.161e+02 |   2.161e+02 |   2.161e+02 |   2.161e+02 |   2.161e+02 |   2.161e+02 |   2.161e+02 |   2.161e+02 |   2.161e+02 |   2.161e+02 |   2.161e+02 |   2.161e+02 |   2.161e+02 |   2.161e+02 |   2.161e+02 |   2.161e+02 |   2.161e+02 |   2.161e+02 |   2.161e+02 |   2.161e+02 |
| hot_side---vapor mass fraction (-)  |   6.596e-01 |   6.556e-01 |   6.514e-01 |   6.469e-01 |   6.421e-01 |   6.370e-01 |   6.316e-01 |   6.258e-01 |   6.196e-01 |   6.131e-01 |   6.061e-01 |   5.987e-01 |   5.908e-01 |   5.824e-01 |   5.735e-01 |   5.640e-01 |   5.539e-01 |   5.431e-01 |   5.316e-01 |   5.194e-01 |   5.194e-01 |   5.055e-01 |   4.906e-01 |   4.747e-01 |   4.577e-01 |   4.395e-01 |   4.201e-01 |   3.993e-01 |   3.770e-01 |   3.532e-01 |   3.277e-01 |   3.004e-01 |   2.712e-01 |   2.400e-01 |   2.065e-01 |   1.707e-01 |   1.323e-01 |   9.121e-02 |   4.718e-02 |   0.000e+00 |
| hot_side---differ number ()         |   2.000e+00 |   2.000e+00 |   2.000e+00 |   2.000e+00 |   2.000e+00 |   2.000e+00 |   2.000e+00 |   2.000e+00 |   2.000e+00 |   2.000e+00 |   2.000e+00 |   2.000e+00 |   2.000e+00 |   2.000e+00 |   2.000e+00 |   2.000e+00 |   2.000e+00 |   2.000e+00 |   2.000e+00 |   2.000e+00 |   2.000e+00 |   2.000e+00 |   2.000e+00 |   2.000e+00 |   2.000e+00 |   2.000e+00 |   2.000e+00 |   2.000e+00 |   2.000e+00 |   2.000e+00 |   2.000e+00 |   2.000e+00 |   2.000e+00 |   2.000e+00 |   2.000e+00 |   2.000e+00 |   2.000e+00 |   2.000e+00 |   2.000e+00 |   8.182e+00 |
| cold_side---pressure (bar)          |   1.931e+02 |   1.931e+02 |   1.931e+02 |   1.931e+02 |   1.931e+02 |   1.931e+02 |   1.931e+02 |   1.931e+02 |   1.931e+02 |   1.931e+02 |   1.931e+02 |   1.931e+02 |   1.931e+02 |   1.931e+02 |   1.931e+02 |   1.931e+02 |   1.931e+02 |   1.931e+02 |   1.931e+02 |   1.931e+02 |   1.931e+02 |   1.931e+02 |   1.931e+02 |   1.931e+02 |   1.931e+02 |   1.931e+02 |   1.931e+02 |   1.931e+02 |   1.931e+02 |   1.931e+02 |   1.931e+02 |   1.931e+02 |   1.931e+02 |   1.931e+02 |   1.931e+02 |   1.931e+02 |   1.931e+02 |   1.931e+02 |   1.931e+02 |   1.932e+02 |
| cold_side---enthalpy (kJ / kg)      |   9.089e+02 |   9.075e+02 |   9.060e+02 |   9.044e+02 |   9.027e+02 |   9.008e+02 |   8.989e+02 |   8.968e+02 |   8.946e+02 |   8.923e+02 |   8.898e+02 |   8.872e+02 |   8.843e+02 |   8.813e+02 |   8.781e+02 |   8.747e+02 |   8.711e+02 |   8.673e+02 |   8.632e+02 |   8.588e+02 |   8.588e+02 |   8.538e+02 |   8.485e+02 |   8.428e+02 |   8.368e+02 |   8.303e+02 |   8.233e+02 |   8.159e+02 |   8.079e+02 |   7.994e+02 |   7.903e+02 |   7.805e+02 |   7.701e+02 |   7.589e+02 |   7.469e+02 |   7.341e+02 |   7.204e+02 |   7.057e+02 |   6.900e+02 |   6.731e+02 |
| cold_side---temperature (C)         |   2.111e+02 |   2.107e+02 |   2.104e+02 |   2.100e+02 |   2.097e+02 |   2.092e+02 |   2.088e+02 |   2.083e+02 |   2.078e+02 |   2.073e+02 |   2.068e+02 |   2.062e+02 |   2.055e+02 |   2.048e+02 |   2.041e+02 |   2.034e+02 |   2.025e+02 |   2.017e+02 |   2.007e+02 |   1.997e+02 |   1.997e+02 |   1.986e+02 |   1.974e+02 |   1.961e+02 |   1.947e+02 |   1.932e+02 |   1.916e+02 |   1.899e+02 |   1.881e+02 |   1.862e+02 |   1.841e+02 |   1.818e+02 |   1.794e+02 |   1.768e+02 |   1.741e+02 |   1.711e+02 |   1.679e+02 |   1.645e+02 |   1.608e+02 |   1.568e+02 |
| cold_side---vapor mass fraction (-) | nan         | nan         | nan         | nan         | nan         | nan         | nan         | nan         | nan         | nan         | nan         | nan         | nan         | nan         | nan         | nan         | nan         | nan         | nan         | nan         | nan         | nan         | nan         | nan         | nan         | nan         | nan         | nan         | nan         | nan         | nan         | nan         | nan         | nan         | nan         | nan         | nan         | nan         | nan         | nan         |
| cold_side---differ number ()        |   4.430e+00 |   4.431e+00 |   4.432e+00 |   4.433e+00 |   4.434e+00 |   4.435e+00 |   4.436e+00 |   4.437e+00 |   4.439e+00 |   4.440e+00 |   4.441e+00 |   4.443e+00 |   4.444e+00 |   4.446e+00 |   4.448e+00 |   4.450e+00 |   4.451e+00 |   4.454e+00 |   4.456e+00 |   4.458e+00 |   4.458e+00 |   4.461e+00 |   4.463e+00 |   4.466e+00 |   4.469e+00 |   4.472e+00 |   4.476e+00 |   4.479e+00 |   4.483e+00 |   4.487e+00 |   4.491e+00 |   4.495e+00 |   4.500e+00 |   4.505e+00 |   4.509e+00 |   4.515e+00 |   4.520e+00 |   4.525e+00 |   4.531e+00 |   4.537e+00 |
+-------------------------------------+-------------+-------------+-------------+-------------+-------------+-------------+-------------+-------------+-------------+-------------+-------------+-------------+-------------+-------------+-------------+-------------+-------------+-------------+-------------+-------------+-------------+-------------+-------------+-------------+-------------+-------------+-------------+-------------+-------------+-------------+-------------+-------------+-------------+-------------+-------------+-------------+-------------+-------------+-------------+-------------+
##### RESULTS (Nodes: ExtractHeatExchanger: heatexchanger_c) #####
+-------------------------------------+-------------+-------------+-------------+-------------+-------------+-------------+-------------+-------------+-------------+-------------+-------------+-------------+-------------+-------------+-------------+-------------+-------------+-------------+-------------+-------------+-------------+-------------+-------------+-------------+-------------+-------------+-------------+-------------+-------------+-------------+-------------+-------------+-------------+-------------+-------------+-------------+-------------+-------------+-------------+-------------+
|                                     |           0 |           1 |           2 |           3 |           4 |           5 |           6 |           7 |           8 |           9 |          10 |          11 |          12 |          13 |          14 |          15 |          16 |          17 |          18 |          19 |          20 |          21 |          22 |          23 |          24 |          25 |          26 |          27 |          28 |          29 |          30 |          31 |          32 |          33 |          34 |          35 |          36 |          37 |          38 |          39 |
|-------------------------------------+-------------+-------------+-------------+-------------+-------------+-------------+-------------+-------------+-------------+-------------+-------------+-------------+-------------+-------------+-------------+-------------+-------------+-------------+-------------+-------------+-------------+-------------+-------------+-------------+-------------+-------------+-------------+-------------+-------------+-------------+-------------+-------------+-------------+-------------+-------------+-------------+-------------+-------------+-------------+-------------|
| hot_side---pressure (bar)           |   4.120e+01 |   4.120e+01 |   4.120e+01 |   4.120e+01 |   4.120e+01 |   4.120e+01 |   4.120e+01 |   4.120e+01 |   4.120e+01 |   4.120e+01 |   4.120e+01 |   4.120e+01 |   4.120e+01 |   4.120e+01 |   4.120e+01 |   4.120e+01 |   4.120e+01 |   4.120e+01 |   4.120e+01 |   4.120e+01 |   4.120e+01 |   4.120e+01 |   4.120e+01 |   4.120e+01 |   4.120e+01 |   4.120e+01 |   4.120e+01 |   4.120e+01 |   4.120e+01 |   4.120e+01 |   4.120e+01 |   4.120e+01 |   4.120e+01 |   4.120e+01 |   4.120e+01 |   4.120e+01 |   4.120e+01 |   4.120e+01 |   4.120e+01 |   4.120e+01 |
| hot_side---enthalpy (kJ / kg)       |   2.980e+03 |   2.840e+03 |   2.798e+03 |   2.779e+03 |   2.759e+03 |   2.737e+03 |   2.715e+03 |   2.693e+03 |   2.669e+03 |   2.644e+03 |   2.618e+03 |   2.590e+03 |   2.562e+03 |   2.532e+03 |   2.501e+03 |   2.469e+03 |   2.436e+03 |   2.400e+03 |   2.364e+03 |   2.325e+03 |   2.325e+03 |   2.284e+03 |   2.240e+03 |   2.194e+03 |   2.146e+03 |   2.097e+03 |   2.044e+03 |   1.989e+03 |   1.932e+03 |   1.872e+03 |   1.810e+03 |   1.744e+03 |   1.675e+03 |   1.604e+03 |   1.528e+03 |   1.450e+03 |   1.367e+03 |   1.281e+03 |   1.191e+03 |   1.096e+03 |
| hot_side---temperature (C)          |   3.081e+02 |   2.626e+02 |   2.521e+02 |   2.521e+02 |   2.521e+02 |   2.521e+02 |   2.521e+02 |   2.521e+02 |   2.521e+02 |   2.521e+02 |   2.521e+02 |   2.521e+02 |   2.521e+02 |   2.521e+02 |   2.521e+02 |   2.521e+02 |   2.521e+02 |   2.521e+02 |   2.521e+02 |   2.521e+02 |   2.521e+02 |   2.521e+02 |   2.521e+02 |   2.521e+02 |   2.521e+02 |   2.521e+02 |   2.521e+02 |   2.521e+02 |   2.521e+02 |   2.521e+02 |   2.521e+02 |   2.521e+02 |   2.521e+02 |   2.521e+02 |   2.521e+02 |   2.521e+02 |   2.521e+02 |   2.521e+02 |   2.521e+02 |   2.521e+02 |
| hot_side---vapor mass fraction (-)  | nan         | nan         |   9.988e-01 |   9.874e-01 |   9.756e-01 |   9.632e-01 |   9.503e-01 |   9.368e-01 |   9.228e-01 |   9.081e-01 |   8.928e-01 |   8.768e-01 |   8.602e-01 |   8.428e-01 |   8.247e-01 |   8.057e-01 |   7.860e-01 |   7.654e-01 |   7.439e-01 |   7.214e-01 |   7.214e-01 |   6.969e-01 |   6.713e-01 |   6.444e-01 |   6.164e-01 |   5.871e-01 |   5.564e-01 |   5.243e-01 |   4.907e-01 |   4.555e-01 |   4.187e-01 |   3.803e-01 |   3.400e-01 |   2.978e-01 |   2.537e-01 |   2.075e-01 |   1.591e-01 |   1.085e-01 |   5.551e-02 |  -1.185e-16 |
| hot_side---differ number ()         |   3.355e+01 |   2.655e+01 |   2.000e+00 |   2.000e+00 |   2.000e+00 |   2.000e+00 |   2.000e+00 |   2.000e+00 |   2.000e+00 |   2.000e+00 |   2.000e+00 |   2.000e+00 |   2.000e+00 |   2.000e+00 |   2.000e+00 |   2.000e+00 |   2.000e+00 |   2.000e+00 |   2.000e+00 |   2.000e+00 |   2.000e+00 |   2.000e+00 |   2.000e+00 |   2.000e+00 |   2.000e+00 |   2.000e+00 |   2.000e+00 |   2.000e+00 |   2.000e+00 |   2.000e+00 |   2.000e+00 |   2.000e+00 |   2.000e+00 |   2.000e+00 |   2.000e+00 |   2.000e+00 |   2.000e+00 |   2.000e+00 |   2.000e+00 |   1.095e+01 |
| cold_side---pressure (bar)          |   1.931e+02 |   1.931e+02 |   1.931e+02 |   1.931e+02 |   1.931e+02 |   1.931e+02 |   1.931e+02 |   1.931e+02 |   1.931e+02 |   1.931e+02 |   1.931e+02 |   1.931e+02 |   1.931e+02 |   1.931e+02 |   1.931e+02 |   1.931e+02 |   1.931e+02 |   1.931e+02 |   1.931e+02 |   1.931e+02 |   1.931e+02 |   1.931e+02 |   1.931e+02 |   1.931e+02 |   1.931e+02 |   1.931e+02 |   1.931e+02 |   1.931e+02 |   1.931e+02 |   1.931e+02 |   1.931e+02 |   1.931e+02 |   1.931e+02 |   1.931e+02 |   1.931e+02 |   1.931e+02 |   1.931e+02 |   1.931e+02 |   1.931e+02 |   1.931e+02 |
| cold_side---enthalpy (kJ / kg)      |   1.073e+03 |   1.061e+03 |   1.057e+03 |   1.055e+03 |   1.054e+03 |   1.052e+03 |   1.050e+03 |   1.048e+03 |   1.046e+03 |   1.044e+03 |   1.041e+03 |   1.039e+03 |   1.037e+03 |   1.034e+03 |   1.031e+03 |   1.029e+03 |   1.026e+03 |   1.023e+03 |   1.019e+03 |   1.016e+03 |   1.016e+03 |   1.012e+03 |   1.009e+03 |   1.005e+03 |   1.000e+03 |   9.961e+02 |   9.915e+02 |   9.867e+02 |   9.818e+02 |   9.765e+02 |   9.711e+02 |   9.654e+02 |   9.594e+02 |   9.531e+02 |   9.466e+02 |   9.397e+02 |   9.326e+02 |   9.250e+02 |   9.172e+02 |   9.089e+02 |
| cold_side---temperature (C)         |   2.471e+02 |   2.445e+02 |   2.437e+02 |   2.433e+02 |   2.430e+02 |   2.426e+02 |   2.422e+02 |   2.417e+02 |   2.413e+02 |   2.408e+02 |   2.403e+02 |   2.398e+02 |   2.393e+02 |   2.387e+02 |   2.381e+02 |   2.375e+02 |   2.369e+02 |   2.362e+02 |   2.355e+02 |   2.348e+02 |   2.348e+02 |   2.340e+02 |   2.332e+02 |   2.323e+02 |   2.314e+02 |   2.304e+02 |   2.294e+02 |   2.284e+02 |   2.273e+02 |   2.261e+02 |   2.249e+02 |   2.237e+02 |   2.223e+02 |   2.209e+02 |   2.195e+02 |   2.180e+02 |   2.164e+02 |   2.147e+02 |   2.129e+02 |   2.111e+02 |
| cold_side---vapor mass fraction (-) | nan         | nan         | nan         | nan         | nan         | nan         | nan         | nan         | nan         | nan         | nan         | nan         | nan         | nan         | nan         | nan         | nan         | nan         | nan         | nan         | nan         | nan         | nan         | nan         | nan         | nan         | nan         | nan         | nan         | nan         | nan         | nan         | nan         | nan         | nan         | nan         | nan         | nan         | nan         | nan         |
| cold_side---differ number ()        |   3.633e+00 |   3.640e+00 |   3.642e+00 |   3.643e+00 |   3.644e+00 |   3.645e+00 |   3.646e+00 |   3.647e+00 |   3.648e+00 |   3.649e+00 |   3.650e+00 |   3.652e+00 |   3.653e+00 |   3.654e+00 |   3.656e+00 |   3.657e+00 |   3.659e+00 |   3.660e+00 |   3.662e+00 |   3.664e+00 |   3.664e+00 |   3.666e+00 |   3.668e+00 |   3.670e+00 |   3.672e+00 |   3.674e+00 |   3.676e+00 |   3.678e+00 |   3.681e+00 |   3.683e+00 |   3.686e+00 |   3.688e+00 |   3.691e+00 |   3.694e+00 |   3.697e+00 |   3.700e+00 |   3.703e+00 |   3.706e+00 |   3.710e+00 |   3.713e+00 |
+-------------------------------------+-------------+-------------+-------------+-------------+-------------+-------------+-------------+-------------+-------------+-------------+-------------+-------------+-------------+-------------+-------------+-------------+-------------+-------------+-------------+-------------+-------------+-------------+-------------+-------------+-------------+-------------+-------------+-------------+-------------+-------------+-------------+-------------+-------------+-------------+-------------+-------------+-------------+-------------+-------------+-------------+
##### RESULTS (Nodes: OverHeater: heatexchanger_d) #####
+-------------------------------------+-------------+-------------+-------------+-------------+-------------+-------------+-------------+-------------+-------------+-------------+-------------+-------------+-------------+-------------+-------------+-------------+-------------+-------------+-------------+-------------+-------------+-------------+-------------+-------------+-------------+-------------+-------------+-------------+-------------+-------------+-------------+-------------+-------------+-------------+-------------+-------------+-------------+-------------+-------------+-------------+
|                                     |           0 |           1 |           2 |           3 |           4 |           5 |           6 |           7 |           8 |           9 |          10 |          11 |          12 |          13 |          14 |          15 |          16 |          17 |          18 |          19 |          20 |          21 |          22 |          23 |          24 |          25 |          26 |          27 |          28 |          29 |          30 |          31 |          32 |          33 |          34 |          35 |          36 |          37 |          38 |          39 |
|-------------------------------------+-------------+-------------+-------------+-------------+-------------+-------------+-------------+-------------+-------------+-------------+-------------+-------------+-------------+-------------+-------------+-------------+-------------+-------------+-------------+-------------+-------------+-------------+-------------+-------------+-------------+-------------+-------------+-------------+-------------+-------------+-------------+-------------+-------------+-------------+-------------+-------------+-------------+-------------+-------------+-------------|
| hot_side---pressure (bar)           |   2.150e+01 |   2.150e+01 |   2.150e+01 |   2.150e+01 |   2.150e+01 |   2.150e+01 |   2.150e+01 |   2.150e+01 |   2.150e+01 |   2.150e+01 |   2.150e+01 |   2.150e+01 |   2.150e+01 |   2.150e+01 |   2.150e+01 |   2.150e+01 |   2.150e+01 |   2.150e+01 |   2.150e+01 |   2.150e+01 |   2.150e+01 |   2.150e+01 |   2.150e+01 |   2.150e+01 |   2.150e+01 |   2.150e+01 |   2.150e+01 |   2.150e+01 |   2.150e+01 |   2.150e+01 |   2.150e+01 |   2.150e+01 |   2.150e+01 |   2.150e+01 |   2.150e+01 |   2.150e+01 |   2.150e+01 |   2.150e+01 |   2.150e+01 |   2.150e+01 |
| hot_side---enthalpy (kJ / kg)       |   3.346e+03 |   3.334e+03 |   3.322e+03 |   3.311e+03 |   3.299e+03 |   3.289e+03 |   3.278e+03 |   3.268e+03 |   3.258e+03 |   3.248e+03 |   3.238e+03 |   3.229e+03 |   3.220e+03 |   3.211e+03 |   3.203e+03 |   3.195e+03 |   3.186e+03 |   3.179e+03 |   3.171e+03 |   3.164e+03 |   3.164e+03 |   3.157e+03 |   3.150e+03 |   3.143e+03 |   3.137e+03 |   3.130e+03 |   3.124e+03 |   3.118e+03 |   3.112e+03 |   3.107e+03 |   3.101e+03 |   3.096e+03 |   3.090e+03 |   3.085e+03 |   3.080e+03 |   3.075e+03 |   3.071e+03 |   3.066e+03 |   3.062e+03 |   3.057e+03 |
| hot_side---temperature (C)          |   4.455e+02 |   4.400e+02 |   4.346e+02 |   4.293e+02 |   4.243e+02 |   4.193e+02 |   4.145e+02 |   4.098e+02 |   4.053e+02 |   4.009e+02 |   3.966e+02 |   3.924e+02 |   3.883e+02 |   3.844e+02 |   3.806e+02 |   3.769e+02 |   3.732e+02 |   3.697e+02 |   3.663e+02 |   3.630e+02 |   3.630e+02 |   3.599e+02 |   3.568e+02 |   3.538e+02 |   3.509e+02 |   3.481e+02 |   3.454e+02 |   3.428e+02 |   3.402e+02 |   3.377e+02 |   3.352e+02 |   3.329e+02 |   3.305e+02 |   3.283e+02 |   3.261e+02 |   3.240e+02 |   3.219e+02 |   3.199e+02 |   3.180e+02 |   3.161e+02 |
| hot_side---vapor mass fraction (-)  | nan         | nan         | nan         | nan         | nan         | nan         | nan         | nan         | nan         | nan         | nan         | nan         | nan         | nan         | nan         | nan         | nan         | nan         | nan         | nan         | nan         | nan         | nan         | nan         | nan         | nan         | nan         | nan         | nan         | nan         | nan         | nan         | nan         | nan         | nan         | nan         | nan         | nan         | nan         | nan         |
| hot_side---differ number ()         |   3.095e+00 |   3.095e+00 |   3.095e+00 |   3.095e+00 |   3.094e+00 |   3.094e+00 |   3.093e+00 |   3.093e+00 |   3.092e+00 |   3.091e+00 |   3.090e+00 |   3.090e+00 |   3.089e+00 |   3.087e+00 |   3.086e+00 |   3.085e+00 |   3.084e+00 |   3.083e+00 |   3.081e+00 |   3.080e+00 |   3.080e+00 |   3.078e+00 |   3.077e+00 |   3.075e+00 |   3.074e+00 |   3.072e+00 |   3.070e+00 |   3.069e+00 |   3.067e+00 |   3.065e+00 |   3.063e+00 |   3.062e+00 |   3.060e+00 |   3.058e+00 |   3.056e+00 |   3.054e+00 |   3.052e+00 |   3.050e+00 |   3.048e+00 |   3.046e+00 |
| cold_side---pressure (bar)          |   1.930e+02 |   1.930e+02 |   1.930e+02 |   1.930e+02 |   1.930e+02 |   1.930e+02 |   1.930e+02 |   1.930e+02 |   1.930e+02 |   1.930e+02 |   1.930e+02 |   1.930e+02 |   1.930e+02 |   1.930e+02 |   1.930e+02 |   1.930e+02 |   1.930e+02 |   1.930e+02 |   1.930e+02 |   1.930e+02 |   1.930e+02 |   1.930e+02 |   1.930e+02 |   1.930e+02 |   1.930e+02 |   1.930e+02 |   1.930e+02 |   1.930e+02 |   1.930e+02 |   1.930e+02 |   1.930e+02 |   1.930e+02 |   1.930e+02 |   1.930e+02 |   1.930e+02 |   1.930e+02 |   1.930e+02 |   1.930e+02 |   1.930e+02 |   1.931e+02 |
| cold_side---enthalpy (kJ / kg)      |   1.103e+03 |   1.102e+03 |   1.101e+03 |   1.099e+03 |   1.098e+03 |   1.097e+03 |   1.096e+03 |   1.095e+03 |   1.094e+03 |   1.093e+03 |   1.092e+03 |   1.091e+03 |   1.090e+03 |   1.089e+03 |   1.088e+03 |   1.087e+03 |   1.086e+03 |   1.086e+03 |   1.085e+03 |   1.084e+03 |   1.084e+03 |   1.083e+03 |   1.083e+03 |   1.082e+03 |   1.081e+03 |   1.081e+03 |   1.080e+03 |   1.079e+03 |   1.079e+03 |   1.078e+03 |   1.078e+03 |   1.077e+03 |   1.077e+03 |   1.076e+03 |   1.075e+03 |   1.075e+03 |   1.074e+03 |   1.074e+03 |   1.074e+03 |   1.073e+03 |
| cold_side---temperature (C)         |   2.535e+02 |   2.532e+02 |   2.530e+02 |   2.527e+02 |   2.525e+02 |   2.522e+02 |   2.520e+02 |   2.518e+02 |   2.515e+02 |   2.513e+02 |   2.511e+02 |   2.509e+02 |   2.507e+02 |   2.505e+02 |   2.503e+02 |   2.502e+02 |   2.500e+02 |   2.498e+02 |   2.496e+02 |   2.495e+02 |   2.495e+02 |   2.493e+02 |   2.492e+02 |   2.490e+02 |   2.489e+02 |   2.487e+02 |   2.486e+02 |   2.485e+02 |   2.483e+02 |   2.482e+02 |   2.481e+02 |   2.480e+02 |   2.478e+02 |   2.477e+02 |   2.476e+02 |   2.475e+02 |   2.474e+02 |   2.473e+02 |   2.472e+02 |   2.471e+02 |
| cold_side---vapor mass fraction (-) | nan         | nan         | nan         | nan         | nan         | nan         | nan         | nan         | nan         | nan         | nan         | nan         | nan         | nan         | nan         | nan         | nan         | nan         | nan         | nan         | nan         | nan         | nan         | nan         | nan         | nan         | nan         | nan         | nan         | nan         | nan         | nan         | nan         | nan         | nan         | nan         | nan         | nan         | nan         | nan         |
| cold_side---differ number ()        |   2.053e+00 |   2.053e+00 |   2.053e+00 |   2.053e+00 |   2.053e+00 |   2.053e+00 |   2.053e+00 |   2.053e+00 |   2.053e+00 |   2.053e+00 |   2.053e+00 |   2.053e+00 |   2.053e+00 |   2.053e+00 |   2.053e+00 |   2.053e+00 |   2.053e+00 |   2.053e+00 |   2.053e+00 |   2.053e+00 |   2.053e+00 |   2.053e+00 |   2.053e+00 |   2.053e+00 |   2.053e+00 |   2.053e+00 |   2.053e+00 |   2.053e+00 |   2.053e+00 |   2.053e+00 |   2.053e+00 |   2.053e+00 |   2.054e+00 |   2.054e+00 |   2.054e+00 |   2.054e+00 |   2.054e+00 |   2.054e+00 |   2.054e+00 |   2.054e+00 |
+-------------------------------------+-------------+-------------+-------------+-------------+-------------+-------------+-------------+-------------+-------------+-------------+-------------+-------------+-------------+-------------+-------------+-------------+-------------+-------------+-------------+-------------+-------------+-------------+-------------+-------------+-------------+-------------+-------------+-------------+-------------+-------------+-------------+-------------+-------------+-------------+-------------+-------------+-------------+-------------+-------------+-------------+
##### RESULTS (Nodes: ExtractHeatExchanger: heatexchanger_e) #####
+-------------------------------------+-------------+-------------+-------------+-------------+-------------+-------------+-------------+-------------+-------------+-------------+-------------+-------------+-------------+-------------+-------------+-------------+-------------+-------------+-------------+-------------+-------------+-------------+-------------+-------------+-------------+-------------+-------------+-------------+-------------+-------------+-------------+-------------+-------------+-------------+-------------+-------------+-------------+-------------+-------------+-------------+
|                                     |           0 |           1 |           2 |           3 |           4 |           5 |           6 |           7 |           8 |           9 |          10 |          11 |          12 |          13 |          14 |          15 |          16 |          17 |          18 |          19 |          20 |          21 |          22 |          23 |          24 |          25 |          26 |          27 |          28 |          29 |          30 |          31 |          32 |          33 |          34 |          35 |          36 |          37 |          38 |          39 |
|-------------------------------------+-------------+-------------+-------------+-------------+-------------+-------------+-------------+-------------+-------------+-------------+-------------+-------------+-------------+-------------+-------------+-------------+-------------+-------------+-------------+-------------+-------------+-------------+-------------+-------------+-------------+-------------+-------------+-------------+-------------+-------------+-------------+-------------+-------------+-------------+-------------+-------------+-------------+-------------+-------------+-------------|
| hot_side---pressure (bar)           |   3.900e+00 |   3.900e+00 |   3.900e+00 |   3.900e+00 |   3.900e+00 |   3.900e+00 |   3.900e+00 |   3.900e+00 |   3.900e+00 |   3.900e+00 |   3.900e+00 |   3.900e+00 |   3.900e+00 |   3.900e+00 |   3.900e+00 |   3.900e+00 |   3.900e+00 |   3.900e+00 |   3.900e+00 |   3.900e+00 |   3.900e+00 |   3.900e+00 |   3.900e+00 |   3.900e+00 |   3.900e+00 |   3.900e+00 |   3.900e+00 |   3.900e+00 |   3.900e+00 |   3.900e+00 |   3.900e+00 |   3.900e+00 |   3.900e+00 |   3.900e+00 |   3.900e+00 |   3.900e+00 |   3.900e+00 |   3.900e+00 |   3.900e+00 |   3.900e+00 |
| hot_side---enthalpy (kJ / kg)       |   2.937e+03 |   2.666e+03 |   2.642e+03 |   2.617e+03 |   2.590e+03 |   2.563e+03 |   2.534e+03 |   2.505e+03 |   2.474e+03 |   2.442e+03 |   2.408e+03 |   2.374e+03 |   2.338e+03 |   2.300e+03 |   2.261e+03 |   2.221e+03 |   2.179e+03 |   2.135e+03 |   2.089e+03 |   2.042e+03 |   2.042e+03 |   1.991e+03 |   1.937e+03 |   1.882e+03 |   1.824e+03 |   1.763e+03 |   1.700e+03 |   1.635e+03 |   1.567e+03 |   1.496e+03 |   1.422e+03 |   1.345e+03 |   1.265e+03 |   1.181e+03 |   1.094e+03 |   1.003e+03 |   9.086e+02 |   8.102e+02 |   7.076e+02 |   6.007e+02 |
| hot_side---temperature (C)          |   2.365e+02 |   1.427e+02 |   1.427e+02 |   1.427e+02 |   1.427e+02 |   1.427e+02 |   1.427e+02 |   1.427e+02 |   1.427e+02 |   1.427e+02 |   1.427e+02 |   1.427e+02 |   1.427e+02 |   1.427e+02 |   1.427e+02 |   1.427e+02 |   1.427e+02 |   1.427e+02 |   1.427e+02 |   1.427e+02 |   1.427e+02 |   1.427e+02 |   1.427e+02 |   1.427e+02 |   1.427e+02 |   1.427e+02 |   1.427e+02 |   1.427e+02 |   1.427e+02 |   1.427e+02 |   1.427e+02 |   1.427e+02 |   1.427e+02 |   1.427e+02 |   1.427e+02 |   1.427e+02 |   1.427e+02 |   1.427e+02 |   1.427e+02 |   1.427e+02 |
| hot_side---vapor mass fraction (-)  | nan         |   9.670e-01 |   9.556e-01 |   9.437e-01 |   9.313e-01 |   9.185e-01 |   9.051e-01 |   8.913e-01 |   8.768e-01 |   8.618e-01 |   8.462e-01 |   8.300e-01 |   8.131e-01 |   7.956e-01 |   7.773e-01 |   7.584e-01 |   7.386e-01 |   7.181e-01 |   6.968e-01 |   6.747e-01 |   6.747e-01 |   6.507e-01 |   6.257e-01 |   5.996e-01 |   5.725e-01 |   5.442e-01 |   5.148e-01 |   4.842e-01 |   4.523e-01 |   4.190e-01 |   3.844e-01 |   3.483e-01 |   3.108e-01 |   2.716e-01 |   2.308e-01 |   1.884e-01 |   1.441e-01 |   9.804e-02 |   5.002e-02 |   0.000e+00 |
| hot_side---differ number ()         |   5.257e+01 |   2.000e+00 |   2.000e+00 |   2.000e+00 |   2.000e+00 |   2.000e+00 |   2.000e+00 |   2.000e+00 |   2.000e+00 |   2.000e+00 |   2.000e+00 |   2.000e+00 |   2.000e+00 |   2.000e+00 |   2.000e+00 |   2.000e+00 |   2.000e+00 |   2.000e+00 |   2.000e+00 |   2.000e+00 |   2.000e+00 |   2.000e+00 |   2.000e+00 |   2.000e+00 |   2.000e+00 |   2.000e+00 |   2.000e+00 |   2.000e+00 |   2.000e+00 |   2.000e+00 |   2.000e+00 |   2.000e+00 |   2.000e+00 |   2.000e+00 |   2.000e+00 |   2.000e+00 |   2.000e+00 |   2.000e+00 |   2.000e+00 |   1.413e+01 |
| cold_side---pressure (bar)          |   3.650e+00 |   3.651e+00 |   3.653e+00 |   3.654e+00 |   3.655e+00 |   3.657e+00 |   3.658e+00 |   3.659e+00 |   3.661e+00 |   3.662e+00 |   3.663e+00 |   3.664e+00 |   3.666e+00 |   3.667e+00 |   3.668e+00 |   3.670e+00 |   3.671e+00 |   3.672e+00 |   3.674e+00 |   3.675e+00 |   3.675e+00 |   3.676e+00 |   3.678e+00 |   3.679e+00 |   3.680e+00 |   3.682e+00 |   3.683e+00 |   3.684e+00 |   3.686e+00 |   3.687e+00 |   3.688e+00 |   3.689e+00 |   3.691e+00 |   3.692e+00 |   3.693e+00 |   3.695e+00 |   3.696e+00 |   3.697e+00 |   3.699e+00 |   3.700e+00 |
| cold_side---enthalpy (kJ / kg)      |   5.793e+02 |   5.626e+02 |   5.611e+02 |   5.595e+02 |   5.579e+02 |   5.562e+02 |   5.544e+02 |   5.526e+02 |   5.507e+02 |   5.487e+02 |   5.466e+02 |   5.445e+02 |   5.423e+02 |   5.400e+02 |   5.375e+02 |   5.350e+02 |   5.324e+02 |   5.297e+02 |   5.269e+02 |   5.240e+02 |   5.240e+02 |   5.208e+02 |   5.175e+02 |   5.141e+02 |   5.105e+02 |   5.068e+02 |   5.029e+02 |   4.988e+02 |   4.946e+02 |   4.902e+02 |   4.857e+02 |   4.809e+02 |   4.759e+02 |   4.708e+02 |   4.654e+02 |   4.598e+02 |   4.539e+02 |   4.479e+02 |   4.415e+02 |   4.349e+02 |
| cold_side---temperature (C)         |   1.377e+02 |   1.338e+02 |   1.334e+02 |   1.331e+02 |   1.327e+02 |   1.323e+02 |   1.319e+02 |   1.314e+02 |   1.310e+02 |   1.305e+02 |   1.300e+02 |   1.295e+02 |   1.290e+02 |   1.285e+02 |   1.279e+02 |   1.273e+02 |   1.267e+02 |   1.261e+02 |   1.254e+02 |   1.247e+02 |   1.247e+02 |   1.240e+02 |   1.232e+02 |   1.224e+02 |   1.215e+02 |   1.207e+02 |   1.198e+02 |   1.188e+02 |   1.178e+02 |   1.168e+02 |   1.157e+02 |   1.146e+02 |   1.134e+02 |   1.122e+02 |   1.109e+02 |   1.096e+02 |   1.082e+02 |   1.068e+02 |   1.053e+02 |   1.037e+02 |
| cold_side---vapor mass fraction (-) | nan         | nan         | nan         | nan         | nan         | nan         | nan         | nan         | nan         | nan         | nan         | nan         | nan         | nan         | nan         | nan         | nan         | nan         | nan         | nan         | nan         | nan         | nan         | nan         | nan         | nan         | nan         | nan         | nan         | nan         | nan         | nan         | nan         | nan         | nan         | nan         | nan         | nan         | nan         | nan         |
| cold_side---differ number ()        |   3.504e+00 |   3.507e+00 |   3.507e+00 |   3.507e+00 |   3.508e+00 |   3.508e+00 |   3.508e+00 |   3.509e+00 |   3.509e+00 |   3.509e+00 |   3.510e+00 |   3.510e+00 |   3.510e+00 |   3.511e+00 |   3.511e+00 |   3.511e+00 |   3.512e+00 |   3.512e+00 |   3.513e+00 |   3.513e+00 |   3.513e+00 |   3.514e+00 |   3.514e+00 |   3.515e+00 |   3.515e+00 |   3.516e+00 |   3.516e+00 |   3.517e+00 |   3.517e+00 |   3.518e+00 |   3.519e+00 |   3.519e+00 |   3.520e+00 |   3.520e+00 |   3.521e+00 |   3.522e+00 |   3.522e+00 |   3.523e+00 |   3.524e+00 |   3.525e+00 |
+-------------------------------------+-------------+-------------+-------------+-------------+-------------+-------------+-------------+-------------+-------------+-------------+-------------+-------------+-------------+-------------+-------------+-------------+-------------+-------------+-------------+-------------+-------------+-------------+-------------+-------------+-------------+-------------+-------------+-------------+-------------+-------------+-------------+-------------+-------------+-------------+-------------+-------------+-------------+-------------+-------------+-------------+
##### RESULTS (Nodes: HeatExchanger: heatexchanger_f) #####
+-------------------------------------+-------------+-------------+-------------+-------------+-------------+-------------+-------------+-------------+-------------+-------------+-------------+-------------+-------------+-------------+-------------+-------------+-------------+-------------+-------------+-------------+-------------+-------------+-------------+-------------+-------------+-------------+-------------+-------------+-------------+-------------+-------------+-------------+-------------+-------------+-------------+-------------+-------------+-------------+-------------+-------------+
|                                     |           0 |           1 |           2 |           3 |           4 |           5 |           6 |           7 |           8 |           9 |          10 |          11 |          12 |          13 |          14 |          15 |          16 |          17 |          18 |          19 |          20 |          21 |          22 |          23 |          24 |          25 |          26 |          27 |          28 |          29 |          30 |          31 |          32 |          33 |          34 |          35 |          36 |          37 |          38 |          39 |
|-------------------------------------+-------------+-------------+-------------+-------------+-------------+-------------+-------------+-------------+-------------+-------------+-------------+-------------+-------------+-------------+-------------+-------------+-------------+-------------+-------------+-------------+-------------+-------------+-------------+-------------+-------------+-------------+-------------+-------------+-------------+-------------+-------------+-------------+-------------+-------------+-------------+-------------+-------------+-------------+-------------+-------------|
| hot_side---pressure (bar)           |   3.900e+00 |   3.900e+00 |   3.900e+00 |   3.900e+00 |   3.900e+00 |   3.900e+00 |   3.900e+00 |   3.900e+00 |   3.900e+00 |   3.900e+00 |   3.900e+00 |   3.900e+00 |   3.900e+00 |   3.900e+00 |   3.900e+00 |   3.900e+00 |   3.900e+00 |   3.900e+00 |   3.900e+00 |   3.900e+00 |   3.900e+00 |   3.900e+00 |   3.900e+00 |   3.900e+00 |   3.900e+00 |   3.900e+00 |   3.900e+00 |   3.900e+00 |   3.900e+00 |   3.900e+00 |   3.900e+00 |   3.900e+00 |   3.900e+00 |   3.900e+00 |   3.900e+00 |   3.900e+00 |   3.900e+00 |   3.900e+00 |   3.900e+00 |   3.900e+00 |
| hot_side---enthalpy (kJ / kg)       |   6.007e+02 |   5.912e+02 |   5.822e+02 |   5.736e+02 |   5.656e+02 |   5.579e+02 |   5.507e+02 |   5.438e+02 |   5.373e+02 |   5.312e+02 |   5.254e+02 |   5.199e+02 |   5.147e+02 |   5.098e+02 |   5.052e+02 |   5.008e+02 |   4.966e+02 |   4.927e+02 |   4.889e+02 |   4.854e+02 |   4.854e+02 |   4.823e+02 |   4.793e+02 |   4.764e+02 |   4.737e+02 |   4.712e+02 |   4.687e+02 |   4.664e+02 |   4.642e+02 |   4.622e+02 |   4.602e+02 |   4.583e+02 |   4.566e+02 |   4.549e+02 |   4.533e+02 |   4.518e+02 |   4.504e+02 |   4.490e+02 |   4.477e+02 |   4.465e+02 |
| hot_side---temperature (C)          |   1.427e+02 |   1.405e+02 |   1.384e+02 |   1.364e+02 |   1.345e+02 |   1.327e+02 |   1.310e+02 |   1.294e+02 |   1.279e+02 |   1.264e+02 |   1.251e+02 |   1.238e+02 |   1.225e+02 |   1.214e+02 |   1.203e+02 |   1.192e+02 |   1.183e+02 |   1.173e+02 |   1.165e+02 |   1.156e+02 |   1.156e+02 |   1.149e+02 |   1.142e+02 |   1.135e+02 |   1.129e+02 |   1.123e+02 |   1.117e+02 |   1.111e+02 |   1.106e+02 |   1.101e+02 |   1.097e+02 |   1.092e+02 |   1.088e+02 |   1.084e+02 |   1.080e+02 |   1.077e+02 |   1.073e+02 |   1.070e+02 |   1.067e+02 |   1.064e+02 |
| hot_side---vapor mass fraction (-)  |   0.000e+00 | nan         | nan         | nan         | nan         | nan         | nan         | nan         | nan         | nan         | nan         | nan         | nan         | nan         | nan         | nan         | nan         | nan         | nan         | nan         | nan         | nan         | nan         | nan         | nan         | nan         | nan         | nan         | nan         | nan         | nan         | nan         | nan         | nan         | nan         | nan         | nan         | nan         | nan         | nan         |
| hot_side---differ number ()         |   3.083e+00 |   4.168e+00 |   4.170e+00 |   4.172e+00 |   4.174e+00 |   4.176e+00 |   4.178e+00 |   4.180e+00 |   4.181e+00 |   4.183e+00 |   4.184e+00 |   4.185e+00 |   4.186e+00 |   4.187e+00 |   4.188e+00 |   4.189e+00 |   4.190e+00 |   4.191e+00 |   4.191e+00 |   4.192e+00 |   4.192e+00 |   4.193e+00 |   4.193e+00 |   4.194e+00 |   4.194e+00 |   4.195e+00 |   4.195e+00 |   4.195e+00 |   4.196e+00 |   4.196e+00 |   4.197e+00 |   4.197e+00 |   4.197e+00 |   4.197e+00 |   4.198e+00 |   4.198e+00 |   4.198e+00 |   4.198e+00 |   4.199e+00 |   4.199e+00 |
| cold_side---pressure (bar)          |   3.700e+00 |   3.701e+00 |   3.703e+00 |   3.704e+00 |   3.705e+00 |   3.707e+00 |   3.708e+00 |   3.709e+00 |   3.711e+00 |   3.712e+00 |   3.713e+00 |   3.714e+00 |   3.716e+00 |   3.717e+00 |   3.718e+00 |   3.720e+00 |   3.721e+00 |   3.722e+00 |   3.724e+00 |   3.725e+00 |   3.725e+00 |   3.726e+00 |   3.728e+00 |   3.729e+00 |   3.730e+00 |   3.732e+00 |   3.733e+00 |   3.734e+00 |   3.736e+00 |   3.737e+00 |   3.738e+00 |   3.739e+00 |   3.741e+00 |   3.742e+00 |   3.743e+00 |   3.745e+00 |   3.746e+00 |   3.747e+00 |   3.749e+00 |   3.750e+00 |
| cold_side---enthalpy (kJ / kg)      |   4.349e+02 |   4.343e+02 |   4.338e+02 |   4.332e+02 |   4.327e+02 |   4.323e+02 |   4.318e+02 |   4.314e+02 |   4.310e+02 |   4.306e+02 |   4.303e+02 |   4.299e+02 |   4.296e+02 |   4.293e+02 |   4.290e+02 |   4.287e+02 |   4.285e+02 |   4.282e+02 |   4.280e+02 |   4.278e+02 |   4.278e+02 |   4.276e+02 |   4.274e+02 |   4.272e+02 |   4.271e+02 |   4.269e+02 |   4.268e+02 |   4.266e+02 |   4.265e+02 |   4.264e+02 |   4.262e+02 |   4.261e+02 |   4.260e+02 |   4.259e+02 |   4.258e+02 |   4.257e+02 |   4.256e+02 |   4.255e+02 |   4.255e+02 |   4.254e+02 |
| cold_side---temperature (C)         |   1.037e+02 |   1.035e+02 |   1.034e+02 |   1.033e+02 |   1.032e+02 |   1.031e+02 |   1.030e+02 |   1.029e+02 |   1.028e+02 |   1.027e+02 |   1.026e+02 |   1.025e+02 |   1.024e+02 |   1.024e+02 |   1.023e+02 |   1.022e+02 |   1.022e+02 |   1.021e+02 |   1.020e+02 |   1.020e+02 |   1.020e+02 |   1.020e+02 |   1.019e+02 |   1.019e+02 |   1.018e+02 |   1.018e+02 |   1.018e+02 |   1.017e+02 |   1.017e+02 |   1.017e+02 |   1.016e+02 |   1.016e+02 |   1.016e+02 |   1.016e+02 |   1.015e+02 |   1.015e+02 |   1.015e+02 |   1.015e+02 |   1.014e+02 |   1.014e+02 |
| cold_side---vapor mass fraction (-) | nan         | nan         | nan         | nan         | nan         | nan         | nan         | nan         | nan         | nan         | nan         | nan         | nan         | nan         | nan         | nan         | nan         | nan         | nan         | nan         | nan         | nan         | nan         | nan         | nan         | nan         | nan         | nan         | nan         | nan         | nan         | nan         | nan         | nan         | nan         | nan         | nan         | nan         | nan         | nan         |
| cold_side---differ number ()        |   2.136e+00 |   2.136e+00 |   2.136e+00 |   2.136e+00 |   2.136e+00 |   2.136e+00 |   2.136e+00 |   2.136e+00 |   2.136e+00 |   2.136e+00 |   2.136e+00 |   2.136e+00 |   2.136e+00 |   2.136e+00 |   2.136e+00 |   2.136e+00 |   2.136e+00 |   2.136e+00 |   2.136e+00 |   2.136e+00 |   2.136e+00 |   2.136e+00 |   2.136e+00 |   2.136e+00 |   2.136e+00 |   2.136e+00 |   2.136e+00 |   2.136e+00 |   2.136e+00 |   2.136e+00 |   2.136e+00 |   2.136e+00 |   2.136e+00 |   2.136e+00 |   2.136e+00 |   2.136e+00 |   2.136e+00 |   2.136e+00 |   2.136e+00 |   2.136e+00 |
+-------------------------------------+-------------+-------------+-------------+-------------+-------------+-------------+-------------+-------------+-------------+-------------+-------------+-------------+-------------+-------------+-------------+-------------+-------------+-------------+-------------+-------------+-------------+-------------+-------------+-------------+-------------+-------------+-------------+-------------+-------------+-------------+-------------+-------------+-------------+-------------+-------------+-------------+-------------+-------------+-------------+-------------+
##### RESULTS (Nodes: ExtractHeatExchanger: heatexchanger_g) #####
+-------------------------------------+-------------+-------------+-------------+-------------+-------------+-------------+-------------+-------------+-------------+-------------+-------------+-------------+-------------+-------------+-------------+-------------+-------------+-------------+-------------+-------------+-------------+-------------+-------------+-------------+-------------+-------------+-------------+-------------+-------------+-------------+-------------+-------------+-------------+-------------+-------------+-------------+-------------+-------------+-------------+-------------+
|                                     |           0 |           1 |           2 |           3 |           4 |           5 |           6 |           7 |           8 |           9 |          10 |          11 |          12 |          13 |          14 |          15 |          16 |          17 |          18 |          19 |          20 |          21 |          22 |          23 |          24 |          25 |          26 |          27 |          28 |          29 |          30 |          31 |          32 |          33 |          34 |          35 |          36 |          37 |          38 |          39 |
|-------------------------------------+-------------+-------------+-------------+-------------+-------------+-------------+-------------+-------------+-------------+-------------+-------------+-------------+-------------+-------------+-------------+-------------+-------------+-------------+-------------+-------------+-------------+-------------+-------------+-------------+-------------+-------------+-------------+-------------+-------------+-------------+-------------+-------------+-------------+-------------+-------------+-------------+-------------+-------------+-------------+-------------|
| hot_side---pressure (bar)           |   1.270e+00 |   1.270e+00 |   1.270e+00 |   1.270e+00 |   1.270e+00 |   1.270e+00 |   1.270e+00 |   1.270e+00 |   1.270e+00 |   1.270e+00 |   1.270e+00 |   1.270e+00 |   1.270e+00 |   1.270e+00 |   1.270e+00 |   1.270e+00 |   1.270e+00 |   1.270e+00 |   1.270e+00 |   1.270e+00 |   1.270e+00 |   1.270e+00 |   1.270e+00 |   1.270e+00 |   1.270e+00 |   1.270e+00 |   1.270e+00 |   1.270e+00 |   1.270e+00 |   1.270e+00 |   1.270e+00 |   1.270e+00 |   1.270e+00 |   1.270e+00 |   1.270e+00 |   1.270e+00 |   1.270e+00 |   1.270e+00 |   1.270e+00 |   1.270e+00 |
| hot_side---enthalpy (kJ / kg)       |   1.630e+03 |   1.621e+03 |   1.611e+03 |   1.601e+03 |   1.591e+03 |   1.579e+03 |   1.567e+03 |   1.555e+03 |   1.542e+03 |   1.528e+03 |   1.513e+03 |   1.497e+03 |   1.481e+03 |   1.463e+03 |   1.445e+03 |   1.426e+03 |   1.405e+03 |   1.384e+03 |   1.361e+03 |   1.337e+03 |   1.337e+03 |   1.311e+03 |   1.282e+03 |   1.252e+03 |   1.221e+03 |   1.187e+03 |   1.151e+03 |   1.114e+03 |   1.074e+03 |   1.032e+03 |   9.870e+02 |   9.397e+02 |   8.897e+02 |   8.367e+02 |   7.805e+02 |   7.211e+02 |   6.582e+02 |   5.915e+02 |   5.210e+02 |   4.463e+02 |
| hot_side---temperature (C)          |   1.064e+02 |   1.064e+02 |   1.064e+02 |   1.064e+02 |   1.064e+02 |   1.064e+02 |   1.064e+02 |   1.064e+02 |   1.064e+02 |   1.064e+02 |   1.064e+02 |   1.064e+02 |   1.064e+02 |   1.064e+02 |   1.064e+02 |   1.064e+02 |   1.064e+02 |   1.064e+02 |   1.064e+02 |   1.064e+02 |   1.064e+02 |   1.064e+02 |   1.064e+02 |   1.064e+02 |   1.064e+02 |   1.064e+02 |   1.064e+02 |   1.064e+02 |   1.064e+02 |   1.064e+02 |   1.064e+02 |   1.064e+02 |   1.064e+02 |   1.064e+02 |   1.064e+02 |   1.064e+02 |   1.064e+02 |   1.064e+02 |   1.064e+02 |   1.064e+02 |
| hot_side---vapor mass fraction (-)  |   5.286e-01 |   5.246e-01 |   5.203e-01 |   5.158e-01 |   5.110e-01 |   5.059e-01 |   5.006e-01 |   4.950e-01 |   4.891e-01 |   4.829e-01 |   4.763e-01 |   4.693e-01 |   4.620e-01 |   4.542e-01 |   4.461e-01 |   4.374e-01 |   4.283e-01 |   4.187e-01 |   4.086e-01 |   3.979e-01 |   3.979e-01 |   3.860e-01 |   3.733e-01 |   3.599e-01 |   3.458e-01 |   3.308e-01 |   3.149e-01 |   2.981e-01 |   2.803e-01 |   2.614e-01 |   2.415e-01 |   2.204e-01 |   1.980e-01 |   1.743e-01 |   1.493e-01 |   1.227e-01 |   9.461e-02 |   6.486e-02 |   3.336e-02 |   0.000e+00 |
| hot_side---differ number ()         |   2.000e+00 |   2.000e+00 |   2.000e+00 |   2.000e+00 |   2.000e+00 |   2.000e+00 |   2.000e+00 |   2.000e+00 |   2.000e+00 |   2.000e+00 |   2.000e+00 |   2.000e+00 |   2.000e+00 |   2.000e+00 |   2.000e+00 |   2.000e+00 |   2.000e+00 |   2.000e+00 |   2.000e+00 |   2.000e+00 |   2.000e+00 |   2.000e+00 |   2.000e+00 |   2.000e+00 |   2.000e+00 |   2.000e+00 |   2.000e+00 |   2.000e+00 |   2.000e+00 |   2.000e+00 |   2.000e+00 |   2.000e+00 |   2.000e+00 |   2.000e+00 |   2.000e+00 |   2.000e+00 |   2.000e+00 |   2.000e+00 |   2.000e+00 |   1.018e+01 |
| cold_side---pressure (bar)          |   3.750e+00 |   3.751e+00 |   3.753e+00 |   3.754e+00 |   3.755e+00 |   3.757e+00 |   3.758e+00 |   3.759e+00 |   3.761e+00 |   3.762e+00 |   3.763e+00 |   3.764e+00 |   3.766e+00 |   3.767e+00 |   3.768e+00 |   3.770e+00 |   3.771e+00 |   3.772e+00 |   3.774e+00 |   3.775e+00 |   3.775e+00 |   3.776e+00 |   3.778e+00 |   3.779e+00 |   3.780e+00 |   3.782e+00 |   3.783e+00 |   3.784e+00 |   3.786e+00 |   3.787e+00 |   3.788e+00 |   3.789e+00 |   3.791e+00 |   3.792e+00 |   3.793e+00 |   3.795e+00 |   3.796e+00 |   3.797e+00 |   3.799e+00 |   3.800e+00 |
| cold_side---enthalpy (kJ / kg)      |   4.254e+02 |   4.242e+02 |   4.230e+02 |   4.217e+02 |   4.203e+02 |   4.189e+02 |   4.174e+02 |   4.158e+02 |   4.141e+02 |   4.123e+02 |   4.104e+02 |   4.084e+02 |   4.063e+02 |   4.041e+02 |   4.017e+02 |   3.993e+02 |   3.967e+02 |   3.939e+02 |   3.910e+02 |   3.879e+02 |   3.879e+02 |   3.845e+02 |   3.809e+02 |   3.771e+02 |   3.730e+02 |   3.687e+02 |   3.642e+02 |   3.593e+02 |   3.542e+02 |   3.488e+02 |   3.431e+02 |   3.371e+02 |   3.307e+02 |   3.239e+02 |   3.167e+02 |   3.091e+02 |   3.011e+02 |   2.925e+02 |   2.835e+02 |   2.740e+02 |
| cold_side---temperature (C)         |   1.014e+02 |   1.012e+02 |   1.009e+02 |   1.006e+02 |   1.002e+02 |   9.989e+01 |   9.952e+01 |   9.914e+01 |   9.874e+01 |   9.832e+01 |   9.787e+01 |   9.740e+01 |   9.690e+01 |   9.637e+01 |   9.581e+01 |   9.523e+01 |   9.461e+01 |   9.395e+01 |   9.326e+01 |   9.254e+01 |   9.254e+01 |   9.172e+01 |   9.086e+01 |   8.995e+01 |   8.898e+01 |   8.796e+01 |   8.688e+01 |   8.573e+01 |   8.452e+01 |   8.323e+01 |   8.187e+01 |   8.043e+01 |   7.890e+01 |   7.729e+01 |   7.557e+01 |   7.376e+01 |   7.184e+01 |   6.980e+01 |   6.765e+01 |   6.537e+01 |
| cold_side---vapor mass fraction (-) | nan         | nan         | nan         | nan         | nan         | nan         | nan         | nan         | nan         | nan         | nan         | nan         | nan         | nan         | nan         | nan         | nan         | nan         | nan         | nan         | nan         | nan         | nan         | nan         | nan         | nan         | nan         | nan         | nan         | nan         | nan         | nan         | nan         | nan         | nan         | nan         | nan         | nan         | nan         | nan         |
| cold_side---differ number ()        |   4.097e+00 |   4.098e+00 |   4.098e+00 |   4.098e+00 |   4.098e+00 |   4.098e+00 |   4.098e+00 |   4.099e+00 |   4.099e+00 |   4.099e+00 |   4.099e+00 |   4.100e+00 |   4.100e+00 |   4.100e+00 |   4.101e+00 |   4.101e+00 |   4.101e+00 |   4.101e+00 |   4.102e+00 |   4.102e+00 |   4.102e+00 |   4.103e+00 |   4.103e+00 |   4.103e+00 |   4.104e+00 |   4.104e+00 |   4.105e+00 |   4.105e+00 |   4.106e+00 |   4.106e+00 |   4.107e+00 |   4.107e+00 |   4.108e+00 |   4.109e+00 |   4.109e+00 |   4.110e+00 |   4.110e+00 |   4.111e+00 |   4.112e+00 |   4.112e+00 |
+-------------------------------------+-------------+-------------+-------------+-------------+-------------+-------------+-------------+-------------+-------------+-------------+-------------+-------------+-------------+-------------+-------------+-------------+-------------+-------------+-------------+-------------+-------------+-------------+-------------+-------------+-------------+-------------+-------------+-------------+-------------+-------------+-------------+-------------+-------------+-------------+-------------+-------------+-------------+-------------+-------------+-------------+
##### RESULTS (Nodes: HeatExchanger: heatexchanger_h) #####
+-------------------------------------+-------------+-------------+-------------+-------------+-------------+-------------+-------------+-------------+-------------+-------------+-------------+-------------+-------------+-------------+-------------+-------------+-------------+-------------+-------------+-------------+-------------+-------------+-------------+-------------+-------------+-------------+-------------+-------------+-------------+-------------+-------------+-------------+-------------+-------------+-------------+-------------+-------------+-------------+-------------+-------------+
|                                     |           0 |           1 |           2 |           3 |           4 |           5 |           6 |           7 |           8 |           9 |          10 |          11 |          12 |          13 |          14 |          15 |          16 |          17 |          18 |          19 |          20 |          21 |          22 |          23 |          24 |          25 |          26 |          27 |          28 |          29 |          30 |          31 |          32 |          33 |          34 |          35 |          36 |          37 |          38 |          39 |
|-------------------------------------+-------------+-------------+-------------+-------------+-------------+-------------+-------------+-------------+-------------+-------------+-------------+-------------+-------------+-------------+-------------+-------------+-------------+-------------+-------------+-------------+-------------+-------------+-------------+-------------+-------------+-------------+-------------+-------------+-------------+-------------+-------------+-------------+-------------+-------------+-------------+-------------+-------------+-------------+-------------+-------------|
| hot_side---pressure (bar)           |   1.270e+00 |   1.270e+00 |   1.270e+00 |   1.270e+00 |   1.270e+00 |   1.270e+00 |   1.270e+00 |   1.270e+00 |   1.270e+00 |   1.270e+00 |   1.270e+00 |   1.270e+00 |   1.270e+00 |   1.270e+00 |   1.270e+00 |   1.270e+00 |   1.270e+00 |   1.270e+00 |   1.270e+00 |   1.270e+00 |   1.270e+00 |   1.270e+00 |   1.270e+00 |   1.270e+00 |   1.270e+00 |   1.270e+00 |   1.270e+00 |   1.270e+00 |   1.270e+00 |   1.270e+00 |   1.270e+00 |   1.270e+00 |   1.270e+00 |   1.270e+00 |   1.270e+00 |   1.270e+00 |   1.270e+00 |   1.270e+00 |   1.270e+00 |   1.270e+00 |
| hot_side---enthalpy (kJ / kg)       |   4.463e+02 |   4.354e+02 |   4.250e+02 |   4.152e+02 |   4.060e+02 |   3.973e+02 |   3.890e+02 |   3.813e+02 |   3.739e+02 |   3.669e+02 |   3.604e+02 |   3.542e+02 |   3.483e+02 |   3.428e+02 |   3.375e+02 |   3.326e+02 |   3.279e+02 |   3.235e+02 |   3.193e+02 |   3.154e+02 |   3.154e+02 |   3.119e+02 |   3.086e+02 |   3.054e+02 |   3.024e+02 |   2.996e+02 |   2.969e+02 |   2.943e+02 |   2.919e+02 |   2.896e+02 |   2.875e+02 |   2.854e+02 |   2.835e+02 |   2.816e+02 |   2.799e+02 |   2.782e+02 |   2.766e+02 |   2.752e+02 |   2.738e+02 |   2.724e+02 |
| hot_side---temperature (C)          |   1.064e+02 |   1.038e+02 |   1.014e+02 |   9.907e+01 |   9.687e+01 |   9.480e+01 |   9.284e+01 |   9.099e+01 |   8.924e+01 |   8.759e+01 |   8.602e+01 |   8.455e+01 |   8.315e+01 |   8.183e+01 |   8.058e+01 |   7.941e+01 |   7.829e+01 |   7.724e+01 |   7.625e+01 |   7.531e+01 |   7.531e+01 |   7.447e+01 |   7.368e+01 |   7.292e+01 |   7.221e+01 |   7.153e+01 |   7.089e+01 |   7.028e+01 |   6.970e+01 |   6.916e+01 |   6.864e+01 |   6.815e+01 |   6.769e+01 |   6.725e+01 |   6.683e+01 |   6.644e+01 |   6.606e+01 |   6.571e+01 |   6.537e+01 |   6.505e+01 |
| hot_side---vapor mass fraction (-)  |   0.000e+00 | nan         | nan         | nan         | nan         | nan         | nan         | nan         | nan         | nan         | nan         | nan         | nan         | nan         | nan         | nan         | nan         | nan         | nan         | nan         | nan         | nan         | nan         | nan         | nan         | nan         | nan         | nan         | nan         | nan         | nan         | nan         | nan         | nan         | nan         | nan         | nan         | nan         | nan         | nan         |
| hot_side---differ number ()         |   3.199e+00 |   4.400e+00 |   4.402e+00 |   4.403e+00 |   4.405e+00 |   4.406e+00 |   4.407e+00 |   4.408e+00 |   4.409e+00 |   4.410e+00 |   4.411e+00 |   4.411e+00 |   4.412e+00 |   4.413e+00 |   4.413e+00 |   4.414e+00 |   4.414e+00 |   4.415e+00 |   4.415e+00 |   4.415e+00 |   4.415e+00 |   4.416e+00 |   4.416e+00 |   4.416e+00 |   4.417e+00 |   4.417e+00 |   4.417e+00 |   4.417e+00 |   4.417e+00 |   4.418e+00 |   4.418e+00 |   4.418e+00 |   4.418e+00 |   4.418e+00 |   4.418e+00 |   4.418e+00 |   4.419e+00 |   4.419e+00 |   4.419e+00 |   4.419e+00 |
| cold_side---pressure (bar)          |   3.800e+00 |   3.801e+00 |   3.803e+00 |   3.804e+00 |   3.805e+00 |   3.807e+00 |   3.808e+00 |   3.809e+00 |   3.811e+00 |   3.812e+00 |   3.813e+00 |   3.814e+00 |   3.816e+00 |   3.817e+00 |   3.818e+00 |   3.820e+00 |   3.821e+00 |   3.822e+00 |   3.824e+00 |   3.825e+00 |   3.825e+00 |   3.826e+00 |   3.828e+00 |   3.829e+00 |   3.830e+00 |   3.832e+00 |   3.833e+00 |   3.834e+00 |   3.836e+00 |   3.837e+00 |   3.838e+00 |   3.839e+00 |   3.841e+00 |   3.842e+00 |   3.843e+00 |   3.845e+00 |   3.846e+00 |   3.847e+00 |   3.849e+00 |   3.850e+00 |
| cold_side---enthalpy (kJ / kg)      |   2.740e+02 |   2.726e+02 |   2.712e+02 |   2.700e+02 |   2.688e+02 |   2.677e+02 |   2.666e+02 |   2.656e+02 |   2.647e+02 |   2.638e+02 |   2.630e+02 |   2.622e+02 |   2.614e+02 |   2.607e+02 |   2.600e+02 |   2.594e+02 |   2.588e+02 |   2.582e+02 |   2.577e+02 |   2.572e+02 |   2.572e+02 |   2.568e+02 |   2.563e+02 |   2.559e+02 |   2.555e+02 |   2.552e+02 |   2.548e+02 |   2.545e+02 |   2.542e+02 |   2.539e+02 |   2.536e+02 |   2.534e+02 |   2.531e+02 |   2.529e+02 |   2.527e+02 |   2.524e+02 |   2.522e+02 |   2.521e+02 |   2.519e+02 |   2.517e+02 |
| cold_side---temperature (C)         |   6.537e+01 |   6.503e+01 |   6.472e+01 |   6.442e+01 |   6.414e+01 |   6.387e+01 |   6.362e+01 |   6.338e+01 |   6.315e+01 |   6.294e+01 |   6.274e+01 |   6.255e+01 |   6.237e+01 |   6.220e+01 |   6.204e+01 |   6.189e+01 |   6.175e+01 |   6.161e+01 |   6.149e+01 |   6.137e+01 |   6.137e+01 |   6.126e+01 |   6.116e+01 |   6.106e+01 |   6.097e+01 |   6.088e+01 |   6.080e+01 |   6.072e+01 |   6.065e+01 |   6.058e+01 |   6.051e+01 |   6.045e+01 |   6.039e+01 |   6.033e+01 |   6.028e+01 |   6.023e+01 |   6.018e+01 |   6.014e+01 |   6.009e+01 |   6.005e+01 |
| cold_side---vapor mass fraction (-) | nan         | nan         | nan         | nan         | nan         | nan         | nan         | nan         | nan         | nan         | nan         | nan         | nan         | nan         | nan         | nan         | nan         | nan         | nan         | nan         | nan         | nan         | nan         | nan         | nan         | nan         | nan         | nan         | nan         | nan         | nan         | nan         | nan         | nan         | nan         | nan         | nan         | nan         | nan         | nan         |
| cold_side---differ number ()        |   2.309e+00 |   2.309e+00 |   2.310e+00 |   2.310e+00 |   2.310e+00 |   2.310e+00 |   2.310e+00 |   2.310e+00 |   2.310e+00 |   2.310e+00 |   2.310e+00 |   2.310e+00 |   2.310e+00 |   2.310e+00 |   2.310e+00 |   2.310e+00 |   2.310e+00 |   2.310e+00 |   2.310e+00 |   2.310e+00 |   2.310e+00 |   2.310e+00 |   2.310e+00 |   2.310e+00 |   2.310e+00 |   2.310e+00 |   2.310e+00 |   2.310e+00 |   2.310e+00 |   2.310e+00 |   2.310e+00 |   2.310e+00 |   2.310e+00 |   2.310e+00 |   2.310e+00 |   2.310e+00 |   2.310e+00 |   2.310e+00 |   2.310e+00 |   2.310e+00 |
+-------------------------------------+-------------+-------------+-------------+-------------+-------------+-------------+-------------+-------------+-------------+-------------+-------------+-------------+-------------+-------------+-------------+-------------+-------------+-------------+-------------+-------------+-------------+-------------+-------------+-------------+-------------+-------------+-------------+-------------+-------------+-------------+-------------+-------------+-------------+-------------+-------------+-------------+-------------+-------------+-------------+-------------+
##### RESULTS (Nodes: ExtractHeatExchanger: heatexchanger_i) #####
+-------------------------------------+-------------+-------------+-------------+-------------+-------------+-------------+-------------+-------------+-------------+-------------+-------------+-------------+-------------+-------------+-------------+-------------+-------------+-------------+-------------+-------------+-------------+-------------+-------------+-------------+-------------+-------------+-------------+-------------+-------------+-------------+-------------+-------------+-------------+-------------+-------------+-------------+-------------+-------------+-------------+-------------+
|                                     |           0 |           1 |           2 |           3 |           4 |           5 |           6 |           7 |           8 |           9 |          10 |          11 |          12 |          13 |          14 |          15 |          16 |          17 |          18 |          19 |          20 |          21 |          22 |          23 |          24 |          25 |          26 |          27 |          28 |          29 |          30 |          31 |          32 |          33 |          34 |          35 |          36 |          37 |          38 |          39 |
|-------------------------------------+-------------+-------------+-------------+-------------+-------------+-------------+-------------+-------------+-------------+-------------+-------------+-------------+-------------+-------------+-------------+-------------+-------------+-------------+-------------+-------------+-------------+-------------+-------------+-------------+-------------+-------------+-------------+-------------+-------------+-------------+-------------+-------------+-------------+-------------+-------------+-------------+-------------+-------------+-------------+-------------|
| hot_side---pressure (bar)           |   2.510e-01 |   2.510e-01 |   2.510e-01 |   2.510e-01 |   2.510e-01 |   2.510e-01 |   2.510e-01 |   2.510e-01 |   2.510e-01 |   2.510e-01 |   2.510e-01 |   2.510e-01 |   2.510e-01 |   2.510e-01 |   2.510e-01 |   2.510e-01 |   2.510e-01 |   2.510e-01 |   2.510e-01 |   2.510e-01 |   2.510e-01 |   2.510e-01 |   2.510e-01 |   2.510e-01 |   2.510e-01 |   2.510e-01 |   2.510e-01 |   2.510e-01 |   2.510e-01 |   2.510e-01 |   2.510e-01 |   2.510e-01 |   2.510e-01 |   2.510e-01 |   2.510e-01 |   2.510e-01 |   2.510e-01 |   2.510e-01 |   2.510e-01 |   2.510e-01 |
| hot_side---enthalpy (kJ / kg)       |   7.726e+02 |   7.673e+02 |   7.617e+02 |   7.559e+02 |   7.499e+02 |   7.436e+02 |   7.371e+02 |   7.303e+02 |   7.231e+02 |   7.157e+02 |   7.080e+02 |   7.000e+02 |   6.916e+02 |   6.828e+02 |   6.737e+02 |   6.642e+02 |   6.544e+02 |   6.441e+02 |   6.333e+02 |   6.221e+02 |   6.221e+02 |   6.100e+02 |   5.973e+02 |   5.840e+02 |   5.702e+02 |   5.557e+02 |   5.406e+02 |   5.249e+02 |   5.085e+02 |   4.913e+02 |   4.734e+02 |   4.547e+02 |   4.352e+02 |   4.148e+02 |   3.935e+02 |   3.713e+02 |   3.482e+02 |   3.240e+02 |   2.987e+02 |   2.723e+02 |
| hot_side---temperature (C)          |   6.505e+01 |   6.505e+01 |   6.505e+01 |   6.505e+01 |   6.505e+01 |   6.505e+01 |   6.505e+01 |   6.505e+01 |   6.505e+01 |   6.505e+01 |   6.505e+01 |   6.505e+01 |   6.505e+01 |   6.505e+01 |   6.505e+01 |   6.505e+01 |   6.505e+01 |   6.505e+01 |   6.505e+01 |   6.505e+01 |   6.505e+01 |   6.505e+01 |   6.505e+01 |   6.505e+01 |   6.505e+01 |   6.505e+01 |   6.505e+01 |   6.505e+01 |   6.505e+01 |   6.505e+01 |   6.505e+01 |   6.505e+01 |   6.505e+01 |   6.505e+01 |   6.505e+01 |   6.505e+01 |   6.505e+01 |   6.505e+01 |   6.505e+01 |   6.505e+01 |
| hot_side---vapor mass fraction (-)  |   2.133e-01 |   2.110e-01 |   2.087e-01 |   2.062e-01 |   2.036e-01 |   2.010e-01 |   1.982e-01 |   1.953e-01 |   1.922e-01 |   1.891e-01 |   1.858e-01 |   1.823e-01 |   1.788e-01 |   1.750e-01 |   1.712e-01 |   1.671e-01 |   1.629e-01 |   1.585e-01 |   1.539e-01 |   1.492e-01 |   1.492e-01 |   1.440e-01 |   1.385e-01 |   1.329e-01 |   1.270e-01 |   1.208e-01 |   1.144e-01 |   1.077e-01 |   1.007e-01 |   9.337e-02 |   8.573e-02 |   7.776e-02 |   6.943e-02 |   6.075e-02 |   5.168e-02 |   4.221e-02 |   3.233e-02 |   2.201e-02 |   1.124e-02 |   2.153e-17 |
| hot_side---differ number ()         |   2.000e+00 |   2.000e+00 |   2.000e+00 |   2.000e+00 |   2.000e+00 |   2.000e+00 |   2.000e+00 |   2.000e+00 |   2.000e+00 |   2.000e+00 |   2.000e+00 |   2.000e+00 |   2.000e+00 |   2.000e+00 |   2.000e+00 |   2.000e+00 |   2.000e+00 |   2.000e+00 |   2.000e+00 |   2.000e+00 |   2.000e+00 |   2.000e+00 |   2.000e+00 |   2.000e+00 |   2.000e+00 |   2.000e+00 |   2.000e+00 |   2.000e+00 |   2.000e+00 |   2.000e+00 |   2.000e+00 |   2.000e+00 |   2.000e+00 |   2.000e+00 |   2.000e+00 |   2.000e+00 |   2.000e+00 |   2.000e+00 |   2.000e+00 |   6.838e+00 |
| cold_side---pressure (bar)          |   3.850e+00 |   3.851e+00 |   3.853e+00 |   3.854e+00 |   3.855e+00 |   3.857e+00 |   3.858e+00 |   3.859e+00 |   3.861e+00 |   3.862e+00 |   3.863e+00 |   3.864e+00 |   3.866e+00 |   3.867e+00 |   3.868e+00 |   3.870e+00 |   3.871e+00 |   3.872e+00 |   3.874e+00 |   3.875e+00 |   3.875e+00 |   3.876e+00 |   3.878e+00 |   3.879e+00 |   3.880e+00 |   3.882e+00 |   3.883e+00 |   3.884e+00 |   3.886e+00 |   3.887e+00 |   3.888e+00 |   3.889e+00 |   3.891e+00 |   3.892e+00 |   3.893e+00 |   3.895e+00 |   3.896e+00 |   3.897e+00 |   3.899e+00 |   3.900e+00 |
| cold_side---enthalpy (kJ / kg)      |   2.517e+02 |   2.508e+02 |   2.499e+02 |   2.490e+02 |   2.480e+02 |   2.469e+02 |   2.458e+02 |   2.447e+02 |   2.435e+02 |   2.423e+02 |   2.411e+02 |   2.397e+02 |   2.383e+02 |   2.369e+02 |   2.354e+02 |   2.338e+02 |   2.322e+02 |   2.305e+02 |   2.287e+02 |   2.269e+02 |   2.269e+02 |   2.249e+02 |   2.228e+02 |   2.206e+02 |   2.183e+02 |   2.160e+02 |   2.135e+02 |   2.109e+02 |   2.082e+02 |   2.053e+02 |   2.024e+02 |   1.993e+02 |   1.961e+02 |   1.927e+02 |   1.892e+02 |   1.856e+02 |   1.817e+02 |   1.777e+02 |   1.736e+02 |   1.692e+02 |
| cold_side---temperature (C)         |   6.005e+01 |   5.984e+01 |   5.962e+01 |   5.940e+01 |   5.916e+01 |   5.891e+01 |   5.865e+01 |   5.838e+01 |   5.810e+01 |   5.781e+01 |   5.751e+01 |   5.719e+01 |   5.686e+01 |   5.651e+01 |   5.616e+01 |   5.578e+01 |   5.539e+01 |   5.499e+01 |   5.456e+01 |   5.412e+01 |   5.412e+01 |   5.364e+01 |   5.314e+01 |   5.262e+01 |   5.207e+01 |   5.150e+01 |   5.091e+01 |   5.029e+01 |   4.964e+01 |   4.896e+01 |   4.826e+01 |   4.752e+01 |   4.675e+01 |   4.595e+01 |   4.511e+01 |   4.423e+01 |   4.332e+01 |   4.236e+01 |   4.137e+01 |   4.033e+01 |
| cold_side---vapor mass fraction (-) | nan         | nan         | nan         | nan         | nan         | nan         | nan         | nan         | nan         | nan         | nan         | nan         | nan         | nan         | nan         | nan         | nan         | nan         | nan         | nan         | nan         | nan         | nan         | nan         | nan         | nan         | nan         | nan         | nan         | nan         | nan         | nan         | nan         | nan         | nan         | nan         | nan         | nan         | nan         | nan         |
| cold_side---differ number ()        |   3.596e+00 |   3.596e+00 |   3.596e+00 |   3.596e+00 |   3.596e+00 |   3.597e+00 |   3.597e+00 |   3.597e+00 |   3.597e+00 |   3.597e+00 |   3.597e+00 |   3.597e+00 |   3.597e+00 |   3.597e+00 |   3.597e+00 |   3.597e+00 |   3.597e+00 |   3.597e+00 |   3.597e+00 |   3.597e+00 |   3.597e+00 |   3.597e+00 |   3.597e+00 |   3.597e+00 |   3.598e+00 |   3.598e+00 |   3.598e+00 |   3.598e+00 |   3.598e+00 |   3.598e+00 |   3.598e+00 |   3.598e+00 |   3.598e+00 |   3.598e+00 |   3.598e+00 |   3.598e+00 |   3.598e+00 |   3.598e+00 |   3.598e+00 |   3.598e+00 |
+-------------------------------------+-------------+-------------+-------------+-------------+-------------+-------------+-------------+-------------+-------------+-------------+-------------+-------------+-------------+-------------+-------------+-------------+-------------+-------------+-------------+-------------+-------------+-------------+-------------+-------------+-------------+-------------+-------------+-------------+-------------+-------------+-------------+-------------+-------------+-------------+-------------+-------------+-------------+-------------+-------------+-------------+
##### RESULTS (Nodes: HeatExchanger: heatexchanger_j) #####
+-------------------------------------+-------------+-------------+-------------+-------------+-------------+-------------+-------------+-------------+-------------+-------------+-------------+-------------+-------------+-------------+-------------+-------------+-------------+-------------+-------------+-------------+-------------+-------------+-------------+-------------+-------------+-------------+-------------+-------------+-------------+-------------+-------------+-------------+-------------+-------------+-------------+-------------+-------------+-------------+-------------+-------------+
|                                     |           0 |           1 |           2 |           3 |           4 |           5 |           6 |           7 |           8 |           9 |          10 |          11 |          12 |          13 |          14 |          15 |          16 |          17 |          18 |          19 |          20 |          21 |          22 |          23 |          24 |          25 |          26 |          27 |          28 |          29 |          30 |          31 |          32 |          33 |          34 |          35 |          36 |          37 |          38 |          39 |
|-------------------------------------+-------------+-------------+-------------+-------------+-------------+-------------+-------------+-------------+-------------+-------------+-------------+-------------+-------------+-------------+-------------+-------------+-------------+-------------+-------------+-------------+-------------+-------------+-------------+-------------+-------------+-------------+-------------+-------------+-------------+-------------+-------------+-------------+-------------+-------------+-------------+-------------+-------------+-------------+-------------+-------------|
| hot_side---pressure (bar)           |   2.510e-01 |   2.510e-01 |   2.510e-01 |   2.510e-01 |   2.510e-01 |   2.510e-01 |   2.510e-01 |   2.510e-01 |   2.510e-01 |   2.510e-01 |   2.510e-01 |   2.510e-01 |   2.510e-01 |   2.510e-01 |   2.510e-01 |   2.510e-01 |   2.510e-01 |   2.510e-01 |   2.510e-01 |   2.510e-01 |   2.510e-01 |   2.510e-01 |   2.510e-01 |   2.510e-01 |   2.510e-01 |   2.510e-01 |   2.510e-01 |   2.510e-01 |   2.510e-01 |   2.510e-01 |   2.510e-01 |   2.510e-01 |   2.510e-01 |   2.510e-01 |   2.510e-01 |   2.510e-01 |   2.510e-01 |   2.510e-01 |   2.510e-01 |   2.510e-01 |
| hot_side---enthalpy (kJ / kg)       |   2.723e+02 |   2.671e+02 |   2.621e+02 |   2.574e+02 |   2.528e+02 |   2.484e+02 |   2.442e+02 |   2.402e+02 |   2.363e+02 |   2.326e+02 |   2.291e+02 |   2.257e+02 |   2.225e+02 |   2.193e+02 |   2.164e+02 |   2.135e+02 |   2.108e+02 |   2.082e+02 |   2.056e+02 |   2.032e+02 |   2.032e+02 |   2.010e+02 |   1.989e+02 |   1.969e+02 |   1.949e+02 |   1.930e+02 |   1.912e+02 |   1.895e+02 |   1.879e+02 |   1.863e+02 |   1.848e+02 |   1.833e+02 |   1.819e+02 |   1.805e+02 |   1.792e+02 |   1.780e+02 |   1.768e+02 |   1.757e+02 |   1.746e+02 |   1.735e+02 |
| hot_side---temperature (C)          |   6.505e+01 |   6.381e+01 |   6.262e+01 |   6.148e+01 |   6.038e+01 |   5.933e+01 |   5.833e+01 |   5.737e+01 |   5.645e+01 |   5.556e+01 |   5.472e+01 |   5.391e+01 |   5.313e+01 |   5.239e+01 |   5.168e+01 |   5.099e+01 |   5.034e+01 |   4.971e+01 |   4.911e+01 |   4.854e+01 |   4.854e+01 |   4.801e+01 |   4.750e+01 |   4.702e+01 |   4.655e+01 |   4.610e+01 |   4.567e+01 |   4.526e+01 |   4.486e+01 |   4.448e+01 |   4.412e+01 |   4.377e+01 |   4.343e+01 |   4.311e+01 |   4.280e+01 |   4.250e+01 |   4.222e+01 |   4.194e+01 |   4.168e+01 |   4.143e+01 |
| hot_side---vapor mass fraction (-)  |   2.153e-17 | nan         | nan         | nan         | nan         | nan         | nan         | nan         | nan         | nan         | nan         | nan         | nan         | nan         | nan         | nan         | nan         | nan         | nan         | nan         | nan         | nan         | nan         | nan         | nan         | nan         | nan         | nan         | nan         | nan         | nan         | nan         | nan         | nan         | nan         | nan         | nan         | nan         | nan         | nan         |
| hot_side---differ number ()         |   2.955e+00 |   3.911e+00 |   3.911e+00 |   3.911e+00 |   3.912e+00 |   3.912e+00 |   3.912e+00 |   3.912e+00 |   3.912e+00 |   3.913e+00 |   3.913e+00 |   3.913e+00 |   3.913e+00 |   3.913e+00 |   3.913e+00 |   3.913e+00 |   3.913e+00 |   3.913e+00 |   3.914e+00 |   3.914e+00 |   3.914e+00 |   3.914e+00 |   3.914e+00 |   3.914e+00 |   3.914e+00 |   3.914e+00 |   3.914e+00 |   3.914e+00 |   3.914e+00 |   3.914e+00 |   3.914e+00 |   3.914e+00 |   3.914e+00 |   3.914e+00 |   3.914e+00 |   3.914e+00 |   3.914e+00 |   3.914e+00 |   3.914e+00 |   3.914e+00 |
| cold_side---pressure (bar)          |   3.900e+00 |   3.901e+00 |   3.903e+00 |   3.904e+00 |   3.905e+00 |   3.907e+00 |   3.908e+00 |   3.909e+00 |   3.911e+00 |   3.912e+00 |   3.913e+00 |   3.914e+00 |   3.916e+00 |   3.917e+00 |   3.918e+00 |   3.920e+00 |   3.921e+00 |   3.922e+00 |   3.924e+00 |   3.925e+00 |   3.925e+00 |   3.926e+00 |   3.928e+00 |   3.929e+00 |   3.930e+00 |   3.932e+00 |   3.933e+00 |   3.934e+00 |   3.936e+00 |   3.937e+00 |   3.938e+00 |   3.939e+00 |   3.941e+00 |   3.942e+00 |   3.943e+00 |   3.945e+00 |   3.946e+00 |   3.947e+00 |   3.949e+00 |   3.950e+00 |
| cold_side---enthalpy (kJ / kg)      |   1.692e+02 |   1.684e+02 |   1.676e+02 |   1.668e+02 |   1.660e+02 |   1.653e+02 |   1.646e+02 |   1.639e+02 |   1.633e+02 |   1.627e+02 |   1.621e+02 |   1.615e+02 |   1.610e+02 |   1.605e+02 |   1.600e+02 |   1.595e+02 |   1.591e+02 |   1.587e+02 |   1.582e+02 |   1.578e+02 |   1.578e+02 |   1.575e+02 |   1.571e+02 |   1.568e+02 |   1.565e+02 |   1.562e+02 |   1.559e+02 |   1.556e+02 |   1.553e+02 |   1.551e+02 |   1.548e+02 |   1.546e+02 |   1.543e+02 |   1.541e+02 |   1.539e+02 |   1.537e+02 |   1.535e+02 |   1.533e+02 |   1.531e+02 |   1.529e+02 |
| cold_side---temperature (C)         |   4.033e+01 |   4.012e+01 |   3.992e+01 |   3.974e+01 |   3.956e+01 |   3.938e+01 |   3.922e+01 |   3.906e+01 |   3.891e+01 |   3.876e+01 |   3.862e+01 |   3.849e+01 |   3.836e+01 |   3.824e+01 |   3.812e+01 |   3.801e+01 |   3.790e+01 |   3.779e+01 |   3.770e+01 |   3.760e+01 |   3.760e+01 |   3.751e+01 |   3.743e+01 |   3.735e+01 |   3.727e+01 |   3.720e+01 |   3.713e+01 |   3.706e+01 |   3.699e+01 |   3.693e+01 |   3.687e+01 |   3.681e+01 |   3.676e+01 |   3.670e+01 |   3.665e+01 |   3.660e+01 |   3.656e+01 |   3.651e+01 |   3.647e+01 |   3.643e+01 |
| cold_side---vapor mass fraction (-) | nan         | nan         | nan         | nan         | nan         | nan         | nan         | nan         | nan         | nan         | nan         | nan         | nan         | nan         | nan         | nan         | nan         | nan         | nan         | nan         | nan         | nan         | nan         | nan         | nan         | nan         | nan         | nan         | nan         | nan         | nan         | nan         | nan         | nan         | nan         | nan         | nan         | nan         | nan         | nan         |
| cold_side---differ number ()        |   2.316e+00 |   2.316e+00 |   2.316e+00 |   2.316e+00 |   2.316e+00 |   2.316e+00 |   2.316e+00 |   2.316e+00 |   2.316e+00 |   2.316e+00 |   2.316e+00 |   2.316e+00 |   2.316e+00 |   2.316e+00 |   2.316e+00 |   2.316e+00 |   2.316e+00 |   2.316e+00 |   2.316e+00 |   2.316e+00 |   2.316e+00 |   2.316e+00 |   2.316e+00 |   2.316e+00 |   2.316e+00 |   2.316e+00 |   2.316e+00 |   2.316e+00 |   2.316e+00 |   2.316e+00 |   2.316e+00 |   2.316e+00 |   2.316e+00 |   2.316e+00 |   2.316e+00 |   2.316e+00 |   2.316e+00 |   2.316e+00 |   2.316e+00 |   2.316e+00 |
+-------------------------------------+-------------+-------------+-------------+-------------+-------------+-------------+-------------+-------------+-------------+-------------+-------------+-------------+-------------+-------------+-------------+-------------+-------------+-------------+-------------+-------------+-------------+-------------+-------------+-------------+-------------+-------------+-------------+-------------+-------------+-------------+-------------+-------------+-------------+-------------+-------------+-------------+-------------+-------------+-------------+-------------+
##### RESULTS (Nodes: ExtractHeatExchanger: heatexchanger_k) #####
+-------------------------------------+-------------+-------------+-------------+-------------+-------------+-------------+-------------+-------------+-------------+-------------+-------------+-------------+-------------+-------------+-------------+-------------+-------------+-------------+-------------+-------------+-------------+-------------+-------------+-------------+-------------+-------------+-------------+-------------+-------------+-------------+-------------+-------------+-------------+-------------+-------------+-------------+-------------+-------------+-------------+-------------+
|                                     |           0 |           1 |           2 |           3 |           4 |           5 |           6 |           7 |           8 |           9 |          10 |          11 |          12 |          13 |          14 |          15 |          16 |          17 |          18 |          19 |          20 |          21 |          22 |          23 |          24 |          25 |          26 |          27 |          28 |          29 |          30 |          31 |          32 |          33 |          34 |          35 |          36 |          37 |          38 |          39 |
|-------------------------------------+-------------+-------------+-------------+-------------+-------------+-------------+-------------+-------------+-------------+-------------+-------------+-------------+-------------+-------------+-------------+-------------+-------------+-------------+-------------+-------------+-------------+-------------+-------------+-------------+-------------+-------------+-------------+-------------+-------------+-------------+-------------+-------------+-------------+-------------+-------------+-------------+-------------+-------------+-------------+-------------|
| hot_side---pressure (bar)           |   1.270e+00 |   1.270e+00 |   1.270e+00 |   1.270e+00 |   1.270e+00 |   1.270e+00 |   1.270e+00 |   1.270e+00 |   1.270e+00 |   1.270e+00 |   1.270e+00 |   1.270e+00 |   1.270e+00 |   1.270e+00 |   1.270e+00 |   1.270e+00 |   1.270e+00 |   1.270e+00 |   1.270e+00 |   1.270e+00 |   1.270e+00 |   1.270e+00 |   1.270e+00 |   1.270e+00 |   1.270e+00 |   1.270e+00 |   1.270e+00 |   1.270e+00 |   1.270e+00 |   1.270e+00 |   1.270e+00 |   1.270e+00 |   1.270e+00 |   1.270e+00 |   1.270e+00 |   1.270e+00 |   1.270e+00 |   1.270e+00 |   1.270e+00 |   1.270e+00 |
| hot_side---enthalpy (kJ / kg)       |   2.756e+03 |   2.667e+03 |   2.607e+03 |   2.547e+03 |   2.488e+03 |   2.428e+03 |   2.368e+03 |   2.309e+03 |   2.249e+03 |   2.189e+03 |   2.129e+03 |   2.069e+03 |   2.009e+03 |   1.950e+03 |   1.890e+03 |   1.830e+03 |   1.770e+03 |   1.710e+03 |   1.650e+03 |   1.590e+03 |   1.590e+03 |   1.530e+03 |   1.470e+03 |   1.410e+03 |   1.350e+03 |   1.290e+03 |   1.230e+03 |   1.169e+03 |   1.109e+03 |   1.049e+03 |   9.889e+02 |   9.287e+02 |   8.685e+02 |   8.082e+02 |   7.479e+02 |   6.876e+02 |   6.273e+02 |   5.670e+02 |   5.067e+02 |   4.463e+02 |
| hot_side---temperature (C)          |   1.405e+02 |   1.064e+02 |   1.064e+02 |   1.064e+02 |   1.064e+02 |   1.064e+02 |   1.064e+02 |   1.064e+02 |   1.064e+02 |   1.064e+02 |   1.064e+02 |   1.064e+02 |   1.064e+02 |   1.064e+02 |   1.064e+02 |   1.064e+02 |   1.064e+02 |   1.064e+02 |   1.064e+02 |   1.064e+02 |   1.064e+02 |   1.064e+02 |   1.064e+02 |   1.064e+02 |   1.064e+02 |   1.064e+02 |   1.064e+02 |   1.064e+02 |   1.064e+02 |   1.064e+02 |   1.064e+02 |   1.064e+02 |   1.064e+02 |   1.064e+02 |   1.064e+02 |   1.064e+02 |   1.064e+02 |   1.064e+02 |   1.064e+02 |   1.064e+02 |
| hot_side---vapor mass fraction (-)  | nan         |   9.916e-01 |   9.650e-01 |   9.383e-01 |   9.117e-01 |   8.850e-01 |   8.583e-01 |   8.316e-01 |   8.049e-01 |   7.782e-01 |   7.515e-01 |   7.248e-01 |   6.981e-01 |   6.713e-01 |   6.446e-01 |   6.178e-01 |   5.911e-01 |   5.643e-01 |   5.375e-01 |   5.107e-01 |   5.107e-01 |   4.839e-01 |   4.571e-01 |   4.303e-01 |   4.035e-01 |   3.766e-01 |   3.498e-01 |   3.229e-01 |   2.961e-01 |   2.692e-01 |   2.423e-01 |   2.154e-01 |   1.885e-01 |   1.616e-01 |   1.347e-01 |   1.078e-01 |   8.084e-02 |   5.390e-02 |   2.696e-02 |   0.000e+00 |
| hot_side---differ number ()         |   1.805e+01 |   2.000e+00 |   2.000e+00 |   2.000e+00 |   2.000e+00 |   2.000e+00 |   2.000e+00 |   2.000e+00 |   2.000e+00 |   2.000e+00 |   2.000e+00 |   2.000e+00 |   2.000e+00 |   2.000e+00 |   2.000e+00 |   2.000e+00 |   2.000e+00 |   2.000e+00 |   2.000e+00 |   2.000e+00 |   2.000e+00 |   2.000e+00 |   2.000e+00 |   2.000e+00 |   2.000e+00 |   2.000e+00 |   2.000e+00 |   2.000e+00 |   2.000e+00 |   2.000e+00 |   2.000e+00 |   2.000e+00 |   2.000e+00 |   2.000e+00 |   2.000e+00 |   2.000e+00 |   2.000e+00 |   2.000e+00 |   2.000e+00 |   5.833e+00 |
| cold_side---pressure (bar)          |   3.950e+00 |   3.951e+00 |   3.953e+00 |   3.954e+00 |   3.955e+00 |   3.957e+00 |   3.958e+00 |   3.959e+00 |   3.961e+00 |   3.962e+00 |   3.963e+00 |   3.964e+00 |   3.966e+00 |   3.967e+00 |   3.968e+00 |   3.970e+00 |   3.971e+00 |   3.972e+00 |   3.974e+00 |   3.975e+00 |   3.975e+00 |   3.976e+00 |   3.978e+00 |   3.979e+00 |   3.980e+00 |   3.982e+00 |   3.983e+00 |   3.984e+00 |   3.986e+00 |   3.987e+00 |   3.988e+00 |   3.989e+00 |   3.991e+00 |   3.992e+00 |   3.993e+00 |   3.995e+00 |   3.996e+00 |   3.997e+00 |   3.999e+00 |   4.000e+00 |
| cold_side---enthalpy (kJ / kg)      |   1.529e+02 |   1.528e+02 |   1.527e+02 |   1.526e+02 |   1.525e+02 |   1.524e+02 |   1.524e+02 |   1.523e+02 |   1.522e+02 |   1.521e+02 |   1.520e+02 |   1.519e+02 |   1.518e+02 |   1.517e+02 |   1.516e+02 |   1.515e+02 |   1.514e+02 |   1.513e+02 |   1.512e+02 |   1.512e+02 |   1.512e+02 |   1.511e+02 |   1.510e+02 |   1.509e+02 |   1.508e+02 |   1.507e+02 |   1.506e+02 |   1.505e+02 |   1.504e+02 |   1.503e+02 |   1.502e+02 |   1.501e+02 |   1.500e+02 |   1.500e+02 |   1.499e+02 |   1.498e+02 |   1.497e+02 |   1.496e+02 |   1.495e+02 |   1.494e+02 |
| cold_side---temperature (C)         |   3.643e+01 |   3.639e+01 |   3.637e+01 |   3.635e+01 |   3.633e+01 |   3.631e+01 |   3.628e+01 |   3.626e+01 |   3.624e+01 |   3.622e+01 |   3.620e+01 |   3.617e+01 |   3.615e+01 |   3.613e+01 |   3.611e+01 |   3.609e+01 |   3.606e+01 |   3.604e+01 |   3.602e+01 |   3.600e+01 |   3.600e+01 |   3.598e+01 |   3.595e+01 |   3.593e+01 |   3.591e+01 |   3.589e+01 |   3.586e+01 |   3.584e+01 |   3.582e+01 |   3.580e+01 |   3.578e+01 |   3.575e+01 |   3.573e+01 |   3.571e+01 |   3.569e+01 |   3.567e+01 |   3.564e+01 |   3.562e+01 |   3.560e+01 |   3.558e+01 |
| cold_side---vapor mass fraction (-) | nan         | nan         | nan         | nan         | nan         | nan         | nan         | nan         | nan         | nan         | nan         | nan         | nan         | nan         | nan         | nan         | nan         | nan         | nan         | nan         | nan         | nan         | nan         | nan         | nan         | nan         | nan         | nan         | nan         | nan         | nan         | nan         | nan         | nan         | nan         | nan         | nan         | nan         | nan         | nan         |
| cold_side---differ number ()        |   2.012e+00 |   2.012e+00 |   2.012e+00 |   2.012e+00 |   2.012e+00 |   2.012e+00 |   2.012e+00 |   2.012e+00 |   2.012e+00 |   2.012e+00 |   2.012e+00 |   2.012e+00 |   2.012e+00 |   2.012e+00 |   2.012e+00 |   2.012e+00 |   2.012e+00 |   2.012e+00 |   2.012e+00 |   2.012e+00 |   2.012e+00 |   2.012e+00 |   2.012e+00 |   2.012e+00 |   2.012e+00 |   2.012e+00 |   2.012e+00 |   2.012e+00 |   2.012e+00 |   2.012e+00 |   2.012e+00 |   2.012e+00 |   2.012e+00 |   2.012e+00 |   2.012e+00 |   2.012e+00 |   2.012e+00 |   2.012e+00 |   2.012e+00 |   2.012e+00 |
+-------------------------------------+-------------+-------------+-------------+-------------+-------------+-------------+-------------+-------------+-------------+-------------+-------------+-------------+-------------+-------------+-------------+-------------+-------------+-------------+-------------+-------------+-------------+-------------+-------------+-------------+-------------+-------------+-------------+-------------+-------------+-------------+-------------+-------------+-------------+-------------+-------------+-------------+-------------+-------------+-------------+-------------+
