2026-05-03 02:18:29,136 - INFO - logger - Path for logging: solar_thermal_combine_plant_loggings\Aurora.log
2026-05-03 02:18:29,140 - INFO - logger - Used AURORA version: 0.1.1 - GCC's Nature
2026-05-03 02:18:29,140 - DEBUG - connection - Created reference object with factor 0.09 and delta 0 referring to connection c47
2026-05-03 02:18:29,140 - DEBUG - connection - Created reference object with factor 0.11 and delta 0 referring to connection c21
2026-05-03 02:18:29,796 - DEBUG - network - Removing 0 mass flow variables from ['c31'] from system variables.
2026-05-03 02:18:29,796 - DEBUG - network - Removing 1 mass flow variables from ['c9', 'd9'] from system variables.
2026-05-03 02:18:29,796 - DEBUG - network - Removing 1 mass flow variables from ['c1', 'c3'] from system variables.
2026-05-03 02:18:29,796 - DEBUG - network - Removing 1 mass flow variables from ['c16', 'c14'] from system variables.
2026-05-03 02:18:29,796 - DEBUG - network - Removing 0 mass flow variables from ['c79'] from system variables.
2026-05-03 02:18:29,796 - DEBUG - network - Removing 0 mass flow variables from ['c2'] from system variables.
2026-05-03 02:18:29,796 - DEBUG - network - Removing 0 mass flow variables from ['c15'] from system variables.
2026-05-03 02:18:29,800 - INFO - network - ########----Simplify Fluid System Successful----########
2026-05-03 02:18:29,845 - DEBUG - network - Updated fluid property SI values and fluid mass fraction for user specified connection parameters.
2026-05-03 02:18:29,936 - INFO - network - ########----Network check successful----########
2026-05-03 02:18:29,936 - DEBUG - network - Solver properties:
 - mode: offdesign
 - init_path: solar_thermal_combine_plant_design_1
 - design_path: solar_thermal_combine_plant_design_1
 - min_iter: 4
 - max_iter: 150
2026-05-03 02:18:29,936 - DEBUG - network - Network information:
 - Number of components: 84
 - Number of fluid components: 84
 - Number of electric components: 0
 - Number of connections: 106
 - Number of fluid connections: 106
 - Number of electric connections: 0
 - Number of busses: 0
2026-05-03 02:18:29,953 - WARNING - warnings - FutureWarning: Downcasting object dtype arrays on .fillna, .ffill, .bfill is deprecated and will change in a future version. Call result.infer_objects(copy=False) instead. To opt-in to the future behavior, set `pd.set_option('future.no_silent_downcasting', True)`
2026-05-03 02:18:29,961 - WARNING - warnings - FutureWarning: Downcasting object dtype arrays on .fillna, .ffill, .bfill is deprecated and will change in a future version. Call result.infer_objects(copy=False) instead. To opt-in to the future behavior, set `pd.set_option('future.no_silent_downcasting', True)`
2026-05-03 02:18:29,961 - WARNING - warnings - FutureWarning: Downcasting object dtype arrays on .fillna, .ffill, .bfill is deprecated and will change in a future version. Call result.infer_objects(copy=False) instead. To opt-in to the future behavior, set `pd.set_option('future.no_silent_downcasting', True)`
2026-05-03 02:18:29,982 - DEBUG - network - Could not find component 'merge_12_13_21' in design case file. This is is critical only to components, which need to load design values from this case.
2026-05-03 02:18:29,982 - DEBUG - network - Could not find component 'merge_18_82_83' in design case file. This is is critical only to components, which need to load design values from this case.
2026-05-03 02:18:29,982 - DEBUG - network - Could not find component 'merge_36_80_81' in design case file. This is is critical only to components, which need to load design values from this case.
2026-05-03 02:18:29,982 - DEBUG - network - Could not find component 'merge_67_68_69' in design case file. This is is critical only to components, which need to load design values from this case.
2026-05-03 02:18:29,982 - DEBUG - network - Could not find component 'merge_7_9_10' in design case file. This is is critical only to components, which need to load design values from this case.
2026-05-03 02:18:29,982 - DEBUG - network - Could not find component 'merge_deaerator' in design case file. This is is critical only to components, which need to load design values from this case.
2026-05-03 02:18:29,982 - DEBUG - network - Could not find component 'merge_heater_h' in design case file. This is is critical only to components, which need to load design values from this case.
2026-05-03 02:18:29,982 - DEBUG - network - Could not find component 'merge_heater_j' in design case file. This is is critical only to components, which need to load design values from this case.
2026-05-03 02:18:29,982 - DEBUG - network - Could not find component 'merge_heater_k' in design case file. This is is critical only to components, which need to load design values from this case.
2026-05-03 02:18:29,982 - DEBUG - network - Could not find component 'splitter_10_11_12' in design case file. This is is critical only to components, which need to load design values from this case.
2026-05-03 02:18:29,982 - DEBUG - network - Could not find component 'splitter_20_81_82' in design case file. This is is critical only to components, which need to load design values from this case.
2026-05-03 02:18:29,982 - DEBUG - network - Could not find component 'splitter_21_22_23' in design case file. This is is critical only to components, which need to load design values from this case.
2026-05-03 02:18:29,982 - DEBUG - network - Could not find component 'splitter_42_47_48' in design case file. This is is critical only to components, which need to load design values from this case.
2026-05-03 02:18:29,982 - DEBUG - network - Could not find component 'splitter_6_84_85' in design case file. This is is critical only to components, which need to load design values from this case.
2026-05-03 02:18:29,982 - DEBUG - network - Could not find component 'splitter_h1' in design case file. This is is critical only to components, which need to load design values from this case.
2026-05-03 02:18:29,982 - DEBUG - network - Could not find component 'splitter_l1' in design case file. This is is critical only to components, which need to load design values from this case.
2026-05-03 02:18:29,982 - DEBUG - network - Could not find component 'splitter_l2' in design case file. This is is critical only to components, which need to load design values from this case.
2026-05-03 02:18:29,982 - DEBUG - network - Could not find component 'splitter_l3' in design case file. This is is critical only to components, which need to load design values from this case.
2026-05-03 02:18:29,982 - DEBUG - network - Could not find component 'splitter_l4' in design case file. This is is critical only to components, which need to load design values from this case.
2026-05-03 02:18:29,982 - DEBUG - network - Done reading design point information for components.
2026-05-03 02:18:30,016 - DEBUG - network - Done reading design point information for connections.
2026-05-03 02:18:30,016 - DEBUG - network - Switched connections from design to offdesign.
2026-05-03 02:18:30,016 - DEBUG - network - Set component attributes KDTA to design value at component condenser.
2026-05-03 02:18:30,016 - DEBUG - network - Set component attributes KDTA to design value at component evaporator.
2026-05-03 02:18:30,016 - DEBUG - network - Set component attributes KDTA to design value at component heatexchanger_a.
2026-05-03 02:18:30,016 - DEBUG - network - Set component attributes KDTA to design value at component heatexchanger_b.
2026-05-03 02:18:30,016 - DEBUG - network - Set component attributes KDTA to design value at component heatexchanger_c.
2026-05-03 02:18:30,016 - DEBUG - network - Set component attributes KDTA to design value at component heatexchanger_d.
2026-05-03 02:18:30,017 - DEBUG - network - Set component attributes KDTA to design value at component heatexchanger_e.
2026-05-03 02:18:30,017 - DEBUG - network - Set component attributes KDTA to design value at component heatexchanger_f.
2026-05-03 02:18:30,017 - DEBUG - network - Set component attributes KDTA to design value at component heatexchanger_g.
2026-05-03 02:18:30,017 - DEBUG - network - Set component attributes KDTA to design value at component heatexchanger_h.
2026-05-03 02:18:30,017 - DEBUG - network - Set component attributes KDTA to design value at component heatexchanger_i.
2026-05-03 02:18:30,017 - DEBUG - network - Set component attributes KDTA to design value at component heatexchanger_j.
2026-05-03 02:18:30,017 - DEBUG - network - Set component attributes KDTA to design value at component heatexchanger_k.
2026-05-03 02:18:30,017 - DEBUG - network - Switched components from design to offdesign.
2026-05-03 02:18:30,052 - WARNING - warnings - FutureWarning: Downcasting object dtype arrays on .fillna, .ffill, .bfill is deprecated and will change in a future version. Call result.infer_objects(copy=False) instead. To opt-in to the future behavior, set `pd.set_option('future.no_silent_downcasting', True)`
2026-05-03 02:18:30,061 - WARNING - warnings - FutureWarning: Downcasting object dtype arrays on .fillna, .ffill, .bfill is deprecated and will change in a future version. Call result.infer_objects(copy=False) instead. To opt-in to the future behavior, set `pd.set_option('future.no_silent_downcasting', True)`
2026-05-03 02:18:30,065 - WARNING - warnings - FutureWarning: Downcasting object dtype arrays on .fillna, .ffill, .bfill is deprecated and will change in a future version. Call result.infer_objects(copy=False) instead. To opt-in to the future behavior, set `pd.set_option('future.no_silent_downcasting', True)`
2026-05-03 02:18:30,090 - DEBUG - network - Generic fluid property specification complete in the final of initialization.
2026-05-03 02:18:30,094 - DEBUG - base - The fuels for component combustion of type diabatic combustion chamber are: CH4.
2026-05-03 02:18:30,094 - INFO - network - ########-----Initializing variables bounds-----########
2026-05-03 02:18:30,098 - DEBUG - connection - The connection: c1 has 0 equations.
2026-05-03 02:18:30,098 - DEBUG - connection - The connection: c10 has 0 equations.
2026-05-03 02:18:30,098 - DEBUG - connection - The connection: c11 has 0 equations.
2026-05-03 02:18:30,098 - DEBUG - connection - The connection: c12 has 0 equations.
2026-05-03 02:18:30,098 - DEBUG - connection - The connection: c13 has 0 equations.
2026-05-03 02:18:30,098 - DEBUG - connection - The connection: c14 has 0 equations.
2026-05-03 02:18:30,098 - DEBUG - connection - The connection: c15 has 0 equations.
2026-05-03 02:18:30,098 - DEBUG - connection - The connection: c16 has 0 equations.
2026-05-03 02:18:30,098 - DEBUG - connection - The connection: c17 has 0 equations.
2026-05-03 02:18:30,098 - DEBUG - connection - The connection: c18 has 0 equations.
2026-05-03 02:18:30,098 - DEBUG - connection - The connection: c19 has 0 equations.
2026-05-03 02:18:30,098 - DEBUG - connection - The connection: c2 has 0 equations.
2026-05-03 02:18:30,098 - DEBUG - connection - The connection: c20 has 0 equations.
2026-05-03 02:18:30,098 - DEBUG - connection - The connection: c21 has 0 equations.
2026-05-03 02:18:30,098 - DEBUG - connection - The connection: c22 has 1 equations.
2026-05-03 02:18:30,098 - DEBUG - connection - The connection: c23 has 0 equations.
2026-05-03 02:18:30,098 - DEBUG - connection - The connection: c24 has 0 equations.
2026-05-03 02:18:30,098 - DEBUG - connection - The connection: c25 has 0 equations.
2026-05-03 02:18:30,098 - DEBUG - connection - The connection: c26 has 0 equations.
2026-05-03 02:18:30,098 - DEBUG - connection - The connection: c27 has 0 equations.
2026-05-03 02:18:30,098 - DEBUG - connection - The connection: c28 has 0 equations.
2026-05-03 02:18:30,098 - DEBUG - connection - The connection: c29 has 0 equations.
2026-05-03 02:18:30,098 - DEBUG - connection - The connection: c3 has 0 equations.
2026-05-03 02:18:30,098 - DEBUG - connection - The connection: c30 has 0 equations.
2026-05-03 02:18:30,098 - DEBUG - connection - The connection: c31 has 0 equations.
2026-05-03 02:18:30,098 - DEBUG - connection - The connection: c32 has 0 equations.
2026-05-03 02:18:30,098 - DEBUG - connection - The connection: c33 has 0 equations.
2026-05-03 02:18:30,098 - DEBUG - connection - The connection: c34 has 0 equations.
2026-05-03 02:18:30,098 - DEBUG - connection - The connection: c35 has 0 equations.
2026-05-03 02:18:30,098 - DEBUG - connection - The connection: c36 has 0 equations.
2026-05-03 02:18:30,098 - DEBUG - connection - The connection: c37 has 0 equations.
2026-05-03 02:18:30,098 - DEBUG - connection - The connection: c38 has 0 equations.
2026-05-03 02:18:30,098 - DEBUG - connection - The connection: c39 has 0 equations.
2026-05-03 02:18:30,098 - DEBUG - connection - The connection: c4 has 0 equations.
2026-05-03 02:18:30,098 - DEBUG - connection - The connection: c40 has 0 equations.
2026-05-03 02:18:30,098 - DEBUG - connection - The connection: c41 has 0 equations.
2026-05-03 02:18:30,098 - DEBUG - connection - The connection: c42 has 0 equations.
2026-05-03 02:18:30,098 - DEBUG - connection - The connection: c43 has 0 equations.
2026-05-03 02:18:30,098 - DEBUG - connection - The connection: c44 has 0 equations.
2026-05-03 02:18:30,098 - DEBUG - connection - The connection: c45 has 0 equations.
2026-05-03 02:18:30,098 - DEBUG - connection - The connection: c46 has 0 equations.
2026-05-03 02:18:30,098 - DEBUG - connection - The connection: c47 has 0 equations.
2026-05-03 02:18:30,098 - DEBUG - connection - The connection: c48 has 1 equations.
2026-05-03 02:18:30,098 - DEBUG - connection - The connection: c49 has 0 equations.
2026-05-03 02:18:30,098 - DEBUG - connection - The connection: c5 has 0 equations.
2026-05-03 02:18:30,098 - DEBUG - connection - The connection: c50 has 0 equations.
2026-05-03 02:18:30,098 - DEBUG - connection - The connection: c51 has 0 equations.
2026-05-03 02:18:30,098 - DEBUG - connection - The connection: c52 has 0 equations.
2026-05-03 02:18:30,098 - DEBUG - connection - The connection: c53 has 0 equations.
2026-05-03 02:18:30,098 - DEBUG - connection - The connection: c54 has 0 equations.
2026-05-03 02:18:30,098 - DEBUG - connection - The connection: c55 has 0 equations.
2026-05-03 02:18:30,098 - DEBUG - connection - The connection: c56 has 0 equations.
2026-05-03 02:18:30,098 - DEBUG - connection - The connection: c57 has 0 equations.
2026-05-03 02:18:30,098 - DEBUG - connection - The connection: c58 has 0 equations.
2026-05-03 02:18:30,098 - DEBUG - connection - The connection: c59 has 0 equations.
2026-05-03 02:18:30,098 - DEBUG - connection - The connection: c6 has 0 equations.
2026-05-03 02:18:30,098 - DEBUG - connection - The connection: c60 has 0 equations.
2026-05-03 02:18:30,098 - DEBUG - connection - The connection: c61 has 0 equations.
2026-05-03 02:18:30,098 - DEBUG - connection - The connection: c62 has 0 equations.
2026-05-03 02:18:30,098 - DEBUG - connection - The connection: c63 has 0 equations.
2026-05-03 02:18:30,098 - DEBUG - connection - The connection: c64 has 0 equations.
2026-05-03 02:18:30,098 - DEBUG - connection - The connection: c65 has 0 equations.
2026-05-03 02:18:30,098 - DEBUG - connection - The connection: c66 has 0 equations.
2026-05-03 02:18:30,098 - DEBUG - connection - The connection: c67 has 0 equations.
2026-05-03 02:18:30,098 - DEBUG - connection - The connection: c68 has 0 equations.
2026-05-03 02:18:30,098 - DEBUG - connection - The connection: c69 has 0 equations.
2026-05-03 02:18:30,098 - DEBUG - connection - The connection: c7 has 0 equations.
2026-05-03 02:18:30,098 - DEBUG - connection - The connection: c70 has 0 equations.
2026-05-03 02:18:30,098 - DEBUG - connection - The connection: c71 has 0 equations.
2026-05-03 02:18:30,098 - DEBUG - connection - The connection: c72 has 0 equations.
2026-05-03 02:18:30,098 - DEBUG - connection - The connection: c73 has 0 equations.
2026-05-03 02:18:30,098 - DEBUG - connection - The connection: c74 has 0 equations.
2026-05-03 02:18:30,098 - DEBUG - connection - The connection: c75 has 0 equations.
2026-05-03 02:18:30,098 - DEBUG - connection - The connection: c76 has 0 equations.
2026-05-03 02:18:30,098 - DEBUG - connection - The connection: c77 has 0 equations.
2026-05-03 02:18:30,098 - DEBUG - connection - The connection: c78 has 0 equations.
2026-05-03 02:18:30,098 - DEBUG - connection - The connection: c79 has 0 equations.
2026-05-03 02:18:30,098 - DEBUG - connection - The connection: c8 has 0 equations.
2026-05-03 02:18:30,098 - DEBUG - connection - The connection: c80 has 0 equations.
2026-05-03 02:18:30,098 - DEBUG - connection - The connection: c81 has 0 equations.
2026-05-03 02:18:30,098 - DEBUG - connection - The connection: c82 has 0 equations.
2026-05-03 02:18:30,098 - DEBUG - connection - The connection: c83 has 0 equations.
2026-05-03 02:18:30,098 - DEBUG - connection - The connection: c84 has 0 equations.
2026-05-03 02:18:30,098 - DEBUG - connection - The connection: c85 has 0 equations.
2026-05-03 02:18:30,098 - DEBUG - connection - The connection: c86 has 0 equations.
2026-05-03 02:18:30,098 - DEBUG - connection - The connection: c87 has 0 equations.
2026-05-03 02:18:30,098 - DEBUG - connection - The connection: c88 has 0 equations.
2026-05-03 02:18:30,098 - DEBUG - connection - The connection: c89 has 0 equations.
2026-05-03 02:18:30,098 - DEBUG - connection - The connection: c9 has 0 equations.
2026-05-03 02:18:30,098 - DEBUG - connection - The connection: c90 has 0 equations.
2026-05-03 02:18:30,098 - DEBUG - connection - The connection: d15 has 0 equations.
2026-05-03 02:18:30,098 - DEBUG - connection - The connection: d36 has 0 equations.
2026-05-03 02:18:30,098 - DEBUG - connection - The connection: d54 has 0 equations.
2026-05-03 02:18:30,098 - DEBUG - connection - The connection: d7 has 0 equations.
2026-05-03 02:18:30,098 - DEBUG - connection - The connection: d80 has 0 equations.
2026-05-03 02:18:30,098 - DEBUG - connection - The connection: d84 has 0 equations.
2026-05-03 02:18:30,098 - DEBUG - connection - The connection: d9 has 0 equations.
2026-05-03 02:18:30,098 - DEBUG - connection - The connection: deaerator_cold_in has 0 equations.
2026-05-03 02:18:30,098 - DEBUG - connection - The connection: h1_out has 0 equations.
2026-05-03 02:18:30,098 - DEBUG - connection - The connection: heater_h_hot_in has 0 equations.
2026-05-03 02:18:30,098 - DEBUG - connection - The connection: heater_j_hot_in has 0 equations.
2026-05-03 02:18:30,098 - DEBUG - connection - The connection: heater_k_hot_in has 0 equations.
2026-05-03 02:18:30,098 - DEBUG - connection - The connection: l1_out has 0 equations.
2026-05-03 02:18:30,098 - DEBUG - connection - The connection: l2_out has 0 equations.
2026-05-03 02:18:30,098 - DEBUG - connection - The connection: l3_out has 0 equations.
2026-05-03 02:18:30,098 - DEBUG - connection - The connection: l4_out has 0 equations.
2026-05-03 02:18:30,098 - DEBUG - component - The component: af_boiler_cold_in of type FlowAmplifier has 1 equations.
2026-05-03 02:18:30,098 - DEBUG - component - The component: af_boiler_cold_out of type FlowAmplifier has 1 equations.
2026-05-03 02:18:30,098 - DEBUG - component - The component: af_boiler_hot_in of type FlowAmplifier has 1 equations.
2026-05-03 02:18:30,098 - DEBUG - component - The component: af_boiler_hot_out of type FlowAmplifier has 1 equations.
2026-05-03 02:18:30,098 - DEBUG - component - The component: af_reheater_cold_in of type FlowAmplifier has 1 equations.
2026-05-03 02:18:30,098 - DEBUG - component - The component: af_reheater_cold_out of type FlowAmplifier has 1 equations.
2026-05-03 02:18:30,098 - DEBUG - component - The component: af_reheater_hot_in of type FlowAmplifier has 1 equations.
2026-05-03 02:18:30,098 - DEBUG - component - The component: af_reheater_hot_out of type FlowAmplifier has 1 equations.
2026-05-03 02:18:30,098 - DEBUG - component - The component: af_solar_in of type FlowAmplifier has 1 equations.
2026-05-03 02:18:30,098 - DEBUG - component - The component: af_solar_out of type FlowAmplifier has 1 equations.
2026-05-03 02:18:30,098 - DEBUG - component - The component: air_compressor of type Compressor has 1 equations.
2026-05-03 02:18:30,098 - DEBUG - component - The component: air_source of type Source has 0 equations.
2026-05-03 02:18:30,098 - DEBUG - component - The component: cold_salt_tank of type HeatStorageTank has 2 equations.
2026-05-03 02:18:30,098 - DEBUG - component - The component: combustion of type DiabaticCombustionChamber has 2 equations.
2026-05-03 02:18:30,098 - DEBUG - component - The component: condense_pump of type Pump has 1 equations.
2026-05-03 02:18:30,098 - DEBUG - component - The component: condenser of type Condenser has 5 equations.
2026-05-03 02:18:30,098 - DEBUG - component - The component: cooling_water_sink of type Sink has 0 equations.
2026-05-03 02:18:30,098 - DEBUG - component - The component: cooling_water_source of type Source has 0 equations.
2026-05-03 02:18:30,098 - DEBUG - component - The component: deaerator of type Deaerator has 6 equations.
2026-05-03 02:18:30,098 - DEBUG - component - The component: deaerator_drain of type Sink has 0 equations.
2026-05-03 02:18:30,098 - DEBUG - component - The component: evaporator of type Evaporator has 4 equations.
2026-05-03 02:18:30,098 - DEBUG - component - The component: evaporator_drain of type Sink has 0 equations.
2026-05-03 02:18:30,098 - DEBUG - component - The component: evaporator_drum of type EvaporateTank has 5 equations.
2026-05-03 02:18:30,098 - DEBUG - component - The component: fuel_source of type Source has 0 equations.
2026-05-03 02:18:30,098 - DEBUG - component - The component: gas_sink of type Sink has 0 equations.
2026-05-03 02:18:30,098 - DEBUG - component - The component: gas_turbine of type Turbine has 1 equations.
2026-05-03 02:18:30,098 - DEBUG - component - The component: heatexchanger_a of type HeatExchanger has 4 equations.
2026-05-03 02:18:30,098 - DEBUG - component - The component: heatexchanger_b of type HeatExchanger has 4 equations.
2026-05-03 02:18:30,098 - DEBUG - component - The component: heatexchanger_c of type HeatExchanger has 3 equations.
2026-05-03 02:18:30,098 - DEBUG - component - The component: heatexchanger_d of type HeatExchanger has 4 equations.
2026-05-03 02:18:30,098 - DEBUG - component - The component: heatexchanger_e of type HeatExchanger has 4 equations.
2026-05-03 02:18:30,098 - DEBUG - component - The component: heatexchanger_f of type HeatExchanger has 4 equations.
2026-05-03 02:18:30,098 - DEBUG - component - The component: heatexchanger_g of type ExtractHeatExchanger has 5 equations.
2026-05-03 02:18:30,098 - DEBUG - component - The component: heatexchanger_h of type ExtractHeatExchanger has 5 equations.
2026-05-03 02:18:30,098 - DEBUG - component - The component: heatexchanger_i of type ExtractHeatExchanger has 5 equations.
2026-05-03 02:18:30,098 - DEBUG - component - The component: heatexchanger_j of type ExtractHeatExchanger has 5 equations.
2026-05-03 02:18:30,098 - DEBUG - component - The component: heatexchanger_k of type ExtractHeatExchanger has 5 equations.
2026-05-03 02:18:30,098 - DEBUG - component - The component: hot_salt_tank of type HeatStorageTank has 2 equations.
2026-05-03 02:18:30,098 - DEBUG - component - The component: hp_turbine1 of type Turbine has 1 equations.
2026-05-03 02:18:30,098 - DEBUG - component - The component: hp_turbine2 of type Turbine has 1 equations.
2026-05-03 02:18:30,098 - DEBUG - component - The component: lp_turbine1 of type Turbine has 1 equations.
2026-05-03 02:18:30,098 - DEBUG - component - The component: lp_turbine2 of type Turbine has 1 equations.
2026-05-03 02:18:30,098 - DEBUG - component - The component: lp_turbine3 of type Turbine has 1 equations.
2026-05-03 02:18:30,098 - DEBUG - component - The component: lp_turbine4 of type Turbine has 1 equations.
2026-05-03 02:18:30,098 - DEBUG - component - The component: lp_turbine5 of type Turbine has 1 equations.
2026-05-03 02:18:30,098 - DEBUG - component - The component: merge_12_13_21 of type Merge has 2 equations.
2026-05-03 02:18:30,098 - DEBUG - component - The component: merge_18_82_83 of type Merge has 2 equations.
2026-05-03 02:18:30,098 - DEBUG - component - The component: merge_36_80_81 of type Merge has 2 equations.
2026-05-03 02:18:30,098 - DEBUG - component - The component: merge_67_68_69 of type Merge has 2 equations.
2026-05-03 02:18:30,098 - DEBUG - component - The component: merge_7_9_10 of type Merge has 2 equations.
2026-05-03 02:18:30,098 - DEBUG - component - The component: merge_deaerator of type Merge has 2 equations.
2026-05-03 02:18:30,098 - DEBUG - component - The component: merge_heater_h of type Merge has 2 equations.
2026-05-03 02:18:30,098 - DEBUG - component - The component: merge_heater_j of type Merge has 2 equations.
2026-05-03 02:18:30,098 - DEBUG - component - The component: merge_heater_k of type Merge has 2 equations.
2026-05-03 02:18:30,098 - DEBUG - component - The component: oil_cycle_closer of type CycleCloser has 0 equations.
2026-05-03 02:18:30,098 - DEBUG - component - The component: oil_recycle_pump1 of type Pump has 1 equations.
2026-05-03 02:18:30,098 - DEBUG - component - The component: oil_recycle_pump2 of type Pump has 1 equations.
2026-05-03 02:18:30,098 - DEBUG - component - The component: salt_cycle_closer of type CycleCloser has 1 equations.
2026-05-03 02:18:30,098 - DEBUG - component - The component: solar_collector1 of type SolarCollector has 1 equations.
2026-05-03 02:18:30,098 - DEBUG - component - The component: solar_collector2 of type SolarCollector has 1 equations.
2026-05-03 02:18:30,098 - DEBUG - component - The component: solar_collector3 of type SolarCollector has 1 equations.
2026-05-03 02:18:30,098 - DEBUG - component - The component: solar_collector4 of type SolarCollector has 1 equations.
2026-05-03 02:18:30,098 - DEBUG - component - The component: splitter_10_11_12 of type Splitter has 1 equations.
2026-05-03 02:18:30,098 - DEBUG - component - The component: splitter_20_81_82 of type Splitter has 1 equations.
2026-05-03 02:18:30,098 - DEBUG - component - The component: splitter_21_22_23 of type Splitter has 1 equations.
2026-05-03 02:18:30,098 - DEBUG - component - The component: splitter_42_47_48 of type Splitter has 1 equations.
2026-05-03 02:18:30,098 - DEBUG - component - The component: splitter_6_84_85 of type Splitter has 1 equations.
2026-05-03 02:18:30,098 - DEBUG - component - The component: splitter_h1 of type Splitter has 1 equations.
2026-05-03 02:18:30,098 - DEBUG - component - The component: splitter_l1 of type Splitter has 1 equations.
2026-05-03 02:18:30,098 - DEBUG - component - The component: splitter_l2 of type Splitter has 1 equations.
2026-05-03 02:18:30,098 - DEBUG - component - The component: splitter_l3 of type Splitter has 1 equations.
2026-05-03 02:18:30,098 - DEBUG - component - The component: splitter_l4 of type Splitter has 1 equations.
2026-05-03 02:18:30,098 - DEBUG - component - The component: steam_cycle_closer of type CycleCloser has 0 equations.
2026-05-03 02:18:30,098 - DEBUG - component - The component: steam_recycle_pump of type Pump has 1 equations.
2026-05-03 02:18:30,098 - DEBUG - component - The component: valve_36 of type Valve has 0 equations.
2026-05-03 02:18:30,098 - DEBUG - component - The component: valve_50_51 of type Valve has 0 equations.
2026-05-03 02:18:30,098 - DEBUG - component - The component: valve_52_53 of type Valve has 0 equations.
2026-05-03 02:18:30,098 - DEBUG - component - The component: valve_69_71 of type Valve has 0 equations.
2026-05-03 02:18:30,098 - DEBUG - component - The component: valve_7 of type Valve has 0 equations.
2026-05-03 02:18:30,098 - DEBUG - component - The component: valve_73_74 of type Valve has 0 equations.
2026-05-03 02:18:30,098 - DEBUG - component - The component: valve_76_77 of type Valve has 0 equations.
2026-05-03 02:18:30,098 - DEBUG - component - The component: valve_80 of type Valve has 0 equations.
2026-05-03 02:18:30,098 - DEBUG - component - The component: valve_9 of type Valve has 0 equations.
2026-05-03 02:18:30,098 - DEBUG - component - The component: water_recycle_pump of type Pump has 1 equations.
2026-05-03 02:18:30,257 - DEBUG - network - ------presolve_batch: 1------
2026-05-03 02:18:30,257 - DEBUG - network - Has pre_solved equation: <component parameter>: Ki of FlowAmplifier: af_solar_out
2026-05-03 02:18:30,257 - DEBUG - network - Has pre_solved equation: <component constraint>: mass_flow_constraints of DiabaticCombustionChamber: combustion
2026-05-03 02:18:30,260 - DEBUG - network - Has pre_solved equation: <component parameter>: dp2 of Deaerator: deaerator
2026-05-03 02:18:30,260 - DEBUG - network - Has pre_solved equation: <component parameter>: T_in of HeatStorageTank: hot_salt_tank
2026-05-03 02:18:30,260 - DEBUG - network - Has pre_solved equation: <component parameter>: mass_conservation of CycleCloser: salt_cycle_closer
2026-05-03 02:18:30,260 - DEBUG - network - ------presolve_batch: 2------
2026-05-03 02:18:30,260 - DEBUG - network - Has pre_solved equation: <component parameter>: Ki of FlowAmplifier: af_solar_in
2026-05-03 02:18:30,261 - DEBUG - network - Has pre_solved equation: <component constraint>: saturated_liquid_constraints of Deaerator: deaerator
2026-05-03 02:18:30,261 - DEBUG - network - Has pre_solved equation: <component parameter>: dp1 of Deaerator: deaerator
2026-05-03 02:18:30,261 - DEBUG - network - Has pre_solved equation: <component parameter>: T_out of HeatStorageTank: hot_salt_tank
2026-05-03 02:18:30,261 - DEBUG - network - ------presolve_batch: 3------
2026-05-03 02:18:30,261 - DEBUG - network - Has pre_solved equation: <component constraint>: saturated_vapour_constraints of Deaerator: deaerator
2026-05-03 02:18:30,261 - DEBUG - network - ------presolve_batch: 4------
2026-05-03 02:18:30,261 - DEBUG - network - Has removed 10 pre_solved equations totally.
2026-05-03 02:18:30,261 - DEBUG - component - The component: af_boiler_cold_in of type FlowAmplifier has 0 variables.
2026-05-03 02:18:30,261 - DEBUG - component - The component: af_boiler_cold_out of type FlowAmplifier has 0 variables.
2026-05-03 02:18:30,261 - DEBUG - component - The component: af_boiler_hot_in of type FlowAmplifier has 0 variables.
2026-05-03 02:18:30,261 - DEBUG - component - The component: af_boiler_hot_out of type FlowAmplifier has 0 variables.
2026-05-03 02:18:30,261 - DEBUG - component - The component: af_reheater_cold_in of type FlowAmplifier has 0 variables.
2026-05-03 02:18:30,261 - DEBUG - component - The component: af_reheater_cold_out of type FlowAmplifier has 0 variables.
2026-05-03 02:18:30,261 - DEBUG - component - The component: af_reheater_hot_in of type FlowAmplifier has 0 variables.
2026-05-03 02:18:30,261 - DEBUG - component - The component: af_reheater_hot_out of type FlowAmplifier has 0 variables.
2026-05-03 02:18:30,261 - DEBUG - component - The component: af_solar_in of type FlowAmplifier has 0 variables.
2026-05-03 02:18:30,261 - DEBUG - component - The component: af_solar_out of type FlowAmplifier has 0 variables.
2026-05-03 02:18:30,261 - DEBUG - component - The component: air_compressor of type Compressor has 0 variables.
2026-05-03 02:18:30,261 - DEBUG - component - The component: air_source of type Source has 0 variables.
2026-05-03 02:18:30,261 - DEBUG - component - The component: cold_salt_tank of type HeatStorageTank has 0 variables.
2026-05-03 02:18:30,261 - DEBUG - component - The component: combustion of type DiabaticCombustionChamber has 0 variables.
2026-05-03 02:18:30,261 - DEBUG - component - The component: condense_pump of type Pump has 0 variables.
2026-05-03 02:18:30,261 - DEBUG - component - The component: condenser of type Condenser has 0 variables.
2026-05-03 02:18:30,261 - DEBUG - component - The component: cooling_water_sink of type Sink has 0 variables.
2026-05-03 02:18:30,261 - DEBUG - component - The component: cooling_water_source of type Source has 0 variables.
2026-05-03 02:18:30,261 - DEBUG - component - The component: deaerator of type Deaerator has 0 variables.
2026-05-03 02:18:30,261 - DEBUG - component - The component: deaerator_drain of type Sink has 0 variables.
2026-05-03 02:18:30,261 - DEBUG - component - The component: evaporator of type Evaporator has 0 variables.
2026-05-03 02:18:30,261 - DEBUG - component - The component: evaporator_drain of type Sink has 0 variables.
2026-05-03 02:18:30,261 - DEBUG - component - The component: evaporator_drum of type EvaporateTank has 0 variables.
2026-05-03 02:18:30,261 - DEBUG - component - The component: fuel_source of type Source has 0 variables.
2026-05-03 02:18:30,261 - DEBUG - component - The component: gas_sink of type Sink has 0 variables.
2026-05-03 02:18:30,261 - DEBUG - component - The component: gas_turbine of type Turbine has 0 variables.
2026-05-03 02:18:30,261 - DEBUG - component - The component: heatexchanger_a of type HeatExchanger has 0 variables.
2026-05-03 02:18:30,261 - DEBUG - component - The component: heatexchanger_b of type HeatExchanger has 0 variables.
2026-05-03 02:18:30,261 - DEBUG - component - The component: heatexchanger_c of type HeatExchanger has 0 variables.
2026-05-03 02:18:30,261 - DEBUG - component - The component: heatexchanger_d of type HeatExchanger has 0 variables.
2026-05-03 02:18:30,261 - DEBUG - component - The component: heatexchanger_e of type HeatExchanger has 0 variables.
2026-05-03 02:18:30,261 - DEBUG - component - The component: heatexchanger_f of type HeatExchanger has 0 variables.
2026-05-03 02:18:30,261 - DEBUG - component - The component: heatexchanger_g of type ExtractHeatExchanger has 0 variables.
2026-05-03 02:18:30,261 - DEBUG - component - The component: heatexchanger_h of type ExtractHeatExchanger has 0 variables.
2026-05-03 02:18:30,265 - DEBUG - component - The component: heatexchanger_i of type ExtractHeatExchanger has 0 variables.
2026-05-03 02:18:30,265 - DEBUG - component - The component: heatexchanger_j of type ExtractHeatExchanger has 0 variables.
2026-05-03 02:18:30,265 - DEBUG - component - The component: heatexchanger_k of type ExtractHeatExchanger has 0 variables.
2026-05-03 02:18:30,265 - DEBUG - component - The component: hot_salt_tank of type HeatStorageTank has 0 variables.
2026-05-03 02:18:30,265 - DEBUG - component - The component: hp_turbine1 of type Turbine has 0 variables.
2026-05-03 02:18:30,265 - DEBUG - component - The component: hp_turbine2 of type Turbine has 0 variables.
2026-05-03 02:18:30,265 - DEBUG - component - The component: lp_turbine1 of type Turbine has 0 variables.
2026-05-03 02:18:30,265 - DEBUG - component - The component: lp_turbine2 of type Turbine has 0 variables.
2026-05-03 02:18:30,265 - DEBUG - component - The component: lp_turbine3 of type Turbine has 0 variables.
2026-05-03 02:18:30,265 - DEBUG - component - The component: lp_turbine4 of type Turbine has 0 variables.
2026-05-03 02:18:30,265 - DEBUG - component - The component: lp_turbine5 of type Turbine has 0 variables.
2026-05-03 02:18:30,266 - DEBUG - component - The component: merge_12_13_21 of type Merge has 0 variables.
2026-05-03 02:18:30,266 - DEBUG - component - The component: merge_18_82_83 of type Merge has 0 variables.
2026-05-03 02:18:30,266 - DEBUG - component - The component: merge_36_80_81 of type Merge has 0 variables.
2026-05-03 02:18:30,266 - DEBUG - component - The component: merge_67_68_69 of type Merge has 0 variables.
2026-05-03 02:18:30,266 - DEBUG - component - The component: merge_7_9_10 of type Merge has 0 variables.
2026-05-03 02:18:30,266 - DEBUG - component - The component: merge_deaerator of type Merge has 0 variables.
2026-05-03 02:18:30,266 - DEBUG - component - The component: merge_heater_h of type Merge has 0 variables.
2026-05-03 02:18:30,266 - DEBUG - component - The component: merge_heater_j of type Merge has 0 variables.
2026-05-03 02:18:30,266 - DEBUG - component - The component: merge_heater_k of type Merge has 0 variables.
2026-05-03 02:18:30,266 - DEBUG - component - The component: oil_cycle_closer of type CycleCloser has 0 variables.
2026-05-03 02:18:30,266 - DEBUG - component - The component: oil_recycle_pump1 of type Pump has 0 variables.
2026-05-03 02:18:30,266 - DEBUG - component - The component: oil_recycle_pump2 of type Pump has 0 variables.
2026-05-03 02:18:30,266 - DEBUG - component - The component: salt_cycle_closer of type CycleCloser has 0 variables.
2026-05-03 02:18:30,266 - DEBUG - component - The component: solar_collector1 of type SolarCollector has 0 variables.
2026-05-03 02:18:30,266 - DEBUG - component - The component: solar_collector2 of type SolarCollector has 0 variables.
2026-05-03 02:18:30,266 - DEBUG - component - The component: solar_collector3 of type SolarCollector has 0 variables.
2026-05-03 02:18:30,266 - DEBUG - component - The component: solar_collector4 of type SolarCollector has 0 variables.
2026-05-03 02:18:30,266 - DEBUG - component - The component: splitter_10_11_12 of type Splitter has 0 variables.
2026-05-03 02:18:30,266 - DEBUG - component - The component: splitter_20_81_82 of type Splitter has 0 variables.
2026-05-03 02:18:30,266 - DEBUG - component - The component: splitter_21_22_23 of type Splitter has 0 variables.
2026-05-03 02:18:30,266 - DEBUG - component - The component: splitter_42_47_48 of type Splitter has 0 variables.
2026-05-03 02:18:30,266 - DEBUG - component - The component: splitter_6_84_85 of type Splitter has 0 variables.
2026-05-03 02:18:30,266 - DEBUG - component - The component: splitter_h1 of type Splitter has 0 variables.
2026-05-03 02:18:30,266 - DEBUG - component - The component: splitter_l1 of type Splitter has 0 variables.
2026-05-03 02:18:30,266 - DEBUG - component - The component: splitter_l2 of type Splitter has 0 variables.
2026-05-03 02:18:30,268 - DEBUG - component - The component: splitter_l3 of type Splitter has 0 variables.
2026-05-03 02:18:30,268 - DEBUG - component - The component: splitter_l4 of type Splitter has 0 variables.
2026-05-03 02:18:30,268 - DEBUG - component - The component: steam_cycle_closer of type CycleCloser has 0 variables.
2026-05-03 02:18:30,268 - DEBUG - component - The component: steam_recycle_pump of type Pump has 0 variables.
2026-05-03 02:18:30,268 - DEBUG - component - The component: valve_36 of type Valve has 0 variables.
2026-05-03 02:18:30,268 - DEBUG - component - The component: valve_50_51 of type Valve has 0 variables.
2026-05-03 02:18:30,268 - DEBUG - component - The component: valve_52_53 of type Valve has 0 variables.
2026-05-03 02:18:30,268 - DEBUG - component - The component: valve_69_71 of type Valve has 0 variables.
2026-05-03 02:18:30,268 - DEBUG - component - The component: valve_7 of type Valve has 0 variables.
2026-05-03 02:18:30,268 - DEBUG - component - The component: valve_73_74 of type Valve has 0 variables.
2026-05-03 02:18:30,268 - DEBUG - component - The component: valve_76_77 of type Valve has 0 variables.
2026-05-03 02:18:30,268 - DEBUG - component - The component: valve_80 of type Valve has 0 variables.
2026-05-03 02:18:30,268 - DEBUG - component - The component: valve_9 of type Valve has 0 variables.
2026-05-03 02:18:30,268 - DEBUG - component - The component: water_recycle_pump of type Pump has 0 variables.
2026-05-03 02:18:30,531 - INFO - network - ########----Network initialised----########
2026-05-03 02:18:30,531 - DEBUG - network - ------Equation Summarization------
2026-05-03 02:18:30,531 - DEBUG - network - Total number of equations: 123
2026-05-03 02:18:30,531 - DEBUG - network - Number of connection equations: 2.
2026-05-03 02:18:30,531 - DEBUG - network - Number of component equations: 131.
2026-05-03 02:18:30,531 - DEBUG - network - Number of bus equations: 0.
2026-05-03 02:18:30,531 - DEBUG - network - Number of user defined equations: 0.
2026-05-03 02:18:30,531 - DEBUG - network - Number of presolved equations: 10.
2026-05-03 02:18:30,531 - DEBUG - network - ------Variable Summarization------
2026-05-03 02:18:30,531 - DEBUG - network - Total number of variables: 123.
2026-05-03 02:18:30,531 - DEBUG - network - Number of component variables: 0.
2026-05-03 02:18:30,531 - DEBUG - network - Number of connection variables: 123.
2026-05-03 02:18:30,531 - DEBUG - network - Number of mass flow variables: 42.
2026-05-03 02:18:30,531 - DEBUG - network - Number of pressure variables: 25.
2026-05-03 02:18:30,531 - DEBUG - network - Number of enthalpy variables: 56.
2026-05-03 02:18:30,531 - DEBUG - network - ------Fluid Module Summarization------
2026-05-03 02:18:30,531 - DEBUG - network - Number of fluid composition equations: 6.
2026-05-03 02:18:30,531 - DEBUG - network - Number of fluid variables: 6.
2026-05-03 02:18:30,802 - DEBUG - network - 
##### VARIABLES #####
+-----+--------------------------------------------------------+-------------+-------------+---------+-----------+
|     | label                                                  |   min value |   max value | unit    |     scale |
|-----+--------------------------------------------------------+-------------+-------------+---------+-----------|
|   0 | <mass flow objective> of connection: c10               |   1.000e-05 |   1.000e+12 | kg / s  | 1.000e+00 |
|   1 | <mass flow objective> of connection: c11               |   1.000e-05 |   1.000e+12 | kg / s  | 1.000e+00 |
|   2 | <mass flow objective> of connection: c12               |   1.000e-05 |   1.000e+12 | kg / s  | 1.000e+00 |
|   3 | <mass flow objective> of connection: c13               |   1.000e-05 |   1.000e+12 | kg / s  | 1.000e+00 |
|   4 | <mass flow objective> of connection: c21               |   1.000e-05 |   1.000e+12 | kg / s  | 1.000e+00 |
|   5 | <mass flow objective> of connection: c22               |   1.000e-05 |   1.000e+12 | kg / s  | 1.000e+00 |
|   6 | <mass flow objective> of connection: c23               |   1.000e-05 |   1.000e+12 | kg / s  | 1.000e+00 |
|   7 | <mass flow objective> of connection: c24               |   1.000e-05 |   1.000e+12 | kg / s  | 1.000e+00 |
|   8 | <mass flow objective> of connection: c25               |   1.000e-05 |   1.000e+12 | kg / s  | 1.000e+00 |
|   9 | <mass flow objective> of connection: c28               |   1.000e-05 |   1.000e+12 | kg / s  | 1.000e+00 |
|  10 | <mass flow objective> of connection: c32               |   1.000e-05 |   1.000e+12 | kg / s  | 1.000e+00 |
|  11 | <mass flow objective> of connection: c36               |   1.000e-05 |   1.000e+12 | kg / s  | 1.000e+00 |
|  12 | <mass flow objective> of connection: c37               |   1.000e-05 |   1.000e+12 | kg / s  | 1.000e+00 |
|  13 | <mass flow objective> of connection: c38               |   1.000e-05 |   1.000e+12 | kg / s  | 1.000e+00 |
|  14 | <mass flow objective> of connection: c41               |   1.000e-05 |   1.000e+12 | kg / s  | 1.000e+00 |
|  15 | <mass flow objective> of connection: c42               |   1.000e-05 |   1.000e+12 | kg / s  | 1.000e+00 |
|  16 | <mass flow objective> of connection: c43               |   1.000e-05 |   1.000e+12 | kg / s  | 1.000e+00 |
|  17 | <mass flow objective> of connection: c44               |   1.000e-05 |   1.000e+12 | kg / s  | 1.000e+00 |
|  18 | <mass flow objective> of connection: c45               |   1.000e-05 |   1.000e+12 | kg / s  | 1.000e+00 |
|  19 | <mass flow objective> of connection: c46               |   1.000e-05 |   1.000e+12 | kg / s  | 1.000e+00 |
|  20 | <mass flow objective> of connection: c48               |   1.000e-05 |   1.000e+12 | kg / s  | 1.000e+00 |
|  21 | <mass flow objective> of connection: c52               |   1.000e-05 |   1.000e+12 | kg / s  | 1.000e+00 |
|  22 | <mass flow objective> of connection: c54               |   1.000e-05 |   1.000e+12 | kg / s  | 1.000e+00 |
|  23 | <mass flow objective> of connection: c56               |   1.000e-05 |   1.000e+12 | kg / s  | 1.000e+00 |
|  24 | <mass flow objective> of connection: c57               |   1.000e-05 |   1.000e+12 | kg / s  | 1.000e+00 |
|  25 | <mass flow objective> of connection: c58               |   1.000e-05 |   1.000e+12 | kg / s  | 1.000e+00 |
|  26 | <mass flow objective> of connection: c59               |   1.000e-05 |   1.000e+12 | kg / s  | 1.000e+00 |
|  27 | <mass flow objective> of connection: c6                |   1.000e-05 |   1.000e+12 | kg / s  | 1.000e+00 |
|  28 | <mass flow objective> of connection: c60               |   1.000e-05 |   1.000e+12 | kg / s  | 1.000e+00 |
|  29 | <mass flow objective> of connection: c61               |   1.000e-05 |   1.000e+12 | kg / s  | 1.000e+00 |
|  30 | <mass flow objective> of connection: c62               |   1.000e-05 |   1.000e+12 | kg / s  | 1.000e+00 |
|  31 | <mass flow objective> of connection: c63               |   1.000e-05 |   1.000e+12 | kg / s  | 1.000e+00 |
|  32 | <mass flow objective> of connection: c65               |   1.000e-05 |   1.000e+12 | kg / s  | 1.000e+00 |
|  33 | <mass flow objective> of connection: c68               |   1.000e-05 |   1.000e+12 | kg / s  | 1.000e+00 |
|  34 | <mass flow objective> of connection: c69               |   1.000e-05 |   1.000e+12 | kg / s  | 1.000e+00 |
|  35 | <mass flow objective> of connection: c73               |   1.000e-05 |   1.000e+12 | kg / s  | 1.000e+00 |
|  36 | <mass flow objective> of connection: c80               |   1.000e-05 |   1.000e+12 | kg / s  | 1.000e+00 |
|  37 | <mass flow objective> of connection: c81               |   1.000e-05 |   1.000e+12 | kg / s  | 1.000e+00 |
|  38 | <mass flow objective> of connection: c82               |   1.000e-05 |   1.000e+12 | kg / s  | 1.000e+00 |
|  39 | <mass flow objective> of connection: c83               |   1.000e-05 |   1.000e+12 | kg / s  | 1.000e+00 |
|  40 | <mass flow objective> of connection: d84               |   1.000e-05 |   1.000e+12 | kg / s  | 1.000e+00 |
|  41 | <mass flow objective> of connection: deaerator_cold_in |   1.000e-05 |   1.000e+12 | kg / s  | 1.000e+00 |
|  42 | <pressure objective> of connection: c10                |   1.001e-03 |   1.998e+02 | bar     | 1.000e+05 |
|  43 | <pressure objective> of connection: c16                |   1.001e-05 |   9.990e+02 | bar     | 1.000e+05 |
|  44 | <pressure objective> of connection: c18                |   1.001e-03 |   1.998e+02 | bar     | 1.000e+05 |
|  45 | <pressure objective> of connection: c26                |   1.001e-03 |   1.998e+02 | bar     | 1.000e+05 |
|  46 | <pressure objective> of connection: c27                |   6.123e-03 |   9.990e+03 | bar     | 1.000e+05 |
|  47 | <pressure objective> of connection: c29                |   6.123e-03 |   9.990e+03 | bar     | 1.000e+05 |
|  48 | <pressure objective> of connection: c33                |   1.001e-03 |   1.998e+02 | bar     | 1.000e+05 |
|  49 | <pressure objective> of connection: c34                |   1.001e-03 |   1.998e+02 | bar     | 1.000e+05 |
|  50 | <pressure objective> of connection: c35                |   6.123e-03 |   9.990e+03 | bar     | 1.000e+05 |
|  51 | <pressure objective> of connection: c38                |   6.123e-03 |   9.990e+03 | bar     | 1.000e+05 |
|  52 | <pressure objective> of connection: c39                |   1.001e-03 |   1.998e+02 | bar     | 1.000e+05 |
|  53 | <pressure objective> of connection: c49                |   6.123e-03 |   9.990e+03 | bar     | 1.000e+05 |
|  54 | <pressure objective> of connection: c50                |   6.123e-03 |   9.990e+03 | bar     | 1.000e+05 |
|  55 | <pressure objective> of connection: c52                |   6.123e-03 |   9.990e+03 | bar     | 1.000e+05 |
|  56 | <pressure objective> of connection: c55                |   6.123e-03 |   9.990e+03 | bar     | 1.000e+05 |
|  57 | <pressure objective> of connection: c65                |   6.123e-03 |   9.990e+03 | bar     | 1.000e+05 |
|  58 | <pressure objective> of connection: c67                |   6.123e-03 |   9.990e+03 | bar     | 1.000e+05 |
|  59 | <pressure objective> of connection: c7                 |   1.001e-03 |   1.998e+02 | bar     | 1.000e+05 |
|  60 | <pressure objective> of connection: c70                |   6.123e-03 |   9.990e+03 | bar     | 1.000e+05 |
|  61 | <pressure objective> of connection: c71                |   6.123e-03 |   9.990e+03 | bar     | 1.000e+05 |
|  62 | <pressure objective> of connection: c72                |   6.123e-03 |   9.990e+03 | bar     | 1.000e+05 |
|  63 | <pressure objective> of connection: c74                |   6.123e-03 |   9.990e+03 | bar     | 1.000e+05 |
|  64 | <pressure objective> of connection: c75                |   6.123e-03 |   9.990e+03 | bar     | 1.000e+05 |
|  65 | <pressure objective> of connection: c77                |   6.123e-03 |   9.990e+03 | bar     | 1.000e+05 |
|  66 | <pressure objective> of connection: c8                 |   1.000e-02 |   7.992e+02 | bar     | 1.000e+05 |
|  67 | <enthalpy objective> of connection: c10                |   1.000e+00 |   7.000e+03 | kJ / kg | 1.000e+05 |
|  68 | <enthalpy objective> of connection: c13                |   1.000e+00 |   7.000e+03 | kJ / kg | 1.000e+05 |
|  69 | <enthalpy objective> of connection: c16                |   1.000e+00 |   7.000e+03 | kJ / kg | 1.000e+05 |
|  70 | <enthalpy objective> of connection: c17                |   1.000e+00 |   7.000e+03 | kJ / kg | 1.000e+05 |
|  71 | <enthalpy objective> of connection: c18                |   1.000e+00 |   7.000e+03 | kJ / kg | 1.000e+05 |
|  72 | <enthalpy objective> of connection: c19                |   9.778e+02 | nan         | kJ / kg | 1.000e+05 |
|  73 | <enthalpy objective> of connection: c20                |   1.000e+00 | nan         | kJ / kg | 1.000e+05 |
|  74 | <enthalpy objective> of connection: c21                |   1.000e+00 |   7.000e+03 | kJ / kg | 1.000e+05 |
|  75 | <enthalpy objective> of connection: c25                |   2.567e+01 |   6.523e+03 | kJ / kg | 1.000e+05 |
|  76 | <enthalpy objective> of connection: c26                |   1.000e+00 |   7.000e+03 | kJ / kg | 1.000e+05 |
|  77 | <enthalpy objective> of connection: c27                |   1.000e+00 |   7.000e+03 | kJ / kg | 1.000e+05 |
|  78 | <enthalpy objective> of connection: c28                |   1.000e+00 |   7.000e+03 | kJ / kg | 1.000e+05 |
|  79 | <enthalpy objective> of connection: c29                |   1.000e+00 |   7.000e+03 | kJ / kg | 1.000e+05 |
|  80 | <enthalpy objective> of connection: c3                 |   1.000e+00 |   7.000e+03 | kJ / kg | 1.000e+05 |
|  81 | <enthalpy objective> of connection: c30                |   1.000e+00 |   7.000e+03 | kJ / kg | 1.000e+05 |
|  82 | <enthalpy objective> of connection: c32                |   1.000e+00 |   7.000e+03 | kJ / kg | 1.000e+05 |
|  83 | <enthalpy objective> of connection: c33                |   1.000e+00 |   7.000e+03 | kJ / kg | 1.000e+05 |
|  84 | <enthalpy objective> of connection: c34                |   1.000e+00 |   7.000e+03 | kJ / kg | 1.000e+05 |
|  85 | <enthalpy objective> of connection: c35                |   1.000e+00 |   7.000e+03 | kJ / kg | 1.000e+05 |
|  86 | <enthalpy objective> of connection: c38                |   1.000e+00 |   7.000e+03 | kJ / kg | 1.000e+05 |
|  87 | <enthalpy objective> of connection: c39                |   1.000e+00 |   7.000e+03 | kJ / kg | 1.000e+05 |
|  88 | <enthalpy objective> of connection: c4                 |   1.000e+00 |   7.000e+03 | kJ / kg | 1.000e+05 |
|  89 | <enthalpy objective> of connection: c40                |   1.738e+01 |   6.528e+03 | kJ / kg | 1.000e+05 |
|  90 | <enthalpy objective> of connection: c45                |   1.972e+01 |   6.526e+03 | kJ / kg | 1.000e+05 |
|  91 | <enthalpy objective> of connection: c49                |   1.000e+00 |   7.000e+03 | kJ / kg | 1.000e+05 |
|  92 | <enthalpy objective> of connection: c5                 |   1.000e+00 |   7.000e+03 | kJ / kg | 1.000e+05 |
|  93 | <enthalpy objective> of connection: c50                |   1.000e+00 |   7.000e+03 | kJ / kg | 1.000e+05 |
|  94 | <enthalpy objective> of connection: c52                |   1.633e+01 |   6.528e+03 | kJ / kg | 1.000e+05 |
|  95 | <enthalpy objective> of connection: c55                |   1.000e+00 |   7.000e+03 | kJ / kg | 1.000e+05 |
|  96 | <enthalpy objective> of connection: c56                |   1.633e+01 |   6.528e+03 | kJ / kg | 1.000e+05 |
|  97 | <enthalpy objective> of connection: c58                |   1.598e+01 |   6.529e+03 | kJ / kg | 1.000e+05 |
|  98 | <enthalpy objective> of connection: c6                 |   9.773e+02 |   1.806e+03 | kJ / kg | 1.000e+05 |
|  99 | <enthalpy objective> of connection: c60                |   1.585e+01 |   6.529e+03 | kJ / kg | 1.000e+05 |
| 100 | <enthalpy objective> of connection: c62                |   1.579e+01 |   6.529e+03 | kJ / kg | 1.000e+05 |
| 101 | <enthalpy objective> of connection: c64                |   1.573e+01 |   6.529e+03 | kJ / kg | 1.000e+05 |
| 102 | <enthalpy objective> of connection: c65                |   1.000e+00 |   7.000e+03 | kJ / kg | 1.000e+05 |
| 103 | <enthalpy objective> of connection: c67                |   1.000e+00 |   7.000e+03 | kJ / kg | 1.000e+05 |
| 104 | <enthalpy objective> of connection: c68                |   1.000e+00 |   7.000e+03 | kJ / kg | 1.000e+05 |
| 105 | <enthalpy objective> of connection: c69                |   1.000e+00 |   7.000e+03 | kJ / kg | 1.000e+05 |
| 106 | <enthalpy objective> of connection: c7                 |   1.000e+00 |   7.000e+03 | kJ / kg | 1.000e+05 |
| 107 | <enthalpy objective> of connection: c70                |   1.000e+00 |   7.000e+03 | kJ / kg | 1.000e+05 |
| 108 | <enthalpy objective> of connection: c72                |   1.000e+00 |   7.000e+03 | kJ / kg | 1.000e+05 |
| 109 | <enthalpy objective> of connection: c73                |   1.000e+00 |   7.000e+03 | kJ / kg | 1.000e+05 |
| 110 | <enthalpy objective> of connection: c75                |   1.000e+00 |   7.000e+03 | kJ / kg | 1.000e+05 |
| 111 | <enthalpy objective> of connection: c76                |   1.000e+00 |   7.000e+03 | kJ / kg | 1.000e+05 |
| 112 | <enthalpy objective> of connection: c78                |   1.633e+01 |   6.528e+03 | kJ / kg | 1.000e+05 |
| 113 | <enthalpy objective> of connection: c8                 |   1.000e+00 |   7.000e+03 | kJ / kg | 1.000e+05 |
| 114 | <enthalpy objective> of connection: c83                |   1.000e+00 |   7.000e+03 | kJ / kg | 1.000e+05 |
| 115 | <enthalpy objective> of connection: c87                |   9.774e+02 |   1.806e+03 | kJ / kg | 1.000e+05 |
| 116 | <enthalpy objective> of connection: c88                |   9.774e+02 |   1.806e+03 | kJ / kg | 1.000e+05 |
| 117 | <enthalpy objective> of connection: c89                |   9.775e+02 |   1.806e+03 | kJ / kg | 1.000e+05 |
| 118 | <enthalpy objective> of connection: c9                 |   1.000e+00 |   7.000e+03 | kJ / kg | 1.000e+05 |
| 119 | <enthalpy objective> of connection: deaerator_cold_in  |   1.633e+01 |   6.528e+03 | kJ / kg | 1.000e+05 |
| 120 | <enthalpy objective> of connection: heater_h_hot_in    |   1.000e+00 |   7.000e+03 | kJ / kg | 1.000e+05 |
| 121 | <enthalpy objective> of connection: heater_j_hot_in    |   1.585e+01 |   6.529e+03 | kJ / kg | 1.000e+05 |
| 122 | <enthalpy objective> of connection: heater_k_hot_in    |   1.579e+01 |   6.529e+03 | kJ / kg | 1.000e+05 |
+-----+--------------------------------------------------------+-------------+-------------+---------+-----------+
##### EQUATIONS #####
+-----+--------------------------------------------------------------------------------------+-----------+
|     | label                                                                                |     scale |
|-----+--------------------------------------------------------------------------------------+-----------|
|   0 | <connection property>: m_ref of c22                                                  | 1.000e+00 |
|   1 | <connection property>: m_ref of c48                                                  | 1.000e+00 |
|   2 | <component parameter>: Ki of FlowAmplifier: af_boiler_cold_in                        | 1.000e+00 |
|   3 | <component parameter>: Ki of FlowAmplifier: af_boiler_cold_out                       | 1.000e+00 |
|   4 | <component parameter>: Ki of FlowAmplifier: af_boiler_hot_in                         | 1.000e+00 |
|   5 | <component parameter>: Ki of FlowAmplifier: af_boiler_hot_out                        | 1.000e+00 |
|   6 | <component parameter>: Ki of FlowAmplifier: af_reheater_cold_in                      | 1.000e+00 |
|   7 | <component parameter>: Ki of FlowAmplifier: af_reheater_cold_out                     | 1.000e+00 |
|   8 | <component parameter>: Ki of FlowAmplifier: af_reheater_hot_in                       | 1.000e+00 |
|   9 | <component parameter>: Ki of FlowAmplifier: af_reheater_hot_out                      | 1.000e+00 |
|  10 | <component parameter>: eta_s of Compressor: air_compressor                           | 1.000e+05 |
|  11 | <component parameter>: T_in of HeatStorageTank: cold_salt_tank                       | 1.000e+01 |
|  12 | <component parameter>: T_out of HeatStorageTank: cold_salt_tank                      | 1.000e+01 |
|  13 | <component parameter>: eta of DiabaticCombustionChamber: combustion                  | 1.000e+05 |
|  14 | <component parameter>: eta_s of Pump: condense_pump                                  | 1.000e+05 |
|  15 | <component parameter>: KDTA of Condenser: condenser                                  | 1.000e+05 |
|  16 | <component parameter>: KDTA of Condenser: condenser                                  | 1.000e+05 |
|  17 | <component parameter>: dp1 of Condenser: condenser                                   | 1.000e+05 |
|  18 | <component parameter>: dp2 of Condenser: condenser                                   | 1.000e+05 |
|  19 | <component parameter>: subcooling of Condenser: condenser                            | 1.000e+05 |
|  20 | <component constraint>: mass_flow_constraints of Deaerator: deaerator                | 1.000e+00 |
|  21 | <component constraint>: energy_balance_constraints of Deaerator: deaerator           | 1.000e+05 |
|  22 | <component parameter>: KDTA of Evaporator: evaporator                                | 1.000e+05 |
|  23 | <component parameter>: KDTA of Evaporator: evaporator                                | 1.000e+05 |
|  24 | <component parameter>: dp1 of Evaporator: evaporator                                 | 1.000e+05 |
|  25 | <component parameter>: dp2 of Evaporator: evaporator                                 | 1.000e+05 |
|  26 | <component constraint>: mass_flow_constraints of EvaporateTank: evaporator_drum      | 1.000e+00 |
|  27 | <component constraint>: energy_balance_constraints of EvaporateTank: evaporator_drum | 1.000e+05 |
|  28 | <component constraint>: outlet_constraints1 of EvaporateTank: evaporator_drum        | 1.000e+05 |
|  29 | <component constraint>: outlet_constraints2 of EvaporateTank: evaporator_drum        | 1.000e+05 |
|  30 | <component parameter>: Ki of EvaporateTank: evaporator_drum                          | 1.000e+00 |
|  31 | <component parameter>: eta_s of Turbine: gas_turbine                                 | 1.000e+05 |
|  32 | <component parameter>: KDTA of HeatExchanger: heatexchanger_a                        | 1.000e+05 |
|  33 | <component parameter>: KDTA of HeatExchanger: heatexchanger_a                        | 1.000e+05 |
|  34 | <component parameter>: dp1 of HeatExchanger: heatexchanger_a                         | 1.000e+05 |
|  35 | <component parameter>: dp2 of HeatExchanger: heatexchanger_a                         | 1.000e+05 |
|  36 | <component parameter>: KDTA of HeatExchanger: heatexchanger_b                        | 1.000e+05 |
|  37 | <component parameter>: KDTA of HeatExchanger: heatexchanger_b                        | 1.000e+05 |
|  38 | <component parameter>: dp1 of HeatExchanger: heatexchanger_b                         | 1.000e+05 |
|  39 | <component parameter>: dp2 of HeatExchanger: heatexchanger_b                         | 1.000e+05 |
|  40 | <component parameter>: KDTA of HeatExchanger: heatexchanger_c                        | 1.000e+05 |
|  41 | <component parameter>: KDTA of HeatExchanger: heatexchanger_c                        | 1.000e+05 |
|  42 | <component parameter>: dp2 of HeatExchanger: heatexchanger_c                         | 1.000e+05 |
|  43 | <component parameter>: KDTA of HeatExchanger: heatexchanger_d                        | 1.000e+05 |
|  44 | <component parameter>: KDTA of HeatExchanger: heatexchanger_d                        | 1.000e+05 |
|  45 | <component parameter>: dp1 of HeatExchanger: heatexchanger_d                         | 1.000e+05 |
|  46 | <component parameter>: dp2 of HeatExchanger: heatexchanger_d                         | 1.000e+05 |
|  47 | <component parameter>: KDTA of HeatExchanger: heatexchanger_e                        | 1.000e+05 |
|  48 | <component parameter>: KDTA of HeatExchanger: heatexchanger_e                        | 1.000e+05 |
|  49 | <component parameter>: dp1 of HeatExchanger: heatexchanger_e                         | 1.000e+05 |
|  50 | <component parameter>: dp2 of HeatExchanger: heatexchanger_e                         | 1.000e+05 |
|  51 | <component parameter>: KDTA of HeatExchanger: heatexchanger_f                        | 1.000e+05 |
|  52 | <component parameter>: KDTA of HeatExchanger: heatexchanger_f                        | 1.000e+05 |
|  53 | <component parameter>: dp1 of HeatExchanger: heatexchanger_f                         | 1.000e+05 |
|  54 | <component parameter>: dp2 of HeatExchanger: heatexchanger_f                         | 1.000e+05 |
|  55 | <component parameter>: KDTA of ExtractHeatExchanger: heatexchanger_g                 | 1.000e+05 |
|  56 | <component parameter>: KDTA of ExtractHeatExchanger: heatexchanger_g                 | 1.000e+05 |
|  57 | <component parameter>: dp1 of ExtractHeatExchanger: heatexchanger_g                  | 1.000e+05 |
|  58 | <component parameter>: dp2 of ExtractHeatExchanger: heatexchanger_g                  | 1.000e+05 |
|  59 | <component parameter>: saturated_cooling of ExtractHeatExchanger: heatexchanger_g    | 1.000e+05 |
|  60 | <component parameter>: KDTA of ExtractHeatExchanger: heatexchanger_h                 | 1.000e+05 |
|  61 | <component parameter>: KDTA of ExtractHeatExchanger: heatexchanger_h                 | 1.000e+05 |
|  62 | <component parameter>: dp1 of ExtractHeatExchanger: heatexchanger_h                  | 1.000e+05 |
|  63 | <component parameter>: dp2 of ExtractHeatExchanger: heatexchanger_h                  | 1.000e+05 |
|  64 | <component parameter>: saturated_cooling of ExtractHeatExchanger: heatexchanger_h    | 1.000e+05 |
|  65 | <component parameter>: KDTA of ExtractHeatExchanger: heatexchanger_i                 | 1.000e+05 |
|  66 | <component parameter>: KDTA of ExtractHeatExchanger: heatexchanger_i                 | 1.000e+05 |
|  67 | <component parameter>: dp1 of ExtractHeatExchanger: heatexchanger_i                  | 1.000e+05 |
|  68 | <component parameter>: dp2 of ExtractHeatExchanger: heatexchanger_i                  | 1.000e+05 |
|  69 | <component parameter>: saturated_cooling of ExtractHeatExchanger: heatexchanger_i    | 1.000e+05 |
|  70 | <component parameter>: KDTA of ExtractHeatExchanger: heatexchanger_j                 | 1.000e+05 |
|  71 | <component parameter>: KDTA of ExtractHeatExchanger: heatexchanger_j                 | 1.000e+05 |
|  72 | <component parameter>: dp1 of ExtractHeatExchanger: heatexchanger_j                  | 1.000e+05 |
|  73 | <component parameter>: dp2 of ExtractHeatExchanger: heatexchanger_j                  | 1.000e+05 |
|  74 | <component parameter>: saturated_cooling of ExtractHeatExchanger: heatexchanger_j    | 1.000e+05 |
|  75 | <component parameter>: KDTA of ExtractHeatExchanger: heatexchanger_k                 | 1.000e+05 |
|  76 | <component parameter>: KDTA of ExtractHeatExchanger: heatexchanger_k                 | 1.000e+05 |
|  77 | <component parameter>: dp1 of ExtractHeatExchanger: heatexchanger_k                  | 1.000e+05 |
|  78 | <component parameter>: dp2 of ExtractHeatExchanger: heatexchanger_k                  | 1.000e+05 |
|  79 | <component parameter>: saturated_cooling of ExtractHeatExchanger: heatexchanger_k    | 1.000e+05 |
|  80 | <component parameter>: eta_s of Turbine: hp_turbine1                                 | 1.000e+05 |
|  81 | <component parameter>: eta_s of Turbine: hp_turbine2                                 | 1.000e+05 |
|  82 | <component parameter>: eta_s of Turbine: lp_turbine1                                 | 1.000e+05 |
|  83 | <component parameter>: eta_s of Turbine: lp_turbine2                                 | 1.000e+05 |
|  84 | <component parameter>: eta_s of Turbine: lp_turbine3                                 | 1.000e+05 |
|  85 | <component parameter>: eta_s of Turbine: lp_turbine4                                 | 1.000e+05 |
|  86 | <component parameter>: eta_s of Turbine: lp_turbine5                                 | 1.000e+05 |
|  87 | <component constraint>: mass_flow_constraints of Merge: merge_12_13_21               | 1.000e+00 |
|  88 | <component constraint>: energy_balance_constraints of Merge: merge_12_13_21          | 1.000e+05 |
|  89 | <component constraint>: mass_flow_constraints of Merge: merge_18_82_83               | 1.000e+00 |
|  90 | <component constraint>: energy_balance_constraints of Merge: merge_18_82_83          | 1.000e+05 |
|  91 | <component constraint>: mass_flow_constraints of Merge: merge_36_80_81               | 1.000e+00 |
|  92 | <component constraint>: energy_balance_constraints of Merge: merge_36_80_81          | 1.000e+05 |
|  93 | <component constraint>: mass_flow_constraints of Merge: merge_67_68_69               | 1.000e+00 |
|  94 | <component constraint>: energy_balance_constraints of Merge: merge_67_68_69          | 1.000e+05 |
|  95 | <component constraint>: mass_flow_constraints of Merge: merge_7_9_10                 | 1.000e+00 |
|  96 | <component constraint>: energy_balance_constraints of Merge: merge_7_9_10            | 1.000e+05 |
|  97 | <component constraint>: mass_flow_constraints of Merge: merge_deaerator              | 1.000e+00 |
|  98 | <component constraint>: energy_balance_constraints of Merge: merge_deaerator         | 1.000e+05 |
|  99 | <component constraint>: mass_flow_constraints of Merge: merge_heater_h               | 1.000e+00 |
| 100 | <component constraint>: energy_balance_constraints of Merge: merge_heater_h          | 1.000e+05 |
| 101 | <component constraint>: mass_flow_constraints of Merge: merge_heater_j               | 1.000e+00 |
| 102 | <component constraint>: energy_balance_constraints of Merge: merge_heater_j          | 1.000e+05 |
| 103 | <component constraint>: mass_flow_constraints of Merge: merge_heater_k               | 1.000e+00 |
| 104 | <component constraint>: energy_balance_constraints of Merge: merge_heater_k          | 1.000e+05 |
| 105 | <component parameter>: eta_s of Pump: oil_recycle_pump1                              | 1.000e+05 |
| 106 | <component parameter>: eta_s of Pump: oil_recycle_pump2                              | 1.000e+05 |
| 107 | <component parameter>: energy of SolarCollector: solar_collector1                    | 1.000e+05 |
| 108 | <component parameter>: energy of SolarCollector: solar_collector2                    | 1.000e+05 |
| 109 | <component parameter>: energy of SolarCollector: solar_collector3                    | 1.000e+05 |
| 110 | <component parameter>: energy of SolarCollector: solar_collector4                    | 1.000e+05 |
| 111 | <component constraint>: mass_flow_constraints of Splitter: splitter_10_11_12         | 1.000e+00 |
| 112 | <component constraint>: mass_flow_constraints of Splitter: splitter_20_81_82         | 1.000e+00 |
| 113 | <component constraint>: mass_flow_constraints of Splitter: splitter_21_22_23         | 1.000e+00 |
| 114 | <component constraint>: mass_flow_constraints of Splitter: splitter_42_47_48         | 1.000e+00 |
| 115 | <component constraint>: mass_flow_constraints of Splitter: splitter_6_84_85          | 1.000e+00 |
| 116 | <component constraint>: mass_flow_constraints of Splitter: splitter_h1               | 1.000e+00 |
| 117 | <component constraint>: mass_flow_constraints of Splitter: splitter_l1               | 1.000e+00 |
| 118 | <component constraint>: mass_flow_constraints of Splitter: splitter_l2               | 1.000e+00 |
| 119 | <component constraint>: mass_flow_constraints of Splitter: splitter_l3               | 1.000e+00 |
| 120 | <component constraint>: mass_flow_constraints of Splitter: splitter_l4               | 1.000e+00 |
| 121 | <component parameter>: eta_s of Pump: steam_recycle_pump                             | 1.000e+05 |
| 122 | <component parameter>: eta_s of Pump: water_recycle_pump                             | 1.000e+05 |
+-----+--------------------------------------------------------------------------------------+-----------+
##### FLUID VARIABLES #####
+----+-------------------------------------+---------------------+
|    | label                               | fluid composition   |
|----+-------------------------------------+---------------------|
|  0 | <fluid objective> of connection: c4 | N2                  |
|  1 | <fluid objective> of connection: c4 | Ar                  |
|  2 | <fluid objective> of connection: c4 | H2O                 |
|  3 | <fluid objective> of connection: c4 | CO2                 |
|  4 | <fluid objective> of connection: c4 | CH4                 |
|  5 | <fluid objective> of connection: c4 | O2                  |
+----+-------------------------------------+---------------------+
##### FLUID EQUATIONS #####
+----+------------------------------------------------------------------------------------------------+---------------------+
|    | label                                                                                          | fluid composition   |
|----+------------------------------------------------------------------------------------------------+---------------------|
|  0 | fluid composition equation: stoichiometry_constraints of DiabaticCombustionChamber: combustion | N2                  |
|  1 | fluid composition equation: stoichiometry_constraints of DiabaticCombustionChamber: combustion | Ar                  |
|  2 | fluid composition equation: stoichiometry_constraints of DiabaticCombustionChamber: combustion | H2O                 |
|  3 | fluid composition equation: stoichiometry_constraints of DiabaticCombustionChamber: combustion | CO2                 |
|  4 | fluid composition equation: stoichiometry_constraints of DiabaticCombustionChamber: combustion | CH4                 |
|  5 | fluid composition equation: stoichiometry_constraints of DiabaticCombustionChamber: combustion | O2                  |
+----+------------------------------------------------------------------------------------------------+---------------------+
2026-05-03 02:18:30,894 - DEBUG - network - 
##### TEMPERATURE BOUNDS #####
+-------------------+-------------+-------------+--------+
|                   |   min value |   max value | unit   |
|-------------------+-------------+-------------+--------|
| c10               |   1.536e+01 |   4.131e+02 | C      |
| c11               |   1.536e+01 |   4.131e+02 | C      |
| c12               |   1.536e+01 |   4.131e+02 | C      |
| c13               |   1.536e+01 |   4.131e+02 | C      |
| c16               |   2.350e+02 |   5.684e+02 | C      |
| c17               |   2.350e+02 |   5.684e+02 | C      |
| c18               |   1.536e+01 |   4.131e+02 | C      |
| c19               |   1.536e+01 |   4.131e+02 | C      |
| c20               |   1.536e+01 |   4.131e+02 | C      |
| c21               |   1.536e+01 |   4.131e+02 | C      |
| c22               |   1.536e+01 |   4.131e+02 | C      |
| c23               |   1.536e+01 |   4.131e+02 | C      |
| c24               |   1.536e+01 |   4.131e+02 | C      |
| c25               |   2.742e+00 |   1.707e+03 | C      |
| c26               |   1.536e+01 |   4.131e+02 | C      |
| c27               |   2.742e+00 |   1.707e+03 | C      |
| c28               |   2.742e+00 |   1.707e+03 | C      |
| c29               |   2.742e+00 |   1.707e+03 | C      |
| c3                |   2.850e+00 |   1.707e+03 | C      |
| c30               |   2.742e+00 |   1.707e+03 | C      |
| c31               |   2.742e+00 |   1.707e+03 | C      |
| c32               |   2.742e+00 |   1.707e+03 | C      |
| c33               |   1.536e+01 |   4.131e+02 | C      |
| c34               |   1.536e+01 |   4.131e+02 | C      |
| c35               |   2.742e+00 |   1.707e+03 | C      |
| c36               |   1.536e+01 |   4.131e+02 | C      |
| c37               |   1.536e+01 |   4.131e+02 | C      |
| c38               |   2.742e+00 |   1.707e+03 | C      |
| c39               |   1.536e+01 |   4.131e+02 | C      |
| c4                |   2.850e+00 |   1.707e+03 | C      |
| c40               |   2.742e+00 |   1.707e+03 | C      |
| c41               |   2.742e+00 |   1.707e+03 | C      |
| c42               |   2.742e+00 |   1.707e+03 | C      |
| c43               |   2.742e+00 |   1.707e+03 | C      |
| c44               |   2.742e+00 |   1.707e+03 | C      |
| c45               |   2.742e+00 |   1.707e+03 | C      |
| c46               |   2.742e+00 |   1.707e+03 | C      |
| c47               |   2.742e+00 |   1.707e+03 | C      |
| c48               |   2.742e+00 |   1.707e+03 | C      |
| c49               |   2.742e+00 |   1.707e+03 | C      |
| c5                |   2.850e+00 |   1.707e+03 | C      |
| c50               |   2.742e+00 |   1.707e+03 | C      |
| c51               |   2.742e+00 |   1.707e+03 | C      |
| c52               |   2.742e+00 |   1.707e+03 | C      |
| c53               |   2.742e+00 |   1.707e+03 | C      |
| c55               |   2.742e+00 |   1.707e+03 | C      |
| c56               |   2.742e+00 |   1.707e+03 | C      |
| c57               |   2.742e+00 |   1.707e+03 | C      |
| c58               |   2.742e+00 |   1.707e+03 | C      |
| c59               |   2.742e+00 |   1.707e+03 | C      |
| c6                |   1.536e+01 |   4.131e+02 | C      |
| c60               |   2.742e+00 |   1.707e+03 | C      |
| c61               |   2.742e+00 |   1.707e+03 | C      |
| c62               |   2.742e+00 |   1.707e+03 | C      |
| c63               |   2.742e+00 |   1.707e+03 | C      |
| c64               |   2.742e+00 |   1.707e+03 | C      |
| c65               |   2.742e+00 |   1.707e+03 | C      |
| c67               |   2.742e+00 |   1.707e+03 | C      |
| c68               |   2.742e+00 |   1.707e+03 | C      |
| c69               |   2.742e+00 |   1.707e+03 | C      |
| c7                |   1.536e+01 |   4.131e+02 | C      |
| c70               |   2.742e+00 |   1.707e+03 | C      |
| c71               |   2.742e+00 |   1.707e+03 | C      |
| c72               |   2.742e+00 |   1.707e+03 | C      |
| c73               |   2.742e+00 |   1.707e+03 | C      |
| c74               |   2.742e+00 |   1.707e+03 | C      |
| c75               |   2.742e+00 |   1.707e+03 | C      |
| c76               |   2.742e+00 |   1.707e+03 | C      |
| c77               |   2.742e+00 |   1.707e+03 | C      |
| c78               |   2.742e+00 |   1.707e+03 | C      |
| c8                |   2.850e+00 |   1.707e+03 | C      |
| c80               |   1.536e+01 |   4.131e+02 | C      |
| c81               |   1.536e+01 |   4.131e+02 | C      |
| c82               |   1.536e+01 |   4.131e+02 | C      |
| c83               |   1.536e+01 |   4.131e+02 | C      |
| c84               |   1.536e+01 |   4.131e+02 | C      |
| c85               |   1.536e+01 |   4.131e+02 | C      |
| c86               |   1.536e+01 |   4.131e+02 | C      |
| c87               |   1.536e+01 |   4.131e+02 | C      |
| c88               |   1.536e+01 |   4.131e+02 | C      |
| c89               |   1.536e+01 |   4.131e+02 | C      |
| c9                |   1.536e+01 |   4.131e+02 | C      |
| c90               |   1.536e+01 |   4.131e+02 | C      |
| d36               |   1.536e+01 |   4.131e+02 | C      |
| d7                |   1.536e+01 |   4.131e+02 | C      |
| d80               |   1.536e+01 |   4.131e+02 | C      |
| d84               |   1.536e+01 |   4.131e+02 | C      |
| d9                |   1.536e+01 |   4.131e+02 | C      |
| deaerator_cold_in |   2.742e+00 |   1.707e+03 | C      |
| h1_out            |   2.742e+00 |   1.707e+03 | C      |
| heater_h_hot_in   |   2.742e+00 |   1.707e+03 | C      |
| heater_j_hot_in   |   2.742e+00 |   1.707e+03 | C      |
| heater_k_hot_in   |   2.742e+00 |   1.707e+03 | C      |
| l1_out            |   2.742e+00 |   1.707e+03 | C      |
| l2_out            |   2.742e+00 |   1.707e+03 | C      |
| l3_out            |   2.742e+00 |   1.707e+03 | C      |
| l4_out            |   2.742e+00 |   1.707e+03 | C      |
+-------------------+-------------+-------------+--------+
2026-05-03 02:18:30,898 - DEBUG - network - has no linear dependence in network topology
2026-05-03 02:18:30,898 - INFO - network - Starting solver.
2026-05-03 02:18:30,925 - PROGRESS - network -  iter  | residual   | progress   | massflow   | pressure   | enthalpy   | voltage    | electricity | frequency  | fluid      | component  
2026-05-03 02:18:30,927 - PROGRESS - network - -------+------------+------------+------------+------------+------------+------------+------------+------------+------------+------------
2026-05-03 02:18:34,339 - DEBUG - network - the fluid calculation done in 0th iteration
2026-05-03 02:19:05,015 - WARNING - warnings - FutureWarning: invalid value encountered in det
2026-05-03 02:19:05,015 - DEBUG - network - matrix value: nan
2026-05-03 02:28:37,937 - INFO - logger - Path for logging: solar_thermal_combine_plant_loggings\Aurora.log
2026-05-03 02:28:37,937 - INFO - logger - Used AURORA version: 0.1.1 - GCC's Nature
2026-05-03 02:28:37,938 - DEBUG - connection - Created reference object with factor 0.09 and delta 0 referring to connection c47
2026-05-03 02:28:37,938 - DEBUG - connection - Created reference object with factor 0.11 and delta 0 referring to connection c21
2026-05-03 02:28:38,168 - DEBUG - network - Removing 0 mass flow variables from ['c31'] from system variables.
2026-05-03 02:28:38,169 - DEBUG - network - Removing 1 mass flow variables from ['c9', 'd9'] from system variables.
2026-05-03 02:28:38,169 - DEBUG - network - Removing 1 mass flow variables from ['c1', 'c3'] from system variables.
2026-05-03 02:28:38,169 - DEBUG - network - Removing 1 mass flow variables from ['c16', 'c14'] from system variables.
2026-05-03 02:28:38,169 - DEBUG - network - Removing 0 mass flow variables from ['c79'] from system variables.
2026-05-03 02:28:38,169 - DEBUG - network - Removing 0 mass flow variables from ['c2'] from system variables.
2026-05-03 02:28:38,169 - DEBUG - network - Removing 0 mass flow variables from ['c15'] from system variables.
2026-05-03 02:28:38,170 - INFO - network - ########----Simplify Fluid System Successful----########
2026-05-03 02:28:38,207 - DEBUG - network - Updated fluid property SI values and fluid mass fraction for user specified connection parameters.
2026-05-03 02:28:38,222 - INFO - network - ########----Network check successful----########
2026-05-03 02:28:38,223 - DEBUG - network - Solver properties:
 - mode: offdesign
 - init_path: solar_thermal_combine_plant_design_1
 - design_path: solar_thermal_combine_plant_design_1
 - min_iter: 4
 - max_iter: 150
2026-05-03 02:28:38,223 - DEBUG - network - Network information:
 - Number of components: 84
 - Number of fluid components: 84
 - Number of electric components: 0
 - Number of connections: 106
 - Number of fluid connections: 106
 - Number of electric connections: 0
 - Number of busses: 0
2026-05-03 02:28:38,228 - WARNING - warnings - FutureWarning: Downcasting object dtype arrays on .fillna, .ffill, .bfill is deprecated and will change in a future version. Call result.infer_objects(copy=False) instead. To opt-in to the future behavior, set `pd.set_option('future.no_silent_downcasting', True)`
2026-05-03 02:28:38,231 - WARNING - warnings - FutureWarning: Downcasting object dtype arrays on .fillna, .ffill, .bfill is deprecated and will change in a future version. Call result.infer_objects(copy=False) instead. To opt-in to the future behavior, set `pd.set_option('future.no_silent_downcasting', True)`
2026-05-03 02:28:38,232 - WARNING - warnings - FutureWarning: Downcasting object dtype arrays on .fillna, .ffill, .bfill is deprecated and will change in a future version. Call result.infer_objects(copy=False) instead. To opt-in to the future behavior, set `pd.set_option('future.no_silent_downcasting', True)`
2026-05-03 02:28:38,236 - DEBUG - network - Could not find component 'merge_12_13_21' in design case file. This is is critical only to components, which need to load design values from this case.
2026-05-03 02:28:38,236 - DEBUG - network - Could not find component 'merge_18_82_83' in design case file. This is is critical only to components, which need to load design values from this case.
2026-05-03 02:28:38,236 - DEBUG - network - Could not find component 'merge_36_80_81' in design case file. This is is critical only to components, which need to load design values from this case.
2026-05-03 02:28:38,236 - DEBUG - network - Could not find component 'merge_67_68_69' in design case file. This is is critical only to components, which need to load design values from this case.
2026-05-03 02:28:38,236 - DEBUG - network - Could not find component 'merge_7_9_10' in design case file. This is is critical only to components, which need to load design values from this case.
2026-05-03 02:28:38,237 - DEBUG - network - Could not find component 'merge_deaerator' in design case file. This is is critical only to components, which need to load design values from this case.
2026-05-03 02:28:38,237 - DEBUG - network - Could not find component 'merge_heater_h' in design case file. This is is critical only to components, which need to load design values from this case.
2026-05-03 02:28:38,237 - DEBUG - network - Could not find component 'merge_heater_j' in design case file. This is is critical only to components, which need to load design values from this case.
2026-05-03 02:28:38,237 - DEBUG - network - Could not find component 'merge_heater_k' in design case file. This is is critical only to components, which need to load design values from this case.
2026-05-03 02:28:38,237 - DEBUG - network - Could not find component 'splitter_10_11_12' in design case file. This is is critical only to components, which need to load design values from this case.
2026-05-03 02:28:38,237 - DEBUG - network - Could not find component 'splitter_20_81_82' in design case file. This is is critical only to components, which need to load design values from this case.
2026-05-03 02:28:38,237 - DEBUG - network - Could not find component 'splitter_21_22_23' in design case file. This is is critical only to components, which need to load design values from this case.
2026-05-03 02:28:38,238 - DEBUG - network - Could not find component 'splitter_42_47_48' in design case file. This is is critical only to components, which need to load design values from this case.
2026-05-03 02:28:38,238 - DEBUG - network - Could not find component 'splitter_6_84_85' in design case file. This is is critical only to components, which need to load design values from this case.
2026-05-03 02:28:38,238 - DEBUG - network - Could not find component 'splitter_h1' in design case file. This is is critical only to components, which need to load design values from this case.
2026-05-03 02:28:38,238 - DEBUG - network - Could not find component 'splitter_l1' in design case file. This is is critical only to components, which need to load design values from this case.
2026-05-03 02:28:38,238 - DEBUG - network - Could not find component 'splitter_l2' in design case file. This is is critical only to components, which need to load design values from this case.
2026-05-03 02:28:38,238 - DEBUG - network - Could not find component 'splitter_l3' in design case file. This is is critical only to components, which need to load design values from this case.
2026-05-03 02:28:38,238 - DEBUG - network - Could not find component 'splitter_l4' in design case file. This is is critical only to components, which need to load design values from this case.
2026-05-03 02:28:38,238 - DEBUG - network - Done reading design point information for components.
2026-05-03 02:28:38,244 - DEBUG - network - Done reading design point information for connections.
2026-05-03 02:28:38,244 - DEBUG - network - Switched connections from design to offdesign.
2026-05-03 02:28:38,244 - DEBUG - network - Set component attributes KDTA to design value at component condenser.
2026-05-03 02:28:38,244 - DEBUG - network - Set component attributes KDTA to design value at component evaporator.
2026-05-03 02:28:38,244 - DEBUG - network - Set component attributes KDTA to design value at component heatexchanger_a.
2026-05-03 02:28:38,244 - DEBUG - network - Set component attributes KDTA to design value at component heatexchanger_b.
2026-05-03 02:28:38,244 - DEBUG - network - Set component attributes KDTA to design value at component heatexchanger_c.
2026-05-03 02:28:38,244 - DEBUG - network - Set component attributes KDTA to design value at component heatexchanger_d.
2026-05-03 02:28:38,244 - DEBUG - network - Set component attributes KDTA to design value at component heatexchanger_e.
2026-05-03 02:28:38,244 - DEBUG - network - Set component attributes KDTA to design value at component heatexchanger_f.
2026-05-03 02:28:38,244 - DEBUG - network - Set component attributes KDTA to design value at component heatexchanger_g.
2026-05-03 02:28:38,244 - DEBUG - network - Set component attributes KDTA to design value at component heatexchanger_h.
2026-05-03 02:28:38,244 - DEBUG - network - Set component attributes KDTA to design value at component heatexchanger_i.
2026-05-03 02:28:38,244 - DEBUG - network - Set component attributes KDTA to design value at component heatexchanger_j.
2026-05-03 02:28:38,244 - DEBUG - network - Set component attributes KDTA to design value at component heatexchanger_k.
2026-05-03 02:28:38,244 - DEBUG - network - Switched components from design to offdesign.
2026-05-03 02:28:38,257 - WARNING - warnings - FutureWarning: Downcasting object dtype arrays on .fillna, .ffill, .bfill is deprecated and will change in a future version. Call result.infer_objects(copy=False) instead. To opt-in to the future behavior, set `pd.set_option('future.no_silent_downcasting', True)`
2026-05-03 02:28:38,262 - WARNING - warnings - FutureWarning: Downcasting object dtype arrays on .fillna, .ffill, .bfill is deprecated and will change in a future version. Call result.infer_objects(copy=False) instead. To opt-in to the future behavior, set `pd.set_option('future.no_silent_downcasting', True)`
2026-05-03 02:28:38,274 - WARNING - warnings - FutureWarning: Downcasting object dtype arrays on .fillna, .ffill, .bfill is deprecated and will change in a future version. Call result.infer_objects(copy=False) instead. To opt-in to the future behavior, set `pd.set_option('future.no_silent_downcasting', True)`
2026-05-03 02:28:38,281 - DEBUG - network - Generic fluid property specification complete in the final of initialization.
2026-05-03 02:28:38,284 - DEBUG - base - The fuels for component combustion of type diabatic combustion chamber are: CH4.
2026-05-03 02:28:38,285 - INFO - network - ########-----Initializing variables bounds-----########
2026-05-03 02:28:38,287 - DEBUG - connection - The connection: c1 has 0 equations.
2026-05-03 02:28:38,287 - DEBUG - connection - The connection: c10 has 0 equations.
2026-05-03 02:28:38,287 - DEBUG - connection - The connection: c11 has 0 equations.
2026-05-03 02:28:38,287 - DEBUG - connection - The connection: c12 has 0 equations.
2026-05-03 02:28:38,287 - DEBUG - connection - The connection: c13 has 0 equations.
2026-05-03 02:28:38,287 - DEBUG - connection - The connection: c14 has 0 equations.
2026-05-03 02:28:38,288 - DEBUG - connection - The connection: c15 has 0 equations.
2026-05-03 02:28:38,288 - DEBUG - connection - The connection: c16 has 0 equations.
2026-05-03 02:28:38,288 - DEBUG - connection - The connection: c17 has 0 equations.
2026-05-03 02:28:38,288 - DEBUG - connection - The connection: c18 has 0 equations.
2026-05-03 02:28:38,288 - DEBUG - connection - The connection: c19 has 0 equations.
2026-05-03 02:28:38,288 - DEBUG - connection - The connection: c2 has 0 equations.
2026-05-03 02:28:38,288 - DEBUG - connection - The connection: c20 has 0 equations.
2026-05-03 02:28:38,288 - DEBUG - connection - The connection: c21 has 0 equations.
2026-05-03 02:28:38,288 - DEBUG - connection - The connection: c22 has 1 equations.
2026-05-03 02:28:38,288 - DEBUG - connection - The connection: c23 has 0 equations.
2026-05-03 02:28:38,288 - DEBUG - connection - The connection: c24 has 0 equations.
2026-05-03 02:28:38,288 - DEBUG - connection - The connection: c25 has 0 equations.
2026-05-03 02:28:38,288 - DEBUG - connection - The connection: c26 has 0 equations.
2026-05-03 02:28:38,288 - DEBUG - connection - The connection: c27 has 0 equations.
2026-05-03 02:28:38,288 - DEBUG - connection - The connection: c28 has 0 equations.
2026-05-03 02:28:38,288 - DEBUG - connection - The connection: c29 has 0 equations.
2026-05-03 02:28:38,288 - DEBUG - connection - The connection: c3 has 0 equations.
2026-05-03 02:28:38,288 - DEBUG - connection - The connection: c30 has 0 equations.
2026-05-03 02:28:38,288 - DEBUG - connection - The connection: c31 has 0 equations.
2026-05-03 02:28:38,288 - DEBUG - connection - The connection: c32 has 0 equations.
2026-05-03 02:28:38,288 - DEBUG - connection - The connection: c33 has 0 equations.
2026-05-03 02:28:38,288 - DEBUG - connection - The connection: c34 has 0 equations.
2026-05-03 02:28:38,288 - DEBUG - connection - The connection: c35 has 0 equations.
2026-05-03 02:28:38,288 - DEBUG - connection - The connection: c36 has 0 equations.
2026-05-03 02:28:38,288 - DEBUG - connection - The connection: c37 has 0 equations.
2026-05-03 02:28:38,288 - DEBUG - connection - The connection: c38 has 0 equations.
2026-05-03 02:28:38,288 - DEBUG - connection - The connection: c39 has 0 equations.
2026-05-03 02:28:38,288 - DEBUG - connection - The connection: c4 has 0 equations.
2026-05-03 02:28:38,288 - DEBUG - connection - The connection: c40 has 0 equations.
2026-05-03 02:28:38,288 - DEBUG - connection - The connection: c41 has 0 equations.
2026-05-03 02:28:38,288 - DEBUG - connection - The connection: c42 has 0 equations.
2026-05-03 02:28:38,288 - DEBUG - connection - The connection: c43 has 0 equations.
2026-05-03 02:28:38,288 - DEBUG - connection - The connection: c44 has 0 equations.
2026-05-03 02:28:38,288 - DEBUG - connection - The connection: c45 has 0 equations.
2026-05-03 02:28:38,288 - DEBUG - connection - The connection: c46 has 0 equations.
2026-05-03 02:28:38,288 - DEBUG - connection - The connection: c47 has 0 equations.
2026-05-03 02:28:38,288 - DEBUG - connection - The connection: c48 has 1 equations.
2026-05-03 02:28:38,288 - DEBUG - connection - The connection: c49 has 0 equations.
2026-05-03 02:28:38,288 - DEBUG - connection - The connection: c5 has 0 equations.
2026-05-03 02:28:38,288 - DEBUG - connection - The connection: c50 has 0 equations.
2026-05-03 02:28:38,288 - DEBUG - connection - The connection: c51 has 0 equations.
2026-05-03 02:28:38,288 - DEBUG - connection - The connection: c52 has 0 equations.
2026-05-03 02:28:38,288 - DEBUG - connection - The connection: c53 has 0 equations.
2026-05-03 02:28:38,289 - DEBUG - connection - The connection: c54 has 0 equations.
2026-05-03 02:28:38,289 - DEBUG - connection - The connection: c55 has 0 equations.
2026-05-03 02:28:38,289 - DEBUG - connection - The connection: c56 has 0 equations.
2026-05-03 02:28:38,289 - DEBUG - connection - The connection: c57 has 0 equations.
2026-05-03 02:28:38,289 - DEBUG - connection - The connection: c58 has 0 equations.
2026-05-03 02:28:38,289 - DEBUG - connection - The connection: c59 has 0 equations.
2026-05-03 02:28:38,289 - DEBUG - connection - The connection: c6 has 0 equations.
2026-05-03 02:28:38,289 - DEBUG - connection - The connection: c60 has 0 equations.
2026-05-03 02:28:38,289 - DEBUG - connection - The connection: c61 has 0 equations.
2026-05-03 02:28:38,289 - DEBUG - connection - The connection: c62 has 0 equations.
2026-05-03 02:28:38,289 - DEBUG - connection - The connection: c63 has 0 equations.
2026-05-03 02:28:38,289 - DEBUG - connection - The connection: c64 has 0 equations.
2026-05-03 02:28:38,289 - DEBUG - connection - The connection: c65 has 0 equations.
2026-05-03 02:28:38,289 - DEBUG - connection - The connection: c66 has 0 equations.
2026-05-03 02:28:38,289 - DEBUG - connection - The connection: c67 has 0 equations.
2026-05-03 02:28:38,289 - DEBUG - connection - The connection: c68 has 0 equations.
2026-05-03 02:28:38,289 - DEBUG - connection - The connection: c69 has 0 equations.
2026-05-03 02:28:38,289 - DEBUG - connection - The connection: c7 has 0 equations.
2026-05-03 02:28:38,289 - DEBUG - connection - The connection: c70 has 0 equations.
2026-05-03 02:28:38,289 - DEBUG - connection - The connection: c71 has 0 equations.
2026-05-03 02:28:38,289 - DEBUG - connection - The connection: c72 has 0 equations.
2026-05-03 02:28:38,289 - DEBUG - connection - The connection: c73 has 0 equations.
2026-05-03 02:28:38,289 - DEBUG - connection - The connection: c74 has 0 equations.
2026-05-03 02:28:38,289 - DEBUG - connection - The connection: c75 has 0 equations.
2026-05-03 02:28:38,289 - DEBUG - connection - The connection: c76 has 0 equations.
2026-05-03 02:28:38,289 - DEBUG - connection - The connection: c77 has 0 equations.
2026-05-03 02:28:38,289 - DEBUG - connection - The connection: c78 has 0 equations.
2026-05-03 02:28:38,289 - DEBUG - connection - The connection: c79 has 0 equations.
2026-05-03 02:28:38,289 - DEBUG - connection - The connection: c8 has 0 equations.
2026-05-03 02:28:38,289 - DEBUG - connection - The connection: c80 has 0 equations.
2026-05-03 02:28:38,289 - DEBUG - connection - The connection: c81 has 0 equations.
2026-05-03 02:28:38,289 - DEBUG - connection - The connection: c82 has 0 equations.
2026-05-03 02:28:38,289 - DEBUG - connection - The connection: c83 has 0 equations.
2026-05-03 02:28:38,289 - DEBUG - connection - The connection: c84 has 0 equations.
2026-05-03 02:28:38,289 - DEBUG - connection - The connection: c85 has 0 equations.
2026-05-03 02:28:38,289 - DEBUG - connection - The connection: c86 has 0 equations.
2026-05-03 02:28:38,289 - DEBUG - connection - The connection: c87 has 0 equations.
2026-05-03 02:28:38,289 - DEBUG - connection - The connection: c88 has 0 equations.
2026-05-03 02:28:38,289 - DEBUG - connection - The connection: c89 has 0 equations.
2026-05-03 02:28:38,289 - DEBUG - connection - The connection: c9 has 0 equations.
2026-05-03 02:28:38,289 - DEBUG - connection - The connection: c90 has 0 equations.
2026-05-03 02:28:38,289 - DEBUG - connection - The connection: d15 has 0 equations.
2026-05-03 02:28:38,289 - DEBUG - connection - The connection: d36 has 0 equations.
2026-05-03 02:28:38,290 - DEBUG - connection - The connection: d54 has 0 equations.
2026-05-03 02:28:38,290 - DEBUG - connection - The connection: d7 has 0 equations.
2026-05-03 02:28:38,290 - DEBUG - connection - The connection: d80 has 0 equations.
2026-05-03 02:28:38,290 - DEBUG - connection - The connection: d84 has 0 equations.
2026-05-03 02:28:38,290 - DEBUG - connection - The connection: d9 has 0 equations.
2026-05-03 02:28:38,290 - DEBUG - connection - The connection: deaerator_cold_in has 0 equations.
2026-05-03 02:28:38,290 - DEBUG - connection - The connection: h1_out has 0 equations.
2026-05-03 02:28:38,290 - DEBUG - connection - The connection: heater_h_hot_in has 0 equations.
2026-05-03 02:28:38,290 - DEBUG - connection - The connection: heater_j_hot_in has 0 equations.
2026-05-03 02:28:38,290 - DEBUG - connection - The connection: heater_k_hot_in has 0 equations.
2026-05-03 02:28:38,290 - DEBUG - connection - The connection: l1_out has 0 equations.
2026-05-03 02:28:38,290 - DEBUG - connection - The connection: l2_out has 0 equations.
2026-05-03 02:28:38,290 - DEBUG - connection - The connection: l3_out has 0 equations.
2026-05-03 02:28:38,290 - DEBUG - connection - The connection: l4_out has 0 equations.
2026-05-03 02:28:38,290 - DEBUG - component - The component: af_boiler_cold_in of type FlowAmplifier has 1 equations.
2026-05-03 02:28:38,290 - DEBUG - component - The component: af_boiler_cold_out of type FlowAmplifier has 1 equations.
2026-05-03 02:28:38,290 - DEBUG - component - The component: af_boiler_hot_in of type FlowAmplifier has 1 equations.
2026-05-03 02:28:38,290 - DEBUG - component - The component: af_boiler_hot_out of type FlowAmplifier has 1 equations.
2026-05-03 02:28:38,290 - DEBUG - component - The component: af_reheater_cold_in of type FlowAmplifier has 1 equations.
2026-05-03 02:28:38,290 - DEBUG - component - The component: af_reheater_cold_out of type FlowAmplifier has 1 equations.
2026-05-03 02:28:38,290 - DEBUG - component - The component: af_reheater_hot_in of type FlowAmplifier has 1 equations.
2026-05-03 02:28:38,290 - DEBUG - component - The component: af_reheater_hot_out of type FlowAmplifier has 1 equations.
2026-05-03 02:28:38,290 - DEBUG - component - The component: af_solar_in of type FlowAmplifier has 1 equations.
2026-05-03 02:28:38,290 - DEBUG - component - The component: af_solar_out of type FlowAmplifier has 1 equations.
2026-05-03 02:28:38,290 - DEBUG - component - The component: air_compressor of type Compressor has 1 equations.
2026-05-03 02:28:38,290 - DEBUG - component - The component: air_source of type Source has 0 equations.
2026-05-03 02:28:38,290 - DEBUG - component - The component: cold_salt_tank of type HeatStorageTank has 2 equations.
2026-05-03 02:28:38,290 - DEBUG - component - The component: combustion of type DiabaticCombustionChamber has 2 equations.
2026-05-03 02:28:38,290 - DEBUG - component - The component: condense_pump of type Pump has 1 equations.
2026-05-03 02:28:38,290 - DEBUG - component - The component: condenser of type Condenser has 5 equations.
2026-05-03 02:28:38,290 - DEBUG - component - The component: cooling_water_sink of type Sink has 0 equations.
2026-05-03 02:28:38,290 - DEBUG - component - The component: cooling_water_source of type Source has 0 equations.
2026-05-03 02:28:38,290 - DEBUG - component - The component: deaerator of type Deaerator has 6 equations.
2026-05-03 02:28:38,290 - DEBUG - component - The component: deaerator_drain of type Sink has 0 equations.
2026-05-03 02:28:38,292 - DEBUG - component - The component: evaporator of type Evaporator has 4 equations.
2026-05-03 02:28:38,292 - DEBUG - component - The component: evaporator_drain of type Sink has 0 equations.
2026-05-03 02:28:38,292 - DEBUG - component - The component: evaporator_drum of type EvaporateTank has 5 equations.
2026-05-03 02:28:38,292 - DEBUG - component - The component: fuel_source of type Source has 0 equations.
2026-05-03 02:28:38,292 - DEBUG - component - The component: gas_sink of type Sink has 0 equations.
2026-05-03 02:28:38,292 - DEBUG - component - The component: gas_turbine of type Turbine has 1 equations.
2026-05-03 02:28:38,292 - DEBUG - component - The component: heatexchanger_a of type HeatExchanger has 4 equations.
2026-05-03 02:28:38,292 - DEBUG - component - The component: heatexchanger_b of type HeatExchanger has 4 equations.
2026-05-03 02:28:38,292 - DEBUG - component - The component: heatexchanger_c of type HeatExchanger has 3 equations.
2026-05-03 02:28:38,292 - DEBUG - component - The component: heatexchanger_d of type HeatExchanger has 4 equations.
2026-05-03 02:28:38,292 - DEBUG - component - The component: heatexchanger_e of type HeatExchanger has 4 equations.
2026-05-03 02:28:38,292 - DEBUG - component - The component: heatexchanger_f of type HeatExchanger has 4 equations.
2026-05-03 02:28:38,292 - DEBUG - component - The component: heatexchanger_g of type ExtractHeatExchanger has 5 equations.
2026-05-03 02:28:38,292 - DEBUG - component - The component: heatexchanger_h of type ExtractHeatExchanger has 5 equations.
2026-05-03 02:28:38,292 - DEBUG - component - The component: heatexchanger_i of type ExtractHeatExchanger has 5 equations.
2026-05-03 02:28:38,292 - DEBUG - component - The component: heatexchanger_j of type ExtractHeatExchanger has 5 equations.
2026-05-03 02:28:38,292 - DEBUG - component - The component: heatexchanger_k of type ExtractHeatExchanger has 5 equations.
2026-05-03 02:28:38,292 - DEBUG - component - The component: hot_salt_tank of type HeatStorageTank has 2 equations.
2026-05-03 02:28:38,292 - DEBUG - component - The component: hp_turbine1 of type Turbine has 1 equations.
2026-05-03 02:28:38,292 - DEBUG - component - The component: hp_turbine2 of type Turbine has 1 equations.
2026-05-03 02:28:38,292 - DEBUG - component - The component: lp_turbine1 of type Turbine has 1 equations.
2026-05-03 02:28:38,292 - DEBUG - component - The component: lp_turbine2 of type Turbine has 1 equations.
2026-05-03 02:28:38,292 - DEBUG - component - The component: lp_turbine3 of type Turbine has 1 equations.
2026-05-03 02:28:38,292 - DEBUG - component - The component: lp_turbine4 of type Turbine has 1 equations.
2026-05-03 02:28:38,292 - DEBUG - component - The component: lp_turbine5 of type Turbine has 1 equations.
2026-05-03 02:28:38,292 - DEBUG - component - The component: merge_12_13_21 of type Merge has 2 equations.
2026-05-03 02:28:38,292 - DEBUG - component - The component: merge_18_82_83 of type Merge has 2 equations.
2026-05-03 02:28:38,292 - DEBUG - component - The component: merge_36_80_81 of type Merge has 2 equations.
2026-05-03 02:28:38,292 - DEBUG - component - The component: merge_67_68_69 of type Merge has 2 equations.
2026-05-03 02:28:38,292 - DEBUG - component - The component: merge_7_9_10 of type Merge has 2 equations.
2026-05-03 02:28:38,292 - DEBUG - component - The component: merge_deaerator of type Merge has 2 equations.
2026-05-03 02:28:38,292 - DEBUG - component - The component: merge_heater_h of type Merge has 2 equations.
2026-05-03 02:28:38,292 - DEBUG - component - The component: merge_heater_j of type Merge has 2 equations.
2026-05-03 02:28:38,292 - DEBUG - component - The component: merge_heater_k of type Merge has 2 equations.
2026-05-03 02:28:38,292 - DEBUG - component - The component: oil_cycle_closer of type CycleCloser has 0 equations.
2026-05-03 02:28:38,292 - DEBUG - component - The component: oil_recycle_pump1 of type Pump has 1 equations.
2026-05-03 02:28:38,292 - DEBUG - component - The component: oil_recycle_pump2 of type Pump has 1 equations.
2026-05-03 02:28:38,292 - DEBUG - component - The component: salt_cycle_closer of type CycleCloser has 1 equations.
2026-05-03 02:28:38,292 - DEBUG - component - The component: solar_collector1 of type SolarCollector has 1 equations.
2026-05-03 02:28:38,292 - DEBUG - component - The component: solar_collector2 of type SolarCollector has 1 equations.
2026-05-03 02:28:38,292 - DEBUG - component - The component: solar_collector3 of type SolarCollector has 1 equations.
2026-05-03 02:28:38,292 - DEBUG - component - The component: solar_collector4 of type SolarCollector has 1 equations.
2026-05-03 02:28:38,292 - DEBUG - component - The component: splitter_10_11_12 of type Splitter has 1 equations.
2026-05-03 02:28:38,292 - DEBUG - component - The component: splitter_20_81_82 of type Splitter has 1 equations.
2026-05-03 02:28:38,292 - DEBUG - component - The component: splitter_21_22_23 of type Splitter has 1 equations.
2026-05-03 02:28:38,292 - DEBUG - component - The component: splitter_42_47_48 of type Splitter has 1 equations.
2026-05-03 02:28:38,292 - DEBUG - component - The component: splitter_6_84_85 of type Splitter has 1 equations.
2026-05-03 02:28:38,292 - DEBUG - component - The component: splitter_h1 of type Splitter has 1 equations.
2026-05-03 02:28:38,292 - DEBUG - component - The component: splitter_l1 of type Splitter has 1 equations.
2026-05-03 02:28:38,292 - DEBUG - component - The component: splitter_l2 of type Splitter has 1 equations.
2026-05-03 02:28:38,292 - DEBUG - component - The component: splitter_l3 of type Splitter has 1 equations.
2026-05-03 02:28:38,292 - DEBUG - component - The component: splitter_l4 of type Splitter has 1 equations.
2026-05-03 02:28:38,292 - DEBUG - component - The component: steam_cycle_closer of type CycleCloser has 0 equations.
2026-05-03 02:28:38,292 - DEBUG - component - The component: steam_recycle_pump of type Pump has 1 equations.
2026-05-03 02:28:38,292 - DEBUG - component - The component: valve_36 of type Valve has 0 equations.
2026-05-03 02:28:38,292 - DEBUG - component - The component: valve_50_51 of type Valve has 0 equations.
2026-05-03 02:28:38,292 - DEBUG - component - The component: valve_52_53 of type Valve has 0 equations.
2026-05-03 02:28:38,292 - DEBUG - component - The component: valve_69_71 of type Valve has 0 equations.
2026-05-03 02:28:38,292 - DEBUG - component - The component: valve_7 of type Valve has 0 equations.
2026-05-03 02:28:38,292 - DEBUG - component - The component: valve_73_74 of type Valve has 0 equations.
2026-05-03 02:28:38,292 - DEBUG - component - The component: valve_76_77 of type Valve has 0 equations.
2026-05-03 02:28:38,293 - DEBUG - component - The component: valve_80 of type Valve has 0 equations.
2026-05-03 02:28:38,293 - DEBUG - component - The component: valve_9 of type Valve has 0 equations.
2026-05-03 02:28:38,293 - DEBUG - component - The component: water_recycle_pump of type Pump has 1 equations.
2026-05-03 02:28:38,332 - DEBUG - network - ------presolve_batch: 1------
2026-05-03 02:28:38,332 - DEBUG - network - Has pre_solved equation: <component parameter>: Ki of FlowAmplifier: af_solar_out
2026-05-03 02:28:38,332 - DEBUG - network - Has pre_solved equation: <component constraint>: mass_flow_constraints of DiabaticCombustionChamber: combustion
2026-05-03 02:28:38,332 - DEBUG - network - Has pre_solved equation: <component parameter>: dp2 of Deaerator: deaerator
2026-05-03 02:28:38,332 - DEBUG - network - Has pre_solved equation: <component parameter>: T_in of HeatStorageTank: hot_salt_tank
2026-05-03 02:28:38,332 - DEBUG - network - Has pre_solved equation: <component parameter>: mass_conservation of CycleCloser: salt_cycle_closer
2026-05-03 02:28:38,332 - DEBUG - network - ------presolve_batch: 2------
2026-05-03 02:28:38,332 - DEBUG - network - Has pre_solved equation: <component parameter>: Ki of FlowAmplifier: af_solar_in
2026-05-03 02:28:38,332 - DEBUG - network - Has pre_solved equation: <component constraint>: saturated_liquid_constraints of Deaerator: deaerator
2026-05-03 02:28:38,332 - DEBUG - network - Has pre_solved equation: <component parameter>: dp1 of Deaerator: deaerator
2026-05-03 02:28:38,332 - DEBUG - network - Has pre_solved equation: <component parameter>: T_out of HeatStorageTank: hot_salt_tank
2026-05-03 02:28:38,332 - DEBUG - network - ------presolve_batch: 3------
2026-05-03 02:28:38,333 - DEBUG - network - Has pre_solved equation: <component constraint>: saturated_vapour_constraints of Deaerator: deaerator
2026-05-03 02:28:38,333 - DEBUG - network - ------presolve_batch: 4------
2026-05-03 02:28:38,333 - DEBUG - network - Has removed 10 pre_solved equations totally.
2026-05-03 02:28:38,333 - DEBUG - component - The component: af_boiler_cold_in of type FlowAmplifier has 0 variables.
2026-05-03 02:28:38,333 - DEBUG - component - The component: af_boiler_cold_out of type FlowAmplifier has 0 variables.
2026-05-03 02:28:38,333 - DEBUG - component - The component: af_boiler_hot_in of type FlowAmplifier has 0 variables.
2026-05-03 02:28:38,333 - DEBUG - component - The component: af_boiler_hot_out of type FlowAmplifier has 0 variables.
2026-05-03 02:28:38,333 - DEBUG - component - The component: af_reheater_cold_in of type FlowAmplifier has 0 variables.
2026-05-03 02:28:38,333 - DEBUG - component - The component: af_reheater_cold_out of type FlowAmplifier has 0 variables.
2026-05-03 02:28:38,333 - DEBUG - component - The component: af_reheater_hot_in of type FlowAmplifier has 0 variables.
2026-05-03 02:28:38,333 - DEBUG - component - The component: af_reheater_hot_out of type FlowAmplifier has 0 variables.
2026-05-03 02:28:38,333 - DEBUG - component - The component: af_solar_in of type FlowAmplifier has 0 variables.
2026-05-03 02:28:38,333 - DEBUG - component - The component: af_solar_out of type FlowAmplifier has 0 variables.
2026-05-03 02:28:38,333 - DEBUG - component - The component: air_compressor of type Compressor has 0 variables.
2026-05-03 02:28:38,333 - DEBUG - component - The component: air_source of type Source has 0 variables.
2026-05-03 02:28:38,333 - DEBUG - component - The component: cold_salt_tank of type HeatStorageTank has 0 variables.
2026-05-03 02:28:38,333 - DEBUG - component - The component: combustion of type DiabaticCombustionChamber has 0 variables.
2026-05-03 02:28:38,333 - DEBUG - component - The component: condense_pump of type Pump has 0 variables.
2026-05-03 02:28:38,333 - DEBUG - component - The component: condenser of type Condenser has 0 variables.
2026-05-03 02:28:38,333 - DEBUG - component - The component: cooling_water_sink of type Sink has 0 variables.
2026-05-03 02:28:38,333 - DEBUG - component - The component: cooling_water_source of type Source has 0 variables.
2026-05-03 02:28:38,333 - DEBUG - component - The component: deaerator of type Deaerator has 0 variables.
2026-05-03 02:28:38,333 - DEBUG - component - The component: deaerator_drain of type Sink has 0 variables.
2026-05-03 02:28:38,333 - DEBUG - component - The component: evaporator of type Evaporator has 0 variables.
2026-05-03 02:28:38,333 - DEBUG - component - The component: evaporator_drain of type Sink has 0 variables.
2026-05-03 02:28:38,333 - DEBUG - component - The component: evaporator_drum of type EvaporateTank has 0 variables.
2026-05-03 02:28:38,333 - DEBUG - component - The component: fuel_source of type Source has 0 variables.
2026-05-03 02:28:38,333 - DEBUG - component - The component: gas_sink of type Sink has 0 variables.
2026-05-03 02:28:38,333 - DEBUG - component - The component: gas_turbine of type Turbine has 0 variables.
2026-05-03 02:28:38,333 - DEBUG - component - The component: heatexchanger_a of type HeatExchanger has 0 variables.
2026-05-03 02:28:38,333 - DEBUG - component - The component: heatexchanger_b of type HeatExchanger has 0 variables.
2026-05-03 02:28:38,333 - DEBUG - component - The component: heatexchanger_c of type HeatExchanger has 0 variables.
2026-05-03 02:28:38,334 - DEBUG - component - The component: heatexchanger_d of type HeatExchanger has 0 variables.
2026-05-03 02:28:38,334 - DEBUG - component - The component: heatexchanger_e of type HeatExchanger has 0 variables.
2026-05-03 02:28:38,334 - DEBUG - component - The component: heatexchanger_f of type HeatExchanger has 0 variables.
2026-05-03 02:28:38,334 - DEBUG - component - The component: heatexchanger_g of type ExtractHeatExchanger has 0 variables.
2026-05-03 02:28:38,334 - DEBUG - component - The component: heatexchanger_h of type ExtractHeatExchanger has 0 variables.
2026-05-03 02:28:38,334 - DEBUG - component - The component: heatexchanger_i of type ExtractHeatExchanger has 0 variables.
2026-05-03 02:28:38,334 - DEBUG - component - The component: heatexchanger_j of type ExtractHeatExchanger has 0 variables.
2026-05-03 02:28:38,334 - DEBUG - component - The component: heatexchanger_k of type ExtractHeatExchanger has 0 variables.
2026-05-03 02:28:38,334 - DEBUG - component - The component: hot_salt_tank of type HeatStorageTank has 0 variables.
2026-05-03 02:28:38,334 - DEBUG - component - The component: hp_turbine1 of type Turbine has 0 variables.
2026-05-03 02:28:38,334 - DEBUG - component - The component: hp_turbine2 of type Turbine has 0 variables.
2026-05-03 02:28:38,334 - DEBUG - component - The component: lp_turbine1 of type Turbine has 0 variables.
2026-05-03 02:28:38,334 - DEBUG - component - The component: lp_turbine2 of type Turbine has 0 variables.
2026-05-03 02:28:38,334 - DEBUG - component - The component: lp_turbine3 of type Turbine has 0 variables.
2026-05-03 02:28:38,334 - DEBUG - component - The component: lp_turbine4 of type Turbine has 0 variables.
2026-05-03 02:28:38,334 - DEBUG - component - The component: lp_turbine5 of type Turbine has 0 variables.
2026-05-03 02:28:38,334 - DEBUG - component - The component: merge_12_13_21 of type Merge has 0 variables.
2026-05-03 02:28:38,334 - DEBUG - component - The component: merge_18_82_83 of type Merge has 0 variables.
2026-05-03 02:28:38,334 - DEBUG - component - The component: merge_36_80_81 of type Merge has 0 variables.
2026-05-03 02:28:38,334 - DEBUG - component - The component: merge_67_68_69 of type Merge has 0 variables.
2026-05-03 02:28:38,334 - DEBUG - component - The component: merge_7_9_10 of type Merge has 0 variables.
2026-05-03 02:28:38,334 - DEBUG - component - The component: merge_deaerator of type Merge has 0 variables.
2026-05-03 02:28:38,334 - DEBUG - component - The component: merge_heater_h of type Merge has 0 variables.
2026-05-03 02:28:38,334 - DEBUG - component - The component: merge_heater_j of type Merge has 0 variables.
2026-05-03 02:28:38,334 - DEBUG - component - The component: merge_heater_k of type Merge has 0 variables.
2026-05-03 02:28:38,334 - DEBUG - component - The component: oil_cycle_closer of type CycleCloser has 0 variables.
2026-05-03 02:28:38,334 - DEBUG - component - The component: oil_recycle_pump1 of type Pump has 0 variables.
2026-05-03 02:28:38,334 - DEBUG - component - The component: oil_recycle_pump2 of type Pump has 0 variables.
2026-05-03 02:28:38,334 - DEBUG - component - The component: salt_cycle_closer of type CycleCloser has 0 variables.
2026-05-03 02:28:38,334 - DEBUG - component - The component: solar_collector1 of type SolarCollector has 0 variables.
2026-05-03 02:28:38,334 - DEBUG - component - The component: solar_collector2 of type SolarCollector has 0 variables.
2026-05-03 02:28:38,334 - DEBUG - component - The component: solar_collector3 of type SolarCollector has 0 variables.
2026-05-03 02:28:38,334 - DEBUG - component - The component: solar_collector4 of type SolarCollector has 0 variables.
2026-05-03 02:28:38,334 - DEBUG - component - The component: splitter_10_11_12 of type Splitter has 0 variables.
2026-05-03 02:28:38,334 - DEBUG - component - The component: splitter_20_81_82 of type Splitter has 0 variables.
2026-05-03 02:28:38,334 - DEBUG - component - The component: splitter_21_22_23 of type Splitter has 0 variables.
2026-05-03 02:28:38,334 - DEBUG - component - The component: splitter_42_47_48 of type Splitter has 0 variables.
2026-05-03 02:28:38,334 - DEBUG - component - The component: splitter_6_84_85 of type Splitter has 0 variables.
2026-05-03 02:28:38,334 - DEBUG - component - The component: splitter_h1 of type Splitter has 0 variables.
2026-05-03 02:28:38,334 - DEBUG - component - The component: splitter_l1 of type Splitter has 0 variables.
2026-05-03 02:28:38,335 - DEBUG - component - The component: splitter_l2 of type Splitter has 0 variables.
2026-05-03 02:28:38,335 - DEBUG - component - The component: splitter_l3 of type Splitter has 0 variables.
2026-05-03 02:28:38,335 - DEBUG - component - The component: splitter_l4 of type Splitter has 0 variables.
2026-05-03 02:28:38,335 - DEBUG - component - The component: steam_cycle_closer of type CycleCloser has 0 variables.
2026-05-03 02:28:38,335 - DEBUG - component - The component: steam_recycle_pump of type Pump has 0 variables.
2026-05-03 02:28:38,335 - DEBUG - component - The component: valve_36 of type Valve has 0 variables.
2026-05-03 02:28:38,335 - DEBUG - component - The component: valve_50_51 of type Valve has 0 variables.
2026-05-03 02:28:38,335 - DEBUG - component - The component: valve_52_53 of type Valve has 0 variables.
2026-05-03 02:28:38,335 - DEBUG - component - The component: valve_69_71 of type Valve has 0 variables.
2026-05-03 02:28:38,335 - DEBUG - component - The component: valve_7 of type Valve has 0 variables.
2026-05-03 02:28:38,335 - DEBUG - component - The component: valve_73_74 of type Valve has 0 variables.
2026-05-03 02:28:38,335 - DEBUG - component - The component: valve_76_77 of type Valve has 0 variables.
2026-05-03 02:28:38,335 - DEBUG - component - The component: valve_80 of type Valve has 0 variables.
2026-05-03 02:28:38,335 - DEBUG - component - The component: valve_9 of type Valve has 0 variables.
2026-05-03 02:28:38,335 - DEBUG - component - The component: water_recycle_pump of type Pump has 0 variables.
2026-05-03 02:28:38,421 - INFO - network - ########----Network initialised----########
2026-05-03 02:28:38,421 - DEBUG - network - ------Equation Summarization------
2026-05-03 02:28:38,421 - DEBUG - network - Total number of equations: 123
2026-05-03 02:28:38,421 - DEBUG - network - Number of connection equations: 2.
2026-05-03 02:28:38,421 - DEBUG - network - Number of component equations: 131.
2026-05-03 02:28:38,421 - DEBUG - network - Number of bus equations: 0.
2026-05-03 02:28:38,421 - DEBUG - network - Number of user defined equations: 0.
2026-05-03 02:28:38,421 - DEBUG - network - Number of presolved equations: 10.
2026-05-03 02:28:38,421 - DEBUG - network - ------Variable Summarization------
2026-05-03 02:28:38,421 - DEBUG - network - Total number of variables: 123.
2026-05-03 02:28:38,421 - DEBUG - network - Number of component variables: 0.
2026-05-03 02:28:38,421 - DEBUG - network - Number of connection variables: 123.
2026-05-03 02:28:38,421 - DEBUG - network - Number of mass flow variables: 42.
2026-05-03 02:28:38,421 - DEBUG - network - Number of pressure variables: 25.
2026-05-03 02:28:38,421 - DEBUG - network - Number of enthalpy variables: 56.
2026-05-03 02:28:38,421 - DEBUG - network - ------Fluid Module Summarization------
2026-05-03 02:28:38,421 - DEBUG - network - Number of fluid composition equations: 6.
2026-05-03 02:28:38,421 - DEBUG - network - Number of fluid variables: 6.
2026-05-03 02:28:38,500 - DEBUG - network - 
##### VARIABLES #####
+-----+--------------------------------------------------------+-------------+-------------+---------+-----------+
|     | label                                                  |   min value |   max value | unit    |     scale |
|-----+--------------------------------------------------------+-------------+-------------+---------+-----------|
|   0 | <mass flow objective> of connection: c10               |   1.000e-05 |   1.000e+12 | kg / s  | 1.000e+00 |
|   1 | <mass flow objective> of connection: c11               |   1.000e-05 |   1.000e+12 | kg / s  | 1.000e+00 |
|   2 | <mass flow objective> of connection: c12               |   1.000e-05 |   1.000e+12 | kg / s  | 1.000e+00 |
|   3 | <mass flow objective> of connection: c13               |   1.000e-05 |   1.000e+12 | kg / s  | 1.000e+00 |
|   4 | <mass flow objective> of connection: c21               |   1.000e-05 |   1.000e+12 | kg / s  | 1.000e+00 |
|   5 | <mass flow objective> of connection: c22               |   1.000e-05 |   1.000e+12 | kg / s  | 1.000e+00 |
|   6 | <mass flow objective> of connection: c23               |   1.000e-05 |   1.000e+12 | kg / s  | 1.000e+00 |
|   7 | <mass flow objective> of connection: c24               |   1.000e-05 |   1.000e+12 | kg / s  | 1.000e+00 |
|   8 | <mass flow objective> of connection: c25               |   1.000e-05 |   1.000e+12 | kg / s  | 1.000e+00 |
|   9 | <mass flow objective> of connection: c28               |   1.000e-05 |   1.000e+12 | kg / s  | 1.000e+00 |
|  10 | <mass flow objective> of connection: c32               |   1.000e-05 |   1.000e+12 | kg / s  | 1.000e+00 |
|  11 | <mass flow objective> of connection: c36               |   1.000e-05 |   1.000e+12 | kg / s  | 1.000e+00 |
|  12 | <mass flow objective> of connection: c37               |   1.000e-05 |   1.000e+12 | kg / s  | 1.000e+00 |
|  13 | <mass flow objective> of connection: c38               |   1.000e-05 |   1.000e+12 | kg / s  | 1.000e+00 |
|  14 | <mass flow objective> of connection: c41               |   1.000e-05 |   1.000e+12 | kg / s  | 1.000e+00 |
|  15 | <mass flow objective> of connection: c42               |   1.000e-05 |   1.000e+12 | kg / s  | 1.000e+00 |
|  16 | <mass flow objective> of connection: c43               |   1.000e-05 |   1.000e+12 | kg / s  | 1.000e+00 |
|  17 | <mass flow objective> of connection: c44               |   1.000e-05 |   1.000e+12 | kg / s  | 1.000e+00 |
|  18 | <mass flow objective> of connection: c45               |   1.000e-05 |   1.000e+12 | kg / s  | 1.000e+00 |
|  19 | <mass flow objective> of connection: c46               |   1.000e-05 |   1.000e+12 | kg / s  | 1.000e+00 |
|  20 | <mass flow objective> of connection: c48               |   1.000e-05 |   1.000e+12 | kg / s  | 1.000e+00 |
|  21 | <mass flow objective> of connection: c52               |   1.000e-05 |   1.000e+12 | kg / s  | 1.000e+00 |
|  22 | <mass flow objective> of connection: c54               |   1.000e-05 |   1.000e+12 | kg / s  | 1.000e+00 |
|  23 | <mass flow objective> of connection: c56               |   1.000e-05 |   1.000e+12 | kg / s  | 1.000e+00 |
|  24 | <mass flow objective> of connection: c57               |   1.000e-05 |   1.000e+12 | kg / s  | 1.000e+00 |
|  25 | <mass flow objective> of connection: c58               |   1.000e-05 |   1.000e+12 | kg / s  | 1.000e+00 |
|  26 | <mass flow objective> of connection: c59               |   1.000e-05 |   1.000e+12 | kg / s  | 1.000e+00 |
|  27 | <mass flow objective> of connection: c6                |   1.000e-05 |   1.000e+12 | kg / s  | 1.000e+00 |
|  28 | <mass flow objective> of connection: c60               |   1.000e-05 |   1.000e+12 | kg / s  | 1.000e+00 |
|  29 | <mass flow objective> of connection: c61               |   1.000e-05 |   1.000e+12 | kg / s  | 1.000e+00 |
|  30 | <mass flow objective> of connection: c62               |   1.000e-05 |   1.000e+12 | kg / s  | 1.000e+00 |
|  31 | <mass flow objective> of connection: c63               |   1.000e-05 |   1.000e+12 | kg / s  | 1.000e+00 |
|  32 | <mass flow objective> of connection: c65               |   1.000e-05 |   1.000e+12 | kg / s  | 1.000e+00 |
|  33 | <mass flow objective> of connection: c68               |   1.000e-05 |   1.000e+12 | kg / s  | 1.000e+00 |
|  34 | <mass flow objective> of connection: c69               |   1.000e-05 |   1.000e+12 | kg / s  | 1.000e+00 |
|  35 | <mass flow objective> of connection: c73               |   1.000e-05 |   1.000e+12 | kg / s  | 1.000e+00 |
|  36 | <mass flow objective> of connection: c80               |   1.000e-05 |   1.000e+12 | kg / s  | 1.000e+00 |
|  37 | <mass flow objective> of connection: c81               |   1.000e-05 |   1.000e+12 | kg / s  | 1.000e+00 |
|  38 | <mass flow objective> of connection: c82               |   1.000e-05 |   1.000e+12 | kg / s  | 1.000e+00 |
|  39 | <mass flow objective> of connection: c83               |   1.000e-05 |   1.000e+12 | kg / s  | 1.000e+00 |
|  40 | <mass flow objective> of connection: d84               |   1.000e-05 |   1.000e+12 | kg / s  | 1.000e+00 |
|  41 | <mass flow objective> of connection: deaerator_cold_in |   1.000e-05 |   1.000e+12 | kg / s  | 1.000e+00 |
|  42 | <pressure objective> of connection: c10                |   1.001e-03 |   1.998e+02 | bar     | 1.000e+05 |
|  43 | <pressure objective> of connection: c16                |   1.001e-05 |   9.990e+02 | bar     | 1.000e+05 |
|  44 | <pressure objective> of connection: c18                |   1.001e-03 |   1.998e+02 | bar     | 1.000e+05 |
|  45 | <pressure objective> of connection: c26                |   1.001e-03 |   1.998e+02 | bar     | 1.000e+05 |
|  46 | <pressure objective> of connection: c27                |   6.123e-03 |   9.990e+03 | bar     | 1.000e+05 |
|  47 | <pressure objective> of connection: c29                |   6.123e-03 |   9.990e+03 | bar     | 1.000e+05 |
|  48 | <pressure objective> of connection: c33                |   1.001e-03 |   1.998e+02 | bar     | 1.000e+05 |
|  49 | <pressure objective> of connection: c34                |   1.001e-03 |   1.998e+02 | bar     | 1.000e+05 |
|  50 | <pressure objective> of connection: c35                |   6.123e-03 |   9.990e+03 | bar     | 1.000e+05 |
|  51 | <pressure objective> of connection: c38                |   6.123e-03 |   9.990e+03 | bar     | 1.000e+05 |
|  52 | <pressure objective> of connection: c39                |   1.001e-03 |   1.998e+02 | bar     | 1.000e+05 |
|  53 | <pressure objective> of connection: c49                |   6.123e-03 |   9.990e+03 | bar     | 1.000e+05 |
|  54 | <pressure objective> of connection: c50                |   6.123e-03 |   9.990e+03 | bar     | 1.000e+05 |
|  55 | <pressure objective> of connection: c52                |   6.123e-03 |   9.990e+03 | bar     | 1.000e+05 |
|  56 | <pressure objective> of connection: c55                |   6.123e-03 |   9.990e+03 | bar     | 1.000e+05 |
|  57 | <pressure objective> of connection: c65                |   6.123e-03 |   9.990e+03 | bar     | 1.000e+05 |
|  58 | <pressure objective> of connection: c67                |   6.123e-03 |   9.990e+03 | bar     | 1.000e+05 |
|  59 | <pressure objective> of connection: c7                 |   1.001e-03 |   1.998e+02 | bar     | 1.000e+05 |
|  60 | <pressure objective> of connection: c70                |   6.123e-03 |   9.990e+03 | bar     | 1.000e+05 |
|  61 | <pressure objective> of connection: c71                |   6.123e-03 |   9.990e+03 | bar     | 1.000e+05 |
|  62 | <pressure objective> of connection: c72                |   6.123e-03 |   9.990e+03 | bar     | 1.000e+05 |
|  63 | <pressure objective> of connection: c74                |   6.123e-03 |   9.990e+03 | bar     | 1.000e+05 |
|  64 | <pressure objective> of connection: c75                |   6.123e-03 |   9.990e+03 | bar     | 1.000e+05 |
|  65 | <pressure objective> of connection: c77                |   6.123e-03 |   9.990e+03 | bar     | 1.000e+05 |
|  66 | <pressure objective> of connection: c8                 |   1.000e-02 |   7.992e+02 | bar     | 1.000e+05 |
|  67 | <enthalpy objective> of connection: c10                |   1.000e+00 |   7.000e+03 | kJ / kg | 1.000e+05 |
|  68 | <enthalpy objective> of connection: c13                |   1.000e+00 |   7.000e+03 | kJ / kg | 1.000e+05 |
|  69 | <enthalpy objective> of connection: c16                |   1.000e+00 |   7.000e+03 | kJ / kg | 1.000e+05 |
|  70 | <enthalpy objective> of connection: c17                |   1.000e+00 |   7.000e+03 | kJ / kg | 1.000e+05 |
|  71 | <enthalpy objective> of connection: c18                |   1.000e+00 |   7.000e+03 | kJ / kg | 1.000e+05 |
|  72 | <enthalpy objective> of connection: c19                |   9.778e+02 | nan         | kJ / kg | 1.000e+05 |
|  73 | <enthalpy objective> of connection: c20                |   1.000e+00 | nan         | kJ / kg | 1.000e+05 |
|  74 | <enthalpy objective> of connection: c21                |   1.000e+00 |   7.000e+03 | kJ / kg | 1.000e+05 |
|  75 | <enthalpy objective> of connection: c25                |   2.567e+01 |   6.523e+03 | kJ / kg | 1.000e+05 |
|  76 | <enthalpy objective> of connection: c26                |   1.000e+00 |   7.000e+03 | kJ / kg | 1.000e+05 |
|  77 | <enthalpy objective> of connection: c27                |   1.000e+00 |   7.000e+03 | kJ / kg | 1.000e+05 |
|  78 | <enthalpy objective> of connection: c28                |   1.000e+00 |   7.000e+03 | kJ / kg | 1.000e+05 |
|  79 | <enthalpy objective> of connection: c29                |   1.000e+00 |   7.000e+03 | kJ / kg | 1.000e+05 |
|  80 | <enthalpy objective> of connection: c3                 |   1.000e+00 |   7.000e+03 | kJ / kg | 1.000e+05 |
|  81 | <enthalpy objective> of connection: c30                |   1.000e+00 |   7.000e+03 | kJ / kg | 1.000e+05 |
|  82 | <enthalpy objective> of connection: c32                |   1.000e+00 |   7.000e+03 | kJ / kg | 1.000e+05 |
|  83 | <enthalpy objective> of connection: c33                |   1.000e+00 |   7.000e+03 | kJ / kg | 1.000e+05 |
|  84 | <enthalpy objective> of connection: c34                |   1.000e+00 |   7.000e+03 | kJ / kg | 1.000e+05 |
|  85 | <enthalpy objective> of connection: c35                |   1.000e+00 |   7.000e+03 | kJ / kg | 1.000e+05 |
|  86 | <enthalpy objective> of connection: c38                |   1.000e+00 |   7.000e+03 | kJ / kg | 1.000e+05 |
|  87 | <enthalpy objective> of connection: c39                |   1.000e+00 |   7.000e+03 | kJ / kg | 1.000e+05 |
|  88 | <enthalpy objective> of connection: c4                 |   1.000e+00 |   7.000e+03 | kJ / kg | 1.000e+05 |
|  89 | <enthalpy objective> of connection: c40                |   1.738e+01 |   6.528e+03 | kJ / kg | 1.000e+05 |
|  90 | <enthalpy objective> of connection: c45                |   1.972e+01 |   6.526e+03 | kJ / kg | 1.000e+05 |
|  91 | <enthalpy objective> of connection: c49                |   1.000e+00 |   7.000e+03 | kJ / kg | 1.000e+05 |
|  92 | <enthalpy objective> of connection: c5                 |   1.000e+00 |   7.000e+03 | kJ / kg | 1.000e+05 |
|  93 | <enthalpy objective> of connection: c50                |   1.000e+00 |   7.000e+03 | kJ / kg | 1.000e+05 |
|  94 | <enthalpy objective> of connection: c52                |   1.633e+01 |   6.528e+03 | kJ / kg | 1.000e+05 |
|  95 | <enthalpy objective> of connection: c55                |   1.000e+00 |   7.000e+03 | kJ / kg | 1.000e+05 |
|  96 | <enthalpy objective> of connection: c56                |   1.633e+01 |   6.528e+03 | kJ / kg | 1.000e+05 |
|  97 | <enthalpy objective> of connection: c58                |   1.598e+01 |   6.529e+03 | kJ / kg | 1.000e+05 |
|  98 | <enthalpy objective> of connection: c6                 |   9.773e+02 |   1.806e+03 | kJ / kg | 1.000e+05 |
|  99 | <enthalpy objective> of connection: c60                |   1.585e+01 |   6.529e+03 | kJ / kg | 1.000e+05 |
| 100 | <enthalpy objective> of connection: c62                |   1.579e+01 |   6.529e+03 | kJ / kg | 1.000e+05 |
| 101 | <enthalpy objective> of connection: c64                |   1.573e+01 |   6.529e+03 | kJ / kg | 1.000e+05 |
| 102 | <enthalpy objective> of connection: c65                |   1.000e+00 |   7.000e+03 | kJ / kg | 1.000e+05 |
| 103 | <enthalpy objective> of connection: c67                |   1.000e+00 |   7.000e+03 | kJ / kg | 1.000e+05 |
| 104 | <enthalpy objective> of connection: c68                |   1.000e+00 |   7.000e+03 | kJ / kg | 1.000e+05 |
| 105 | <enthalpy objective> of connection: c69                |   1.000e+00 |   7.000e+03 | kJ / kg | 1.000e+05 |
| 106 | <enthalpy objective> of connection: c7                 |   1.000e+00 |   7.000e+03 | kJ / kg | 1.000e+05 |
| 107 | <enthalpy objective> of connection: c70                |   1.000e+00 |   7.000e+03 | kJ / kg | 1.000e+05 |
| 108 | <enthalpy objective> of connection: c72                |   1.000e+00 |   7.000e+03 | kJ / kg | 1.000e+05 |
| 109 | <enthalpy objective> of connection: c73                |   1.000e+00 |   7.000e+03 | kJ / kg | 1.000e+05 |
| 110 | <enthalpy objective> of connection: c75                |   1.000e+00 |   7.000e+03 | kJ / kg | 1.000e+05 |
| 111 | <enthalpy objective> of connection: c76                |   1.000e+00 |   7.000e+03 | kJ / kg | 1.000e+05 |
| 112 | <enthalpy objective> of connection: c78                |   1.633e+01 |   6.528e+03 | kJ / kg | 1.000e+05 |
| 113 | <enthalpy objective> of connection: c8                 |   1.000e+00 |   7.000e+03 | kJ / kg | 1.000e+05 |
| 114 | <enthalpy objective> of connection: c83                |   1.000e+00 |   7.000e+03 | kJ / kg | 1.000e+05 |
| 115 | <enthalpy objective> of connection: c87                |   9.774e+02 |   1.806e+03 | kJ / kg | 1.000e+05 |
| 116 | <enthalpy objective> of connection: c88                |   9.774e+02 |   1.806e+03 | kJ / kg | 1.000e+05 |
| 117 | <enthalpy objective> of connection: c89                |   9.775e+02 |   1.806e+03 | kJ / kg | 1.000e+05 |
| 118 | <enthalpy objective> of connection: c9                 |   1.000e+00 |   7.000e+03 | kJ / kg | 1.000e+05 |
| 119 | <enthalpy objective> of connection: deaerator_cold_in  |   1.633e+01 |   6.528e+03 | kJ / kg | 1.000e+05 |
| 120 | <enthalpy objective> of connection: heater_h_hot_in    |   1.000e+00 |   7.000e+03 | kJ / kg | 1.000e+05 |
| 121 | <enthalpy objective> of connection: heater_j_hot_in    |   1.585e+01 |   6.529e+03 | kJ / kg | 1.000e+05 |
| 122 | <enthalpy objective> of connection: heater_k_hot_in    |   1.579e+01 |   6.529e+03 | kJ / kg | 1.000e+05 |
+-----+--------------------------------------------------------+-------------+-------------+---------+-----------+
##### EQUATIONS #####
+-----+--------------------------------------------------------------------------------------+-----------+
|     | label                                                                                |     scale |
|-----+--------------------------------------------------------------------------------------+-----------|
|   0 | <connection property>: m_ref of c22                                                  | 1.000e+00 |
|   1 | <connection property>: m_ref of c48                                                  | 1.000e+00 |
|   2 | <component parameter>: Ki of FlowAmplifier: af_boiler_cold_in                        | 1.000e+00 |
|   3 | <component parameter>: Ki of FlowAmplifier: af_boiler_cold_out                       | 1.000e+00 |
|   4 | <component parameter>: Ki of FlowAmplifier: af_boiler_hot_in                         | 1.000e+00 |
|   5 | <component parameter>: Ki of FlowAmplifier: af_boiler_hot_out                        | 1.000e+00 |
|   6 | <component parameter>: Ki of FlowAmplifier: af_reheater_cold_in                      | 1.000e+00 |
|   7 | <component parameter>: Ki of FlowAmplifier: af_reheater_cold_out                     | 1.000e+00 |
|   8 | <component parameter>: Ki of FlowAmplifier: af_reheater_hot_in                       | 1.000e+00 |
|   9 | <component parameter>: Ki of FlowAmplifier: af_reheater_hot_out                      | 1.000e+00 |
|  10 | <component parameter>: eta_s of Compressor: air_compressor                           | 1.000e+05 |
|  11 | <component parameter>: T_in of HeatStorageTank: cold_salt_tank                       | 1.000e+01 |
|  12 | <component parameter>: T_out of HeatStorageTank: cold_salt_tank                      | 1.000e+01 |
|  13 | <component parameter>: eta of DiabaticCombustionChamber: combustion                  | 1.000e+05 |
|  14 | <component parameter>: eta_s of Pump: condense_pump                                  | 1.000e+05 |
|  15 | <component parameter>: KDTA of Condenser: condenser                                  | 1.000e+05 |
|  16 | <component parameter>: KDTA of Condenser: condenser                                  | 1.000e+05 |
|  17 | <component parameter>: dp1 of Condenser: condenser                                   | 1.000e+05 |
|  18 | <component parameter>: dp2 of Condenser: condenser                                   | 1.000e+05 |
|  19 | <component parameter>: subcooling of Condenser: condenser                            | 1.000e+05 |
|  20 | <component constraint>: mass_flow_constraints of Deaerator: deaerator                | 1.000e+00 |
|  21 | <component constraint>: energy_balance_constraints of Deaerator: deaerator           | 1.000e+05 |
|  22 | <component parameter>: KDTA of Evaporator: evaporator                                | 1.000e+05 |
|  23 | <component parameter>: KDTA of Evaporator: evaporator                                | 1.000e+05 |
|  24 | <component parameter>: dp1 of Evaporator: evaporator                                 | 1.000e+05 |
|  25 | <component parameter>: dp2 of Evaporator: evaporator                                 | 1.000e+05 |
|  26 | <component constraint>: mass_flow_constraints of EvaporateTank: evaporator_drum      | 1.000e+00 |
|  27 | <component constraint>: energy_balance_constraints of EvaporateTank: evaporator_drum | 1.000e+05 |
|  28 | <component constraint>: outlet_constraints1 of EvaporateTank: evaporator_drum        | 1.000e+05 |
|  29 | <component constraint>: outlet_constraints2 of EvaporateTank: evaporator_drum        | 1.000e+05 |
|  30 | <component parameter>: Ki of EvaporateTank: evaporator_drum                          | 1.000e+00 |
|  31 | <component parameter>: eta_s of Turbine: gas_turbine                                 | 1.000e+05 |
|  32 | <component parameter>: KDTA of HeatExchanger: heatexchanger_a                        | 1.000e+05 |
|  33 | <component parameter>: KDTA of HeatExchanger: heatexchanger_a                        | 1.000e+05 |
|  34 | <component parameter>: dp1 of HeatExchanger: heatexchanger_a                         | 1.000e+05 |
|  35 | <component parameter>: dp2 of HeatExchanger: heatexchanger_a                         | 1.000e+05 |
|  36 | <component parameter>: KDTA of HeatExchanger: heatexchanger_b                        | 1.000e+05 |
|  37 | <component parameter>: KDTA of HeatExchanger: heatexchanger_b                        | 1.000e+05 |
|  38 | <component parameter>: dp1 of HeatExchanger: heatexchanger_b                         | 1.000e+05 |
|  39 | <component parameter>: dp2 of HeatExchanger: heatexchanger_b                         | 1.000e+05 |
|  40 | <component parameter>: KDTA of HeatExchanger: heatexchanger_c                        | 1.000e+05 |
|  41 | <component parameter>: KDTA of HeatExchanger: heatexchanger_c                        | 1.000e+05 |
|  42 | <component parameter>: dp2 of HeatExchanger: heatexchanger_c                         | 1.000e+05 |
|  43 | <component parameter>: KDTA of HeatExchanger: heatexchanger_d                        | 1.000e+05 |
|  44 | <component parameter>: KDTA of HeatExchanger: heatexchanger_d                        | 1.000e+05 |
|  45 | <component parameter>: dp1 of HeatExchanger: heatexchanger_d                         | 1.000e+05 |
|  46 | <component parameter>: dp2 of HeatExchanger: heatexchanger_d                         | 1.000e+05 |
|  47 | <component parameter>: KDTA of HeatExchanger: heatexchanger_e                        | 1.000e+05 |
|  48 | <component parameter>: KDTA of HeatExchanger: heatexchanger_e                        | 1.000e+05 |
|  49 | <component parameter>: dp1 of HeatExchanger: heatexchanger_e                         | 1.000e+05 |
|  50 | <component parameter>: dp2 of HeatExchanger: heatexchanger_e                         | 1.000e+05 |
|  51 | <component parameter>: KDTA of HeatExchanger: heatexchanger_f                        | 1.000e+05 |
|  52 | <component parameter>: KDTA of HeatExchanger: heatexchanger_f                        | 1.000e+05 |
|  53 | <component parameter>: dp1 of HeatExchanger: heatexchanger_f                         | 1.000e+05 |
|  54 | <component parameter>: dp2 of HeatExchanger: heatexchanger_f                         | 1.000e+05 |
|  55 | <component parameter>: KDTA of ExtractHeatExchanger: heatexchanger_g                 | 1.000e+05 |
|  56 | <component parameter>: KDTA of ExtractHeatExchanger: heatexchanger_g                 | 1.000e+05 |
|  57 | <component parameter>: dp1 of ExtractHeatExchanger: heatexchanger_g                  | 1.000e+05 |
|  58 | <component parameter>: dp2 of ExtractHeatExchanger: heatexchanger_g                  | 1.000e+05 |
|  59 | <component parameter>: saturated_cooling of ExtractHeatExchanger: heatexchanger_g    | 1.000e+05 |
|  60 | <component parameter>: KDTA of ExtractHeatExchanger: heatexchanger_h                 | 1.000e+05 |
|  61 | <component parameter>: KDTA of ExtractHeatExchanger: heatexchanger_h                 | 1.000e+05 |
|  62 | <component parameter>: dp1 of ExtractHeatExchanger: heatexchanger_h                  | 1.000e+05 |
|  63 | <component parameter>: dp2 of ExtractHeatExchanger: heatexchanger_h                  | 1.000e+05 |
|  64 | <component parameter>: saturated_cooling of ExtractHeatExchanger: heatexchanger_h    | 1.000e+05 |
|  65 | <component parameter>: KDTA of ExtractHeatExchanger: heatexchanger_i                 | 1.000e+05 |
|  66 | <component parameter>: KDTA of ExtractHeatExchanger: heatexchanger_i                 | 1.000e+05 |
|  67 | <component parameter>: dp1 of ExtractHeatExchanger: heatexchanger_i                  | 1.000e+05 |
|  68 | <component parameter>: dp2 of ExtractHeatExchanger: heatexchanger_i                  | 1.000e+05 |
|  69 | <component parameter>: saturated_cooling of ExtractHeatExchanger: heatexchanger_i    | 1.000e+05 |
|  70 | <component parameter>: KDTA of ExtractHeatExchanger: heatexchanger_j                 | 1.000e+05 |
|  71 | <component parameter>: KDTA of ExtractHeatExchanger: heatexchanger_j                 | 1.000e+05 |
|  72 | <component parameter>: dp1 of ExtractHeatExchanger: heatexchanger_j                  | 1.000e+05 |
|  73 | <component parameter>: dp2 of ExtractHeatExchanger: heatexchanger_j                  | 1.000e+05 |
|  74 | <component parameter>: saturated_cooling of ExtractHeatExchanger: heatexchanger_j    | 1.000e+05 |
|  75 | <component parameter>: KDTA of ExtractHeatExchanger: heatexchanger_k                 | 1.000e+05 |
|  76 | <component parameter>: KDTA of ExtractHeatExchanger: heatexchanger_k                 | 1.000e+05 |
|  77 | <component parameter>: dp1 of ExtractHeatExchanger: heatexchanger_k                  | 1.000e+05 |
|  78 | <component parameter>: dp2 of ExtractHeatExchanger: heatexchanger_k                  | 1.000e+05 |
|  79 | <component parameter>: saturated_cooling of ExtractHeatExchanger: heatexchanger_k    | 1.000e+05 |
|  80 | <component parameter>: eta_s of Turbine: hp_turbine1                                 | 1.000e+05 |
|  81 | <component parameter>: eta_s of Turbine: hp_turbine2                                 | 1.000e+05 |
|  82 | <component parameter>: eta_s of Turbine: lp_turbine1                                 | 1.000e+05 |
|  83 | <component parameter>: eta_s of Turbine: lp_turbine2                                 | 1.000e+05 |
|  84 | <component parameter>: eta_s of Turbine: lp_turbine3                                 | 1.000e+05 |
|  85 | <component parameter>: eta_s of Turbine: lp_turbine4                                 | 1.000e+05 |
|  86 | <component parameter>: eta_s of Turbine: lp_turbine5                                 | 1.000e+05 |
|  87 | <component constraint>: mass_flow_constraints of Merge: merge_12_13_21               | 1.000e+00 |
|  88 | <component constraint>: energy_balance_constraints of Merge: merge_12_13_21          | 1.000e+05 |
|  89 | <component constraint>: mass_flow_constraints of Merge: merge_18_82_83               | 1.000e+00 |
|  90 | <component constraint>: energy_balance_constraints of Merge: merge_18_82_83          | 1.000e+05 |
|  91 | <component constraint>: mass_flow_constraints of Merge: merge_36_80_81               | 1.000e+00 |
|  92 | <component constraint>: energy_balance_constraints of Merge: merge_36_80_81          | 1.000e+05 |
|  93 | <component constraint>: mass_flow_constraints of Merge: merge_67_68_69               | 1.000e+00 |
|  94 | <component constraint>: energy_balance_constraints of Merge: merge_67_68_69          | 1.000e+05 |
|  95 | <component constraint>: mass_flow_constraints of Merge: merge_7_9_10                 | 1.000e+00 |
|  96 | <component constraint>: energy_balance_constraints of Merge: merge_7_9_10            | 1.000e+05 |
|  97 | <component constraint>: mass_flow_constraints of Merge: merge_deaerator              | 1.000e+00 |
|  98 | <component constraint>: energy_balance_constraints of Merge: merge_deaerator         | 1.000e+05 |
|  99 | <component constraint>: mass_flow_constraints of Merge: merge_heater_h               | 1.000e+00 |
| 100 | <component constraint>: energy_balance_constraints of Merge: merge_heater_h          | 1.000e+05 |
| 101 | <component constraint>: mass_flow_constraints of Merge: merge_heater_j               | 1.000e+00 |
| 102 | <component constraint>: energy_balance_constraints of Merge: merge_heater_j          | 1.000e+05 |
| 103 | <component constraint>: mass_flow_constraints of Merge: merge_heater_k               | 1.000e+00 |
| 104 | <component constraint>: energy_balance_constraints of Merge: merge_heater_k          | 1.000e+05 |
| 105 | <component parameter>: eta_s of Pump: oil_recycle_pump1                              | 1.000e+05 |
| 106 | <component parameter>: eta_s of Pump: oil_recycle_pump2                              | 1.000e+05 |
| 107 | <component parameter>: energy of SolarCollector: solar_collector1                    | 1.000e+05 |
| 108 | <component parameter>: energy of SolarCollector: solar_collector2                    | 1.000e+05 |
| 109 | <component parameter>: energy of SolarCollector: solar_collector3                    | 1.000e+05 |
| 110 | <component parameter>: energy of SolarCollector: solar_collector4                    | 1.000e+05 |
| 111 | <component constraint>: mass_flow_constraints of Splitter: splitter_10_11_12         | 1.000e+00 |
| 112 | <component constraint>: mass_flow_constraints of Splitter: splitter_20_81_82         | 1.000e+00 |
| 113 | <component constraint>: mass_flow_constraints of Splitter: splitter_21_22_23         | 1.000e+00 |
| 114 | <component constraint>: mass_flow_constraints of Splitter: splitter_42_47_48         | 1.000e+00 |
| 115 | <component constraint>: mass_flow_constraints of Splitter: splitter_6_84_85          | 1.000e+00 |
| 116 | <component constraint>: mass_flow_constraints of Splitter: splitter_h1               | 1.000e+00 |
| 117 | <component constraint>: mass_flow_constraints of Splitter: splitter_l1               | 1.000e+00 |
| 118 | <component constraint>: mass_flow_constraints of Splitter: splitter_l2               | 1.000e+00 |
| 119 | <component constraint>: mass_flow_constraints of Splitter: splitter_l3               | 1.000e+00 |
| 120 | <component constraint>: mass_flow_constraints of Splitter: splitter_l4               | 1.000e+00 |
| 121 | <component parameter>: eta_s of Pump: steam_recycle_pump                             | 1.000e+05 |
| 122 | <component parameter>: eta_s of Pump: water_recycle_pump                             | 1.000e+05 |
+-----+--------------------------------------------------------------------------------------+-----------+
##### FLUID VARIABLES #####
+----+-------------------------------------+---------------------+
|    | label                               | fluid composition   |
|----+-------------------------------------+---------------------|
|  0 | <fluid objective> of connection: c4 | CH4                 |
|  1 | <fluid objective> of connection: c4 | Ar                  |
|  2 | <fluid objective> of connection: c4 | O2                  |
|  3 | <fluid objective> of connection: c4 | H2O                 |
|  4 | <fluid objective> of connection: c4 | N2                  |
|  5 | <fluid objective> of connection: c4 | CO2                 |
+----+-------------------------------------+---------------------+
##### FLUID EQUATIONS #####
+----+------------------------------------------------------------------------------------------------+---------------------+
|    | label                                                                                          | fluid composition   |
|----+------------------------------------------------------------------------------------------------+---------------------|
|  0 | fluid composition equation: stoichiometry_constraints of DiabaticCombustionChamber: combustion | CH4                 |
|  1 | fluid composition equation: stoichiometry_constraints of DiabaticCombustionChamber: combustion | Ar                  |
|  2 | fluid composition equation: stoichiometry_constraints of DiabaticCombustionChamber: combustion | O2                  |
|  3 | fluid composition equation: stoichiometry_constraints of DiabaticCombustionChamber: combustion | H2O                 |
|  4 | fluid composition equation: stoichiometry_constraints of DiabaticCombustionChamber: combustion | N2                  |
|  5 | fluid composition equation: stoichiometry_constraints of DiabaticCombustionChamber: combustion | CO2                 |
+----+------------------------------------------------------------------------------------------------+---------------------+
2026-05-03 02:28:38,526 - DEBUG - network - 
##### TEMPERATURE BOUNDS #####
+-------------------+-------------+-------------+--------+
|                   |   min value |   max value | unit   |
|-------------------+-------------+-------------+--------|
| c10               |   1.536e+01 |   4.131e+02 | C      |
| c11               |   1.536e+01 |   4.131e+02 | C      |
| c12               |   1.536e+01 |   4.131e+02 | C      |
| c13               |   1.536e+01 |   4.131e+02 | C      |
| c16               |   2.350e+02 |   5.684e+02 | C      |
| c17               |   2.350e+02 |   5.684e+02 | C      |
| c18               |   1.536e+01 |   4.131e+02 | C      |
| c19               |   1.536e+01 |   4.131e+02 | C      |
| c20               |   1.536e+01 |   4.131e+02 | C      |
| c21               |   1.536e+01 |   4.131e+02 | C      |
| c22               |   1.536e+01 |   4.131e+02 | C      |
| c23               |   1.536e+01 |   4.131e+02 | C      |
| c24               |   1.536e+01 |   4.131e+02 | C      |
| c25               |   2.742e+00 |   1.707e+03 | C      |
| c26               |   1.536e+01 |   4.131e+02 | C      |
| c27               |   2.742e+00 |   1.707e+03 | C      |
| c28               |   2.742e+00 |   1.707e+03 | C      |
| c29               |   2.742e+00 |   1.707e+03 | C      |
| c3                |   2.850e+00 |   1.707e+03 | C      |
| c30               |   2.742e+00 |   1.707e+03 | C      |
| c31               |   2.742e+00 |   1.707e+03 | C      |
| c32               |   2.742e+00 |   1.707e+03 | C      |
| c33               |   1.536e+01 |   4.131e+02 | C      |
| c34               |   1.536e+01 |   4.131e+02 | C      |
| c35               |   2.742e+00 |   1.707e+03 | C      |
| c36               |   1.536e+01 |   4.131e+02 | C      |
| c37               |   1.536e+01 |   4.131e+02 | C      |
| c38               |   2.742e+00 |   1.707e+03 | C      |
| c39               |   1.536e+01 |   4.131e+02 | C      |
| c4                |   2.850e+00 |   1.707e+03 | C      |
| c40               |   2.742e+00 |   1.707e+03 | C      |
| c41               |   2.742e+00 |   1.707e+03 | C      |
| c42               |   2.742e+00 |   1.707e+03 | C      |
| c43               |   2.742e+00 |   1.707e+03 | C      |
| c44               |   2.742e+00 |   1.707e+03 | C      |
| c45               |   2.742e+00 |   1.707e+03 | C      |
| c46               |   2.742e+00 |   1.707e+03 | C      |
| c47               |   2.742e+00 |   1.707e+03 | C      |
| c48               |   2.742e+00 |   1.707e+03 | C      |
| c49               |   2.742e+00 |   1.707e+03 | C      |
| c5                |   2.850e+00 |   1.707e+03 | C      |
| c50               |   2.742e+00 |   1.707e+03 | C      |
| c51               |   2.742e+00 |   1.707e+03 | C      |
| c52               |   2.742e+00 |   1.707e+03 | C      |
| c53               |   2.742e+00 |   1.707e+03 | C      |
| c55               |   2.742e+00 |   1.707e+03 | C      |
| c56               |   2.742e+00 |   1.707e+03 | C      |
| c57               |   2.742e+00 |   1.707e+03 | C      |
| c58               |   2.742e+00 |   1.707e+03 | C      |
| c59               |   2.742e+00 |   1.707e+03 | C      |
| c6                |   1.536e+01 |   4.131e+02 | C      |
| c60               |   2.742e+00 |   1.707e+03 | C      |
| c61               |   2.742e+00 |   1.707e+03 | C      |
| c62               |   2.742e+00 |   1.707e+03 | C      |
| c63               |   2.742e+00 |   1.707e+03 | C      |
| c64               |   2.742e+00 |   1.707e+03 | C      |
| c65               |   2.742e+00 |   1.707e+03 | C      |
| c67               |   2.742e+00 |   1.707e+03 | C      |
| c68               |   2.742e+00 |   1.707e+03 | C      |
| c69               |   2.742e+00 |   1.707e+03 | C      |
| c7                |   1.536e+01 |   4.131e+02 | C      |
| c70               |   2.742e+00 |   1.707e+03 | C      |
| c71               |   2.742e+00 |   1.707e+03 | C      |
| c72               |   2.742e+00 |   1.707e+03 | C      |
| c73               |   2.742e+00 |   1.707e+03 | C      |
| c74               |   2.742e+00 |   1.707e+03 | C      |
| c75               |   2.742e+00 |   1.707e+03 | C      |
| c76               |   2.742e+00 |   1.707e+03 | C      |
| c77               |   2.742e+00 |   1.707e+03 | C      |
| c78               |   2.742e+00 |   1.707e+03 | C      |
| c8                |   2.850e+00 |   1.707e+03 | C      |
| c80               |   1.536e+01 |   4.131e+02 | C      |
| c81               |   1.536e+01 |   4.131e+02 | C      |
| c82               |   1.536e+01 |   4.131e+02 | C      |
| c83               |   1.536e+01 |   4.131e+02 | C      |
| c84               |   1.536e+01 |   4.131e+02 | C      |
| c85               |   1.536e+01 |   4.131e+02 | C      |
| c86               |   1.536e+01 |   4.131e+02 | C      |
| c87               |   1.536e+01 |   4.131e+02 | C      |
| c88               |   1.536e+01 |   4.131e+02 | C      |
| c89               |   1.536e+01 |   4.131e+02 | C      |
| c9                |   1.536e+01 |   4.131e+02 | C      |
| c90               |   1.536e+01 |   4.131e+02 | C      |
| d36               |   1.536e+01 |   4.131e+02 | C      |
| d7                |   1.536e+01 |   4.131e+02 | C      |
| d80               |   1.536e+01 |   4.131e+02 | C      |
| d84               |   1.536e+01 |   4.131e+02 | C      |
| d9                |   1.536e+01 |   4.131e+02 | C      |
| deaerator_cold_in |   2.742e+00 |   1.707e+03 | C      |
| h1_out            |   2.742e+00 |   1.707e+03 | C      |
| heater_h_hot_in   |   2.742e+00 |   1.707e+03 | C      |
| heater_j_hot_in   |   2.742e+00 |   1.707e+03 | C      |
| heater_k_hot_in   |   2.742e+00 |   1.707e+03 | C      |
| l1_out            |   2.742e+00 |   1.707e+03 | C      |
| l2_out            |   2.742e+00 |   1.707e+03 | C      |
| l3_out            |   2.742e+00 |   1.707e+03 | C      |
| l4_out            |   2.742e+00 |   1.707e+03 | C      |
+-------------------+-------------+-------------+--------+
2026-05-03 02:28:38,530 - DEBUG - network - has no linear dependence in network topology
2026-05-03 02:28:38,530 - INFO - network - Starting solver.
2026-05-03 02:28:38,540 - PROGRESS - network -  iter  | residual   | progress   | massflow   | pressure   | enthalpy   | voltage    | electricity | frequency  | fluid      | component  
2026-05-03 02:28:38,540 - PROGRESS - network - -------+------------+------------+------------+------------+------------+------------+------------+------------+------------+------------
2026-05-03 02:28:38,540 - DEBUG - network - the fluid calculation done in 0th iteration
2026-05-03 02:28:54,993 - WARNING - warnings - FutureWarning: invalid value encountered in det
2026-05-03 02:28:54,993 - DEBUG - network - matrix value: nan
2026-05-03 02:28:55,084 - DEBUG - network - singular matrix constructure: SVD did not converge
2026-05-03 02:28:55,084 - DEBUG - network - Invalid matrix: SVD did not converge
2026-05-03 02:28:55,103 - DEBUG - network - 
##### VARIABLES BOUNDS #####
+------------+------------------------+--------+------------+-------------+-------------+---------+
|            | label                  | type   |      value |   min value |   max value | unit    |
+============+========================+========+============+=============+=============+=========+
| bounds_28  | <mass flow objective>  | below  | -2.518e+00 |   1.000e-05 | nan         | kg / s  |
|            | of connection: c60     |        |            |             |             |         |
+------------+------------------------+--------+------------+-------------+-------------+---------+
| bounds_30  | <mass flow objective>  | below  | -7.044e-01 |   1.000e-05 | nan         | kg / s  |
|            | of connection: c62     |        |            |             |             |         |
+------------+------------------------+--------+------------+-------------+-------------+---------+
| bounds_57  | <pressure objective>   | below  | -2.080e+00 |   6.123e-03 | nan         | bar     |
|            | of connection: c65     |        |            |             |             |         |
+------------+------------------------+--------+------------+-------------+-------------+---------+
| bounds_58  | <pressure objective>   | below  | -3.085e+00 |   6.123e-03 | nan         | bar     |
|            | of connection: c67     |        |            |             |             |         |
+------------+------------------------+--------+------------+-------------+-------------+---------+
| bounds_66  | <pressure objective>   | below  | -3.572e+00 |   1.000e-02 | nan         | bar     |
|            | of connection: c8      |        |            |             |             |         |
+------------+------------------------+--------+------------+-------------+-------------+---------+
| bounds_102 | <enthalpy objective>   | below  | -1.684e+02 |   1.000e+00 | nan         | kJ / kg |
|            | of connection: c65     |        |            |             |             |         |
+------------+------------------------+--------+------------+-------------+-------------+---------+
| bounds_115 | <enthalpy objective>   | above  |  1.812e+03 | nan         |   1.806e+03 | kJ / kg |
|            | of connection: c87     |        |            |             |             |         |
+------------+------------------------+--------+------------+-------------+-------------+---------+
| bounds_116 | <enthalpy objective>   | above  |  2.116e+03 | nan         |   1.806e+03 | kJ / kg |
|            | of connection: c88     |        |            |             |             |         |
+------------+------------------------+--------+------------+-------------+-------------+---------+
| bounds_117 | <enthalpy objective>   | above  |  2.001e+03 | nan         |   1.806e+03 | kJ / kg |
|            | of connection: c89     |        |            |             |             |         |
+------------+------------------------+--------+------------+-------------+-------------+---------+
##### VARIABLES CONSTRAINTS #####
+-----------------+-----------------------+--------+------------------+-------------+-------------+-----------------+------------+-----------------+-------------------------+-------------------------+--------------------+
|                 | label                 | type   |   enthalpy value |   min value |   max value | enthalpy unit   |   pressure | pressure unit   |   temperature min value |   temperature max value | temperature unit   |
+=================+=======================+========+==================+=============+=============+=================+============+=================+=========================+=========================+====================+
| constraints_70  | <enthalpy objective>  | below  |        8.737e+01 |   3.174e+02 | nan         | kJ / kg         |  1.021e+00 | bar             |               2.350e+02 |             nan         | C                  |
|                 | of connection: c17    |        |                  |             |             |                 |            |                 |                         |                         |                    |
+-----------------+-----------------------+--------+------------------+-------------+-------------+-----------------+------------+-----------------+-------------------------+-------------------------+--------------------+
| constraints_71  | <enthalpy objective>  | above  |        2.029e+03 | nan         |   1.806e+03 | kJ / kg         |  1.888e+01 | bar             |             nan         |               4.131e+02 | C                  |
|                 | of connection: c18    |        |                  |             |             |                 |            |                 |                         |                         |                    |
+-----------------+-----------------------+--------+------------------+-------------+-------------+-----------------+------------+-----------------+-------------------------+-------------------------+--------------------+
| constraints_76  | <enthalpy objective>  | above  |        1.863e+03 | nan         |   1.806e+03 | kJ / kg         |  1.785e+01 | bar             |             nan         |               4.131e+02 | C                  |
|                 | of connection: c26    |        |                  |             |             |                 |            |                 |                         |                         |                    |
+-----------------+-----------------------+--------+------------------+-------------+-------------+-----------------+------------+-----------------+-------------------------+-------------------------+--------------------+
| constraints_102 | <enthalpy objective>  | below  |        1.100e+00 |   2.508e+03 | nan         | kJ / kg         |  7.123e-03 | bar             |               2.742e+00 |             nan         | C                  |
|                 | of connection: c65    |        |                  |             |             |                 |            |                 |                         |                         |                    |
+-----------------+-----------------------+--------+------------------+-------------+-------------+-----------------+------------+-----------------+-------------------------+-------------------------+--------------------+
| constraints_103 | <enthalpy objective>  | below  |        4.551e+01 |   2.508e+03 | nan         | kJ / kg         |  7.123e-03 | bar             |               2.742e+00 |             nan         | C                  |
|                 | of connection: c67    |        |                  |             |             |                 |            |                 |                         |                         |                    |
+-----------------+-----------------------+--------+------------------+-------------+-------------+-----------------+------------+-----------------+-------------------------+-------------------------+--------------------+
| constraints_104 | <enthalpy objective>  | below  |        5.482e+02 |   2.508e+03 | nan         | kJ / kg         |  7.123e-03 | bar             |               2.742e+00 |             nan         | C                  |
|                 | of connection: c68    |        |                  |             |             |                 |            |                 |                         |                         |                    |
+-----------------+-----------------------+--------+------------------+-------------+-------------+-----------------+------------+-----------------+-------------------------+-------------------------+--------------------+
| constraints_105 | <enthalpy objective>  | below  |        6.831e+02 |   2.508e+03 | nan         | kJ / kg         |  7.123e-03 | bar             |               2.742e+00 |             nan         | C                  |
|                 | of connection: c69    |        |                  |             |             |                 |            |                 |                         |                         |                    |
+-----------------+-----------------------+--------+------------------+-------------+-------------+-----------------+------------+-----------------+-------------------------+-------------------------+--------------------+
| constraints_114 | <enthalpy objective>  | above  |        1.880e+03 | nan         |   1.806e+03 | kJ / kg         |  1.888e+01 | bar             |             nan         |               4.131e+02 | C                  |
|                 | of connection: c83    |        |                  |             |             |                 |            |                 |                         |                         |                    |
+-----------------+-----------------------+--------+------------------+-------------+-------------+-----------------+------------+-----------------+-------------------------+-------------------------+--------------------+
2026-05-03 02:28:55,103 - PROGRESS - network -  1     | NaN        | NaN        | NaN        | NaN        | NaN        | NaN        | NaN        | NaN        | NaN        | NaN        
2026-05-03 02:28:55,104 - DEBUG - network - the fluid calculation done in 0th iteration
2026-05-03 11:55:14,982 - INFO - logger - Path for logging: solar_thermal_combine_plant_loggings\Aurora.log
2026-05-03 11:55:14,983 - INFO - logger - Used AURORA version: 0.1.1 - GCC's Nature
2026-05-03 11:55:14,984 - DEBUG - connection - Created reference object with factor 0.09 and delta 0 referring to connection c47
2026-05-03 11:55:14,984 - DEBUG - connection - Created reference object with factor 0.11 and delta 0 referring to connection c21
2026-05-03 11:55:15,597 - DEBUG - network - Removing 0 mass flow variables from ['c31'] from system variables.
2026-05-03 11:55:15,597 - DEBUG - network - Removing 1 mass flow variables from ['c9', 'd9'] from system variables.
2026-05-03 11:55:15,597 - DEBUG - network - Removing 1 mass flow variables from ['c1', 'c3'] from system variables.
2026-05-03 11:55:15,597 - DEBUG - network - Removing 1 mass flow variables from ['c16', 'c14'] from system variables.
2026-05-03 11:55:15,597 - DEBUG - network - Removing 0 mass flow variables from ['c79'] from system variables.
2026-05-03 11:55:15,597 - DEBUG - network - Removing 0 mass flow variables from ['c2'] from system variables.
2026-05-03 11:55:15,597 - DEBUG - network - Removing 0 mass flow variables from ['c15'] from system variables.
2026-05-03 11:55:15,599 - INFO - network - ########----Simplify Fluid System Successful----########
2026-05-03 11:55:15,657 - DEBUG - network - Updated fluid property SI values and fluid mass fraction for user specified connection parameters.
2026-05-03 11:55:15,731 - INFO - network - ########----Network check successful----########
2026-05-03 11:55:15,731 - DEBUG - network - Solver properties:
 - mode: offdesign
 - init_path: solar_thermal_combine_plant_design_1
 - design_path: solar_thermal_combine_plant_design_1
 - min_iter: 4
 - max_iter: 150
2026-05-03 11:55:15,732 - DEBUG - network - Network information:
 - Number of components: 84
 - Number of fluid components: 84
 - Number of electric components: 0
 - Number of connections: 106
 - Number of fluid connections: 106
 - Number of electric connections: 0
 - Number of busses: 0
2026-05-03 11:55:15,749 - WARNING - warnings - FutureWarning: Downcasting object dtype arrays on .fillna, .ffill, .bfill is deprecated and will change in a future version. Call result.infer_objects(copy=False) instead. To opt-in to the future behavior, set `pd.set_option('future.no_silent_downcasting', True)`
2026-05-03 11:55:15,758 - WARNING - warnings - FutureWarning: Downcasting object dtype arrays on .fillna, .ffill, .bfill is deprecated and will change in a future version. Call result.infer_objects(copy=False) instead. To opt-in to the future behavior, set `pd.set_option('future.no_silent_downcasting', True)`
2026-05-03 11:55:15,761 - WARNING - warnings - FutureWarning: Downcasting object dtype arrays on .fillna, .ffill, .bfill is deprecated and will change in a future version. Call result.infer_objects(copy=False) instead. To opt-in to the future behavior, set `pd.set_option('future.no_silent_downcasting', True)`
2026-05-03 11:55:15,779 - DEBUG - network - Could not find component 'merge_12_13_21' in design case file. This is is critical only to components, which need to load design values from this case.
2026-05-03 11:55:15,779 - DEBUG - network - Could not find component 'merge_18_82_83' in design case file. This is is critical only to components, which need to load design values from this case.
2026-05-03 11:55:15,779 - DEBUG - network - Could not find component 'merge_36_80_81' in design case file. This is is critical only to components, which need to load design values from this case.
2026-05-03 11:55:15,779 - DEBUG - network - Could not find component 'merge_67_68_69' in design case file. This is is critical only to components, which need to load design values from this case.
2026-05-03 11:55:15,779 - DEBUG - network - Could not find component 'merge_7_9_10' in design case file. This is is critical only to components, which need to load design values from this case.
2026-05-03 11:55:15,780 - DEBUG - network - Could not find component 'merge_deaerator' in design case file. This is is critical only to components, which need to load design values from this case.
2026-05-03 11:55:15,780 - DEBUG - network - Could not find component 'merge_heater_h' in design case file. This is is critical only to components, which need to load design values from this case.
2026-05-03 11:55:15,780 - DEBUG - network - Could not find component 'merge_heater_j' in design case file. This is is critical only to components, which need to load design values from this case.
2026-05-03 11:55:15,780 - DEBUG - network - Could not find component 'merge_heater_k' in design case file. This is is critical only to components, which need to load design values from this case.
2026-05-03 11:55:15,783 - DEBUG - network - Could not find component 'splitter_10_11_12' in design case file. This is is critical only to components, which need to load design values from this case.
2026-05-03 11:55:15,783 - DEBUG - network - Could not find component 'splitter_20_81_82' in design case file. This is is critical only to components, which need to load design values from this case.
2026-05-03 11:55:15,783 - DEBUG - network - Could not find component 'splitter_21_22_23' in design case file. This is is critical only to components, which need to load design values from this case.
2026-05-03 11:55:15,783 - DEBUG - network - Could not find component 'splitter_42_47_48' in design case file. This is is critical only to components, which need to load design values from this case.
2026-05-03 11:55:15,783 - DEBUG - network - Could not find component 'splitter_6_84_85' in design case file. This is is critical only to components, which need to load design values from this case.
2026-05-03 11:55:15,783 - DEBUG - network - Could not find component 'splitter_h1' in design case file. This is is critical only to components, which need to load design values from this case.
2026-05-03 11:55:15,783 - DEBUG - network - Could not find component 'splitter_l1' in design case file. This is is critical only to components, which need to load design values from this case.
2026-05-03 11:55:15,784 - DEBUG - network - Could not find component 'splitter_l2' in design case file. This is is critical only to components, which need to load design values from this case.
2026-05-03 11:55:15,784 - DEBUG - network - Could not find component 'splitter_l3' in design case file. This is is critical only to components, which need to load design values from this case.
2026-05-03 11:55:15,784 - DEBUG - network - Could not find component 'splitter_l4' in design case file. This is is critical only to components, which need to load design values from this case.
2026-05-03 11:55:15,786 - DEBUG - network - Done reading design point information for components.
2026-05-03 11:55:15,811 - DEBUG - network - Done reading design point information for connections.
2026-05-03 11:55:15,811 - DEBUG - network - Switched connections from design to offdesign.
2026-05-03 11:55:15,811 - DEBUG - network - Set component attributes KDTA to design value at component condenser.
2026-05-03 11:55:15,811 - DEBUG - network - Set component attributes KDTA to design value at component evaporator.
2026-05-03 11:55:15,811 - DEBUG - network - Set component attributes KDTA to design value at component heatexchanger_a.
2026-05-03 11:55:15,811 - DEBUG - network - Set component attributes KDTA to design value at component heatexchanger_b.
2026-05-03 11:55:15,811 - DEBUG - network - Set component attributes KDTA to design value at component heatexchanger_c.
2026-05-03 11:55:15,811 - DEBUG - network - Set component attributes KDTA to design value at component heatexchanger_d.
2026-05-03 11:55:15,812 - DEBUG - network - Set component attributes KDTA to design value at component heatexchanger_e.
2026-05-03 11:55:15,812 - DEBUG - network - Set component attributes KDTA to design value at component heatexchanger_f.
2026-05-03 11:55:15,812 - DEBUG - network - Set component attributes KDTA to design value at component heatexchanger_g.
2026-05-03 11:55:15,812 - DEBUG - network - Set component attributes KDTA to design value at component heatexchanger_h.
2026-05-03 11:55:15,812 - DEBUG - network - Set component attributes KDTA to design value at component heatexchanger_i.
2026-05-03 11:55:15,812 - DEBUG - network - Set component attributes KDTA to design value at component heatexchanger_j.
2026-05-03 11:55:15,812 - DEBUG - network - Set component attributes KDTA to design value at component heatexchanger_k.
2026-05-03 11:55:15,812 - DEBUG - network - Switched components from design to offdesign.
2026-05-03 11:55:15,845 - WARNING - warnings - FutureWarning: Downcasting object dtype arrays on .fillna, .ffill, .bfill is deprecated and will change in a future version. Call result.infer_objects(copy=False) instead. To opt-in to the future behavior, set `pd.set_option('future.no_silent_downcasting', True)`
2026-05-03 11:55:15,854 - WARNING - warnings - FutureWarning: Downcasting object dtype arrays on .fillna, .ffill, .bfill is deprecated and will change in a future version. Call result.infer_objects(copy=False) instead. To opt-in to the future behavior, set `pd.set_option('future.no_silent_downcasting', True)`
2026-05-03 11:55:15,856 - WARNING - warnings - FutureWarning: Downcasting object dtype arrays on .fillna, .ffill, .bfill is deprecated and will change in a future version. Call result.infer_objects(copy=False) instead. To opt-in to the future behavior, set `pd.set_option('future.no_silent_downcasting', True)`
2026-05-03 11:55:15,881 - DEBUG - network - Generic fluid property specification complete in the final of initialization.
2026-05-03 11:55:15,886 - DEBUG - base - The fuels for component combustion of type diabatic combustion chamber are: CH4.
2026-05-03 11:55:15,887 - INFO - network - ########-----Initializing variables bounds-----########
2026-05-03 12:18:17,810 - INFO - logger - Path for logging: solar_thermal_combine_plant_loggings\Aurora.log
2026-05-03 12:18:17,810 - INFO - logger - Used AURORA version: 0.1.1 - GCC's Nature
2026-05-03 12:18:17,814 - DEBUG - connection - Created reference object with factor 0.09 and delta 0 referring to connection c47
2026-05-03 12:18:17,814 - DEBUG - connection - Created reference object with factor 0.11 and delta 0 referring to connection c21
2026-05-03 12:18:18,743 - DEBUG - network - Removing 0 mass flow variables from ['c31'] from system variables.
2026-05-03 12:18:18,743 - DEBUG - network - Removing 1 mass flow variables from ['c9', 'd9'] from system variables.
2026-05-03 12:18:18,743 - DEBUG - network - Removing 1 mass flow variables from ['c1', 'c3'] from system variables.
2026-05-03 12:18:18,743 - DEBUG - network - Removing 1 mass flow variables from ['c16', 'c14'] from system variables.
2026-05-03 12:18:18,744 - DEBUG - network - Removing 0 mass flow variables from ['c79'] from system variables.
2026-05-03 12:18:18,744 - DEBUG - network - Removing 0 mass flow variables from ['c2'] from system variables.
2026-05-03 12:18:18,744 - DEBUG - network - Removing 0 mass flow variables from ['c15'] from system variables.
2026-05-03 12:18:18,746 - INFO - network - ########----Simplify Fluid System Successful----########
2026-05-03 12:18:18,799 - DEBUG - network - Updated fluid property SI values and fluid mass fraction for user specified connection parameters.
2026-05-03 12:18:18,874 - INFO - network - ########----Network check successful----########
2026-05-03 12:18:18,874 - DEBUG - network - Solver properties:
 - mode: offdesign
 - init_path: solar_thermal_combine_plant_design_1
 - design_path: solar_thermal_combine_plant_design_1
 - min_iter: 4
 - max_iter: 150
2026-05-03 12:18:18,874 - DEBUG - network - Network information:
 - Number of components: 84
 - Number of fluid components: 84
 - Number of electric components: 0
 - Number of connections: 106
 - Number of fluid connections: 106
 - Number of electric connections: 0
 - Number of busses: 0
2026-05-03 12:18:18,887 - WARNING - warnings - FutureWarning: Downcasting object dtype arrays on .fillna, .ffill, .bfill is deprecated and will change in a future version. Call result.infer_objects(copy=False) instead. To opt-in to the future behavior, set `pd.set_option('future.no_silent_downcasting', True)`
2026-05-03 12:18:18,898 - WARNING - warnings - FutureWarning: Downcasting object dtype arrays on .fillna, .ffill, .bfill is deprecated and will change in a future version. Call result.infer_objects(copy=False) instead. To opt-in to the future behavior, set `pd.set_option('future.no_silent_downcasting', True)`
2026-05-03 12:18:18,901 - WARNING - warnings - FutureWarning: Downcasting object dtype arrays on .fillna, .ffill, .bfill is deprecated and will change in a future version. Call result.infer_objects(copy=False) instead. To opt-in to the future behavior, set `pd.set_option('future.no_silent_downcasting', True)`
2026-05-03 12:18:18,918 - DEBUG - network - Could not find component 'merge_12_13_21' in design case file. This is is critical only to components, which need to load design values from this case.
2026-05-03 12:18:18,918 - DEBUG - network - Could not find component 'merge_18_82_83' in design case file. This is is critical only to components, which need to load design values from this case.
2026-05-03 12:18:18,918 - DEBUG - network - Could not find component 'merge_36_80_81' in design case file. This is is critical only to components, which need to load design values from this case.
2026-05-03 12:18:18,919 - DEBUG - network - Could not find component 'merge_67_68_69' in design case file. This is is critical only to components, which need to load design values from this case.
2026-05-03 12:18:18,919 - DEBUG - network - Could not find component 'merge_7_9_10' in design case file. This is is critical only to components, which need to load design values from this case.
2026-05-03 12:18:18,919 - DEBUG - network - Could not find component 'merge_deaerator' in design case file. This is is critical only to components, which need to load design values from this case.
2026-05-03 12:18:18,919 - DEBUG - network - Could not find component 'merge_heater_h' in design case file. This is is critical only to components, which need to load design values from this case.
2026-05-03 12:18:18,919 - DEBUG - network - Could not find component 'merge_heater_j' in design case file. This is is critical only to components, which need to load design values from this case.
2026-05-03 12:18:18,919 - DEBUG - network - Could not find component 'merge_heater_k' in design case file. This is is critical only to components, which need to load design values from this case.
2026-05-03 12:18:18,922 - DEBUG - network - Could not find component 'splitter_10_11_12' in design case file. This is is critical only to components, which need to load design values from this case.
2026-05-03 12:18:18,922 - DEBUG - network - Could not find component 'splitter_20_81_82' in design case file. This is is critical only to components, which need to load design values from this case.
2026-05-03 12:18:18,922 - DEBUG - network - Could not find component 'splitter_21_22_23' in design case file. This is is critical only to components, which need to load design values from this case.
2026-05-03 12:18:18,922 - DEBUG - network - Could not find component 'splitter_42_47_48' in design case file. This is is critical only to components, which need to load design values from this case.
2026-05-03 12:18:18,922 - DEBUG - network - Could not find component 'splitter_6_84_85' in design case file. This is is critical only to components, which need to load design values from this case.
2026-05-03 12:18:18,923 - DEBUG - network - Could not find component 'splitter_h1' in design case file. This is is critical only to components, which need to load design values from this case.
2026-05-03 12:18:18,923 - DEBUG - network - Could not find component 'splitter_l1' in design case file. This is is critical only to components, which need to load design values from this case.
2026-05-03 12:18:18,923 - DEBUG - network - Could not find component 'splitter_l2' in design case file. This is is critical only to components, which need to load design values from this case.
2026-05-03 12:18:18,923 - DEBUG - network - Could not find component 'splitter_l3' in design case file. This is is critical only to components, which need to load design values from this case.
2026-05-03 12:18:18,923 - DEBUG - network - Could not find component 'splitter_l4' in design case file. This is is critical only to components, which need to load design values from this case.
2026-05-03 12:18:18,927 - DEBUG - network - Done reading design point information for components.
2026-05-03 12:18:18,949 - DEBUG - network - Done reading design point information for connections.
2026-05-03 12:18:18,949 - DEBUG - network - Switched connections from design to offdesign.
2026-05-03 12:18:18,949 - DEBUG - network - Set component attributes KDTA to design value at component condenser.
2026-05-03 12:18:18,950 - DEBUG - network - Set component attributes KDTA to design value at component evaporator.
2026-05-03 12:18:18,950 - DEBUG - network - Set component attributes KDTA to design value at component heatexchanger_a.
2026-05-03 12:18:18,950 - DEBUG - network - Set component attributes KDTA to design value at component heatexchanger_b.
2026-05-03 12:18:18,950 - DEBUG - network - Set component attributes KDTA to design value at component heatexchanger_c.
2026-05-03 12:18:18,950 - DEBUG - network - Set component attributes KDTA to design value at component heatexchanger_d.
2026-05-03 12:18:18,950 - DEBUG - network - Set component attributes KDTA to design value at component heatexchanger_e.
2026-05-03 12:18:18,950 - DEBUG - network - Set component attributes KDTA to design value at component heatexchanger_f.
2026-05-03 12:18:18,950 - DEBUG - network - Set component attributes KDTA to design value at component heatexchanger_g.
2026-05-03 12:18:18,950 - DEBUG - network - Set component attributes KDTA to design value at component heatexchanger_h.
2026-05-03 12:18:18,950 - DEBUG - network - Set component attributes KDTA to design value at component heatexchanger_i.
2026-05-03 12:18:18,950 - DEBUG - network - Set component attributes KDTA to design value at component heatexchanger_j.
2026-05-03 12:18:18,950 - DEBUG - network - Set component attributes KDTA to design value at component heatexchanger_k.
2026-05-03 12:18:18,950 - DEBUG - network - Switched components from design to offdesign.
2026-05-03 12:18:18,978 - WARNING - warnings - FutureWarning: Downcasting object dtype arrays on .fillna, .ffill, .bfill is deprecated and will change in a future version. Call result.infer_objects(copy=False) instead. To opt-in to the future behavior, set `pd.set_option('future.no_silent_downcasting', True)`
2026-05-03 12:18:18,987 - WARNING - warnings - FutureWarning: Downcasting object dtype arrays on .fillna, .ffill, .bfill is deprecated and will change in a future version. Call result.infer_objects(copy=False) instead. To opt-in to the future behavior, set `pd.set_option('future.no_silent_downcasting', True)`
2026-05-03 12:18:18,990 - WARNING - warnings - FutureWarning: Downcasting object dtype arrays on .fillna, .ffill, .bfill is deprecated and will change in a future version. Call result.infer_objects(copy=False) instead. To opt-in to the future behavior, set `pd.set_option('future.no_silent_downcasting', True)`
2026-05-03 12:18:19,014 - DEBUG - network - Generic fluid property specification complete in the final of initialization.
2026-05-03 12:18:19,017 - DEBUG - base - The fuels for component combustion of type diabatic combustion chamber are: CH4.
2026-05-03 12:18:19,018 - INFO - network - ########-----Initializing variables bounds-----########
2026-05-03 12:18:19,023 - DEBUG - connection - The connection: c1 has 0 equations.
2026-05-03 12:18:19,023 - DEBUG - connection - The connection: c10 has 0 equations.
2026-05-03 12:18:19,023 - DEBUG - connection - The connection: c11 has 0 equations.
2026-05-03 12:18:19,023 - DEBUG - connection - The connection: c12 has 0 equations.
2026-05-03 12:18:19,023 - DEBUG - connection - The connection: c13 has 0 equations.
2026-05-03 12:18:19,023 - DEBUG - connection - The connection: c14 has 0 equations.
2026-05-03 12:18:19,023 - DEBUG - connection - The connection: c15 has 0 equations.
2026-05-03 12:18:19,023 - DEBUG - connection - The connection: c16 has 0 equations.
2026-05-03 12:18:19,023 - DEBUG - connection - The connection: c17 has 0 equations.
2026-05-03 12:18:19,023 - DEBUG - connection - The connection: c18 has 0 equations.
2026-05-03 12:18:19,023 - DEBUG - connection - The connection: c19 has 0 equations.
2026-05-03 12:18:19,024 - DEBUG - connection - The connection: c2 has 0 equations.
2026-05-03 12:18:19,024 - DEBUG - connection - The connection: c20 has 0 equations.
2026-05-03 12:18:19,024 - DEBUG - connection - The connection: c21 has 0 equations.
2026-05-03 12:18:19,024 - DEBUG - connection - The connection: c22 has 1 equations.
2026-05-03 12:18:19,024 - DEBUG - connection - The connection: c23 has 0 equations.
2026-05-03 12:18:19,024 - DEBUG - connection - The connection: c24 has 0 equations.
2026-05-03 12:18:19,024 - DEBUG - connection - The connection: c25 has 0 equations.
2026-05-03 12:18:19,024 - DEBUG - connection - The connection: c26 has 0 equations.
2026-05-03 12:18:19,024 - DEBUG - connection - The connection: c27 has 0 equations.
2026-05-03 12:18:19,024 - DEBUG - connection - The connection: c28 has 0 equations.
2026-05-03 12:18:19,024 - DEBUG - connection - The connection: c29 has 0 equations.
2026-05-03 12:18:19,024 - DEBUG - connection - The connection: c3 has 0 equations.
2026-05-03 12:18:19,024 - DEBUG - connection - The connection: c30 has 0 equations.
2026-05-03 12:18:19,024 - DEBUG - connection - The connection: c31 has 0 equations.
2026-05-03 12:18:19,024 - DEBUG - connection - The connection: c32 has 0 equations.
2026-05-03 12:18:19,024 - DEBUG - connection - The connection: c33 has 0 equations.
2026-05-03 12:18:19,025 - DEBUG - connection - The connection: c34 has 0 equations.
2026-05-03 12:18:19,025 - DEBUG - connection - The connection: c35 has 0 equations.
2026-05-03 12:18:19,025 - DEBUG - connection - The connection: c36 has 0 equations.
2026-05-03 12:18:19,025 - DEBUG - connection - The connection: c37 has 0 equations.
2026-05-03 12:18:19,025 - DEBUG - connection - The connection: c38 has 0 equations.
2026-05-03 12:18:19,025 - DEBUG - connection - The connection: c39 has 0 equations.
2026-05-03 12:18:19,025 - DEBUG - connection - The connection: c4 has 0 equations.
2026-05-03 12:18:19,026 - DEBUG - connection - The connection: c40 has 0 equations.
2026-05-03 12:18:19,026 - DEBUG - connection - The connection: c41 has 0 equations.
2026-05-03 12:18:19,026 - DEBUG - connection - The connection: c42 has 0 equations.
2026-05-03 12:18:19,026 - DEBUG - connection - The connection: c43 has 0 equations.
2026-05-03 12:18:19,026 - DEBUG - connection - The connection: c44 has 0 equations.
2026-05-03 12:18:19,026 - DEBUG - connection - The connection: c45 has 0 equations.
2026-05-03 12:18:19,026 - DEBUG - connection - The connection: c46 has 0 equations.
2026-05-03 12:18:19,026 - DEBUG - connection - The connection: c47 has 0 equations.
2026-05-03 12:18:19,026 - DEBUG - connection - The connection: c48 has 1 equations.
2026-05-03 12:18:19,026 - DEBUG - connection - The connection: c49 has 0 equations.
2026-05-03 12:18:19,026 - DEBUG - connection - The connection: c5 has 0 equations.
2026-05-03 12:18:19,026 - DEBUG - connection - The connection: c50 has 0 equations.
2026-05-03 12:18:19,026 - DEBUG - connection - The connection: c51 has 0 equations.
2026-05-03 12:18:19,026 - DEBUG - connection - The connection: c52 has 0 equations.
2026-05-03 12:18:19,026 - DEBUG - connection - The connection: c53 has 0 equations.
2026-05-03 12:18:19,027 - DEBUG - connection - The connection: c54 has 0 equations.
2026-05-03 12:18:19,027 - DEBUG - connection - The connection: c55 has 0 equations.
2026-05-03 12:18:19,027 - DEBUG - connection - The connection: c56 has 0 equations.
2026-05-03 12:18:19,027 - DEBUG - connection - The connection: c57 has 0 equations.
2026-05-03 12:18:19,027 - DEBUG - connection - The connection: c58 has 0 equations.
2026-05-03 12:18:19,027 - DEBUG - connection - The connection: c59 has 0 equations.
2026-05-03 12:18:19,027 - DEBUG - connection - The connection: c6 has 0 equations.
2026-05-03 12:18:19,027 - DEBUG - connection - The connection: c60 has 0 equations.
2026-05-03 12:18:19,027 - DEBUG - connection - The connection: c61 has 0 equations.
2026-05-03 12:18:19,027 - DEBUG - connection - The connection: c62 has 0 equations.
2026-05-03 12:18:19,027 - DEBUG - connection - The connection: c63 has 0 equations.
2026-05-03 12:18:19,027 - DEBUG - connection - The connection: c64 has 0 equations.
2026-05-03 12:18:19,027 - DEBUG - connection - The connection: c65 has 0 equations.
2026-05-03 12:18:19,027 - DEBUG - connection - The connection: c66 has 0 equations.
2026-05-03 12:18:19,027 - DEBUG - connection - The connection: c67 has 0 equations.
2026-05-03 12:18:19,027 - DEBUG - connection - The connection: c68 has 0 equations.
2026-05-03 12:18:19,028 - DEBUG - connection - The connection: c69 has 0 equations.
2026-05-03 12:18:19,028 - DEBUG - connection - The connection: c7 has 0 equations.
2026-05-03 12:18:19,028 - DEBUG - connection - The connection: c70 has 0 equations.
2026-05-03 12:18:19,028 - DEBUG - connection - The connection: c71 has 0 equations.
2026-05-03 12:18:19,028 - DEBUG - connection - The connection: c72 has 0 equations.
2026-05-03 12:18:19,028 - DEBUG - connection - The connection: c73 has 0 equations.
2026-05-03 12:18:19,028 - DEBUG - connection - The connection: c74 has 0 equations.
2026-05-03 12:18:19,028 - DEBUG - connection - The connection: c75 has 0 equations.
2026-05-03 12:18:19,028 - DEBUG - connection - The connection: c76 has 0 equations.
2026-05-03 12:18:19,028 - DEBUG - connection - The connection: c77 has 0 equations.
2026-05-03 12:18:19,028 - DEBUG - connection - The connection: c78 has 0 equations.
2026-05-03 12:18:19,028 - DEBUG - connection - The connection: c79 has 0 equations.
2026-05-03 12:18:19,028 - DEBUG - connection - The connection: c8 has 0 equations.
2026-05-03 12:18:19,028 - DEBUG - connection - The connection: c80 has 0 equations.
2026-05-03 12:18:19,028 - DEBUG - connection - The connection: c81 has 0 equations.
2026-05-03 12:18:19,028 - DEBUG - connection - The connection: c82 has 0 equations.
2026-05-03 12:18:19,029 - DEBUG - connection - The connection: c83 has 0 equations.
2026-05-03 12:18:19,029 - DEBUG - connection - The connection: c84 has 0 equations.
2026-05-03 12:18:19,029 - DEBUG - connection - The connection: c85 has 0 equations.
2026-05-03 12:18:19,029 - DEBUG - connection - The connection: c86 has 0 equations.
2026-05-03 12:18:19,029 - DEBUG - connection - The connection: c87 has 0 equations.
2026-05-03 12:18:19,029 - DEBUG - connection - The connection: c88 has 0 equations.
2026-05-03 12:18:19,029 - DEBUG - connection - The connection: c89 has 0 equations.
2026-05-03 12:18:19,029 - DEBUG - connection - The connection: c9 has 0 equations.
2026-05-03 12:18:19,029 - DEBUG - connection - The connection: c90 has 0 equations.
2026-05-03 12:18:19,029 - DEBUG - connection - The connection: d15 has 0 equations.
2026-05-03 12:18:19,029 - DEBUG - connection - The connection: d36 has 0 equations.
2026-05-03 12:18:19,029 - DEBUG - connection - The connection: d54 has 0 equations.
2026-05-03 12:18:19,029 - DEBUG - connection - The connection: d7 has 0 equations.
2026-05-03 12:18:19,029 - DEBUG - connection - The connection: d80 has 0 equations.
2026-05-03 12:18:19,029 - DEBUG - connection - The connection: d84 has 0 equations.
2026-05-03 12:18:19,029 - DEBUG - connection - The connection: d9 has 0 equations.
2026-05-03 12:18:19,029 - DEBUG - connection - The connection: deaerator_cold_in has 0 equations.
2026-05-03 12:18:19,030 - DEBUG - connection - The connection: h1_out has 0 equations.
2026-05-03 12:18:19,030 - DEBUG - connection - The connection: heater_h_hot_in has 0 equations.
2026-05-03 12:18:19,030 - DEBUG - connection - The connection: heater_j_hot_in has 0 equations.
2026-05-03 12:18:19,030 - DEBUG - connection - The connection: heater_k_hot_in has 0 equations.
2026-05-03 12:18:19,030 - DEBUG - connection - The connection: l1_out has 0 equations.
2026-05-03 12:18:19,030 - DEBUG - connection - The connection: l2_out has 0 equations.
2026-05-03 12:18:19,030 - DEBUG - connection - The connection: l3_out has 0 equations.
2026-05-03 12:18:19,030 - DEBUG - connection - The connection: l4_out has 0 equations.
2026-05-03 12:18:19,030 - DEBUG - component - The component: af_boiler_cold_in of type FlowAmplifier has 1 equations.
2026-05-03 12:18:19,030 - DEBUG - component - The component: af_boiler_cold_out of type FlowAmplifier has 1 equations.
2026-05-03 12:18:19,030 - DEBUG - component - The component: af_boiler_hot_in of type FlowAmplifier has 1 equations.
2026-05-03 12:18:19,030 - DEBUG - component - The component: af_boiler_hot_out of type FlowAmplifier has 1 equations.
2026-05-03 12:18:19,030 - DEBUG - component - The component: af_reheater_cold_in of type FlowAmplifier has 1 equations.
2026-05-03 12:18:19,030 - DEBUG - component - The component: af_reheater_cold_out of type FlowAmplifier has 1 equations.
2026-05-03 12:18:19,030 - DEBUG - component - The component: af_reheater_hot_in of type FlowAmplifier has 1 equations.
2026-05-03 12:18:19,031 - DEBUG - component - The component: af_reheater_hot_out of type FlowAmplifier has 1 equations.
2026-05-03 12:18:19,031 - DEBUG - component - The component: af_solar_in of type FlowAmplifier has 1 equations.
2026-05-03 12:18:19,031 - DEBUG - component - The component: af_solar_out of type FlowAmplifier has 1 equations.
2026-05-03 12:18:19,031 - DEBUG - component - The component: air_compressor of type Compressor has 1 equations.
2026-05-03 12:18:19,031 - DEBUG - component - The component: air_source of type Source has 0 equations.
2026-05-03 12:18:19,031 - DEBUG - component - The component: cold_salt_tank of type HeatStorageTank has 2 equations.
2026-05-03 12:18:19,031 - DEBUG - component - The component: combustion of type DiabaticCombustionChamber has 2 equations.
2026-05-03 12:18:19,031 - DEBUG - component - The component: condense_pump of type Pump has 1 equations.
2026-05-03 12:18:19,031 - DEBUG - component - The component: condenser of type Condenser has 5 equations.
2026-05-03 12:18:19,031 - DEBUG - component - The component: cooling_water_sink of type Sink has 0 equations.
2026-05-03 12:18:19,031 - DEBUG - component - The component: cooling_water_source of type Source has 0 equations.
2026-05-03 12:18:19,031 - DEBUG - component - The component: deaerator of type Deaerator has 6 equations.
2026-05-03 12:18:19,032 - DEBUG - component - The component: deaerator_drain of type Sink has 0 equations.
2026-05-03 12:18:19,032 - DEBUG - component - The component: evaporator of type Evaporator has 4 equations.
2026-05-03 12:18:19,032 - DEBUG - component - The component: evaporator_drain of type Sink has 0 equations.
2026-05-03 12:18:19,032 - DEBUG - component - The component: evaporator_drum of type EvaporateTank has 5 equations.
2026-05-03 12:18:19,032 - DEBUG - component - The component: fuel_source of type Source has 0 equations.
2026-05-03 12:18:19,032 - DEBUG - component - The component: gas_sink of type Sink has 0 equations.
2026-05-03 12:18:19,032 - DEBUG - component - The component: gas_turbine of type Turbine has 1 equations.
2026-05-03 12:18:19,032 - DEBUG - component - The component: heatexchanger_a of type HeatExchanger has 4 equations.
2026-05-03 12:18:19,032 - DEBUG - component - The component: heatexchanger_b of type HeatExchanger has 4 equations.
2026-05-03 12:18:19,032 - DEBUG - component - The component: heatexchanger_c of type HeatExchanger has 3 equations.
2026-05-03 12:18:19,032 - DEBUG - component - The component: heatexchanger_d of type HeatExchanger has 4 equations.
2026-05-03 12:18:19,032 - DEBUG - component - The component: heatexchanger_e of type HeatExchanger has 4 equations.
2026-05-03 12:18:19,033 - DEBUG - component - The component: heatexchanger_f of type HeatExchanger has 4 equations.
2026-05-03 12:18:19,033 - DEBUG - component - The component: heatexchanger_g of type ExtractHeatExchanger has 5 equations.
2026-05-03 12:18:19,033 - DEBUG - component - The component: heatexchanger_h of type ExtractHeatExchanger has 5 equations.
2026-05-03 12:18:19,033 - DEBUG - component - The component: heatexchanger_i of type ExtractHeatExchanger has 5 equations.
2026-05-03 12:18:19,033 - DEBUG - component - The component: heatexchanger_j of type ExtractHeatExchanger has 5 equations.
2026-05-03 12:18:19,033 - DEBUG - component - The component: heatexchanger_k of type ExtractHeatExchanger has 5 equations.
2026-05-03 12:18:19,033 - DEBUG - component - The component: hot_salt_tank of type HeatStorageTank has 2 equations.
2026-05-03 12:18:19,033 - DEBUG - component - The component: hp_turbine1 of type Turbine has 1 equations.
2026-05-03 12:18:19,033 - DEBUG - component - The component: hp_turbine2 of type Turbine has 1 equations.
2026-05-03 12:18:19,033 - DEBUG - component - The component: lp_turbine1 of type Turbine has 1 equations.
2026-05-03 12:18:19,033 - DEBUG - component - The component: lp_turbine2 of type Turbine has 1 equations.
2026-05-03 12:18:19,033 - DEBUG - component - The component: lp_turbine3 of type Turbine has 1 equations.
2026-05-03 12:18:19,033 - DEBUG - component - The component: lp_turbine4 of type Turbine has 1 equations.
2026-05-03 12:18:19,034 - DEBUG - component - The component: lp_turbine5 of type Turbine has 1 equations.
2026-05-03 12:18:19,034 - DEBUG - component - The component: merge_12_13_21 of type Merge has 2 equations.
2026-05-03 12:18:19,034 - DEBUG - component - The component: merge_18_82_83 of type Merge has 2 equations.
2026-05-03 12:18:19,034 - DEBUG - component - The component: merge_36_80_81 of type Merge has 2 equations.
2026-05-03 12:18:19,034 - DEBUG - component - The component: merge_67_68_69 of type Merge has 2 equations.
2026-05-03 12:18:19,034 - DEBUG - component - The component: merge_7_9_10 of type Merge has 2 equations.
2026-05-03 12:18:19,034 - DEBUG - component - The component: merge_deaerator of type Merge has 2 equations.
2026-05-03 12:18:19,034 - DEBUG - component - The component: merge_heater_h of type Merge has 2 equations.
2026-05-03 12:18:19,034 - DEBUG - component - The component: merge_heater_j of type Merge has 2 equations.
2026-05-03 12:18:19,034 - DEBUG - component - The component: merge_heater_k of type Merge has 2 equations.
2026-05-03 12:18:19,034 - DEBUG - component - The component: oil_cycle_closer of type CycleCloser has 0 equations.
2026-05-03 12:18:19,035 - DEBUG - component - The component: oil_recycle_pump1 of type Pump has 1 equations.
2026-05-03 12:18:19,035 - DEBUG - component - The component: oil_recycle_pump2 of type Pump has 1 equations.
2026-05-03 12:18:19,035 - DEBUG - component - The component: salt_cycle_closer of type CycleCloser has 1 equations.
2026-05-03 12:18:19,035 - DEBUG - component - The component: solar_collector1 of type SolarCollector has 1 equations.
2026-05-03 12:18:19,035 - DEBUG - component - The component: solar_collector2 of type SolarCollector has 1 equations.
2026-05-03 12:18:19,035 - DEBUG - component - The component: solar_collector3 of type SolarCollector has 1 equations.
2026-05-03 12:18:19,035 - DEBUG - component - The component: solar_collector4 of type SolarCollector has 1 equations.
2026-05-03 12:18:19,035 - DEBUG - component - The component: splitter_10_11_12 of type Splitter has 1 equations.
2026-05-03 12:18:19,035 - DEBUG - component - The component: splitter_20_81_82 of type Splitter has 1 equations.
2026-05-03 12:18:19,035 - DEBUG - component - The component: splitter_21_22_23 of type Splitter has 1 equations.
2026-05-03 12:18:19,035 - DEBUG - component - The component: splitter_42_47_48 of type Splitter has 1 equations.
2026-05-03 12:18:19,035 - DEBUG - component - The component: splitter_6_84_85 of type Splitter has 1 equations.
2026-05-03 12:18:19,035 - DEBUG - component - The component: splitter_h1 of type Splitter has 1 equations.
2026-05-03 12:18:19,035 - DEBUG - component - The component: splitter_l1 of type Splitter has 1 equations.
2026-05-03 12:18:19,035 - DEBUG - component - The component: splitter_l2 of type Splitter has 1 equations.
2026-05-03 12:18:19,035 - DEBUG - component - The component: splitter_l3 of type Splitter has 1 equations.
2026-05-03 12:18:19,035 - DEBUG - component - The component: splitter_l4 of type Splitter has 1 equations.
2026-05-03 12:18:19,035 - DEBUG - component - The component: steam_cycle_closer of type CycleCloser has 0 equations.
2026-05-03 12:18:19,036 - DEBUG - component - The component: steam_recycle_pump of type Pump has 1 equations.
2026-05-03 12:18:19,036 - DEBUG - component - The component: valve_36 of type Valve has 0 equations.
2026-05-03 12:18:19,036 - DEBUG - component - The component: valve_50_51 of type Valve has 0 equations.
2026-05-03 12:18:19,036 - DEBUG - component - The component: valve_52_53 of type Valve has 0 equations.
2026-05-03 12:18:19,036 - DEBUG - component - The component: valve_69_71 of type Valve has 0 equations.
2026-05-03 12:18:19,036 - DEBUG - component - The component: valve_7 of type Valve has 0 equations.
2026-05-03 12:18:19,036 - DEBUG - component - The component: valve_73_74 of type Valve has 0 equations.
2026-05-03 12:18:19,036 - DEBUG - component - The component: valve_76_77 of type Valve has 0 equations.
2026-05-03 12:18:19,036 - DEBUG - component - The component: valve_80 of type Valve has 0 equations.
2026-05-03 12:18:19,036 - DEBUG - component - The component: valve_9 of type Valve has 0 equations.
2026-05-03 12:18:19,036 - DEBUG - component - The component: water_recycle_pump of type Pump has 1 equations.
2026-05-03 12:18:19,182 - DEBUG - network - ------presolve_batch: 1------
2026-05-03 12:18:19,182 - DEBUG - network - Has pre_solved equation: <component parameter>: Ki of FlowAmplifier: af_solar_out
2026-05-03 12:18:19,182 - DEBUG - network - Has pre_solved equation: <component constraint>: mass_flow_constraints of DiabaticCombustionChamber: combustion
2026-05-03 12:18:19,183 - DEBUG - network - Has pre_solved equation: <component parameter>: dp2 of Deaerator: deaerator
2026-05-03 12:18:19,183 - DEBUG - network - Has pre_solved equation: <component parameter>: T_in of HeatStorageTank: hot_salt_tank
2026-05-03 12:18:19,183 - DEBUG - network - Has pre_solved equation: <component parameter>: mass_conservation of CycleCloser: salt_cycle_closer
2026-05-03 12:18:19,183 - DEBUG - network - ------presolve_batch: 2------
2026-05-03 12:18:19,183 - DEBUG - network - Has pre_solved equation: <component parameter>: Ki of FlowAmplifier: af_solar_in
2026-05-03 12:18:19,183 - DEBUG - network - Has pre_solved equation: <component constraint>: saturated_liquid_constraints of Deaerator: deaerator
2026-05-03 12:18:19,183 - DEBUG - network - Has pre_solved equation: <component parameter>: dp1 of Deaerator: deaerator
2026-05-03 12:18:19,184 - DEBUG - network - Has pre_solved equation: <component parameter>: T_out of HeatStorageTank: hot_salt_tank
2026-05-03 12:18:19,184 - DEBUG - network - ------presolve_batch: 3------
2026-05-03 12:18:19,184 - DEBUG - network - Has pre_solved equation: <component constraint>: saturated_vapour_constraints of Deaerator: deaerator
2026-05-03 12:18:19,184 - DEBUG - network - ------presolve_batch: 4------
2026-05-03 12:18:19,184 - DEBUG - network - Has removed 10 pre_solved equations totally.
2026-05-03 12:18:19,184 - DEBUG - component - The component: af_boiler_cold_in of type FlowAmplifier has 0 variables.
2026-05-03 12:18:19,185 - DEBUG - component - The component: af_boiler_cold_out of type FlowAmplifier has 0 variables.
2026-05-03 12:18:19,185 - DEBUG - component - The component: af_boiler_hot_in of type FlowAmplifier has 0 variables.
2026-05-03 12:18:19,185 - DEBUG - component - The component: af_boiler_hot_out of type FlowAmplifier has 0 variables.
2026-05-03 12:18:19,185 - DEBUG - component - The component: af_reheater_cold_in of type FlowAmplifier has 0 variables.
2026-05-03 12:18:19,185 - DEBUG - component - The component: af_reheater_cold_out of type FlowAmplifier has 0 variables.
2026-05-03 12:18:19,185 - DEBUG - component - The component: af_reheater_hot_in of type FlowAmplifier has 0 variables.
2026-05-03 12:18:19,185 - DEBUG - component - The component: af_reheater_hot_out of type FlowAmplifier has 0 variables.
2026-05-03 12:18:19,185 - DEBUG - component - The component: af_solar_in of type FlowAmplifier has 0 variables.
2026-05-03 12:18:19,185 - DEBUG - component - The component: af_solar_out of type FlowAmplifier has 0 variables.
2026-05-03 12:18:19,185 - DEBUG - component - The component: air_compressor of type Compressor has 0 variables.
2026-05-03 12:18:19,185 - DEBUG - component - The component: air_source of type Source has 0 variables.
2026-05-03 12:18:19,185 - DEBUG - component - The component: cold_salt_tank of type HeatStorageTank has 0 variables.
2026-05-03 12:18:19,185 - DEBUG - component - The component: combustion of type DiabaticCombustionChamber has 0 variables.
2026-05-03 12:18:19,185 - DEBUG - component - The component: condense_pump of type Pump has 0 variables.
2026-05-03 12:18:19,185 - DEBUG - component - The component: condenser of type Condenser has 0 variables.
2026-05-03 12:18:19,185 - DEBUG - component - The component: cooling_water_sink of type Sink has 0 variables.
2026-05-03 12:18:19,185 - DEBUG - component - The component: cooling_water_source of type Source has 0 variables.
2026-05-03 12:18:19,186 - DEBUG - component - The component: deaerator of type Deaerator has 0 variables.
2026-05-03 12:18:19,186 - DEBUG - component - The component: deaerator_drain of type Sink has 0 variables.
2026-05-03 12:18:19,186 - DEBUG - component - The component: evaporator of type Evaporator has 0 variables.
2026-05-03 12:18:19,186 - DEBUG - component - The component: evaporator_drain of type Sink has 0 variables.
2026-05-03 12:18:19,186 - DEBUG - component - The component: evaporator_drum of type EvaporateTank has 0 variables.
2026-05-03 12:18:19,187 - DEBUG - component - The component: fuel_source of type Source has 0 variables.
2026-05-03 12:18:19,187 - DEBUG - component - The component: gas_sink of type Sink has 0 variables.
2026-05-03 12:18:19,187 - DEBUG - component - The component: gas_turbine of type Turbine has 0 variables.
2026-05-03 12:18:19,187 - DEBUG - component - The component: heatexchanger_a of type HeatExchanger has 0 variables.
2026-05-03 12:18:19,187 - DEBUG - component - The component: heatexchanger_b of type HeatExchanger has 0 variables.
2026-05-03 12:18:19,187 - DEBUG - component - The component: heatexchanger_c of type HeatExchanger has 0 variables.
2026-05-03 12:18:19,187 - DEBUG - component - The component: heatexchanger_d of type HeatExchanger has 0 variables.
2026-05-03 12:18:19,187 - DEBUG - component - The component: heatexchanger_e of type HeatExchanger has 0 variables.
2026-05-03 12:18:19,187 - DEBUG - component - The component: heatexchanger_f of type HeatExchanger has 0 variables.
2026-05-03 12:18:19,187 - DEBUG - component - The component: heatexchanger_g of type ExtractHeatExchanger has 0 variables.
2026-05-03 12:18:19,187 - DEBUG - component - The component: heatexchanger_h of type ExtractHeatExchanger has 0 variables.
2026-05-03 12:18:19,187 - DEBUG - component - The component: heatexchanger_i of type ExtractHeatExchanger has 0 variables.
2026-05-03 12:18:19,187 - DEBUG - component - The component: heatexchanger_j of type ExtractHeatExchanger has 0 variables.
2026-05-03 12:18:19,187 - DEBUG - component - The component: heatexchanger_k of type ExtractHeatExchanger has 0 variables.
2026-05-03 12:18:19,188 - DEBUG - component - The component: hot_salt_tank of type HeatStorageTank has 0 variables.
2026-05-03 12:18:19,188 - DEBUG - component - The component: hp_turbine1 of type Turbine has 0 variables.
2026-05-03 12:18:19,188 - DEBUG - component - The component: hp_turbine2 of type Turbine has 0 variables.
2026-05-03 12:18:19,188 - DEBUG - component - The component: lp_turbine1 of type Turbine has 0 variables.
2026-05-03 12:18:19,188 - DEBUG - component - The component: lp_turbine2 of type Turbine has 0 variables.
2026-05-03 12:18:19,188 - DEBUG - component - The component: lp_turbine3 of type Turbine has 0 variables.
2026-05-03 12:18:19,188 - DEBUG - component - The component: lp_turbine4 of type Turbine has 0 variables.
2026-05-03 12:18:19,188 - DEBUG - component - The component: lp_turbine5 of type Turbine has 0 variables.
2026-05-03 12:18:19,188 - DEBUG - component - The component: merge_12_13_21 of type Merge has 0 variables.
2026-05-03 12:18:19,188 - DEBUG - component - The component: merge_18_82_83 of type Merge has 0 variables.
2026-05-03 12:18:19,188 - DEBUG - component - The component: merge_36_80_81 of type Merge has 0 variables.
2026-05-03 12:18:19,188 - DEBUG - component - The component: merge_67_68_69 of type Merge has 0 variables.
2026-05-03 12:18:19,188 - DEBUG - component - The component: merge_7_9_10 of type Merge has 0 variables.
2026-05-03 12:18:19,188 - DEBUG - component - The component: merge_deaerator of type Merge has 0 variables.
2026-05-03 12:18:19,188 - DEBUG - component - The component: merge_heater_h of type Merge has 0 variables.
2026-05-03 12:18:19,188 - DEBUG - component - The component: merge_heater_j of type Merge has 0 variables.
2026-05-03 12:18:19,189 - DEBUG - component - The component: merge_heater_k of type Merge has 0 variables.
2026-05-03 12:18:19,189 - DEBUG - component - The component: oil_cycle_closer of type CycleCloser has 0 variables.
2026-05-03 12:18:19,189 - DEBUG - component - The component: oil_recycle_pump1 of type Pump has 0 variables.
2026-05-03 12:18:19,189 - DEBUG - component - The component: oil_recycle_pump2 of type Pump has 0 variables.
2026-05-03 12:18:19,189 - DEBUG - component - The component: salt_cycle_closer of type CycleCloser has 0 variables.
2026-05-03 12:18:19,189 - DEBUG - component - The component: solar_collector1 of type SolarCollector has 0 variables.
2026-05-03 12:18:19,189 - DEBUG - component - The component: solar_collector2 of type SolarCollector has 0 variables.
2026-05-03 12:18:19,189 - DEBUG - component - The component: solar_collector3 of type SolarCollector has 0 variables.
2026-05-03 12:18:19,189 - DEBUG - component - The component: solar_collector4 of type SolarCollector has 0 variables.
2026-05-03 12:18:19,189 - DEBUG - component - The component: splitter_10_11_12 of type Splitter has 0 variables.
2026-05-03 12:18:19,189 - DEBUG - component - The component: splitter_20_81_82 of type Splitter has 0 variables.
2026-05-03 12:18:19,189 - DEBUG - component - The component: splitter_21_22_23 of type Splitter has 0 variables.
2026-05-03 12:18:19,189 - DEBUG - component - The component: splitter_42_47_48 of type Splitter has 0 variables.
2026-05-03 12:18:19,189 - DEBUG - component - The component: splitter_6_84_85 of type Splitter has 0 variables.
2026-05-03 12:18:19,189 - DEBUG - component - The component: splitter_h1 of type Splitter has 0 variables.
2026-05-03 12:18:19,189 - DEBUG - component - The component: splitter_l1 of type Splitter has 0 variables.
2026-05-03 12:18:19,190 - DEBUG - component - The component: splitter_l2 of type Splitter has 0 variables.
2026-05-03 12:18:19,190 - DEBUG - component - The component: splitter_l3 of type Splitter has 0 variables.
2026-05-03 12:18:19,190 - DEBUG - component - The component: splitter_l4 of type Splitter has 0 variables.
2026-05-03 12:18:19,190 - DEBUG - component - The component: steam_cycle_closer of type CycleCloser has 0 variables.
2026-05-03 12:18:19,190 - DEBUG - component - The component: steam_recycle_pump of type Pump has 0 variables.
2026-05-03 12:18:19,190 - DEBUG - component - The component: valve_36 of type Valve has 0 variables.
2026-05-03 12:18:19,190 - DEBUG - component - The component: valve_50_51 of type Valve has 0 variables.
2026-05-03 12:18:19,190 - DEBUG - component - The component: valve_52_53 of type Valve has 0 variables.
2026-05-03 12:18:19,190 - DEBUG - component - The component: valve_69_71 of type Valve has 0 variables.
2026-05-03 12:18:19,190 - DEBUG - component - The component: valve_7 of type Valve has 0 variables.
2026-05-03 12:18:19,190 - DEBUG - component - The component: valve_73_74 of type Valve has 0 variables.
2026-05-03 12:18:19,190 - DEBUG - component - The component: valve_76_77 of type Valve has 0 variables.
2026-05-03 12:18:19,190 - DEBUG - component - The component: valve_80 of type Valve has 0 variables.
2026-05-03 12:18:19,190 - DEBUG - component - The component: valve_9 of type Valve has 0 variables.
2026-05-03 12:18:19,190 - DEBUG - component - The component: water_recycle_pump of type Pump has 0 variables.
2026-05-03 12:18:19,464 - INFO - network - ########----Network initialised----########
2026-05-03 12:18:19,464 - DEBUG - network - ------Equation Summarization------
2026-05-03 12:18:19,465 - DEBUG - network - Total number of equations: 123
2026-05-03 12:18:19,465 - DEBUG - network - Number of connection equations: 2.
2026-05-03 12:18:19,465 - DEBUG - network - Number of component equations: 131.
2026-05-03 12:18:19,465 - DEBUG - network - Number of bus equations: 0.
2026-05-03 12:18:19,465 - DEBUG - network - Number of user defined equations: 0.
2026-05-03 12:18:19,465 - DEBUG - network - Number of presolved equations: 10.
2026-05-03 12:18:19,465 - DEBUG - network - ------Variable Summarization------
2026-05-03 12:18:19,466 - DEBUG - network - Total number of variables: 123.
2026-05-03 12:18:19,466 - DEBUG - network - Number of component variables: 0.
2026-05-03 12:18:19,466 - DEBUG - network - Number of connection variables: 123.
2026-05-03 12:18:19,466 - DEBUG - network - Number of mass flow variables: 42.
2026-05-03 12:18:19,466 - DEBUG - network - Number of pressure variables: 25.
2026-05-03 12:18:19,466 - DEBUG - network - Number of enthalpy variables: 56.
2026-05-03 12:18:19,466 - DEBUG - network - ------Fluid Module Summarization------
2026-05-03 12:18:19,466 - DEBUG - network - Number of fluid composition equations: 6.
2026-05-03 12:18:19,466 - DEBUG - network - Number of fluid variables: 6.
2026-05-03 12:21:36,868 - INFO - logger - Path for logging: solar_thermal_combine_plant_loggings\Aurora.log
2026-05-03 12:21:36,868 - INFO - logger - Used AURORA version: 0.1.1 - GCC's Nature
2026-05-03 12:21:36,868 - DEBUG - connection - Created reference object with factor 0.09 and delta 0 referring to connection c47
2026-05-03 12:21:36,869 - DEBUG - connection - Created reference object with factor 0.11 and delta 0 referring to connection c21
2026-05-03 12:21:37,099 - DEBUG - network - Removing 0 mass flow variables from ['c31'] from system variables.
2026-05-03 12:21:37,099 - DEBUG - network - Removing 1 mass flow variables from ['c9', 'd9'] from system variables.
2026-05-03 12:21:37,099 - DEBUG - network - Removing 1 mass flow variables from ['c1', 'c3'] from system variables.
2026-05-03 12:21:37,099 - DEBUG - network - Removing 1 mass flow variables from ['c16', 'c14'] from system variables.
2026-05-03 12:21:37,099 - DEBUG - network - Removing 0 mass flow variables from ['c79'] from system variables.
2026-05-03 12:21:37,099 - DEBUG - network - Removing 0 mass flow variables from ['c2'] from system variables.
2026-05-03 12:21:37,099 - DEBUG - network - Removing 0 mass flow variables from ['c15'] from system variables.
2026-05-03 12:21:37,100 - INFO - network - ########----Simplify Fluid System Successful----########
2026-05-03 12:21:37,131 - DEBUG - network - Updated fluid property SI values and fluid mass fraction for user specified connection parameters.
2026-05-03 12:21:37,145 - INFO - network - ########----Network check successful----########
2026-05-03 12:21:37,145 - DEBUG - network - Solver properties:
 - mode: offdesign
 - init_path: solar_thermal_combine_plant_design_1
 - design_path: solar_thermal_combine_plant_design_1
 - min_iter: 4
 - max_iter: 150
2026-05-03 12:21:37,145 - DEBUG - network - Network information:
 - Number of components: 84
 - Number of fluid components: 84
 - Number of electric components: 0
 - Number of connections: 106
 - Number of fluid connections: 106
 - Number of electric connections: 0
 - Number of busses: 0
2026-05-03 12:21:37,151 - WARNING - warnings - FutureWarning: Downcasting object dtype arrays on .fillna, .ffill, .bfill is deprecated and will change in a future version. Call result.infer_objects(copy=False) instead. To opt-in to the future behavior, set `pd.set_option('future.no_silent_downcasting', True)`
2026-05-03 12:21:37,153 - WARNING - warnings - FutureWarning: Downcasting object dtype arrays on .fillna, .ffill, .bfill is deprecated and will change in a future version. Call result.infer_objects(copy=False) instead. To opt-in to the future behavior, set `pd.set_option('future.no_silent_downcasting', True)`
2026-05-03 12:21:37,154 - WARNING - warnings - FutureWarning: Downcasting object dtype arrays on .fillna, .ffill, .bfill is deprecated and will change in a future version. Call result.infer_objects(copy=False) instead. To opt-in to the future behavior, set `pd.set_option('future.no_silent_downcasting', True)`
2026-05-03 12:21:37,159 - DEBUG - network - Could not find component 'merge_12_13_21' in design case file. This is is critical only to components, which need to load design values from this case.
2026-05-03 12:21:37,159 - DEBUG - network - Could not find component 'merge_18_82_83' in design case file. This is is critical only to components, which need to load design values from this case.
2026-05-03 12:21:37,159 - DEBUG - network - Could not find component 'merge_36_80_81' in design case file. This is is critical only to components, which need to load design values from this case.
2026-05-03 12:21:37,159 - DEBUG - network - Could not find component 'merge_67_68_69' in design case file. This is is critical only to components, which need to load design values from this case.
2026-05-03 12:21:37,159 - DEBUG - network - Could not find component 'merge_7_9_10' in design case file. This is is critical only to components, which need to load design values from this case.
2026-05-03 12:21:37,159 - DEBUG - network - Could not find component 'merge_deaerator' in design case file. This is is critical only to components, which need to load design values from this case.
2026-05-03 12:21:37,159 - DEBUG - network - Could not find component 'merge_heater_h' in design case file. This is is critical only to components, which need to load design values from this case.
2026-05-03 12:21:37,160 - DEBUG - network - Could not find component 'merge_heater_j' in design case file. This is is critical only to components, which need to load design values from this case.
2026-05-03 12:21:37,160 - DEBUG - network - Could not find component 'merge_heater_k' in design case file. This is is critical only to components, which need to load design values from this case.
2026-05-03 12:21:37,160 - DEBUG - network - Could not find component 'splitter_10_11_12' in design case file. This is is critical only to components, which need to load design values from this case.
2026-05-03 12:21:37,161 - DEBUG - network - Could not find component 'splitter_20_81_82' in design case file. This is is critical only to components, which need to load design values from this case.
2026-05-03 12:21:37,161 - DEBUG - network - Could not find component 'splitter_21_22_23' in design case file. This is is critical only to components, which need to load design values from this case.
2026-05-03 12:21:37,161 - DEBUG - network - Could not find component 'splitter_42_47_48' in design case file. This is is critical only to components, which need to load design values from this case.
2026-05-03 12:21:37,161 - DEBUG - network - Could not find component 'splitter_6_84_85' in design case file. This is is critical only to components, which need to load design values from this case.
2026-05-03 12:21:37,161 - DEBUG - network - Could not find component 'splitter_h1' in design case file. This is is critical only to components, which need to load design values from this case.
2026-05-03 12:21:37,161 - DEBUG - network - Could not find component 'splitter_l1' in design case file. This is is critical only to components, which need to load design values from this case.
2026-05-03 12:21:37,161 - DEBUG - network - Could not find component 'splitter_l2' in design case file. This is is critical only to components, which need to load design values from this case.
2026-05-03 12:21:37,161 - DEBUG - network - Could not find component 'splitter_l3' in design case file. This is is critical only to components, which need to load design values from this case.
2026-05-03 12:21:37,161 - DEBUG - network - Could not find component 'splitter_l4' in design case file. This is is critical only to components, which need to load design values from this case.
2026-05-03 12:21:37,162 - DEBUG - network - Done reading design point information for components.
2026-05-03 12:21:37,167 - DEBUG - network - Done reading design point information for connections.
2026-05-03 12:21:37,167 - DEBUG - network - Switched connections from design to offdesign.
2026-05-03 12:21:37,167 - DEBUG - network - Set component attributes KDTA to design value at component condenser.
2026-05-03 12:21:37,167 - DEBUG - network - Set component attributes KDTA to design value at component evaporator.
2026-05-03 12:21:37,167 - DEBUG - network - Set component attributes KDTA to design value at component heatexchanger_a.
2026-05-03 12:21:37,167 - DEBUG - network - Set component attributes KDTA to design value at component heatexchanger_b.
2026-05-03 12:21:37,167 - DEBUG - network - Set component attributes KDTA to design value at component heatexchanger_c.
2026-05-03 12:21:37,167 - DEBUG - network - Set component attributes KDTA to design value at component heatexchanger_d.
2026-05-03 12:21:37,167 - DEBUG - network - Set component attributes KDTA to design value at component heatexchanger_e.
2026-05-03 12:21:37,167 - DEBUG - network - Set component attributes KDTA to design value at component heatexchanger_f.
2026-05-03 12:21:37,167 - DEBUG - network - Set component attributes KDTA to design value at component heatexchanger_g.
2026-05-03 12:21:37,167 - DEBUG - network - Set component attributes KDTA to design value at component heatexchanger_h.
2026-05-03 12:21:37,167 - DEBUG - network - Set component attributes KDTA to design value at component heatexchanger_i.
2026-05-03 12:21:37,167 - DEBUG - network - Set component attributes KDTA to design value at component heatexchanger_j.
2026-05-03 12:21:37,167 - DEBUG - network - Set component attributes KDTA to design value at component heatexchanger_k.
2026-05-03 12:21:37,167 - DEBUG - network - Switched components from design to offdesign.
2026-05-03 12:21:37,181 - WARNING - warnings - FutureWarning: Downcasting object dtype arrays on .fillna, .ffill, .bfill is deprecated and will change in a future version. Call result.infer_objects(copy=False) instead. To opt-in to the future behavior, set `pd.set_option('future.no_silent_downcasting', True)`
2026-05-03 12:21:37,184 - WARNING - warnings - FutureWarning: Downcasting object dtype arrays on .fillna, .ffill, .bfill is deprecated and will change in a future version. Call result.infer_objects(copy=False) instead. To opt-in to the future behavior, set `pd.set_option('future.no_silent_downcasting', True)`
2026-05-03 12:21:37,185 - WARNING - warnings - FutureWarning: Downcasting object dtype arrays on .fillna, .ffill, .bfill is deprecated and will change in a future version. Call result.infer_objects(copy=False) instead. To opt-in to the future behavior, set `pd.set_option('future.no_silent_downcasting', True)`
2026-05-03 12:21:37,193 - DEBUG - network - Generic fluid property specification complete in the final of initialization.
2026-05-03 12:21:37,196 - DEBUG - base - The fuels for component combustion of type diabatic combustion chamber are: CH4.
2026-05-03 12:21:37,197 - INFO - network - ########-----Initializing variables bounds-----########
2026-05-03 12:21:37,200 - DEBUG - connection - The connection: c1 has 0 equations.
2026-05-03 12:21:37,200 - DEBUG - connection - The connection: c10 has 0 equations.
2026-05-03 12:21:37,200 - DEBUG - connection - The connection: c11 has 0 equations.
2026-05-03 12:21:37,200 - DEBUG - connection - The connection: c12 has 0 equations.
2026-05-03 12:21:37,200 - DEBUG - connection - The connection: c13 has 0 equations.
2026-05-03 12:21:37,200 - DEBUG - connection - The connection: c14 has 0 equations.
2026-05-03 12:21:37,200 - DEBUG - connection - The connection: c15 has 0 equations.
2026-05-03 12:21:37,200 - DEBUG - connection - The connection: c16 has 0 equations.
2026-05-03 12:21:37,200 - DEBUG - connection - The connection: c17 has 0 equations.
2026-05-03 12:21:37,200 - DEBUG - connection - The connection: c18 has 0 equations.
2026-05-03 12:21:37,200 - DEBUG - connection - The connection: c19 has 0 equations.
2026-05-03 12:21:37,200 - DEBUG - connection - The connection: c2 has 0 equations.
2026-05-03 12:21:37,200 - DEBUG - connection - The connection: c20 has 0 equations.
2026-05-03 12:21:37,200 - DEBUG - connection - The connection: c21 has 0 equations.
2026-05-03 12:21:37,200 - DEBUG - connection - The connection: c22 has 1 equations.
2026-05-03 12:21:37,200 - DEBUG - connection - The connection: c23 has 0 equations.
2026-05-03 12:21:37,200 - DEBUG - connection - The connection: c24 has 0 equations.
2026-05-03 12:21:37,200 - DEBUG - connection - The connection: c25 has 0 equations.
2026-05-03 12:21:37,200 - DEBUG - connection - The connection: c26 has 0 equations.
2026-05-03 12:21:37,200 - DEBUG - connection - The connection: c27 has 0 equations.
2026-05-03 12:21:37,200 - DEBUG - connection - The connection: c28 has 0 equations.
2026-05-03 12:21:37,200 - DEBUG - connection - The connection: c29 has 0 equations.
2026-05-03 12:21:37,200 - DEBUG - connection - The connection: c3 has 0 equations.
2026-05-03 12:21:37,200 - DEBUG - connection - The connection: c30 has 0 equations.
2026-05-03 12:21:37,200 - DEBUG - connection - The connection: c31 has 0 equations.
2026-05-03 12:21:37,200 - DEBUG - connection - The connection: c32 has 0 equations.
2026-05-03 12:21:37,200 - DEBUG - connection - The connection: c33 has 0 equations.
2026-05-03 12:21:37,200 - DEBUG - connection - The connection: c34 has 0 equations.
2026-05-03 12:21:37,200 - DEBUG - connection - The connection: c35 has 0 equations.
2026-05-03 12:21:37,200 - DEBUG - connection - The connection: c36 has 0 equations.
2026-05-03 12:21:37,200 - DEBUG - connection - The connection: c37 has 0 equations.
2026-05-03 12:21:37,200 - DEBUG - connection - The connection: c38 has 0 equations.
2026-05-03 12:21:37,200 - DEBUG - connection - The connection: c39 has 0 equations.
2026-05-03 12:21:37,200 - DEBUG - connection - The connection: c4 has 0 equations.
2026-05-03 12:21:37,200 - DEBUG - connection - The connection: c40 has 0 equations.
2026-05-03 12:21:37,200 - DEBUG - connection - The connection: c41 has 0 equations.
2026-05-03 12:21:37,200 - DEBUG - connection - The connection: c42 has 0 equations.
2026-05-03 12:21:37,200 - DEBUG - connection - The connection: c43 has 0 equations.
2026-05-03 12:21:37,200 - DEBUG - connection - The connection: c44 has 0 equations.
2026-05-03 12:21:37,200 - DEBUG - connection - The connection: c45 has 0 equations.
2026-05-03 12:21:37,200 - DEBUG - connection - The connection: c46 has 0 equations.
2026-05-03 12:21:37,200 - DEBUG - connection - The connection: c47 has 0 equations.
2026-05-03 12:21:37,200 - DEBUG - connection - The connection: c48 has 1 equations.
2026-05-03 12:21:37,200 - DEBUG - connection - The connection: c49 has 0 equations.
2026-05-03 12:21:37,200 - DEBUG - connection - The connection: c5 has 0 equations.
2026-05-03 12:21:37,200 - DEBUG - connection - The connection: c50 has 0 equations.
2026-05-03 12:21:37,200 - DEBUG - connection - The connection: c51 has 0 equations.
2026-05-03 12:21:37,200 - DEBUG - connection - The connection: c52 has 0 equations.
2026-05-03 12:21:37,200 - DEBUG - connection - The connection: c53 has 0 equations.
2026-05-03 12:21:37,200 - DEBUG - connection - The connection: c54 has 0 equations.
2026-05-03 12:21:37,200 - DEBUG - connection - The connection: c55 has 0 equations.
2026-05-03 12:21:37,200 - DEBUG - connection - The connection: c56 has 0 equations.
2026-05-03 12:21:37,200 - DEBUG - connection - The connection: c57 has 0 equations.
2026-05-03 12:21:37,200 - DEBUG - connection - The connection: c58 has 0 equations.
2026-05-03 12:21:37,200 - DEBUG - connection - The connection: c59 has 0 equations.
2026-05-03 12:21:37,200 - DEBUG - connection - The connection: c6 has 0 equations.
2026-05-03 12:21:37,200 - DEBUG - connection - The connection: c60 has 0 equations.
2026-05-03 12:21:37,200 - DEBUG - connection - The connection: c61 has 0 equations.
2026-05-03 12:21:37,200 - DEBUG - connection - The connection: c62 has 0 equations.
2026-05-03 12:21:37,200 - DEBUG - connection - The connection: c63 has 0 equations.
2026-05-03 12:21:37,200 - DEBUG - connection - The connection: c64 has 0 equations.
2026-05-03 12:21:37,200 - DEBUG - connection - The connection: c65 has 0 equations.
2026-05-03 12:21:37,200 - DEBUG - connection - The connection: c66 has 0 equations.
2026-05-03 12:21:37,200 - DEBUG - connection - The connection: c67 has 0 equations.
2026-05-03 12:21:37,200 - DEBUG - connection - The connection: c68 has 0 equations.
2026-05-03 12:21:37,200 - DEBUG - connection - The connection: c69 has 0 equations.
2026-05-03 12:21:37,200 - DEBUG - connection - The connection: c7 has 0 equations.
2026-05-03 12:21:37,200 - DEBUG - connection - The connection: c70 has 0 equations.
2026-05-03 12:21:37,200 - DEBUG - connection - The connection: c71 has 0 equations.
2026-05-03 12:21:37,200 - DEBUG - connection - The connection: c72 has 0 equations.
2026-05-03 12:21:37,200 - DEBUG - connection - The connection: c73 has 0 equations.
2026-05-03 12:21:37,200 - DEBUG - connection - The connection: c74 has 0 equations.
2026-05-03 12:21:37,200 - DEBUG - connection - The connection: c75 has 0 equations.
2026-05-03 12:21:37,200 - DEBUG - connection - The connection: c76 has 0 equations.
2026-05-03 12:21:37,202 - DEBUG - connection - The connection: c77 has 0 equations.
2026-05-03 12:21:37,202 - DEBUG - connection - The connection: c78 has 0 equations.
2026-05-03 12:21:37,202 - DEBUG - connection - The connection: c79 has 0 equations.
2026-05-03 12:21:37,202 - DEBUG - connection - The connection: c8 has 0 equations.
2026-05-03 12:21:37,202 - DEBUG - connection - The connection: c80 has 0 equations.
2026-05-03 12:21:37,202 - DEBUG - connection - The connection: c81 has 0 equations.
2026-05-03 12:21:37,202 - DEBUG - connection - The connection: c82 has 0 equations.
2026-05-03 12:21:37,202 - DEBUG - connection - The connection: c83 has 0 equations.
2026-05-03 12:21:37,202 - DEBUG - connection - The connection: c84 has 0 equations.
2026-05-03 12:21:37,202 - DEBUG - connection - The connection: c85 has 0 equations.
2026-05-03 12:21:37,202 - DEBUG - connection - The connection: c86 has 0 equations.
2026-05-03 12:21:37,202 - DEBUG - connection - The connection: c87 has 0 equations.
2026-05-03 12:21:37,202 - DEBUG - connection - The connection: c88 has 0 equations.
2026-05-03 12:21:37,202 - DEBUG - connection - The connection: c89 has 0 equations.
2026-05-03 12:21:37,202 - DEBUG - connection - The connection: c9 has 0 equations.
2026-05-03 12:21:37,202 - DEBUG - connection - The connection: c90 has 0 equations.
2026-05-03 12:21:37,202 - DEBUG - connection - The connection: d15 has 0 equations.
2026-05-03 12:21:37,202 - DEBUG - connection - The connection: d36 has 0 equations.
2026-05-03 12:21:37,202 - DEBUG - connection - The connection: d54 has 0 equations.
2026-05-03 12:21:37,202 - DEBUG - connection - The connection: d7 has 0 equations.
2026-05-03 12:21:37,202 - DEBUG - connection - The connection: d80 has 0 equations.
2026-05-03 12:21:37,202 - DEBUG - connection - The connection: d84 has 0 equations.
2026-05-03 12:21:37,202 - DEBUG - connection - The connection: d9 has 0 equations.
2026-05-03 12:21:37,202 - DEBUG - connection - The connection: deaerator_cold_in has 0 equations.
2026-05-03 12:21:37,202 - DEBUG - connection - The connection: h1_out has 0 equations.
2026-05-03 12:21:37,202 - DEBUG - connection - The connection: heater_h_hot_in has 0 equations.
2026-05-03 12:21:37,202 - DEBUG - connection - The connection: heater_j_hot_in has 0 equations.
2026-05-03 12:21:37,202 - DEBUG - connection - The connection: heater_k_hot_in has 0 equations.
2026-05-03 12:21:37,202 - DEBUG - connection - The connection: l1_out has 0 equations.
2026-05-03 12:21:37,202 - DEBUG - connection - The connection: l2_out has 0 equations.
2026-05-03 12:21:37,202 - DEBUG - connection - The connection: l3_out has 0 equations.
2026-05-03 12:21:37,202 - DEBUG - connection - The connection: l4_out has 0 equations.
2026-05-03 12:21:37,202 - DEBUG - component - The component: af_boiler_cold_in of type FlowAmplifier has 1 equations.
2026-05-03 12:21:37,202 - DEBUG - component - The component: af_boiler_cold_out of type FlowAmplifier has 1 equations.
2026-05-03 12:21:37,202 - DEBUG - component - The component: af_boiler_hot_in of type FlowAmplifier has 1 equations.
2026-05-03 12:21:37,202 - DEBUG - component - The component: af_boiler_hot_out of type FlowAmplifier has 1 equations.
2026-05-03 12:21:37,202 - DEBUG - component - The component: af_reheater_cold_in of type FlowAmplifier has 1 equations.
2026-05-03 12:21:37,202 - DEBUG - component - The component: af_reheater_cold_out of type FlowAmplifier has 1 equations.
2026-05-03 12:21:37,202 - DEBUG - component - The component: af_reheater_hot_in of type FlowAmplifier has 1 equations.
2026-05-03 12:21:37,202 - DEBUG - component - The component: af_reheater_hot_out of type FlowAmplifier has 1 equations.
2026-05-03 12:21:37,202 - DEBUG - component - The component: af_solar_in of type FlowAmplifier has 1 equations.
2026-05-03 12:21:37,203 - DEBUG - component - The component: af_solar_out of type FlowAmplifier has 1 equations.
2026-05-03 12:21:37,203 - DEBUG - component - The component: air_compressor of type Compressor has 1 equations.
2026-05-03 12:21:37,203 - DEBUG - component - The component: air_source of type Source has 0 equations.
2026-05-03 12:21:37,203 - DEBUG - component - The component: cold_salt_tank of type HeatStorageTank has 2 equations.
2026-05-03 12:21:37,203 - DEBUG - component - The component: combustion of type DiabaticCombustionChamber has 2 equations.
2026-05-03 12:21:37,203 - DEBUG - component - The component: condense_pump of type Pump has 1 equations.
2026-05-03 12:21:37,203 - DEBUG - component - The component: condenser of type Condenser has 5 equations.
2026-05-03 12:21:37,203 - DEBUG - component - The component: cooling_water_sink of type Sink has 0 equations.
2026-05-03 12:21:37,203 - DEBUG - component - The component: cooling_water_source of type Source has 0 equations.
2026-05-03 12:21:37,203 - DEBUG - component - The component: deaerator of type Deaerator has 6 equations.
2026-05-03 12:21:37,203 - DEBUG - component - The component: deaerator_drain of type Sink has 0 equations.
2026-05-03 12:21:37,203 - DEBUG - component - The component: evaporator of type Evaporator has 4 equations.
2026-05-03 12:21:37,203 - DEBUG - component - The component: evaporator_drain of type Sink has 0 equations.
2026-05-03 12:21:37,203 - DEBUG - component - The component: evaporator_drum of type EvaporateTank has 5 equations.
2026-05-03 12:21:37,203 - DEBUG - component - The component: fuel_source of type Source has 0 equations.
2026-05-03 12:21:37,203 - DEBUG - component - The component: gas_sink of type Sink has 0 equations.
2026-05-03 12:21:37,203 - DEBUG - component - The component: gas_turbine of type Turbine has 1 equations.
2026-05-03 12:21:37,203 - DEBUG - component - The component: heatexchanger_a of type HeatExchanger has 4 equations.
2026-05-03 12:21:37,203 - DEBUG - component - The component: heatexchanger_b of type HeatExchanger has 4 equations.
2026-05-03 12:21:37,203 - DEBUG - component - The component: heatexchanger_c of type HeatExchanger has 3 equations.
2026-05-03 12:21:37,203 - DEBUG - component - The component: heatexchanger_d of type HeatExchanger has 4 equations.
2026-05-03 12:21:37,203 - DEBUG - component - The component: heatexchanger_e of type HeatExchanger has 4 equations.
2026-05-03 12:21:37,203 - DEBUG - component - The component: heatexchanger_f of type HeatExchanger has 4 equations.
2026-05-03 12:21:37,203 - DEBUG - component - The component: heatexchanger_g of type ExtractHeatExchanger has 5 equations.
2026-05-03 12:21:37,203 - DEBUG - component - The component: heatexchanger_h of type ExtractHeatExchanger has 5 equations.
2026-05-03 12:21:37,203 - DEBUG - component - The component: heatexchanger_i of type ExtractHeatExchanger has 5 equations.
2026-05-03 12:21:37,203 - DEBUG - component - The component: heatexchanger_j of type ExtractHeatExchanger has 5 equations.
2026-05-03 12:21:37,204 - DEBUG - component - The component: heatexchanger_k of type ExtractHeatExchanger has 5 equations.
2026-05-03 12:21:37,204 - DEBUG - component - The component: hot_salt_tank of type HeatStorageTank has 2 equations.
2026-05-03 12:21:37,204 - DEBUG - component - The component: hp_turbine1 of type Turbine has 1 equations.
2026-05-03 12:21:37,204 - DEBUG - component - The component: hp_turbine2 of type Turbine has 1 equations.
2026-05-03 12:21:37,204 - DEBUG - component - The component: lp_turbine1 of type Turbine has 1 equations.
2026-05-03 12:21:37,204 - DEBUG - component - The component: lp_turbine2 of type Turbine has 1 equations.
2026-05-03 12:21:37,204 - DEBUG - component - The component: lp_turbine3 of type Turbine has 1 equations.
2026-05-03 12:21:37,204 - DEBUG - component - The component: lp_turbine4 of type Turbine has 1 equations.
2026-05-03 12:21:37,204 - DEBUG - component - The component: lp_turbine5 of type Turbine has 1 equations.
2026-05-03 12:21:37,204 - DEBUG - component - The component: merge_12_13_21 of type Merge has 2 equations.
2026-05-03 12:21:37,204 - DEBUG - component - The component: merge_18_82_83 of type Merge has 2 equations.
2026-05-03 12:21:37,204 - DEBUG - component - The component: merge_36_80_81 of type Merge has 2 equations.
2026-05-03 12:21:37,204 - DEBUG - component - The component: merge_67_68_69 of type Merge has 2 equations.
2026-05-03 12:21:37,204 - DEBUG - component - The component: merge_7_9_10 of type Merge has 2 equations.
2026-05-03 12:21:37,204 - DEBUG - component - The component: merge_deaerator of type Merge has 2 equations.
2026-05-03 12:21:37,204 - DEBUG - component - The component: merge_heater_h of type Merge has 2 equations.
2026-05-03 12:21:37,204 - DEBUG - component - The component: merge_heater_j of type Merge has 2 equations.
2026-05-03 12:21:37,204 - DEBUG - component - The component: merge_heater_k of type Merge has 2 equations.
2026-05-03 12:21:37,204 - DEBUG - component - The component: oil_cycle_closer of type CycleCloser has 0 equations.
2026-05-03 12:21:37,204 - DEBUG - component - The component: oil_recycle_pump1 of type Pump has 1 equations.
2026-05-03 12:21:37,204 - DEBUG - component - The component: oil_recycle_pump2 of type Pump has 1 equations.
2026-05-03 12:21:37,204 - DEBUG - component - The component: salt_cycle_closer of type CycleCloser has 1 equations.
2026-05-03 12:21:37,204 - DEBUG - component - The component: solar_collector1 of type SolarCollector has 1 equations.
2026-05-03 12:21:37,204 - DEBUG - component - The component: solar_collector2 of type SolarCollector has 1 equations.
2026-05-03 12:21:37,204 - DEBUG - component - The component: solar_collector3 of type SolarCollector has 1 equations.
2026-05-03 12:21:37,204 - DEBUG - component - The component: solar_collector4 of type SolarCollector has 1 equations.
2026-05-03 12:21:37,204 - DEBUG - component - The component: splitter_10_11_12 of type Splitter has 1 equations.
2026-05-03 12:21:37,204 - DEBUG - component - The component: splitter_20_81_82 of type Splitter has 1 equations.
2026-05-03 12:21:37,204 - DEBUG - component - The component: splitter_21_22_23 of type Splitter has 1 equations.
2026-05-03 12:21:37,204 - DEBUG - component - The component: splitter_42_47_48 of type Splitter has 1 equations.
2026-05-03 12:21:37,204 - DEBUG - component - The component: splitter_6_84_85 of type Splitter has 1 equations.
2026-05-03 12:21:37,204 - DEBUG - component - The component: splitter_h1 of type Splitter has 1 equations.
2026-05-03 12:21:37,204 - DEBUG - component - The component: splitter_l1 of type Splitter has 1 equations.
2026-05-03 12:21:37,204 - DEBUG - component - The component: splitter_l2 of type Splitter has 1 equations.
2026-05-03 12:21:37,204 - DEBUG - component - The component: splitter_l3 of type Splitter has 1 equations.
2026-05-03 12:21:37,204 - DEBUG - component - The component: splitter_l4 of type Splitter has 1 equations.
2026-05-03 12:21:37,204 - DEBUG - component - The component: steam_cycle_closer of type CycleCloser has 0 equations.
2026-05-03 12:21:37,204 - DEBUG - component - The component: steam_recycle_pump of type Pump has 1 equations.
2026-05-03 12:21:37,204 - DEBUG - component - The component: valve_36 of type Valve has 0 equations.
2026-05-03 12:21:37,204 - DEBUG - component - The component: valve_50_51 of type Valve has 0 equations.
2026-05-03 12:21:37,204 - DEBUG - component - The component: valve_52_53 of type Valve has 0 equations.
2026-05-03 12:21:37,204 - DEBUG - component - The component: valve_69_71 of type Valve has 0 equations.
2026-05-03 12:21:37,204 - DEBUG - component - The component: valve_7 of type Valve has 0 equations.
2026-05-03 12:21:37,204 - DEBUG - component - The component: valve_73_74 of type Valve has 0 equations.
2026-05-03 12:21:37,204 - DEBUG - component - The component: valve_76_77 of type Valve has 0 equations.
2026-05-03 12:21:37,204 - DEBUG - component - The component: valve_80 of type Valve has 0 equations.
2026-05-03 12:21:37,204 - DEBUG - component - The component: valve_9 of type Valve has 0 equations.
2026-05-03 12:21:37,204 - DEBUG - component - The component: water_recycle_pump of type Pump has 1 equations.
2026-05-03 12:21:37,246 - DEBUG - network - ------presolve_batch: 1------
2026-05-03 12:21:37,246 - DEBUG - network - Has pre_solved equation: <component parameter>: Ki of FlowAmplifier: af_solar_out
2026-05-03 12:21:37,246 - DEBUG - network - Has pre_solved equation: <component constraint>: mass_flow_constraints of DiabaticCombustionChamber: combustion
2026-05-03 12:21:37,246 - DEBUG - network - Has pre_solved equation: <component parameter>: dp2 of Deaerator: deaerator
2026-05-03 12:21:37,246 - DEBUG - network - Has pre_solved equation: <component parameter>: T_in of HeatStorageTank: hot_salt_tank
2026-05-03 12:21:37,246 - DEBUG - network - Has pre_solved equation: <component parameter>: mass_conservation of CycleCloser: salt_cycle_closer
2026-05-03 12:21:37,246 - DEBUG - network - ------presolve_batch: 2------
2026-05-03 12:21:37,246 - DEBUG - network - Has pre_solved equation: <component parameter>: Ki of FlowAmplifier: af_solar_in
2026-05-03 12:21:37,246 - DEBUG - network - Has pre_solved equation: <component constraint>: saturated_liquid_constraints of Deaerator: deaerator
2026-05-03 12:21:37,246 - DEBUG - network - Has pre_solved equation: <component parameter>: dp1 of Deaerator: deaerator
2026-05-03 12:21:37,246 - DEBUG - network - Has pre_solved equation: <component parameter>: T_out of HeatStorageTank: hot_salt_tank
2026-05-03 12:21:37,246 - DEBUG - network - ------presolve_batch: 3------
2026-05-03 12:21:37,246 - DEBUG - network - Has pre_solved equation: <component constraint>: saturated_vapour_constraints of Deaerator: deaerator
2026-05-03 12:21:37,246 - DEBUG - network - ------presolve_batch: 4------
2026-05-03 12:21:37,246 - DEBUG - network - Has removed 10 pre_solved equations totally.
2026-05-03 12:21:37,247 - DEBUG - component - The component: af_boiler_cold_in of type FlowAmplifier has 0 variables.
2026-05-03 12:21:37,247 - DEBUG - component - The component: af_boiler_cold_out of type FlowAmplifier has 0 variables.
2026-05-03 12:21:37,247 - DEBUG - component - The component: af_boiler_hot_in of type FlowAmplifier has 0 variables.
2026-05-03 12:21:37,247 - DEBUG - component - The component: af_boiler_hot_out of type FlowAmplifier has 0 variables.
2026-05-03 12:21:37,247 - DEBUG - component - The component: af_reheater_cold_in of type FlowAmplifier has 0 variables.
2026-05-03 12:21:37,247 - DEBUG - component - The component: af_reheater_cold_out of type FlowAmplifier has 0 variables.
2026-05-03 12:21:37,247 - DEBUG - component - The component: af_reheater_hot_in of type FlowAmplifier has 0 variables.
2026-05-03 12:21:37,247 - DEBUG - component - The component: af_reheater_hot_out of type FlowAmplifier has 0 variables.
2026-05-03 12:21:37,247 - DEBUG - component - The component: af_solar_in of type FlowAmplifier has 0 variables.
2026-05-03 12:21:37,247 - DEBUG - component - The component: af_solar_out of type FlowAmplifier has 0 variables.
2026-05-03 12:21:37,247 - DEBUG - component - The component: air_compressor of type Compressor has 0 variables.
2026-05-03 12:21:37,247 - DEBUG - component - The component: air_source of type Source has 0 variables.
2026-05-03 12:21:37,247 - DEBUG - component - The component: cold_salt_tank of type HeatStorageTank has 0 variables.
2026-05-03 12:21:37,247 - DEBUG - component - The component: combustion of type DiabaticCombustionChamber has 0 variables.
2026-05-03 12:21:37,247 - DEBUG - component - The component: condense_pump of type Pump has 0 variables.
2026-05-03 12:21:37,247 - DEBUG - component - The component: condenser of type Condenser has 0 variables.
2026-05-03 12:21:37,247 - DEBUG - component - The component: cooling_water_sink of type Sink has 0 variables.
2026-05-03 12:21:37,247 - DEBUG - component - The component: cooling_water_source of type Source has 0 variables.
2026-05-03 12:21:37,247 - DEBUG - component - The component: deaerator of type Deaerator has 0 variables.
2026-05-03 12:21:37,247 - DEBUG - component - The component: deaerator_drain of type Sink has 0 variables.
2026-05-03 12:21:37,247 - DEBUG - component - The component: evaporator of type Evaporator has 0 variables.
2026-05-03 12:21:37,247 - DEBUG - component - The component: evaporator_drain of type Sink has 0 variables.
2026-05-03 12:21:37,247 - DEBUG - component - The component: evaporator_drum of type EvaporateTank has 0 variables.
2026-05-03 12:21:37,247 - DEBUG - component - The component: fuel_source of type Source has 0 variables.
2026-05-03 12:21:37,247 - DEBUG - component - The component: gas_sink of type Sink has 0 variables.
2026-05-03 12:21:37,247 - DEBUG - component - The component: gas_turbine of type Turbine has 0 variables.
2026-05-03 12:21:37,247 - DEBUG - component - The component: heatexchanger_a of type HeatExchanger has 0 variables.
2026-05-03 12:21:37,247 - DEBUG - component - The component: heatexchanger_b of type HeatExchanger has 0 variables.
2026-05-03 12:21:37,247 - DEBUG - component - The component: heatexchanger_c of type HeatExchanger has 0 variables.
2026-05-03 12:21:37,247 - DEBUG - component - The component: heatexchanger_d of type HeatExchanger has 0 variables.
2026-05-03 12:21:37,247 - DEBUG - component - The component: heatexchanger_e of type HeatExchanger has 0 variables.
2026-05-03 12:21:37,247 - DEBUG - component - The component: heatexchanger_f of type HeatExchanger has 0 variables.
2026-05-03 12:21:37,247 - DEBUG - component - The component: heatexchanger_g of type ExtractHeatExchanger has 0 variables.
2026-05-03 12:21:37,247 - DEBUG - component - The component: heatexchanger_h of type ExtractHeatExchanger has 0 variables.
2026-05-03 12:21:37,247 - DEBUG - component - The component: heatexchanger_i of type ExtractHeatExchanger has 0 variables.
2026-05-03 12:21:37,247 - DEBUG - component - The component: heatexchanger_j of type ExtractHeatExchanger has 0 variables.
2026-05-03 12:21:37,247 - DEBUG - component - The component: heatexchanger_k of type ExtractHeatExchanger has 0 variables.
2026-05-03 12:21:37,248 - DEBUG - component - The component: hot_salt_tank of type HeatStorageTank has 0 variables.
2026-05-03 12:21:37,248 - DEBUG - component - The component: hp_turbine1 of type Turbine has 0 variables.
2026-05-03 12:21:37,248 - DEBUG - component - The component: hp_turbine2 of type Turbine has 0 variables.
2026-05-03 12:21:37,248 - DEBUG - component - The component: lp_turbine1 of type Turbine has 0 variables.
2026-05-03 12:21:37,248 - DEBUG - component - The component: lp_turbine2 of type Turbine has 0 variables.
2026-05-03 12:21:37,248 - DEBUG - component - The component: lp_turbine3 of type Turbine has 0 variables.
2026-05-03 12:21:37,248 - DEBUG - component - The component: lp_turbine4 of type Turbine has 0 variables.
2026-05-03 12:21:37,248 - DEBUG - component - The component: lp_turbine5 of type Turbine has 0 variables.
2026-05-03 12:21:37,248 - DEBUG - component - The component: merge_12_13_21 of type Merge has 0 variables.
2026-05-03 12:21:37,248 - DEBUG - component - The component: merge_18_82_83 of type Merge has 0 variables.
2026-05-03 12:21:37,248 - DEBUG - component - The component: merge_36_80_81 of type Merge has 0 variables.
2026-05-03 12:21:37,248 - DEBUG - component - The component: merge_67_68_69 of type Merge has 0 variables.
2026-05-03 12:21:37,248 - DEBUG - component - The component: merge_7_9_10 of type Merge has 0 variables.
2026-05-03 12:21:37,248 - DEBUG - component - The component: merge_deaerator of type Merge has 0 variables.
2026-05-03 12:21:37,248 - DEBUG - component - The component: merge_heater_h of type Merge has 0 variables.
2026-05-03 12:21:37,248 - DEBUG - component - The component: merge_heater_j of type Merge has 0 variables.
2026-05-03 12:21:37,248 - DEBUG - component - The component: merge_heater_k of type Merge has 0 variables.
2026-05-03 12:21:37,248 - DEBUG - component - The component: oil_cycle_closer of type CycleCloser has 0 variables.
2026-05-03 12:21:37,248 - DEBUG - component - The component: oil_recycle_pump1 of type Pump has 0 variables.
2026-05-03 12:21:37,248 - DEBUG - component - The component: oil_recycle_pump2 of type Pump has 0 variables.
2026-05-03 12:21:37,248 - DEBUG - component - The component: salt_cycle_closer of type CycleCloser has 0 variables.
2026-05-03 12:21:37,248 - DEBUG - component - The component: solar_collector1 of type SolarCollector has 0 variables.
2026-05-03 12:21:37,248 - DEBUG - component - The component: solar_collector2 of type SolarCollector has 0 variables.
2026-05-03 12:21:37,248 - DEBUG - component - The component: solar_collector3 of type SolarCollector has 0 variables.
2026-05-03 12:21:37,248 - DEBUG - component - The component: solar_collector4 of type SolarCollector has 0 variables.
2026-05-03 12:21:37,248 - DEBUG - component - The component: splitter_10_11_12 of type Splitter has 0 variables.
2026-05-03 12:21:37,248 - DEBUG - component - The component: splitter_20_81_82 of type Splitter has 0 variables.
2026-05-03 12:21:37,248 - DEBUG - component - The component: splitter_21_22_23 of type Splitter has 0 variables.
2026-05-03 12:21:37,248 - DEBUG - component - The component: splitter_42_47_48 of type Splitter has 0 variables.
2026-05-03 12:21:37,248 - DEBUG - component - The component: splitter_6_84_85 of type Splitter has 0 variables.
2026-05-03 12:21:37,248 - DEBUG - component - The component: splitter_h1 of type Splitter has 0 variables.
2026-05-03 12:21:37,248 - DEBUG - component - The component: splitter_l1 of type Splitter has 0 variables.
2026-05-03 12:21:37,248 - DEBUG - component - The component: splitter_l2 of type Splitter has 0 variables.
2026-05-03 12:21:37,248 - DEBUG - component - The component: splitter_l3 of type Splitter has 0 variables.
2026-05-03 12:21:37,248 - DEBUG - component - The component: splitter_l4 of type Splitter has 0 variables.
2026-05-03 12:21:37,248 - DEBUG - component - The component: steam_cycle_closer of type CycleCloser has 0 variables.
2026-05-03 12:21:37,248 - DEBUG - component - The component: steam_recycle_pump of type Pump has 0 variables.
2026-05-03 12:21:37,248 - DEBUG - component - The component: valve_36 of type Valve has 0 variables.
2026-05-03 12:21:37,248 - DEBUG - component - The component: valve_50_51 of type Valve has 0 variables.
2026-05-03 12:21:37,248 - DEBUG - component - The component: valve_52_53 of type Valve has 0 variables.
2026-05-03 12:21:37,248 - DEBUG - component - The component: valve_69_71 of type Valve has 0 variables.
2026-05-03 12:21:37,248 - DEBUG - component - The component: valve_7 of type Valve has 0 variables.
2026-05-03 12:21:37,248 - DEBUG - component - The component: valve_73_74 of type Valve has 0 variables.
2026-05-03 12:21:37,248 - DEBUG - component - The component: valve_76_77 of type Valve has 0 variables.
2026-05-03 12:21:37,249 - DEBUG - component - The component: valve_80 of type Valve has 0 variables.
2026-05-03 12:21:37,249 - DEBUG - component - The component: valve_9 of type Valve has 0 variables.
2026-05-03 12:21:37,249 - DEBUG - component - The component: water_recycle_pump of type Pump has 0 variables.
2026-05-03 12:21:37,336 - INFO - network - ########----Network initialised----########
2026-05-03 12:21:37,360 - DEBUG - network - ------Equation Summarization------
2026-05-03 12:21:37,361 - DEBUG - network - Total number of equations: 123
2026-05-03 12:21:37,361 - DEBUG - network - Number of connection equations: 2.
2026-05-03 12:21:37,361 - DEBUG - network - Number of component equations: 131.
2026-05-03 12:21:37,361 - DEBUG - network - Number of bus equations: 0.
2026-05-03 12:21:37,361 - DEBUG - network - Number of user defined equations: 0.
2026-05-03 12:21:37,361 - DEBUG - network - Number of presolved equations: 10.
2026-05-03 12:21:37,361 - DEBUG - network - ------Variable Summarization------
2026-05-03 12:21:37,361 - DEBUG - network - Total number of variables: 123.
2026-05-03 12:21:37,361 - DEBUG - network - Number of component variables: 0.
2026-05-03 12:21:37,361 - DEBUG - network - Number of connection variables: 123.
2026-05-03 12:21:37,361 - DEBUG - network - Number of mass flow variables: 42.
2026-05-03 12:21:37,361 - DEBUG - network - Number of pressure variables: 25.
2026-05-03 12:21:37,361 - DEBUG - network - Number of enthalpy variables: 56.
2026-05-03 12:21:37,361 - DEBUG - network - ------Fluid Module Summarization------
2026-05-03 12:21:37,361 - DEBUG - network - Number of fluid composition equations: 6.
2026-05-03 12:21:37,361 - DEBUG - network - Number of fluid variables: 6.
2026-05-03 12:21:37,437 - DEBUG - network - 
##### VARIABLES #####
+-----+--------------------------------------------------------+-------------+-------------+---------+-----------+
|     | label                                                  |   min value |   max value | unit    |     scale |
|-----+--------------------------------------------------------+-------------+-------------+---------+-----------|
|   0 | <mass flow objective> of connection: c10               |   1.000e-05 |   1.000e+12 | kg / s  | 1.000e+00 |
|   1 | <mass flow objective> of connection: c11               |   1.000e-05 |   1.000e+12 | kg / s  | 1.000e+00 |
|   2 | <mass flow objective> of connection: c12               |   1.000e-05 |   1.000e+12 | kg / s  | 1.000e+00 |
|   3 | <mass flow objective> of connection: c13               |   1.000e-05 |   1.000e+12 | kg / s  | 1.000e+00 |
|   4 | <mass flow objective> of connection: c21               |   1.000e-05 |   1.000e+12 | kg / s  | 1.000e+00 |
|   5 | <mass flow objective> of connection: c22               |   1.000e-05 |   1.000e+12 | kg / s  | 1.000e+00 |
|   6 | <mass flow objective> of connection: c23               |   1.000e-05 |   1.000e+12 | kg / s  | 1.000e+00 |
|   7 | <mass flow objective> of connection: c24               |   1.000e-05 |   1.000e+12 | kg / s  | 1.000e+00 |
|   8 | <mass flow objective> of connection: c25               |   1.000e-05 |   1.000e+12 | kg / s  | 1.000e+00 |
|   9 | <mass flow objective> of connection: c28               |   1.000e-05 |   1.000e+12 | kg / s  | 1.000e+00 |
|  10 | <mass flow objective> of connection: c32               |   1.000e-05 |   1.000e+12 | kg / s  | 1.000e+00 |
|  11 | <mass flow objective> of connection: c36               |   1.000e-05 |   1.000e+12 | kg / s  | 1.000e+00 |
|  12 | <mass flow objective> of connection: c37               |   1.000e-05 |   1.000e+12 | kg / s  | 1.000e+00 |
|  13 | <mass flow objective> of connection: c38               |   1.000e-05 |   1.000e+12 | kg / s  | 1.000e+00 |
|  14 | <mass flow objective> of connection: c41               |   1.000e-05 |   1.000e+12 | kg / s  | 1.000e+00 |
|  15 | <mass flow objective> of connection: c42               |   1.000e-05 |   1.000e+12 | kg / s  | 1.000e+00 |
|  16 | <mass flow objective> of connection: c43               |   1.000e-05 |   1.000e+12 | kg / s  | 1.000e+00 |
|  17 | <mass flow objective> of connection: c44               |   1.000e-05 |   1.000e+12 | kg / s  | 1.000e+00 |
|  18 | <mass flow objective> of connection: c45               |   1.000e-05 |   1.000e+12 | kg / s  | 1.000e+00 |
|  19 | <mass flow objective> of connection: c46               |   1.000e-05 |   1.000e+12 | kg / s  | 1.000e+00 |
|  20 | <mass flow objective> of connection: c48               |   1.000e-05 |   1.000e+12 | kg / s  | 1.000e+00 |
|  21 | <mass flow objective> of connection: c52               |   1.000e-05 |   1.000e+12 | kg / s  | 1.000e+00 |
|  22 | <mass flow objective> of connection: c54               |   1.000e-05 |   1.000e+12 | kg / s  | 1.000e+00 |
|  23 | <mass flow objective> of connection: c56               |   1.000e-05 |   1.000e+12 | kg / s  | 1.000e+00 |
|  24 | <mass flow objective> of connection: c57               |   1.000e-05 |   1.000e+12 | kg / s  | 1.000e+00 |
|  25 | <mass flow objective> of connection: c58               |   1.000e-05 |   1.000e+12 | kg / s  | 1.000e+00 |
|  26 | <mass flow objective> of connection: c59               |   1.000e-05 |   1.000e+12 | kg / s  | 1.000e+00 |
|  27 | <mass flow objective> of connection: c6                |   1.000e-05 |   1.000e+12 | kg / s  | 1.000e+00 |
|  28 | <mass flow objective> of connection: c60               |   1.000e-05 |   1.000e+12 | kg / s  | 1.000e+00 |
|  29 | <mass flow objective> of connection: c61               |   1.000e-05 |   1.000e+12 | kg / s  | 1.000e+00 |
|  30 | <mass flow objective> of connection: c62               |   1.000e-05 |   1.000e+12 | kg / s  | 1.000e+00 |
|  31 | <mass flow objective> of connection: c63               |   1.000e-05 |   1.000e+12 | kg / s  | 1.000e+00 |
|  32 | <mass flow objective> of connection: c65               |   1.000e-05 |   1.000e+12 | kg / s  | 1.000e+00 |
|  33 | <mass flow objective> of connection: c68               |   1.000e-05 |   1.000e+12 | kg / s  | 1.000e+00 |
|  34 | <mass flow objective> of connection: c69               |   1.000e-05 |   1.000e+12 | kg / s  | 1.000e+00 |
|  35 | <mass flow objective> of connection: c73               |   1.000e-05 |   1.000e+12 | kg / s  | 1.000e+00 |
|  36 | <mass flow objective> of connection: c80               |   1.000e-05 |   1.000e+12 | kg / s  | 1.000e+00 |
|  37 | <mass flow objective> of connection: c81               |   1.000e-05 |   1.000e+12 | kg / s  | 1.000e+00 |
|  38 | <mass flow objective> of connection: c82               |   1.000e-05 |   1.000e+12 | kg / s  | 1.000e+00 |
|  39 | <mass flow objective> of connection: c83               |   1.000e-05 |   1.000e+12 | kg / s  | 1.000e+00 |
|  40 | <mass flow objective> of connection: d84               |   1.000e-05 |   1.000e+12 | kg / s  | 1.000e+00 |
|  41 | <mass flow objective> of connection: deaerator_cold_in |   1.000e-05 |   1.000e+12 | kg / s  | 1.000e+00 |
|  42 | <pressure objective> of connection: c10                |   1.001e-03 |   1.998e+02 | bar     | 1.000e+05 |
|  43 | <pressure objective> of connection: c16                |   1.000e-02 |   4.995e+02 | bar     | 1.000e+05 |
|  44 | <pressure objective> of connection: c18                |   1.001e-03 |   1.998e+02 | bar     | 1.000e+05 |
|  45 | <pressure objective> of connection: c26                |   1.001e-03 |   1.998e+02 | bar     | 1.000e+05 |
|  46 | <pressure objective> of connection: c27                |   6.123e-03 |   9.990e+03 | bar     | 1.000e+05 |
|  47 | <pressure objective> of connection: c29                |   6.123e-03 |   9.990e+03 | bar     | 1.000e+05 |
|  48 | <pressure objective> of connection: c33                |   1.001e-03 |   1.998e+02 | bar     | 1.000e+05 |
|  49 | <pressure objective> of connection: c34                |   1.001e-03 |   1.998e+02 | bar     | 1.000e+05 |
|  50 | <pressure objective> of connection: c35                |   6.123e-03 |   9.990e+03 | bar     | 1.000e+05 |
|  51 | <pressure objective> of connection: c38                |   6.123e-03 |   9.990e+03 | bar     | 1.000e+05 |
|  52 | <pressure objective> of connection: c39                |   1.001e-03 |   1.998e+02 | bar     | 1.000e+05 |
|  53 | <pressure objective> of connection: c49                |   6.123e-03 |   9.990e+03 | bar     | 1.000e+05 |
|  54 | <pressure objective> of connection: c50                |   6.123e-03 |   9.990e+03 | bar     | 1.000e+05 |
|  55 | <pressure objective> of connection: c52                |   6.123e-03 |   9.990e+03 | bar     | 1.000e+05 |
|  56 | <pressure objective> of connection: c55                |   6.123e-03 |   9.990e+03 | bar     | 1.000e+05 |
|  57 | <pressure objective> of connection: c65                |   6.123e-03 |   9.990e+03 | bar     | 1.000e+05 |
|  58 | <pressure objective> of connection: c67                |   6.123e-03 |   9.990e+03 | bar     | 1.000e+05 |
|  59 | <pressure objective> of connection: c7                 |   1.001e-03 |   1.998e+02 | bar     | 1.000e+05 |
|  60 | <pressure objective> of connection: c70                |   6.123e-03 |   9.990e+03 | bar     | 1.000e+05 |
|  61 | <pressure objective> of connection: c71                |   6.123e-03 |   9.990e+03 | bar     | 1.000e+05 |
|  62 | <pressure objective> of connection: c72                |   6.123e-03 |   9.990e+03 | bar     | 1.000e+05 |
|  63 | <pressure objective> of connection: c74                |   6.123e-03 |   9.990e+03 | bar     | 1.000e+05 |
|  64 | <pressure objective> of connection: c75                |   6.123e-03 |   9.990e+03 | bar     | 1.000e+05 |
|  65 | <pressure objective> of connection: c77                |   6.123e-03 |   9.990e+03 | bar     | 1.000e+05 |
|  66 | <pressure objective> of connection: c8                 |   1.000e-02 |   7.992e+02 | bar     | 1.000e+05 |
|  67 | <enthalpy objective> of connection: c10                |   1.000e+00 |   7.000e+03 | kJ / kg | 1.000e+05 |
|  68 | <enthalpy objective> of connection: c13                |   1.000e+00 |   7.000e+03 | kJ / kg | 1.000e+05 |
|  69 | <enthalpy objective> of connection: c16                |   1.000e+00 |   7.000e+03 | kJ / kg | 1.000e+05 |
|  70 | <enthalpy objective> of connection: c17                |   1.000e+00 |   7.000e+03 | kJ / kg | 1.000e+05 |
|  71 | <enthalpy objective> of connection: c18                |   1.000e+00 |   7.000e+03 | kJ / kg | 1.000e+05 |
|  72 | <enthalpy objective> of connection: c19                |   9.778e+02 | nan         | kJ / kg | 1.000e+05 |
|  73 | <enthalpy objective> of connection: c20                |   1.000e+00 | nan         | kJ / kg | 1.000e+05 |
|  74 | <enthalpy objective> of connection: c21                |   1.000e+00 |   7.000e+03 | kJ / kg | 1.000e+05 |
|  75 | <enthalpy objective> of connection: c25                |   2.567e+01 |   6.523e+03 | kJ / kg | 1.000e+05 |
|  76 | <enthalpy objective> of connection: c26                |   1.000e+00 |   7.000e+03 | kJ / kg | 1.000e+05 |
|  77 | <enthalpy objective> of connection: c27                |   1.000e+00 |   7.000e+03 | kJ / kg | 1.000e+05 |
|  78 | <enthalpy objective> of connection: c28                |   1.000e+00 |   7.000e+03 | kJ / kg | 1.000e+05 |
|  79 | <enthalpy objective> of connection: c29                |   1.000e+00 |   7.000e+03 | kJ / kg | 1.000e+05 |
|  80 | <enthalpy objective> of connection: c3                 |   1.000e+00 |   7.000e+03 | kJ / kg | 1.000e+05 |
|  81 | <enthalpy objective> of connection: c30                |   1.000e+00 |   7.000e+03 | kJ / kg | 1.000e+05 |
|  82 | <enthalpy objective> of connection: c32                |   1.000e+00 |   7.000e+03 | kJ / kg | 1.000e+05 |
|  83 | <enthalpy objective> of connection: c33                |   1.000e+00 |   7.000e+03 | kJ / kg | 1.000e+05 |
|  84 | <enthalpy objective> of connection: c34                |   1.000e+00 |   7.000e+03 | kJ / kg | 1.000e+05 |
|  85 | <enthalpy objective> of connection: c35                |   1.000e+00 |   7.000e+03 | kJ / kg | 1.000e+05 |
|  86 | <enthalpy objective> of connection: c38                |   1.000e+00 |   7.000e+03 | kJ / kg | 1.000e+05 |
|  87 | <enthalpy objective> of connection: c39                |   1.000e+00 |   7.000e+03 | kJ / kg | 1.000e+05 |
|  88 | <enthalpy objective> of connection: c4                 |   1.000e+00 |   7.000e+03 | kJ / kg | 1.000e+05 |
|  89 | <enthalpy objective> of connection: c40                |   1.738e+01 |   6.528e+03 | kJ / kg | 1.000e+05 |
|  90 | <enthalpy objective> of connection: c45                |   1.972e+01 |   6.526e+03 | kJ / kg | 1.000e+05 |
|  91 | <enthalpy objective> of connection: c49                |   1.000e+00 |   7.000e+03 | kJ / kg | 1.000e+05 |
|  92 | <enthalpy objective> of connection: c5                 |   1.000e+00 |   7.000e+03 | kJ / kg | 1.000e+05 |
|  93 | <enthalpy objective> of connection: c50                |   1.000e+00 |   7.000e+03 | kJ / kg | 1.000e+05 |
|  94 | <enthalpy objective> of connection: c52                |   1.633e+01 |   6.528e+03 | kJ / kg | 1.000e+05 |
|  95 | <enthalpy objective> of connection: c55                |   1.000e+00 |   7.000e+03 | kJ / kg | 1.000e+05 |
|  96 | <enthalpy objective> of connection: c56                |   1.633e+01 |   6.528e+03 | kJ / kg | 1.000e+05 |
|  97 | <enthalpy objective> of connection: c58                |   1.598e+01 |   6.529e+03 | kJ / kg | 1.000e+05 |
|  98 | <enthalpy objective> of connection: c6                 |   9.773e+02 |   1.806e+03 | kJ / kg | 1.000e+05 |
|  99 | <enthalpy objective> of connection: c60                |   1.585e+01 |   6.529e+03 | kJ / kg | 1.000e+05 |
| 100 | <enthalpy objective> of connection: c62                |   1.579e+01 |   6.529e+03 | kJ / kg | 1.000e+05 |
| 101 | <enthalpy objective> of connection: c64                |   1.573e+01 |   6.529e+03 | kJ / kg | 1.000e+05 |
| 102 | <enthalpy objective> of connection: c65                |   1.000e+00 |   7.000e+03 | kJ / kg | 1.000e+05 |
| 103 | <enthalpy objective> of connection: c67                |   1.000e+00 |   7.000e+03 | kJ / kg | 1.000e+05 |
| 104 | <enthalpy objective> of connection: c68                |   1.000e+00 |   7.000e+03 | kJ / kg | 1.000e+05 |
| 105 | <enthalpy objective> of connection: c69                |   1.000e+00 |   7.000e+03 | kJ / kg | 1.000e+05 |
| 106 | <enthalpy objective> of connection: c7                 |   1.000e+00 |   7.000e+03 | kJ / kg | 1.000e+05 |
| 107 | <enthalpy objective> of connection: c70                |   1.000e+00 |   7.000e+03 | kJ / kg | 1.000e+05 |
| 108 | <enthalpy objective> of connection: c72                |   1.000e+00 |   7.000e+03 | kJ / kg | 1.000e+05 |
| 109 | <enthalpy objective> of connection: c73                |   1.000e+00 |   7.000e+03 | kJ / kg | 1.000e+05 |
| 110 | <enthalpy objective> of connection: c75                |   1.000e+00 |   7.000e+03 | kJ / kg | 1.000e+05 |
| 111 | <enthalpy objective> of connection: c76                |   1.000e+00 |   7.000e+03 | kJ / kg | 1.000e+05 |
| 112 | <enthalpy objective> of connection: c78                |   1.633e+01 |   6.528e+03 | kJ / kg | 1.000e+05 |
| 113 | <enthalpy objective> of connection: c8                 |   1.000e+00 |   7.000e+03 | kJ / kg | 1.000e+05 |
| 114 | <enthalpy objective> of connection: c83                |   1.000e+00 |   7.000e+03 | kJ / kg | 1.000e+05 |
| 115 | <enthalpy objective> of connection: c87                |   9.774e+02 |   1.806e+03 | kJ / kg | 1.000e+05 |
| 116 | <enthalpy objective> of connection: c88                |   9.774e+02 |   1.806e+03 | kJ / kg | 1.000e+05 |
| 117 | <enthalpy objective> of connection: c89                |   9.775e+02 |   1.806e+03 | kJ / kg | 1.000e+05 |
| 118 | <enthalpy objective> of connection: c9                 |   1.000e+00 |   7.000e+03 | kJ / kg | 1.000e+05 |
| 119 | <enthalpy objective> of connection: deaerator_cold_in  |   1.633e+01 |   6.528e+03 | kJ / kg | 1.000e+05 |
| 120 | <enthalpy objective> of connection: heater_h_hot_in    |   1.000e+00 |   7.000e+03 | kJ / kg | 1.000e+05 |
| 121 | <enthalpy objective> of connection: heater_j_hot_in    |   1.585e+01 |   6.529e+03 | kJ / kg | 1.000e+05 |
| 122 | <enthalpy objective> of connection: heater_k_hot_in    |   1.579e+01 |   6.529e+03 | kJ / kg | 1.000e+05 |
+-----+--------------------------------------------------------+-------------+-------------+---------+-----------+
##### EQUATIONS #####
+-----+--------------------------------------------------------------------------------------+-----------+
|     | label                                                                                |     scale |
|-----+--------------------------------------------------------------------------------------+-----------|
|   0 | <connection property>: m_ref of c22                                                  | 1.000e+00 |
|   1 | <connection property>: m_ref of c48                                                  | 1.000e+00 |
|   2 | <component parameter>: Ki of FlowAmplifier: af_boiler_cold_in                        | 1.000e+00 |
|   3 | <component parameter>: Ki of FlowAmplifier: af_boiler_cold_out                       | 1.000e+00 |
|   4 | <component parameter>: Ki of FlowAmplifier: af_boiler_hot_in                         | 1.000e+00 |
|   5 | <component parameter>: Ki of FlowAmplifier: af_boiler_hot_out                        | 1.000e+00 |
|   6 | <component parameter>: Ki of FlowAmplifier: af_reheater_cold_in                      | 1.000e+00 |
|   7 | <component parameter>: Ki of FlowAmplifier: af_reheater_cold_out                     | 1.000e+00 |
|   8 | <component parameter>: Ki of FlowAmplifier: af_reheater_hot_in                       | 1.000e+00 |
|   9 | <component parameter>: Ki of FlowAmplifier: af_reheater_hot_out                      | 1.000e+00 |
|  10 | <component parameter>: eta_s of Compressor: air_compressor                           | 1.000e+05 |
|  11 | <component parameter>: T_in of HeatStorageTank: cold_salt_tank                       | 1.000e+01 |
|  12 | <component parameter>: T_out of HeatStorageTank: cold_salt_tank                      | 1.000e+01 |
|  13 | <component parameter>: eta of DiabaticCombustionChamber: combustion                  | 1.000e+05 |
|  14 | <component parameter>: eta_s of Pump: condense_pump                                  | 1.000e+05 |
|  15 | <component parameter>: KDTA of Condenser: condenser                                  | 1.000e+05 |
|  16 | <component parameter>: KDTA of Condenser: condenser                                  | 1.000e+05 |
|  17 | <component parameter>: dp1 of Condenser: condenser                                   | 1.000e+05 |
|  18 | <component parameter>: dp2 of Condenser: condenser                                   | 1.000e+05 |
|  19 | <component parameter>: subcooling of Condenser: condenser                            | 1.000e+05 |
|  20 | <component constraint>: mass_flow_constraints of Deaerator: deaerator                | 1.000e+00 |
|  21 | <component constraint>: energy_balance_constraints of Deaerator: deaerator           | 1.000e+05 |
|  22 | <component parameter>: KDTA of Evaporator: evaporator                                | 1.000e+05 |
|  23 | <component parameter>: KDTA of Evaporator: evaporator                                | 1.000e+05 |
|  24 | <component parameter>: dp1 of Evaporator: evaporator                                 | 1.000e+05 |
|  25 | <component parameter>: dp2 of Evaporator: evaporator                                 | 1.000e+05 |
|  26 | <component constraint>: mass_flow_constraints of EvaporateTank: evaporator_drum      | 1.000e+00 |
|  27 | <component constraint>: energy_balance_constraints of EvaporateTank: evaporator_drum | 1.000e+05 |
|  28 | <component constraint>: outlet_constraints1 of EvaporateTank: evaporator_drum        | 1.000e+05 |
|  29 | <component constraint>: outlet_constraints2 of EvaporateTank: evaporator_drum        | 1.000e+05 |
|  30 | <component parameter>: Ki of EvaporateTank: evaporator_drum                          | 1.000e+00 |
|  31 | <component parameter>: eta_s of Turbine: gas_turbine                                 | 1.000e+05 |
|  32 | <component parameter>: KDTA of HeatExchanger: heatexchanger_a                        | 1.000e+05 |
|  33 | <component parameter>: KDTA of HeatExchanger: heatexchanger_a                        | 1.000e+05 |
|  34 | <component parameter>: dp1 of HeatExchanger: heatexchanger_a                         | 1.000e+05 |
|  35 | <component parameter>: dp2 of HeatExchanger: heatexchanger_a                         | 1.000e+05 |
|  36 | <component parameter>: KDTA of HeatExchanger: heatexchanger_b                        | 1.000e+05 |
|  37 | <component parameter>: KDTA of HeatExchanger: heatexchanger_b                        | 1.000e+05 |
|  38 | <component parameter>: dp1 of HeatExchanger: heatexchanger_b                         | 1.000e+05 |
|  39 | <component parameter>: dp2 of HeatExchanger: heatexchanger_b                         | 1.000e+05 |
|  40 | <component parameter>: KDTA of HeatExchanger: heatexchanger_c                        | 1.000e+05 |
|  41 | <component parameter>: KDTA of HeatExchanger: heatexchanger_c                        | 1.000e+05 |
|  42 | <component parameter>: dp2 of HeatExchanger: heatexchanger_c                         | 1.000e+05 |
|  43 | <component parameter>: KDTA of HeatExchanger: heatexchanger_d                        | 1.000e+05 |
|  44 | <component parameter>: KDTA of HeatExchanger: heatexchanger_d                        | 1.000e+05 |
|  45 | <component parameter>: dp1 of HeatExchanger: heatexchanger_d                         | 1.000e+05 |
|  46 | <component parameter>: dp2 of HeatExchanger: heatexchanger_d                         | 1.000e+05 |
|  47 | <component parameter>: KDTA of HeatExchanger: heatexchanger_e                        | 1.000e+05 |
|  48 | <component parameter>: KDTA of HeatExchanger: heatexchanger_e                        | 1.000e+05 |
|  49 | <component parameter>: dp1 of HeatExchanger: heatexchanger_e                         | 1.000e+05 |
|  50 | <component parameter>: dp2 of HeatExchanger: heatexchanger_e                         | 1.000e+05 |
|  51 | <component parameter>: KDTA of HeatExchanger: heatexchanger_f                        | 1.000e+05 |
|  52 | <component parameter>: KDTA of HeatExchanger: heatexchanger_f                        | 1.000e+05 |
|  53 | <component parameter>: dp1 of HeatExchanger: heatexchanger_f                         | 1.000e+05 |
|  54 | <component parameter>: dp2 of HeatExchanger: heatexchanger_f                         | 1.000e+05 |
|  55 | <component parameter>: KDTA of ExtractHeatExchanger: heatexchanger_g                 | 1.000e+05 |
|  56 | <component parameter>: KDTA of ExtractHeatExchanger: heatexchanger_g                 | 1.000e+05 |
|  57 | <component parameter>: dp1 of ExtractHeatExchanger: heatexchanger_g                  | 1.000e+05 |
|  58 | <component parameter>: dp2 of ExtractHeatExchanger: heatexchanger_g                  | 1.000e+05 |
|  59 | <component parameter>: saturated_cooling of ExtractHeatExchanger: heatexchanger_g    | 1.000e+05 |
|  60 | <component parameter>: KDTA of ExtractHeatExchanger: heatexchanger_h                 | 1.000e+05 |
|  61 | <component parameter>: KDTA of ExtractHeatExchanger: heatexchanger_h                 | 1.000e+05 |
|  62 | <component parameter>: dp1 of ExtractHeatExchanger: heatexchanger_h                  | 1.000e+05 |
|  63 | <component parameter>: dp2 of ExtractHeatExchanger: heatexchanger_h                  | 1.000e+05 |
|  64 | <component parameter>: saturated_cooling of ExtractHeatExchanger: heatexchanger_h    | 1.000e+05 |
|  65 | <component parameter>: KDTA of ExtractHeatExchanger: heatexchanger_i                 | 1.000e+05 |
|  66 | <component parameter>: KDTA of ExtractHeatExchanger: heatexchanger_i                 | 1.000e+05 |
|  67 | <component parameter>: dp1 of ExtractHeatExchanger: heatexchanger_i                  | 1.000e+05 |
|  68 | <component parameter>: dp2 of ExtractHeatExchanger: heatexchanger_i                  | 1.000e+05 |
|  69 | <component parameter>: saturated_cooling of ExtractHeatExchanger: heatexchanger_i    | 1.000e+05 |
|  70 | <component parameter>: KDTA of ExtractHeatExchanger: heatexchanger_j                 | 1.000e+05 |
|  71 | <component parameter>: KDTA of ExtractHeatExchanger: heatexchanger_j                 | 1.000e+05 |
|  72 | <component parameter>: dp1 of ExtractHeatExchanger: heatexchanger_j                  | 1.000e+05 |
|  73 | <component parameter>: dp2 of ExtractHeatExchanger: heatexchanger_j                  | 1.000e+05 |
|  74 | <component parameter>: saturated_cooling of ExtractHeatExchanger: heatexchanger_j    | 1.000e+05 |
|  75 | <component parameter>: KDTA of ExtractHeatExchanger: heatexchanger_k                 | 1.000e+05 |
|  76 | <component parameter>: KDTA of ExtractHeatExchanger: heatexchanger_k                 | 1.000e+05 |
|  77 | <component parameter>: dp1 of ExtractHeatExchanger: heatexchanger_k                  | 1.000e+05 |
|  78 | <component parameter>: dp2 of ExtractHeatExchanger: heatexchanger_k                  | 1.000e+05 |
|  79 | <component parameter>: saturated_cooling of ExtractHeatExchanger: heatexchanger_k    | 1.000e+05 |
|  80 | <component parameter>: eta_s of Turbine: hp_turbine1                                 | 1.000e+05 |
|  81 | <component parameter>: eta_s of Turbine: hp_turbine2                                 | 1.000e+05 |
|  82 | <component parameter>: eta_s of Turbine: lp_turbine1                                 | 1.000e+05 |
|  83 | <component parameter>: eta_s of Turbine: lp_turbine2                                 | 1.000e+05 |
|  84 | <component parameter>: eta_s of Turbine: lp_turbine3                                 | 1.000e+05 |
|  85 | <component parameter>: eta_s of Turbine: lp_turbine4                                 | 1.000e+05 |
|  86 | <component parameter>: eta_s of Turbine: lp_turbine5                                 | 1.000e+05 |
|  87 | <component constraint>: mass_flow_constraints of Merge: merge_12_13_21               | 1.000e+00 |
|  88 | <component constraint>: energy_balance_constraints of Merge: merge_12_13_21          | 1.000e+05 |
|  89 | <component constraint>: mass_flow_constraints of Merge: merge_18_82_83               | 1.000e+00 |
|  90 | <component constraint>: energy_balance_constraints of Merge: merge_18_82_83          | 1.000e+05 |
|  91 | <component constraint>: mass_flow_constraints of Merge: merge_36_80_81               | 1.000e+00 |
|  92 | <component constraint>: energy_balance_constraints of Merge: merge_36_80_81          | 1.000e+05 |
|  93 | <component constraint>: mass_flow_constraints of Merge: merge_67_68_69               | 1.000e+00 |
|  94 | <component constraint>: energy_balance_constraints of Merge: merge_67_68_69          | 1.000e+05 |
|  95 | <component constraint>: mass_flow_constraints of Merge: merge_7_9_10                 | 1.000e+00 |
|  96 | <component constraint>: energy_balance_constraints of Merge: merge_7_9_10            | 1.000e+05 |
|  97 | <component constraint>: mass_flow_constraints of Merge: merge_deaerator              | 1.000e+00 |
|  98 | <component constraint>: energy_balance_constraints of Merge: merge_deaerator         | 1.000e+05 |
|  99 | <component constraint>: mass_flow_constraints of Merge: merge_heater_h               | 1.000e+00 |
| 100 | <component constraint>: energy_balance_constraints of Merge: merge_heater_h          | 1.000e+05 |
| 101 | <component constraint>: mass_flow_constraints of Merge: merge_heater_j               | 1.000e+00 |
| 102 | <component constraint>: energy_balance_constraints of Merge: merge_heater_j          | 1.000e+05 |
| 103 | <component constraint>: mass_flow_constraints of Merge: merge_heater_k               | 1.000e+00 |
| 104 | <component constraint>: energy_balance_constraints of Merge: merge_heater_k          | 1.000e+05 |
| 105 | <component parameter>: eta_s of Pump: oil_recycle_pump1                              | 1.000e+05 |
| 106 | <component parameter>: eta_s of Pump: oil_recycle_pump2                              | 1.000e+05 |
| 107 | <component parameter>: energy of SolarCollector: solar_collector1                    | 1.000e+05 |
| 108 | <component parameter>: energy of SolarCollector: solar_collector2                    | 1.000e+05 |
| 109 | <component parameter>: energy of SolarCollector: solar_collector3                    | 1.000e+05 |
| 110 | <component parameter>: energy of SolarCollector: solar_collector4                    | 1.000e+05 |
| 111 | <component constraint>: mass_flow_constraints of Splitter: splitter_10_11_12         | 1.000e+00 |
| 112 | <component constraint>: mass_flow_constraints of Splitter: splitter_20_81_82         | 1.000e+00 |
| 113 | <component constraint>: mass_flow_constraints of Splitter: splitter_21_22_23         | 1.000e+00 |
| 114 | <component constraint>: mass_flow_constraints of Splitter: splitter_42_47_48         | 1.000e+00 |
| 115 | <component constraint>: mass_flow_constraints of Splitter: splitter_6_84_85          | 1.000e+00 |
| 116 | <component constraint>: mass_flow_constraints of Splitter: splitter_h1               | 1.000e+00 |
| 117 | <component constraint>: mass_flow_constraints of Splitter: splitter_l1               | 1.000e+00 |
| 118 | <component constraint>: mass_flow_constraints of Splitter: splitter_l2               | 1.000e+00 |
| 119 | <component constraint>: mass_flow_constraints of Splitter: splitter_l3               | 1.000e+00 |
| 120 | <component constraint>: mass_flow_constraints of Splitter: splitter_l4               | 1.000e+00 |
| 121 | <component parameter>: eta_s of Pump: steam_recycle_pump                             | 1.000e+05 |
| 122 | <component parameter>: eta_s of Pump: water_recycle_pump                             | 1.000e+05 |
+-----+--------------------------------------------------------------------------------------+-----------+
##### FLUID VARIABLES #####
+----+-------------------------------------+---------------------+
|    | label                               | fluid composition   |
|----+-------------------------------------+---------------------|
|  0 | <fluid objective> of connection: c4 | CH4                 |
|  1 | <fluid objective> of connection: c4 | N2                  |
|  2 | <fluid objective> of connection: c4 | Ar                  |
|  3 | <fluid objective> of connection: c4 | CO2                 |
|  4 | <fluid objective> of connection: c4 | O2                  |
|  5 | <fluid objective> of connection: c4 | H2O                 |
+----+-------------------------------------+---------------------+
##### FLUID EQUATIONS #####
+----+------------------------------------------------------------------------------------------------+---------------------+
|    | label                                                                                          | fluid composition   |
|----+------------------------------------------------------------------------------------------------+---------------------|
|  0 | fluid composition equation: stoichiometry_constraints of DiabaticCombustionChamber: combustion | CH4                 |
|  1 | fluid composition equation: stoichiometry_constraints of DiabaticCombustionChamber: combustion | N2                  |
|  2 | fluid composition equation: stoichiometry_constraints of DiabaticCombustionChamber: combustion | Ar                  |
|  3 | fluid composition equation: stoichiometry_constraints of DiabaticCombustionChamber: combustion | CO2                 |
|  4 | fluid composition equation: stoichiometry_constraints of DiabaticCombustionChamber: combustion | O2                  |
|  5 | fluid composition equation: stoichiometry_constraints of DiabaticCombustionChamber: combustion | H2O                 |
+----+------------------------------------------------------------------------------------------------+---------------------+
2026-05-03 12:21:37,464 - DEBUG - network - 
##### TEMPERATURE BOUNDS #####
+-------------------+-------------+-------------+--------+
|                   |   min value |   max value | unit   |
|-------------------+-------------+-------------+--------|
| c10               |   1.536e+01 |   4.131e+02 | C      |
| c11               |   1.536e+01 |   4.131e+02 | C      |
| c12               |   1.536e+01 |   4.131e+02 | C      |
| c13               |   1.536e+01 |   4.131e+02 | C      |
| c16               |   2.350e+02 |   5.684e+02 | C      |
| c17               |   2.350e+02 |   5.684e+02 | C      |
| c18               |   1.536e+01 |   4.131e+02 | C      |
| c19               |   1.536e+01 |   4.131e+02 | C      |
| c20               |   1.536e+01 |   4.131e+02 | C      |
| c21               |   1.536e+01 |   4.131e+02 | C      |
| c22               |   1.536e+01 |   4.131e+02 | C      |
| c23               |   1.536e+01 |   4.131e+02 | C      |
| c24               |   1.536e+01 |   4.131e+02 | C      |
| c25               |   2.742e+00 |   1.707e+03 | C      |
| c26               |   1.536e+01 |   4.131e+02 | C      |
| c27               |   2.742e+00 |   1.707e+03 | C      |
| c28               |   2.742e+00 |   1.707e+03 | C      |
| c29               |   2.742e+00 |   1.707e+03 | C      |
| c3                |   2.850e+00 |   1.707e+03 | C      |
| c30               |   2.742e+00 |   1.707e+03 | C      |
| c31               |   2.742e+00 |   1.707e+03 | C      |
| c32               |   2.742e+00 |   1.707e+03 | C      |
| c33               |   1.536e+01 |   4.131e+02 | C      |
| c34               |   1.536e+01 |   4.131e+02 | C      |
| c35               |   2.742e+00 |   1.707e+03 | C      |
| c36               |   1.536e+01 |   4.131e+02 | C      |
| c37               |   1.536e+01 |   4.131e+02 | C      |
| c38               |   2.742e+00 |   1.707e+03 | C      |
| c39               |   1.536e+01 |   4.131e+02 | C      |
| c4                |   2.850e+00 |   1.707e+03 | C      |
| c40               |   2.742e+00 |   1.707e+03 | C      |
| c41               |   2.742e+00 |   1.707e+03 | C      |
| c42               |   2.742e+00 |   1.707e+03 | C      |
| c43               |   2.742e+00 |   1.707e+03 | C      |
| c44               |   2.742e+00 |   1.707e+03 | C      |
| c45               |   2.742e+00 |   1.707e+03 | C      |
| c46               |   2.742e+00 |   1.707e+03 | C      |
| c47               |   2.742e+00 |   1.707e+03 | C      |
| c48               |   2.742e+00 |   1.707e+03 | C      |
| c49               |   2.742e+00 |   1.707e+03 | C      |
| c5                |   2.850e+00 |   1.707e+03 | C      |
| c50               |   2.742e+00 |   1.707e+03 | C      |
| c51               |   2.742e+00 |   1.707e+03 | C      |
| c52               |   2.742e+00 |   1.707e+03 | C      |
| c53               |   2.742e+00 |   1.707e+03 | C      |
| c55               |   2.742e+00 |   1.707e+03 | C      |
| c56               |   2.742e+00 |   1.707e+03 | C      |
| c57               |   2.742e+00 |   1.707e+03 | C      |
| c58               |   2.742e+00 |   1.707e+03 | C      |
| c59               |   2.742e+00 |   1.707e+03 | C      |
| c6                |   1.536e+01 |   4.131e+02 | C      |
| c60               |   2.742e+00 |   1.707e+03 | C      |
| c61               |   2.742e+00 |   1.707e+03 | C      |
| c62               |   2.742e+00 |   1.707e+03 | C      |
| c63               |   2.742e+00 |   1.707e+03 | C      |
| c64               |   2.742e+00 |   1.707e+03 | C      |
| c65               |   2.742e+00 |   1.707e+03 | C      |
| c67               |   2.742e+00 |   1.707e+03 | C      |
| c68               |   2.742e+00 |   1.707e+03 | C      |
| c69               |   2.742e+00 |   1.707e+03 | C      |
| c7                |   1.536e+01 |   4.131e+02 | C      |
| c70               |   2.742e+00 |   1.707e+03 | C      |
| c71               |   2.742e+00 |   1.707e+03 | C      |
| c72               |   2.742e+00 |   1.707e+03 | C      |
| c73               |   2.742e+00 |   1.707e+03 | C      |
| c74               |   2.742e+00 |   1.707e+03 | C      |
| c75               |   2.742e+00 |   1.707e+03 | C      |
| c76               |   2.742e+00 |   1.707e+03 | C      |
| c77               |   2.742e+00 |   1.707e+03 | C      |
| c78               |   2.742e+00 |   1.707e+03 | C      |
| c8                |   2.850e+00 |   1.707e+03 | C      |
| c80               |   1.536e+01 |   4.131e+02 | C      |
| c81               |   1.536e+01 |   4.131e+02 | C      |
| c82               |   1.536e+01 |   4.131e+02 | C      |
| c83               |   1.536e+01 |   4.131e+02 | C      |
| c84               |   1.536e+01 |   4.131e+02 | C      |
| c85               |   1.536e+01 |   4.131e+02 | C      |
| c86               |   1.536e+01 |   4.131e+02 | C      |
| c87               |   1.536e+01 |   4.131e+02 | C      |
| c88               |   1.536e+01 |   4.131e+02 | C      |
| c89               |   1.536e+01 |   4.131e+02 | C      |
| c9                |   1.536e+01 |   4.131e+02 | C      |
| c90               |   1.536e+01 |   4.131e+02 | C      |
| d36               |   1.536e+01 |   4.131e+02 | C      |
| d7                |   1.536e+01 |   4.131e+02 | C      |
| d80               |   1.536e+01 |   4.131e+02 | C      |
| d84               |   1.536e+01 |   4.131e+02 | C      |
| d9                |   1.536e+01 |   4.131e+02 | C      |
| deaerator_cold_in |   2.742e+00 |   1.707e+03 | C      |
| h1_out            |   2.742e+00 |   1.707e+03 | C      |
| heater_h_hot_in   |   2.742e+00 |   1.707e+03 | C      |
| heater_j_hot_in   |   2.742e+00 |   1.707e+03 | C      |
| heater_k_hot_in   |   2.742e+00 |   1.707e+03 | C      |
| l1_out            |   2.742e+00 |   1.707e+03 | C      |
| l2_out            |   2.742e+00 |   1.707e+03 | C      |
| l3_out            |   2.742e+00 |   1.707e+03 | C      |
| l4_out            |   2.742e+00 |   1.707e+03 | C      |
+-------------------+-------------+-------------+--------+
2026-05-03 12:21:37,468 - DEBUG - network - has no linear dependence in network topology
2026-05-03 12:21:37,468 - INFO - network - Starting solver.
2026-05-03 12:21:37,478 - PROGRESS - network -  iter  | residual   | progress   | massflow   | pressure   | enthalpy   | voltage    | electricity | frequency  | fluid      | component  
2026-05-03 12:21:37,478 - PROGRESS - network - -------+------------+------------+------------+------------+------------+------------+------------+------------+------------+------------
2026-05-03 12:21:37,483 - DEBUG - network - the fluid calculation done in 0th iteration
2026-05-03 12:21:54,421 - WARNING - warnings - FutureWarning: invalid value encountered in det
2026-05-03 12:21:54,422 - DEBUG - network - matrix value: nan
2026-05-03 12:21:54,489 - DEBUG - network - singular matrix constructure: SVD did not converge
2026-05-03 12:21:54,490 - DEBUG - network - Invalid matrix: SVD did not converge
2026-05-03 12:21:54,508 - DEBUG - network - 
##### VARIABLES BOUNDS #####
+------------+------------------------+--------+------------+-------------+-------------+---------+
|            | label                  | type   |      value |   min value |   max value | unit    |
+============+========================+========+============+=============+=============+=========+
| bounds_25  | <mass flow objective>  | below  | -1.734e+00 |   1.000e-05 | nan         | kg / s  |
|            | of connection: c58     |        |            |             |             |         |
+------------+------------------------+--------+------------+-------------+-------------+---------+
| bounds_28  | <mass flow objective>  | below  | -7.997e-01 |   1.000e-05 | nan         | kg / s  |
|            | of connection: c60     |        |            |             |             |         |
+------------+------------------------+--------+------------+-------------+-------------+---------+
| bounds_57  | <pressure objective>   | below  | -9.060e-01 |   6.123e-03 | nan         | bar     |
|            | of connection: c65     |        |            |             |             |         |
+------------+------------------------+--------+------------+-------------+-------------+---------+
| bounds_98  | <enthalpy objective>   | above  |  1.828e+03 | nan         |   1.806e+03 | kJ / kg |
|            | of connection: c6      |        |            |             |             |         |
+------------+------------------------+--------+------------+-------------+-------------+---------+
| bounds_103 | <enthalpy objective>   | below  | -1.566e+02 |   1.000e+00 | nan         | kJ / kg |
|            | of connection: c67     |        |            |             |             |         |
+------------+------------------------+--------+------------+-------------+-------------+---------+
| bounds_107 | <enthalpy objective>   | below  | -1.981e+02 |   1.000e+00 | nan         | kJ / kg |
|            | of connection: c70     |        |            |             |             |         |
+------------+------------------------+--------+------------+-------------+-------------+---------+
| bounds_116 | <enthalpy objective>   | above  |  1.987e+03 | nan         |   1.806e+03 | kJ / kg |
|            | of connection: c88     |        |            |             |             |         |
+------------+------------------------+--------+------------+-------------+-------------+---------+
##### VARIABLES CONSTRAINTS #####
+-----------------+-----------------------+--------+------------------+-------------+-------------+-----------------+------------+-----------------+-------------------------+-------------------------+--------------------+
|                 | label                 | type   |   enthalpy value |   min value |   max value | enthalpy unit   |   pressure | pressure unit   |   temperature min value |   temperature max value | temperature unit   |
+=================+=======================+========+==================+=============+=============+=================+============+=================+=========================+=========================+====================+
| constraints_68  | <enthalpy objective>  | above  |        2.177e+03 | nan         |   1.806e+03 | kJ / kg         |  1.744e+01 | bar             |             nan         |               4.131e+02 | C                  |
|                 | of connection: c13    |        |                  |             |             |                 |            |                 |                         |                         |                    |
+-----------------+-----------------------+--------+------------------+-------------+-------------+-----------------+------------+-----------------+-------------------------+-------------------------+--------------------+
| constraints_71  | <enthalpy objective>  | above  |        1.867e+03 | nan         |   1.806e+03 | kJ / kg         |  1.541e+01 | bar             |             nan         |               4.131e+02 | C                  |
|                 | of connection: c18    |        |                  |             |             |                 |            |                 |                         |                         |                    |
+-----------------+-----------------------+--------+------------------+-------------+-------------+-----------------+------------+-----------------+-------------------------+-------------------------+--------------------+
| constraints_74  | <enthalpy objective>  | above  |        2.108e+03 | nan         |   1.806e+03 | kJ / kg         |  1.744e+01 | bar             |             nan         |               4.131e+02 | C                  |
|                 | of connection: c21    |        |                  |             |             |                 |            |                 |                         |                         |                    |
+-----------------+-----------------------+--------+------------------+-------------+-------------+-----------------+------------+-----------------+-------------------------+-------------------------+--------------------+
| constraints_76  | <enthalpy objective>  | above  |        2.196e+03 | nan         |   1.806e+03 | kJ / kg         |  1.957e+01 | bar             |             nan         |               4.131e+02 | C                  |
|                 | of connection: c26    |        |                  |             |             |                 |            |                 |                         |                         |                    |
+-----------------+-----------------------+--------+------------------+-------------+-------------+-----------------+------------+-----------------+-------------------------+-------------------------+--------------------+
| constraints_102 | <enthalpy objective>  | below  |        6.091e+02 |   2.508e+03 | nan         | kJ / kg         |  7.123e-03 | bar             |               2.742e+00 |             nan         | C                  |
|                 | of connection: c65    |        |                  |             |             |                 |            |                 |                         |                         |                    |
+-----------------+-----------------------+--------+------------------+-------------+-------------+-----------------+------------+-----------------+-------------------------+-------------------------+--------------------+
| constraints_103 | <enthalpy objective>  | below  |        1.100e+00 |   1.602e+01 | nan         | kJ / kg         |  2.907e+00 | bar             |               2.742e+00 |             nan         | C                  |
|                 | of connection: c67    |        |                  |             |             |                 |            |                 |                         |                         |                    |
+-----------------+-----------------------+--------+------------------+-------------+-------------+-----------------+------------+-----------------+-------------------------+-------------------------+--------------------+
| constraints_107 | <enthalpy objective>  | below  |        1.100e+00 |   1.630e+01 | nan         | kJ / kg         |  5.780e+00 | bar             |               2.742e+00 |             nan         | C                  |
|                 | of connection: c70    |        |                  |             |             |                 |            |                 |                         |                         |                    |
+-----------------+-----------------------+--------+------------------+-------------+-------------+-----------------+------------+-----------------+-------------------------+-------------------------+--------------------+
2026-05-03 12:21:54,508 - PROGRESS - network -  1     | NaN        | NaN        | NaN        | NaN        | NaN        | NaN        | NaN        | NaN        | NaN        | NaN        
2026-05-03 12:21:54,509 - DEBUG - network - the fluid calculation done in 0th iteration
2026-05-03 12:21:57,717 - DEBUG - helpers - The Newton algorithm was not able to find a feasible value for function <function h_mix_pT_ideal_cond at 0x0000021FDE30D3A0> in <function T_mix_ph at 0x0000021FDE30DD00>.
      Current value with x=348.5511368590031 is 484726.5790016372, target value is 484729.93954793416,
      residual is 3.3605462969862856 after 13 iterations.
2026-05-03 12:21:57,728 - DEBUG - helpers - The Newton algorithm was not able to find a feasible value for function <function h_mix_pT_ideal_cond at 0x0000021FDE30D3A0> in <function T_mix_ph at 0x0000021FDE30DD00>.
      Current value with x=342.72672521058865 is 452647.2874929023, target value is 452628.85765399097,
      residual is -18.429838911339175 after 13 iterations.
2026-05-03 12:21:57,738 - DEBUG - helpers - The Newton algorithm was not able to find a feasible value for function <function h_mix_pT_ideal_cond at 0x0000021FDE30D3A0> in <function T_mix_ph at 0x0000021FDE30DD00>.
      Current value with x=335.8419609464196 is 420590.143769851, target value is 420516.4956297682,
      residual is -73.64814008283429 after 13 iterations.
2026-05-03 12:21:57,768 - DEBUG - helpers - The Newton algorithm was not able to find a feasible value for function <function h_mix_pT_ideal_cond at 0x0000021FDE30D3A0> in <function T_mix_ph at 0x0000021FDE30DD00>.
      Current value with x=275.9 is 280829.8766230406, target value is 250010.0334427667,
      residual is -30819.843180273892 after 13 iterations.
2026-05-03 12:21:57,778 - DEBUG - helpers - The Newton algorithm was not able to find a feasible value for function <function h_mix_pT_ideal_cond at 0x0000021FDE30D3A0> in <function T_mix_ph at 0x0000021FDE30DD00>.
      Current value with x=275.9 is 280920.94040371344, target value is 213162.59047916633,
      residual is -67758.3499245471 after 13 iterations.
2026-05-03 12:21:57,788 - DEBUG - helpers - The Newton algorithm was not able to find a feasible value for function <function h_mix_pT_ideal_cond at 0x0000021FDE30D3A0> in <function T_mix_ph at 0x0000021FDE30DD00>.
      Current value with x=275.9 is 281016.1462920033, target value is 177339.36074087667,
      residual is -103676.78555112661 after 13 iterations.
2026-05-03 12:21:57,797 - DEBUG - helpers - The Newton algorithm was not able to find a feasible value for function <function h_mix_pT_ideal_cond at 0x0000021FDE30D3A0> in <function T_mix_ph at 0x0000021FDE30DD00>.
      Current value with x=275.9 is 281115.8566261977, target value is 142511.87507374852,
      residual is -138603.98155244917 after 13 iterations.
2026-05-03 12:21:57,806 - DEBUG - helpers - The Newton algorithm was not able to find a feasible value for function <function h_mix_pT_ideal_cond at 0x0000021FDE30D3A0> in <function T_mix_ph at 0x0000021FDE30DD00>.
      Current value with x=275.9 is 281220.4772999543, target value is 108652.4556556698,
      residual is -172568.02164428448 after 13 iterations.
2026-05-03 12:21:57,816 - DEBUG - helpers - The Newton algorithm was not able to find a feasible value for function <function h_mix_pT_ideal_cond at 0x0000021FDE30D3A0> in <function T_mix_ph at 0x0000021FDE30DD00>.
      Current value with x=275.9 is 281330.4645095583, target value is 75734.19400060482,
      residual is -205596.27050895346 after 13 iterations.
2026-05-03 12:21:57,825 - DEBUG - helpers - The Newton algorithm was not able to find a feasible value for function <function h_mix_pT_ideal_cond at 0x0000021FDE30D3A0> in <function T_mix_ph at 0x0000021FDE30DD00>.
      Current value with x=275.9 is 281446.3327955622, target value is 43730.92957403615,
      residual is -237715.40322152607 after 13 iterations.
2026-05-03 12:21:57,835 - DEBUG - helpers - The Newton algorithm was not able to find a feasible value for function <function h_mix_pT_ideal_cond at 0x0000021FDE30D3A0> in <function T_mix_ph at 0x0000021FDE30DD00>.
      Current value with x=275.9 is 281568.6646780738, target value is 12617.229002814154,
      residual is -268951.4356752596 after 13 iterations.
2026-05-03 12:21:57,844 - DEBUG - helpers - The Newton algorithm was not able to find a feasible value for function <function h_mix_pT_ideal_cond at 0x0000021FDE30D3A0> in <function T_mix_ph at 0x0000021FDE30DD00>.
      Current value with x=275.9 is 281698.1222667344, target value is -17631.634137108,
      residual is -299329.7564038424 after 13 iterations.
2026-05-03 12:21:57,852 - DEBUG - helpers - The Newton algorithm was not able to find a feasible value for function <function h_mix_pT_ideal_cond at 0x0000021FDE30D3A0> in <function T_mix_ph at 0x0000021FDE30DD00>.
      Current value with x=275.9 is 281835.4613342351, target value is -47039.69897111671,
      residual is -328875.16030535183 after 13 iterations.
2026-05-03 12:21:57,862 - DEBUG - helpers - The Newton algorithm was not able to find a feasible value for function <function h_mix_pT_ideal_cond at 0x0000021FDE30D3A0> in <function T_mix_ph at 0x0000021FDE30DD00>.
      Current value with x=275.9 is 281981.5484855961, target value is -75630.3364301743,
      residual is -357611.8849157704 after 13 iterations.
2026-05-03 12:21:58,008 - DEBUG - helpers - The Newton algorithm was not able to find a feasible value for function <function h_mix_pT_ideal_cond at 0x0000021FDE30D3A0> in <function T_mix_ph at 0x0000021FDE30DD00>.
      Current value with x=348.55113243004155 is 484726.5502741265, target value is 484729.91080766893,
      residual is 3.360533542407211 after 13 iterations.
2026-05-03 12:21:58,018 - DEBUG - helpers - The Newton algorithm was not able to find a feasible value for function <function h_mix_pT_ideal_cond at 0x0000021FDE30D3A0> in <function T_mix_ph at 0x0000021FDE30DD00>.
      Current value with x=342.7267151868147 is 452647.2327319016, target value is 452628.80283951457,
      residual is -18.429892387008294 after 13 iterations.
2026-05-03 12:21:58,028 - DEBUG - helpers - The Newton algorithm was not able to find a feasible value for function <function h_mix_pT_ideal_cond at 0x0000021FDE30D3A0> in <function T_mix_ph at 0x0000021FDE30DD00>.
      Current value with x=335.8419410739394 is 420590.0547418633, target value is 420516.4064353199,
      residual is -73.64830654335674 after 13 iterations.
2026-05-03 12:35:15,561 - INFO - logger - Path for logging: solar_thermal_combine_plant_loggings\Aurora.log
2026-05-03 12:35:15,561 - INFO - logger - Used AURORA version: 0.1.1 - GCC's Nature
2026-05-03 12:35:15,562 - DEBUG - connection - Created reference object with factor 0.09 and delta 0 referring to connection c47
2026-05-03 12:35:15,562 - DEBUG - connection - Created reference object with factor 0.11 and delta 0 referring to connection c21
2026-05-03 12:35:15,795 - DEBUG - network - Removing 0 mass flow variables from ['c31'] from system variables.
2026-05-03 12:35:15,795 - DEBUG - network - Removing 1 mass flow variables from ['c9', 'd9'] from system variables.
2026-05-03 12:35:15,795 - DEBUG - network - Removing 1 mass flow variables from ['c1', 'c3'] from system variables.
2026-05-03 12:35:15,795 - DEBUG - network - Removing 1 mass flow variables from ['c16', 'c14'] from system variables.
2026-05-03 12:35:15,795 - DEBUG - network - Removing 0 mass flow variables from ['c79'] from system variables.
2026-05-03 12:35:15,796 - DEBUG - network - Removing 0 mass flow variables from ['c2'] from system variables.
2026-05-03 12:35:15,796 - DEBUG - network - Removing 0 mass flow variables from ['c15'] from system variables.
2026-05-03 12:35:15,797 - INFO - network - ########----Simplify Fluid System Successful----########
2026-05-03 12:35:15,829 - DEBUG - network - Updated fluid property SI values and fluid mass fraction for user specified connection parameters.
2026-05-03 12:35:15,844 - INFO - network - ########----Network check successful----########
2026-05-03 12:35:15,844 - DEBUG - network - Solver properties:
 - mode: offdesign
 - init_path: solar_thermal_combine_plant_design_1
 - design_path: solar_thermal_combine_plant_design_1
 - min_iter: 4
 - max_iter: 150
2026-05-03 12:35:15,844 - DEBUG - network - Network information:
 - Number of components: 84
 - Number of fluid components: 84
 - Number of electric components: 0
 - Number of connections: 106
 - Number of fluid connections: 106
 - Number of electric connections: 0
 - Number of busses: 0
2026-05-03 12:35:15,850 - WARNING - warnings - FutureWarning: Downcasting object dtype arrays on .fillna, .ffill, .bfill is deprecated and will change in a future version. Call result.infer_objects(copy=False) instead. To opt-in to the future behavior, set `pd.set_option('future.no_silent_downcasting', True)`
2026-05-03 12:35:15,853 - WARNING - warnings - FutureWarning: Downcasting object dtype arrays on .fillna, .ffill, .bfill is deprecated and will change in a future version. Call result.infer_objects(copy=False) instead. To opt-in to the future behavior, set `pd.set_option('future.no_silent_downcasting', True)`
2026-05-03 12:35:15,854 - WARNING - warnings - FutureWarning: Downcasting object dtype arrays on .fillna, .ffill, .bfill is deprecated and will change in a future version. Call result.infer_objects(copy=False) instead. To opt-in to the future behavior, set `pd.set_option('future.no_silent_downcasting', True)`
2026-05-03 12:35:15,858 - DEBUG - network - Could not find component 'merge_12_13_21' in design case file. This is is critical only to components, which need to load design values from this case.
2026-05-03 12:35:15,859 - DEBUG - network - Could not find component 'merge_18_82_83' in design case file. This is is critical only to components, which need to load design values from this case.
2026-05-03 12:35:15,859 - DEBUG - network - Could not find component 'merge_36_80_81' in design case file. This is is critical only to components, which need to load design values from this case.
2026-05-03 12:35:15,859 - DEBUG - network - Could not find component 'merge_67_68_69' in design case file. This is is critical only to components, which need to load design values from this case.
2026-05-03 12:35:15,859 - DEBUG - network - Could not find component 'merge_7_9_10' in design case file. This is is critical only to components, which need to load design values from this case.
2026-05-03 12:35:15,859 - DEBUG - network - Could not find component 'merge_deaerator' in design case file. This is is critical only to components, which need to load design values from this case.
2026-05-03 12:35:15,859 - DEBUG - network - Could not find component 'merge_heater_h' in design case file. This is is critical only to components, which need to load design values from this case.
2026-05-03 12:35:15,859 - DEBUG - network - Could not find component 'merge_heater_j' in design case file. This is is critical only to components, which need to load design values from this case.
2026-05-03 12:35:15,859 - DEBUG - network - Could not find component 'merge_heater_k' in design case file. This is is critical only to components, which need to load design values from this case.
2026-05-03 12:35:15,860 - DEBUG - network - Could not find component 'splitter_10_11_12' in design case file. This is is critical only to components, which need to load design values from this case.
2026-05-03 12:35:15,860 - DEBUG - network - Could not find component 'splitter_20_81_82' in design case file. This is is critical only to components, which need to load design values from this case.
2026-05-03 12:35:15,860 - DEBUG - network - Could not find component 'splitter_21_22_23' in design case file. This is is critical only to components, which need to load design values from this case.
2026-05-03 12:35:15,860 - DEBUG - network - Could not find component 'splitter_42_47_48' in design case file. This is is critical only to components, which need to load design values from this case.
2026-05-03 12:35:15,860 - DEBUG - network - Could not find component 'splitter_6_84_85' in design case file. This is is critical only to components, which need to load design values from this case.
2026-05-03 12:35:15,860 - DEBUG - network - Could not find component 'splitter_h1' in design case file. This is is critical only to components, which need to load design values from this case.
2026-05-03 12:35:15,860 - DEBUG - network - Could not find component 'splitter_l1' in design case file. This is is critical only to components, which need to load design values from this case.
2026-05-03 12:35:15,860 - DEBUG - network - Could not find component 'splitter_l2' in design case file. This is is critical only to components, which need to load design values from this case.
2026-05-03 12:35:15,860 - DEBUG - network - Could not find component 'splitter_l3' in design case file. This is is critical only to components, which need to load design values from this case.
2026-05-03 12:35:15,860 - DEBUG - network - Could not find component 'splitter_l4' in design case file. This is is critical only to components, which need to load design values from this case.
2026-05-03 12:35:15,861 - DEBUG - network - Done reading design point information for components.
2026-05-03 12:35:15,866 - DEBUG - network - Done reading design point information for connections.
2026-05-03 12:35:15,866 - DEBUG - network - Switched connections from design to offdesign.
2026-05-03 12:35:15,867 - DEBUG - network - Set component attributes KDTA to design value at component condenser.
2026-05-03 12:35:15,867 - DEBUG - network - Set component attributes KDTA to design value at component evaporator.
2026-05-03 12:35:15,867 - DEBUG - network - Set component attributes KDTA to design value at component heatexchanger_a.
2026-05-03 12:35:15,867 - DEBUG - network - Set component attributes KDTA to design value at component heatexchanger_b.
2026-05-03 12:35:15,867 - DEBUG - network - Set component attributes KDTA to design value at component heatexchanger_c.
2026-05-03 12:35:15,867 - DEBUG - network - Set component attributes KDTA to design value at component heatexchanger_d.
2026-05-03 12:35:15,867 - DEBUG - network - Set component attributes KDTA to design value at component heatexchanger_e.
2026-05-03 12:35:15,867 - DEBUG - network - Set component attributes KDTA to design value at component heatexchanger_f.
2026-05-03 12:35:15,867 - DEBUG - network - Set component attributes KDTA to design value at component heatexchanger_g.
2026-05-03 12:35:15,867 - DEBUG - network - Set component attributes KDTA to design value at component heatexchanger_h.
2026-05-03 12:35:15,867 - DEBUG - network - Set component attributes KDTA to design value at component heatexchanger_i.
2026-05-03 12:35:15,867 - DEBUG - network - Set component attributes KDTA to design value at component heatexchanger_j.
2026-05-03 12:35:15,867 - DEBUG - network - Set component attributes KDTA to design value at component heatexchanger_k.
2026-05-03 12:35:15,867 - DEBUG - network - Switched components from design to offdesign.
2026-05-03 12:35:15,882 - WARNING - warnings - FutureWarning: Downcasting object dtype arrays on .fillna, .ffill, .bfill is deprecated and will change in a future version. Call result.infer_objects(copy=False) instead. To opt-in to the future behavior, set `pd.set_option('future.no_silent_downcasting', True)`
2026-05-03 12:35:15,885 - WARNING - warnings - FutureWarning: Downcasting object dtype arrays on .fillna, .ffill, .bfill is deprecated and will change in a future version. Call result.infer_objects(copy=False) instead. To opt-in to the future behavior, set `pd.set_option('future.no_silent_downcasting', True)`
2026-05-03 12:35:15,886 - WARNING - warnings - FutureWarning: Downcasting object dtype arrays on .fillna, .ffill, .bfill is deprecated and will change in a future version. Call result.infer_objects(copy=False) instead. To opt-in to the future behavior, set `pd.set_option('future.no_silent_downcasting', True)`
2026-05-03 12:35:15,893 - DEBUG - network - Generic fluid property specification complete in the final of initialization.
2026-05-03 12:35:15,896 - DEBUG - base - The fuels for component combustion of type diabatic combustion chamber are: CH4.
2026-05-03 12:35:15,897 - INFO - network - ########-----Initializing variables bounds-----########
2026-05-03 12:35:15,900 - DEBUG - connection - The connection: c1 has 0 equations.
2026-05-03 12:35:15,900 - DEBUG - connection - The connection: c10 has 0 equations.
2026-05-03 12:35:15,900 - DEBUG - connection - The connection: c11 has 0 equations.
2026-05-03 12:35:15,900 - DEBUG - connection - The connection: c12 has 0 equations.
2026-05-03 12:35:15,900 - DEBUG - connection - The connection: c13 has 0 equations.
2026-05-03 12:35:15,900 - DEBUG - connection - The connection: c14 has 0 equations.
2026-05-03 12:35:15,900 - DEBUG - connection - The connection: c15 has 0 equations.
2026-05-03 12:35:15,900 - DEBUG - connection - The connection: c16 has 0 equations.
2026-05-03 12:35:15,900 - DEBUG - connection - The connection: c17 has 0 equations.
2026-05-03 12:35:15,900 - DEBUG - connection - The connection: c18 has 0 equations.
2026-05-03 12:35:15,900 - DEBUG - connection - The connection: c19 has 0 equations.
2026-05-03 12:35:15,900 - DEBUG - connection - The connection: c2 has 0 equations.
2026-05-03 12:35:15,901 - DEBUG - connection - The connection: c20 has 0 equations.
2026-05-03 12:35:15,901 - DEBUG - connection - The connection: c21 has 0 equations.
2026-05-03 12:35:15,901 - DEBUG - connection - The connection: c22 has 1 equations.
2026-05-03 12:35:15,901 - DEBUG - connection - The connection: c23 has 0 equations.
2026-05-03 12:35:15,901 - DEBUG - connection - The connection: c24 has 0 equations.
2026-05-03 12:35:15,901 - DEBUG - connection - The connection: c25 has 0 equations.
2026-05-03 12:35:15,901 - DEBUG - connection - The connection: c26 has 0 equations.
2026-05-03 12:35:15,901 - DEBUG - connection - The connection: c27 has 0 equations.
2026-05-03 12:35:15,901 - DEBUG - connection - The connection: c28 has 0 equations.
2026-05-03 12:35:15,901 - DEBUG - connection - The connection: c29 has 0 equations.
2026-05-03 12:35:15,901 - DEBUG - connection - The connection: c3 has 0 equations.
2026-05-03 12:35:15,901 - DEBUG - connection - The connection: c30 has 0 equations.
2026-05-03 12:35:15,901 - DEBUG - connection - The connection: c31 has 0 equations.
2026-05-03 12:35:15,901 - DEBUG - connection - The connection: c32 has 0 equations.
2026-05-03 12:35:15,901 - DEBUG - connection - The connection: c33 has 0 equations.
2026-05-03 12:35:15,901 - DEBUG - connection - The connection: c34 has 0 equations.
2026-05-03 12:35:15,901 - DEBUG - connection - The connection: c35 has 0 equations.
2026-05-03 12:35:15,901 - DEBUG - connection - The connection: c36 has 0 equations.
2026-05-03 12:35:15,901 - DEBUG - connection - The connection: c37 has 0 equations.
2026-05-03 12:35:15,901 - DEBUG - connection - The connection: c38 has 0 equations.
2026-05-03 12:35:15,901 - DEBUG - connection - The connection: c39 has 0 equations.
2026-05-03 12:35:15,901 - DEBUG - connection - The connection: c4 has 0 equations.
2026-05-03 12:35:15,901 - DEBUG - connection - The connection: c40 has 0 equations.
2026-05-03 12:35:15,901 - DEBUG - connection - The connection: c41 has 0 equations.
2026-05-03 12:35:15,901 - DEBUG - connection - The connection: c42 has 0 equations.
2026-05-03 12:35:15,901 - DEBUG - connection - The connection: c43 has 0 equations.
2026-05-03 12:35:15,901 - DEBUG - connection - The connection: c44 has 0 equations.
2026-05-03 12:35:15,901 - DEBUG - connection - The connection: c45 has 0 equations.
2026-05-03 12:35:15,901 - DEBUG - connection - The connection: c46 has 0 equations.
2026-05-03 12:35:15,901 - DEBUG - connection - The connection: c47 has 0 equations.
2026-05-03 12:35:15,901 - DEBUG - connection - The connection: c48 has 1 equations.
2026-05-03 12:35:15,901 - DEBUG - connection - The connection: c49 has 0 equations.
2026-05-03 12:35:15,901 - DEBUG - connection - The connection: c5 has 0 equations.
2026-05-03 12:35:15,901 - DEBUG - connection - The connection: c50 has 0 equations.
2026-05-03 12:35:15,901 - DEBUG - connection - The connection: c51 has 0 equations.
2026-05-03 12:35:15,901 - DEBUG - connection - The connection: c52 has 0 equations.
2026-05-03 12:35:15,901 - DEBUG - connection - The connection: c53 has 0 equations.
2026-05-03 12:35:15,901 - DEBUG - connection - The connection: c54 has 0 equations.
2026-05-03 12:35:15,901 - DEBUG - connection - The connection: c55 has 0 equations.
2026-05-03 12:35:15,901 - DEBUG - connection - The connection: c56 has 0 equations.
2026-05-03 12:35:15,902 - DEBUG - connection - The connection: c57 has 0 equations.
2026-05-03 12:35:15,902 - DEBUG - connection - The connection: c58 has 0 equations.
2026-05-03 12:35:15,902 - DEBUG - connection - The connection: c59 has 0 equations.
2026-05-03 12:35:15,902 - DEBUG - connection - The connection: c6 has 0 equations.
2026-05-03 12:35:15,902 - DEBUG - connection - The connection: c60 has 0 equations.
2026-05-03 12:35:15,902 - DEBUG - connection - The connection: c61 has 0 equations.
2026-05-03 12:35:15,902 - DEBUG - connection - The connection: c62 has 0 equations.
2026-05-03 12:35:15,902 - DEBUG - connection - The connection: c63 has 0 equations.
2026-05-03 12:35:15,902 - DEBUG - connection - The connection: c64 has 0 equations.
2026-05-03 12:35:15,902 - DEBUG - connection - The connection: c65 has 0 equations.
2026-05-03 12:35:15,902 - DEBUG - connection - The connection: c66 has 0 equations.
2026-05-03 12:35:15,902 - DEBUG - connection - The connection: c67 has 0 equations.
2026-05-03 12:35:15,902 - DEBUG - connection - The connection: c68 has 0 equations.
2026-05-03 12:35:15,902 - DEBUG - connection - The connection: c69 has 0 equations.
2026-05-03 12:35:15,902 - DEBUG - connection - The connection: c7 has 0 equations.
2026-05-03 12:35:15,902 - DEBUG - connection - The connection: c70 has 0 equations.
2026-05-03 12:35:15,902 - DEBUG - connection - The connection: c71 has 0 equations.
2026-05-03 12:35:15,902 - DEBUG - connection - The connection: c72 has 0 equations.
2026-05-03 12:35:15,902 - DEBUG - connection - The connection: c73 has 0 equations.
2026-05-03 12:35:15,902 - DEBUG - connection - The connection: c74 has 0 equations.
2026-05-03 12:35:15,902 - DEBUG - connection - The connection: c75 has 0 equations.
2026-05-03 12:35:15,902 - DEBUG - connection - The connection: c76 has 0 equations.
2026-05-03 12:35:15,902 - DEBUG - connection - The connection: c77 has 0 equations.
2026-05-03 12:35:15,902 - DEBUG - connection - The connection: c78 has 0 equations.
2026-05-03 12:35:15,902 - DEBUG - connection - The connection: c79 has 0 equations.
2026-05-03 12:35:15,902 - DEBUG - connection - The connection: c8 has 0 equations.
2026-05-03 12:35:15,902 - DEBUG - connection - The connection: c80 has 0 equations.
2026-05-03 12:35:15,902 - DEBUG - connection - The connection: c81 has 0 equations.
2026-05-03 12:35:15,902 - DEBUG - connection - The connection: c82 has 0 equations.
2026-05-03 12:35:15,902 - DEBUG - connection - The connection: c83 has 0 equations.
2026-05-03 12:35:15,902 - DEBUG - connection - The connection: c84 has 0 equations.
2026-05-03 12:35:15,902 - DEBUG - connection - The connection: c85 has 0 equations.
2026-05-03 12:35:15,902 - DEBUG - connection - The connection: c86 has 0 equations.
2026-05-03 12:35:15,902 - DEBUG - connection - The connection: c87 has 0 equations.
2026-05-03 12:35:15,902 - DEBUG - connection - The connection: c88 has 0 equations.
2026-05-03 12:35:15,902 - DEBUG - connection - The connection: c89 has 0 equations.
2026-05-03 12:35:15,902 - DEBUG - connection - The connection: c9 has 0 equations.
2026-05-03 12:35:15,902 - DEBUG - connection - The connection: c90 has 0 equations.
2026-05-03 12:35:15,902 - DEBUG - connection - The connection: d15 has 0 equations.
2026-05-03 12:35:15,902 - DEBUG - connection - The connection: d36 has 0 equations.
2026-05-03 12:35:15,903 - DEBUG - connection - The connection: d54 has 0 equations.
2026-05-03 12:35:15,903 - DEBUG - connection - The connection: d7 has 0 equations.
2026-05-03 12:35:15,903 - DEBUG - connection - The connection: d80 has 0 equations.
2026-05-03 12:35:15,903 - DEBUG - connection - The connection: d84 has 0 equations.
2026-05-03 12:35:15,903 - DEBUG - connection - The connection: d9 has 0 equations.
2026-05-03 12:35:15,903 - DEBUG - connection - The connection: deaerator_cold_in has 0 equations.
2026-05-03 12:35:15,903 - DEBUG - connection - The connection: h1_out has 0 equations.
2026-05-03 12:35:15,903 - DEBUG - connection - The connection: heater_h_hot_in has 0 equations.
2026-05-03 12:35:15,903 - DEBUG - connection - The connection: heater_j_hot_in has 0 equations.
2026-05-03 12:35:15,903 - DEBUG - connection - The connection: heater_k_hot_in has 0 equations.
2026-05-03 12:35:15,903 - DEBUG - connection - The connection: l1_out has 0 equations.
2026-05-03 12:35:15,903 - DEBUG - connection - The connection: l2_out has 0 equations.
2026-05-03 12:35:15,903 - DEBUG - connection - The connection: l3_out has 0 equations.
2026-05-03 12:35:15,903 - DEBUG - connection - The connection: l4_out has 0 equations.
2026-05-03 12:35:15,903 - DEBUG - component - The component: af_boiler_cold_in of type FlowAmplifier has 1 equations.
2026-05-03 12:35:15,903 - DEBUG - component - The component: af_boiler_cold_out of type FlowAmplifier has 1 equations.
2026-05-03 12:35:15,903 - DEBUG - component - The component: af_boiler_hot_in of type FlowAmplifier has 1 equations.
2026-05-03 12:35:15,903 - DEBUG - component - The component: af_boiler_hot_out of type FlowAmplifier has 1 equations.
2026-05-03 12:35:15,903 - DEBUG - component - The component: af_reheater_cold_in of type FlowAmplifier has 1 equations.
2026-05-03 12:35:15,903 - DEBUG - component - The component: af_reheater_cold_out of type FlowAmplifier has 1 equations.
2026-05-03 12:35:15,903 - DEBUG - component - The component: af_reheater_hot_in of type FlowAmplifier has 1 equations.
2026-05-03 12:35:15,903 - DEBUG - component - The component: af_reheater_hot_out of type FlowAmplifier has 1 equations.
2026-05-03 12:35:15,903 - DEBUG - component - The component: af_solar_in of type FlowAmplifier has 1 equations.
2026-05-03 12:35:15,903 - DEBUG - component - The component: af_solar_out of type FlowAmplifier has 1 equations.
2026-05-03 12:35:15,903 - DEBUG - component - The component: air_compressor of type Compressor has 1 equations.
2026-05-03 12:35:15,903 - DEBUG - component - The component: air_source of type Source has 0 equations.
2026-05-03 12:35:15,903 - DEBUG - component - The component: cold_salt_tank of type HeatStorageTank has 2 equations.
2026-05-03 12:35:15,903 - DEBUG - component - The component: combustion of type DiabaticCombustionChamber has 2 equations.
2026-05-03 12:35:15,903 - DEBUG - component - The component: condense_pump of type Pump has 1 equations.
2026-05-03 12:35:15,904 - DEBUG - component - The component: condenser of type Condenser has 5 equations.
2026-05-03 12:35:15,904 - DEBUG - component - The component: cooling_water_sink of type Sink has 0 equations.
2026-05-03 12:35:15,904 - DEBUG - component - The component: cooling_water_source of type Source has 0 equations.
2026-05-03 12:35:15,904 - DEBUG - component - The component: deaerator of type Deaerator has 6 equations.
2026-05-03 12:35:15,904 - DEBUG - component - The component: deaerator_drain of type Sink has 0 equations.
2026-05-03 12:35:15,904 - DEBUG - component - The component: evaporator of type Evaporator has 4 equations.
2026-05-03 12:35:15,904 - DEBUG - component - The component: evaporator_drain of type Sink has 0 equations.
2026-05-03 12:35:15,904 - DEBUG - component - The component: evaporator_drum of type EvaporateTank has 5 equations.
2026-05-03 12:35:15,904 - DEBUG - component - The component: fuel_source of type Source has 0 equations.
2026-05-03 12:35:15,904 - DEBUG - component - The component: gas_sink of type Sink has 0 equations.
2026-05-03 12:35:15,904 - DEBUG - component - The component: gas_turbine of type Turbine has 1 equations.
2026-05-03 12:35:15,904 - DEBUG - component - The component: heatexchanger_a of type HeatExchanger has 4 equations.
2026-05-03 12:35:15,904 - DEBUG - component - The component: heatexchanger_b of type HeatExchanger has 4 equations.
2026-05-03 12:35:15,904 - DEBUG - component - The component: heatexchanger_c of type HeatExchanger has 3 equations.
2026-05-03 12:35:15,904 - DEBUG - component - The component: heatexchanger_d of type HeatExchanger has 4 equations.
2026-05-03 12:35:15,904 - DEBUG - component - The component: heatexchanger_e of type HeatExchanger has 4 equations.
2026-05-03 12:35:15,904 - DEBUG - component - The component: heatexchanger_f of type HeatExchanger has 4 equations.
2026-05-03 12:35:15,904 - DEBUG - component - The component: heatexchanger_g of type ExtractHeatExchanger has 5 equations.
2026-05-03 12:35:15,904 - DEBUG - component - The component: heatexchanger_h of type ExtractHeatExchanger has 5 equations.
2026-05-03 12:35:15,904 - DEBUG - component - The component: heatexchanger_i of type ExtractHeatExchanger has 5 equations.
2026-05-03 12:35:15,904 - DEBUG - component - The component: heatexchanger_j of type ExtractHeatExchanger has 5 equations.
2026-05-03 12:35:15,904 - DEBUG - component - The component: heatexchanger_k of type ExtractHeatExchanger has 5 equations.
2026-05-03 12:35:15,904 - DEBUG - component - The component: hot_salt_tank of type HeatStorageTank has 2 equations.
2026-05-03 12:35:15,904 - DEBUG - component - The component: hp_turbine1 of type Turbine has 1 equations.
2026-05-03 12:35:15,904 - DEBUG - component - The component: hp_turbine2 of type Turbine has 1 equations.
2026-05-03 12:35:15,904 - DEBUG - component - The component: lp_turbine1 of type Turbine has 1 equations.
2026-05-03 12:35:15,904 - DEBUG - component - The component: lp_turbine2 of type Turbine has 1 equations.
2026-05-03 12:35:15,904 - DEBUG - component - The component: lp_turbine3 of type Turbine has 1 equations.
2026-05-03 12:35:15,904 - DEBUG - component - The component: lp_turbine4 of type Turbine has 1 equations.
2026-05-03 12:35:15,904 - DEBUG - component - The component: lp_turbine5 of type Turbine has 1 equations.
2026-05-03 12:35:15,905 - DEBUG - component - The component: merge_12_13_21 of type Merge has 2 equations.
2026-05-03 12:35:15,905 - DEBUG - component - The component: merge_18_82_83 of type Merge has 2 equations.
2026-05-03 12:35:15,905 - DEBUG - component - The component: merge_36_80_81 of type Merge has 2 equations.
2026-05-03 12:35:15,905 - DEBUG - component - The component: merge_67_68_69 of type Merge has 2 equations.
2026-05-03 12:35:15,905 - DEBUG - component - The component: merge_7_9_10 of type Merge has 2 equations.
2026-05-03 12:35:15,905 - DEBUG - component - The component: merge_deaerator of type Merge has 2 equations.
2026-05-03 12:35:15,905 - DEBUG - component - The component: merge_heater_h of type Merge has 2 equations.
2026-05-03 12:35:15,905 - DEBUG - component - The component: merge_heater_j of type Merge has 2 equations.
2026-05-03 12:35:15,905 - DEBUG - component - The component: merge_heater_k of type Merge has 2 equations.
2026-05-03 12:35:15,905 - DEBUG - component - The component: oil_cycle_closer of type CycleCloser has 0 equations.
2026-05-03 12:35:15,905 - DEBUG - component - The component: oil_recycle_pump1 of type Pump has 1 equations.
2026-05-03 12:35:15,905 - DEBUG - component - The component: oil_recycle_pump2 of type Pump has 1 equations.
2026-05-03 12:35:15,905 - DEBUG - component - The component: salt_cycle_closer of type CycleCloser has 1 equations.
2026-05-03 12:35:15,905 - DEBUG - component - The component: solar_collector1 of type SolarCollector has 1 equations.
2026-05-03 12:35:15,905 - DEBUG - component - The component: solar_collector2 of type SolarCollector has 1 equations.
2026-05-03 12:35:15,905 - DEBUG - component - The component: solar_collector3 of type SolarCollector has 1 equations.
2026-05-03 12:35:15,905 - DEBUG - component - The component: solar_collector4 of type SolarCollector has 1 equations.
2026-05-03 12:35:15,905 - DEBUG - component - The component: splitter_10_11_12 of type Splitter has 1 equations.
2026-05-03 12:35:15,905 - DEBUG - component - The component: splitter_20_81_82 of type Splitter has 1 equations.
2026-05-03 12:35:15,905 - DEBUG - component - The component: splitter_21_22_23 of type Splitter has 1 equations.
2026-05-03 12:35:15,905 - DEBUG - component - The component: splitter_42_47_48 of type Splitter has 1 equations.
2026-05-03 12:35:15,906 - DEBUG - component - The component: splitter_6_84_85 of type Splitter has 1 equations.
2026-05-03 12:35:15,906 - DEBUG - component - The component: splitter_h1 of type Splitter has 1 equations.
2026-05-03 12:35:15,906 - DEBUG - component - The component: splitter_l1 of type Splitter has 1 equations.
2026-05-03 12:35:15,906 - DEBUG - component - The component: splitter_l2 of type Splitter has 1 equations.
2026-05-03 12:35:15,906 - DEBUG - component - The component: splitter_l3 of type Splitter has 1 equations.
2026-05-03 12:35:15,906 - DEBUG - component - The component: splitter_l4 of type Splitter has 1 equations.
2026-05-03 12:35:15,906 - DEBUG - component - The component: steam_cycle_closer of type CycleCloser has 0 equations.
2026-05-03 12:35:15,906 - DEBUG - component - The component: steam_recycle_pump of type Pump has 1 equations.
2026-05-03 12:35:15,906 - DEBUG - component - The component: valve_36 of type Valve has 0 equations.
2026-05-03 12:35:15,906 - DEBUG - component - The component: valve_50_51 of type Valve has 0 equations.
2026-05-03 12:35:15,906 - DEBUG - component - The component: valve_52_53 of type Valve has 0 equations.
2026-05-03 12:35:15,906 - DEBUG - component - The component: valve_69_71 of type Valve has 0 equations.
2026-05-03 12:35:15,906 - DEBUG - component - The component: valve_7 of type Valve has 0 equations.
2026-05-03 12:35:15,906 - DEBUG - component - The component: valve_73_74 of type Valve has 0 equations.
2026-05-03 12:35:15,906 - DEBUG - component - The component: valve_76_77 of type Valve has 0 equations.
2026-05-03 12:35:15,906 - DEBUG - component - The component: valve_80 of type Valve has 0 equations.
2026-05-03 12:35:15,906 - DEBUG - component - The component: valve_9 of type Valve has 0 equations.
2026-05-03 12:35:15,906 - DEBUG - component - The component: water_recycle_pump of type Pump has 1 equations.
2026-05-03 12:35:15,949 - DEBUG - network - ------presolve_batch: 1------
2026-05-03 12:35:15,949 - DEBUG - network - Has pre_solved equation: <component parameter>: Ki of FlowAmplifier: af_solar_out
2026-05-03 12:35:15,949 - DEBUG - network - Has pre_solved equation: <component constraint>: mass_flow_constraints of DiabaticCombustionChamber: combustion
2026-05-03 12:35:15,949 - DEBUG - network - Has pre_solved equation: <component parameter>: dp2 of Deaerator: deaerator
2026-05-03 12:35:15,950 - DEBUG - network - Has pre_solved equation: <component parameter>: T_in of HeatStorageTank: hot_salt_tank
2026-05-03 12:35:15,950 - DEBUG - network - Has pre_solved equation: <component parameter>: mass_conservation of CycleCloser: salt_cycle_closer
2026-05-03 12:35:15,950 - DEBUG - network - ------presolve_batch: 2------
2026-05-03 12:35:15,950 - DEBUG - network - Has pre_solved equation: <component parameter>: Ki of FlowAmplifier: af_solar_in
2026-05-03 12:35:15,950 - DEBUG - network - Has pre_solved equation: <component constraint>: saturated_liquid_constraints of Deaerator: deaerator
2026-05-03 12:35:15,950 - DEBUG - network - Has pre_solved equation: <component parameter>: dp1 of Deaerator: deaerator
2026-05-03 12:35:15,950 - DEBUG - network - Has pre_solved equation: <component parameter>: T_out of HeatStorageTank: hot_salt_tank
2026-05-03 12:35:15,950 - DEBUG - network - ------presolve_batch: 3------
2026-05-03 12:35:15,950 - DEBUG - network - Has pre_solved equation: <component constraint>: saturated_vapour_constraints of Deaerator: deaerator
2026-05-03 12:35:15,950 - DEBUG - network - ------presolve_batch: 4------
2026-05-03 12:35:15,950 - DEBUG - network - Has removed 10 pre_solved equations totally.
2026-05-03 12:35:15,950 - DEBUG - component - The component: af_boiler_cold_in of type FlowAmplifier has 0 variables.
2026-05-03 12:35:15,950 - DEBUG - component - The component: af_boiler_cold_out of type FlowAmplifier has 0 variables.
2026-05-03 12:35:15,950 - DEBUG - component - The component: af_boiler_hot_in of type FlowAmplifier has 0 variables.
2026-05-03 12:35:15,950 - DEBUG - component - The component: af_boiler_hot_out of type FlowAmplifier has 0 variables.
2026-05-03 12:35:15,950 - DEBUG - component - The component: af_reheater_cold_in of type FlowAmplifier has 0 variables.
2026-05-03 12:35:15,950 - DEBUG - component - The component: af_reheater_cold_out of type FlowAmplifier has 0 variables.
2026-05-03 12:35:15,950 - DEBUG - component - The component: af_reheater_hot_in of type FlowAmplifier has 0 variables.
2026-05-03 12:35:15,950 - DEBUG - component - The component: af_reheater_hot_out of type FlowAmplifier has 0 variables.
2026-05-03 12:35:15,950 - DEBUG - component - The component: af_solar_in of type FlowAmplifier has 0 variables.
2026-05-03 12:35:15,950 - DEBUG - component - The component: af_solar_out of type FlowAmplifier has 0 variables.
2026-05-03 12:35:15,950 - DEBUG - component - The component: air_compressor of type Compressor has 0 variables.
2026-05-03 12:35:15,950 - DEBUG - component - The component: air_source of type Source has 0 variables.
2026-05-03 12:35:15,950 - DEBUG - component - The component: cold_salt_tank of type HeatStorageTank has 0 variables.
2026-05-03 12:35:15,951 - DEBUG - component - The component: combustion of type DiabaticCombustionChamber has 0 variables.
2026-05-03 12:35:15,951 - DEBUG - component - The component: condense_pump of type Pump has 0 variables.
2026-05-03 12:35:15,951 - DEBUG - component - The component: condenser of type Condenser has 0 variables.
2026-05-03 12:35:15,951 - DEBUG - component - The component: cooling_water_sink of type Sink has 0 variables.
2026-05-03 12:35:15,951 - DEBUG - component - The component: cooling_water_source of type Source has 0 variables.
2026-05-03 12:35:15,951 - DEBUG - component - The component: deaerator of type Deaerator has 0 variables.
2026-05-03 12:35:15,951 - DEBUG - component - The component: deaerator_drain of type Sink has 0 variables.
2026-05-03 12:35:15,951 - DEBUG - component - The component: evaporator of type Evaporator has 0 variables.
2026-05-03 12:35:15,951 - DEBUG - component - The component: evaporator_drain of type Sink has 0 variables.
2026-05-03 12:35:15,951 - DEBUG - component - The component: evaporator_drum of type EvaporateTank has 0 variables.
2026-05-03 12:35:15,951 - DEBUG - component - The component: fuel_source of type Source has 0 variables.
2026-05-03 12:35:15,951 - DEBUG - component - The component: gas_sink of type Sink has 0 variables.
2026-05-03 12:35:15,951 - DEBUG - component - The component: gas_turbine of type Turbine has 0 variables.
2026-05-03 12:35:15,951 - DEBUG - component - The component: heatexchanger_a of type HeatExchanger has 0 variables.
2026-05-03 12:35:15,951 - DEBUG - component - The component: heatexchanger_b of type HeatExchanger has 0 variables.
2026-05-03 12:35:15,951 - DEBUG - component - The component: heatexchanger_c of type HeatExchanger has 0 variables.
2026-05-03 12:35:15,951 - DEBUG - component - The component: heatexchanger_d of type HeatExchanger has 0 variables.
2026-05-03 12:35:15,951 - DEBUG - component - The component: heatexchanger_e of type HeatExchanger has 0 variables.
2026-05-03 12:35:15,951 - DEBUG - component - The component: heatexchanger_f of type HeatExchanger has 0 variables.
2026-05-03 12:35:15,951 - DEBUG - component - The component: heatexchanger_g of type ExtractHeatExchanger has 0 variables.
2026-05-03 12:35:15,951 - DEBUG - component - The component: heatexchanger_h of type ExtractHeatExchanger has 0 variables.
2026-05-03 12:35:15,951 - DEBUG - component - The component: heatexchanger_i of type ExtractHeatExchanger has 0 variables.
2026-05-03 12:35:15,951 - DEBUG - component - The component: heatexchanger_j of type ExtractHeatExchanger has 0 variables.
2026-05-03 12:35:15,951 - DEBUG - component - The component: heatexchanger_k of type ExtractHeatExchanger has 0 variables.
2026-05-03 12:35:15,951 - DEBUG - component - The component: hot_salt_tank of type HeatStorageTank has 0 variables.
2026-05-03 12:35:15,951 - DEBUG - component - The component: hp_turbine1 of type Turbine has 0 variables.
2026-05-03 12:35:15,951 - DEBUG - component - The component: hp_turbine2 of type Turbine has 0 variables.
2026-05-03 12:35:15,951 - DEBUG - component - The component: lp_turbine1 of type Turbine has 0 variables.
2026-05-03 12:35:15,951 - DEBUG - component - The component: lp_turbine2 of type Turbine has 0 variables.
2026-05-03 12:35:15,951 - DEBUG - component - The component: lp_turbine3 of type Turbine has 0 variables.
2026-05-03 12:35:15,951 - DEBUG - component - The component: lp_turbine4 of type Turbine has 0 variables.
2026-05-03 12:35:15,951 - DEBUG - component - The component: lp_turbine5 of type Turbine has 0 variables.
2026-05-03 12:35:15,951 - DEBUG - component - The component: merge_12_13_21 of type Merge has 0 variables.
2026-05-03 12:35:15,951 - DEBUG - component - The component: merge_18_82_83 of type Merge has 0 variables.
2026-05-03 12:35:15,951 - DEBUG - component - The component: merge_36_80_81 of type Merge has 0 variables.
2026-05-03 12:35:15,951 - DEBUG - component - The component: merge_67_68_69 of type Merge has 0 variables.
2026-05-03 12:35:15,951 - DEBUG - component - The component: merge_7_9_10 of type Merge has 0 variables.
2026-05-03 12:35:15,951 - DEBUG - component - The component: merge_deaerator of type Merge has 0 variables.
2026-05-03 12:35:15,952 - DEBUG - component - The component: merge_heater_h of type Merge has 0 variables.
2026-05-03 12:35:15,952 - DEBUG - component - The component: merge_heater_j of type Merge has 0 variables.
2026-05-03 12:35:15,952 - DEBUG - component - The component: merge_heater_k of type Merge has 0 variables.
2026-05-03 12:35:15,952 - DEBUG - component - The component: oil_cycle_closer of type CycleCloser has 0 variables.
2026-05-03 12:35:15,952 - DEBUG - component - The component: oil_recycle_pump1 of type Pump has 0 variables.
2026-05-03 12:35:15,952 - DEBUG - component - The component: oil_recycle_pump2 of type Pump has 0 variables.
2026-05-03 12:35:15,952 - DEBUG - component - The component: salt_cycle_closer of type CycleCloser has 0 variables.
2026-05-03 12:35:15,952 - DEBUG - component - The component: solar_collector1 of type SolarCollector has 0 variables.
2026-05-03 12:35:15,952 - DEBUG - component - The component: solar_collector2 of type SolarCollector has 0 variables.
2026-05-03 12:35:15,952 - DEBUG - component - The component: solar_collector3 of type SolarCollector has 0 variables.
2026-05-03 12:35:15,952 - DEBUG - component - The component: solar_collector4 of type SolarCollector has 0 variables.
2026-05-03 12:35:15,952 - DEBUG - component - The component: splitter_10_11_12 of type Splitter has 0 variables.
2026-05-03 12:35:15,952 - DEBUG - component - The component: splitter_20_81_82 of type Splitter has 0 variables.
2026-05-03 12:35:15,952 - DEBUG - component - The component: splitter_21_22_23 of type Splitter has 0 variables.
2026-05-03 12:35:15,952 - DEBUG - component - The component: splitter_42_47_48 of type Splitter has 0 variables.
2026-05-03 12:35:15,952 - DEBUG - component - The component: splitter_6_84_85 of type Splitter has 0 variables.
2026-05-03 12:35:15,952 - DEBUG - component - The component: splitter_h1 of type Splitter has 0 variables.
2026-05-03 12:35:15,952 - DEBUG - component - The component: splitter_l1 of type Splitter has 0 variables.
2026-05-03 12:35:15,952 - DEBUG - component - The component: splitter_l2 of type Splitter has 0 variables.
2026-05-03 12:35:15,952 - DEBUG - component - The component: splitter_l3 of type Splitter has 0 variables.
2026-05-03 12:35:15,952 - DEBUG - component - The component: splitter_l4 of type Splitter has 0 variables.
2026-05-03 12:35:15,952 - DEBUG - component - The component: steam_cycle_closer of type CycleCloser has 0 variables.
2026-05-03 12:35:15,952 - DEBUG - component - The component: steam_recycle_pump of type Pump has 0 variables.
2026-05-03 12:35:15,952 - DEBUG - component - The component: valve_36 of type Valve has 0 variables.
2026-05-03 12:35:15,952 - DEBUG - component - The component: valve_50_51 of type Valve has 0 variables.
2026-05-03 12:35:15,952 - DEBUG - component - The component: valve_52_53 of type Valve has 0 variables.
2026-05-03 12:35:15,952 - DEBUG - component - The component: valve_69_71 of type Valve has 0 variables.
2026-05-03 12:35:15,952 - DEBUG - component - The component: valve_7 of type Valve has 0 variables.
2026-05-03 12:35:15,952 - DEBUG - component - The component: valve_73_74 of type Valve has 0 variables.
2026-05-03 12:35:15,952 - DEBUG - component - The component: valve_76_77 of type Valve has 0 variables.
2026-05-03 12:35:15,952 - DEBUG - component - The component: valve_80 of type Valve has 0 variables.
2026-05-03 12:35:15,952 - DEBUG - component - The component: valve_9 of type Valve has 0 variables.
2026-05-03 12:35:15,952 - DEBUG - component - The component: water_recycle_pump of type Pump has 0 variables.
2026-05-03 12:35:16,042 - INFO - network - ########----Network initialised----########
2026-05-03 12:35:16,042 - DEBUG - network - ------Equation Summarization------
2026-05-03 12:35:16,042 - DEBUG - network - Total number of equations: 123
2026-05-03 12:35:16,042 - DEBUG - network - Number of connection equations: 2.
2026-05-03 12:35:16,042 - DEBUG - network - Number of component equations: 131.
2026-05-03 12:35:16,042 - DEBUG - network - Number of bus equations: 0.
2026-05-03 12:35:16,042 - DEBUG - network - Number of user defined equations: 0.
2026-05-03 12:35:16,042 - DEBUG - network - Number of presolved equations: 10.
2026-05-03 12:35:16,042 - DEBUG - network - ------Variable Summarization------
2026-05-03 12:35:16,042 - DEBUG - network - Total number of variables: 123.
2026-05-03 12:35:16,042 - DEBUG - network - Number of component variables: 0.
2026-05-03 12:35:16,042 - DEBUG - network - Number of connection variables: 123.
2026-05-03 12:35:16,042 - DEBUG - network - Number of mass flow variables: 42.
2026-05-03 12:35:16,042 - DEBUG - network - Number of pressure variables: 25.
2026-05-03 12:35:16,042 - DEBUG - network - Number of enthalpy variables: 56.
2026-05-03 12:35:16,042 - DEBUG - network - ------Fluid Module Summarization------
2026-05-03 12:35:16,042 - DEBUG - network - Number of fluid composition equations: 6.
2026-05-03 12:35:16,042 - DEBUG - network - Number of fluid variables: 6.
2026-05-03 12:35:41,505 - INFO - logger - Path for logging: solar_thermal_combine_plant_loggings\Aurora.log
2026-05-03 12:35:41,505 - INFO - logger - Used AURORA version: 0.1.1 - GCC's Nature
2026-05-03 12:35:41,506 - DEBUG - connection - Created reference object with factor 0.09 and delta 0 referring to connection c47
2026-05-03 12:35:41,506 - DEBUG - connection - Created reference object with factor 0.11 and delta 0 referring to connection c21
2026-05-03 12:35:41,731 - DEBUG - network - Removing 0 mass flow variables from ['c31'] from system variables.
2026-05-03 12:35:41,731 - DEBUG - network - Removing 1 mass flow variables from ['c9', 'd9'] from system variables.
2026-05-03 12:35:41,732 - DEBUG - network - Removing 1 mass flow variables from ['c1', 'c3'] from system variables.
2026-05-03 12:35:41,732 - DEBUG - network - Removing 1 mass flow variables from ['c16', 'c14'] from system variables.
2026-05-03 12:35:41,732 - DEBUG - network - Removing 0 mass flow variables from ['c79'] from system variables.
2026-05-03 12:35:41,732 - DEBUG - network - Removing 0 mass flow variables from ['c2'] from system variables.
2026-05-03 12:35:41,732 - DEBUG - network - Removing 0 mass flow variables from ['c15'] from system variables.
2026-05-03 12:35:41,733 - INFO - network - ########----Simplify Fluid System Successful----########
2026-05-03 12:35:41,765 - DEBUG - network - Updated fluid property SI values and fluid mass fraction for user specified connection parameters.
2026-05-03 12:35:41,779 - INFO - network - ########----Network check successful----########
2026-05-03 12:35:41,779 - DEBUG - network - Solver properties:
 - mode: offdesign
 - init_path: solar_thermal_combine_plant_design_1
 - design_path: solar_thermal_combine_plant_design_1
 - min_iter: 4
 - max_iter: 150
2026-05-03 12:35:41,779 - DEBUG - network - Network information:
 - Number of components: 84
 - Number of fluid components: 84
 - Number of electric components: 0
 - Number of connections: 106
 - Number of fluid connections: 106
 - Number of electric connections: 0
 - Number of busses: 0
2026-05-03 12:35:41,785 - WARNING - warnings - FutureWarning: Downcasting object dtype arrays on .fillna, .ffill, .bfill is deprecated and will change in a future version. Call result.infer_objects(copy=False) instead. To opt-in to the future behavior, set `pd.set_option('future.no_silent_downcasting', True)`
2026-05-03 12:35:41,788 - WARNING - warnings - FutureWarning: Downcasting object dtype arrays on .fillna, .ffill, .bfill is deprecated and will change in a future version. Call result.infer_objects(copy=False) instead. To opt-in to the future behavior, set `pd.set_option('future.no_silent_downcasting', True)`
2026-05-03 12:35:41,789 - WARNING - warnings - FutureWarning: Downcasting object dtype arrays on .fillna, .ffill, .bfill is deprecated and will change in a future version. Call result.infer_objects(copy=False) instead. To opt-in to the future behavior, set `pd.set_option('future.no_silent_downcasting', True)`
2026-05-03 12:35:41,794 - DEBUG - network - Could not find component 'merge_12_13_21' in design case file. This is is critical only to components, which need to load design values from this case.
2026-05-03 12:35:41,794 - DEBUG - network - Could not find component 'merge_18_82_83' in design case file. This is is critical only to components, which need to load design values from this case.
2026-05-03 12:35:41,794 - DEBUG - network - Could not find component 'merge_36_80_81' in design case file. This is is critical only to components, which need to load design values from this case.
2026-05-03 12:35:41,794 - DEBUG - network - Could not find component 'merge_67_68_69' in design case file. This is is critical only to components, which need to load design values from this case.
2026-05-03 12:35:41,794 - DEBUG - network - Could not find component 'merge_7_9_10' in design case file. This is is critical only to components, which need to load design values from this case.
2026-05-03 12:35:41,794 - DEBUG - network - Could not find component 'merge_deaerator' in design case file. This is is critical only to components, which need to load design values from this case.
2026-05-03 12:35:41,794 - DEBUG - network - Could not find component 'merge_heater_h' in design case file. This is is critical only to components, which need to load design values from this case.
2026-05-03 12:35:41,794 - DEBUG - network - Could not find component 'merge_heater_j' in design case file. This is is critical only to components, which need to load design values from this case.
2026-05-03 12:35:41,795 - DEBUG - network - Could not find component 'merge_heater_k' in design case file. This is is critical only to components, which need to load design values from this case.
2026-05-03 12:35:41,795 - DEBUG - network - Could not find component 'splitter_10_11_12' in design case file. This is is critical only to components, which need to load design values from this case.
2026-05-03 12:35:41,795 - DEBUG - network - Could not find component 'splitter_20_81_82' in design case file. This is is critical only to components, which need to load design values from this case.
2026-05-03 12:35:41,795 - DEBUG - network - Could not find component 'splitter_21_22_23' in design case file. This is is critical only to components, which need to load design values from this case.
2026-05-03 12:35:41,795 - DEBUG - network - Could not find component 'splitter_42_47_48' in design case file. This is is critical only to components, which need to load design values from this case.
2026-05-03 12:35:41,795 - DEBUG - network - Could not find component 'splitter_6_84_85' in design case file. This is is critical only to components, which need to load design values from this case.
2026-05-03 12:35:41,795 - DEBUG - network - Could not find component 'splitter_h1' in design case file. This is is critical only to components, which need to load design values from this case.
2026-05-03 12:35:41,796 - DEBUG - network - Could not find component 'splitter_l1' in design case file. This is is critical only to components, which need to load design values from this case.
2026-05-03 12:35:41,796 - DEBUG - network - Could not find component 'splitter_l2' in design case file. This is is critical only to components, which need to load design values from this case.
2026-05-03 12:35:41,796 - DEBUG - network - Could not find component 'splitter_l3' in design case file. This is is critical only to components, which need to load design values from this case.
2026-05-03 12:35:41,796 - DEBUG - network - Could not find component 'splitter_l4' in design case file. This is is critical only to components, which need to load design values from this case.
2026-05-03 12:35:41,796 - DEBUG - network - Done reading design point information for components.
2026-05-03 12:35:41,801 - DEBUG - network - Done reading design point information for connections.
2026-05-03 12:35:41,802 - DEBUG - network - Switched connections from design to offdesign.
2026-05-03 12:35:41,802 - DEBUG - network - Set component attributes KDTA to design value at component condenser.
2026-05-03 12:35:41,802 - DEBUG - network - Set component attributes KDTA to design value at component evaporator.
2026-05-03 12:35:41,802 - DEBUG - network - Set component attributes KDTA to design value at component heatexchanger_a.
2026-05-03 12:35:41,802 - DEBUG - network - Set component attributes KDTA to design value at component heatexchanger_b.
2026-05-03 12:35:41,802 - DEBUG - network - Set component attributes KDTA to design value at component heatexchanger_c.
2026-05-03 12:35:41,802 - DEBUG - network - Set component attributes KDTA to design value at component heatexchanger_d.
2026-05-03 12:35:41,802 - DEBUG - network - Set component attributes KDTA to design value at component heatexchanger_e.
2026-05-03 12:35:41,802 - DEBUG - network - Set component attributes KDTA to design value at component heatexchanger_f.
2026-05-03 12:35:41,802 - DEBUG - network - Set component attributes KDTA to design value at component heatexchanger_g.
2026-05-03 12:35:41,802 - DEBUG - network - Set component attributes KDTA to design value at component heatexchanger_h.
2026-05-03 12:35:41,802 - DEBUG - network - Set component attributes KDTA to design value at component heatexchanger_i.
2026-05-03 12:35:41,802 - DEBUG - network - Set component attributes KDTA to design value at component heatexchanger_j.
2026-05-03 12:35:41,802 - DEBUG - network - Set component attributes KDTA to design value at component heatexchanger_k.
2026-05-03 12:35:41,802 - DEBUG - network - Switched components from design to offdesign.
2026-05-03 12:35:41,815 - WARNING - warnings - FutureWarning: Downcasting object dtype arrays on .fillna, .ffill, .bfill is deprecated and will change in a future version. Call result.infer_objects(copy=False) instead. To opt-in to the future behavior, set `pd.set_option('future.no_silent_downcasting', True)`
2026-05-03 12:35:41,817 - WARNING - warnings - FutureWarning: Downcasting object dtype arrays on .fillna, .ffill, .bfill is deprecated and will change in a future version. Call result.infer_objects(copy=False) instead. To opt-in to the future behavior, set `pd.set_option('future.no_silent_downcasting', True)`
2026-05-03 12:35:41,819 - WARNING - warnings - FutureWarning: Downcasting object dtype arrays on .fillna, .ffill, .bfill is deprecated and will change in a future version. Call result.infer_objects(copy=False) instead. To opt-in to the future behavior, set `pd.set_option('future.no_silent_downcasting', True)`
2026-05-03 12:35:41,826 - DEBUG - network - Generic fluid property specification complete in the final of initialization.
2026-05-03 12:35:41,829 - DEBUG - base - The fuels for component combustion of type diabatic combustion chamber are: CH4.
2026-05-03 12:35:41,830 - INFO - network - ########-----Initializing variables bounds-----########
2026-05-03 12:35:41,832 - DEBUG - connection - The connection: c1 has 0 equations.
2026-05-03 12:35:41,832 - DEBUG - connection - The connection: c10 has 0 equations.
2026-05-03 12:35:41,832 - DEBUG - connection - The connection: c11 has 0 equations.
2026-05-03 12:35:41,832 - DEBUG - connection - The connection: c12 has 0 equations.
2026-05-03 12:35:41,832 - DEBUG - connection - The connection: c13 has 0 equations.
2026-05-03 12:35:41,832 - DEBUG - connection - The connection: c14 has 0 equations.
2026-05-03 12:35:41,832 - DEBUG - connection - The connection: c15 has 0 equations.
2026-05-03 12:35:41,832 - DEBUG - connection - The connection: c16 has 0 equations.
2026-05-03 12:35:41,832 - DEBUG - connection - The connection: c17 has 0 equations.
2026-05-03 12:35:41,832 - DEBUG - connection - The connection: c18 has 0 equations.
2026-05-03 12:35:41,832 - DEBUG - connection - The connection: c19 has 0 equations.
2026-05-03 12:35:41,832 - DEBUG - connection - The connection: c2 has 0 equations.
2026-05-03 12:35:41,832 - DEBUG - connection - The connection: c20 has 0 equations.
2026-05-03 12:35:41,832 - DEBUG - connection - The connection: c21 has 0 equations.
2026-05-03 12:35:41,832 - DEBUG - connection - The connection: c22 has 1 equations.
2026-05-03 12:35:41,832 - DEBUG - connection - The connection: c23 has 0 equations.
2026-05-03 12:35:41,832 - DEBUG - connection - The connection: c24 has 0 equations.
2026-05-03 12:35:41,833 - DEBUG - connection - The connection: c25 has 0 equations.
2026-05-03 12:35:41,833 - DEBUG - connection - The connection: c26 has 0 equations.
2026-05-03 12:35:41,833 - DEBUG - connection - The connection: c27 has 0 equations.
2026-05-03 12:35:41,833 - DEBUG - connection - The connection: c28 has 0 equations.
2026-05-03 12:35:41,833 - DEBUG - connection - The connection: c29 has 0 equations.
2026-05-03 12:35:41,833 - DEBUG - connection - The connection: c3 has 0 equations.
2026-05-03 12:35:41,833 - DEBUG - connection - The connection: c30 has 0 equations.
2026-05-03 12:35:41,833 - DEBUG - connection - The connection: c31 has 0 equations.
2026-05-03 12:35:41,833 - DEBUG - connection - The connection: c32 has 0 equations.
2026-05-03 12:35:41,833 - DEBUG - connection - The connection: c33 has 0 equations.
2026-05-03 12:35:41,833 - DEBUG - connection - The connection: c34 has 0 equations.
2026-05-03 12:35:41,833 - DEBUG - connection - The connection: c35 has 0 equations.
2026-05-03 12:35:41,833 - DEBUG - connection - The connection: c36 has 0 equations.
2026-05-03 12:35:41,833 - DEBUG - connection - The connection: c37 has 0 equations.
2026-05-03 12:35:41,833 - DEBUG - connection - The connection: c38 has 0 equations.
2026-05-03 12:35:41,833 - DEBUG - connection - The connection: c39 has 0 equations.
2026-05-03 12:35:41,833 - DEBUG - connection - The connection: c4 has 0 equations.
2026-05-03 12:35:41,833 - DEBUG - connection - The connection: c40 has 0 equations.
2026-05-03 12:35:41,833 - DEBUG - connection - The connection: c41 has 0 equations.
2026-05-03 12:35:41,833 - DEBUG - connection - The connection: c42 has 0 equations.
2026-05-03 12:35:41,833 - DEBUG - connection - The connection: c43 has 0 equations.
2026-05-03 12:35:41,833 - DEBUG - connection - The connection: c44 has 0 equations.
2026-05-03 12:35:41,833 - DEBUG - connection - The connection: c45 has 0 equations.
2026-05-03 12:35:41,833 - DEBUG - connection - The connection: c46 has 0 equations.
2026-05-03 12:35:41,833 - DEBUG - connection - The connection: c47 has 0 equations.
2026-05-03 12:35:41,833 - DEBUG - connection - The connection: c48 has 1 equations.
2026-05-03 12:35:41,833 - DEBUG - connection - The connection: c49 has 0 equations.
2026-05-03 12:35:41,833 - DEBUG - connection - The connection: c5 has 0 equations.
2026-05-03 12:35:41,833 - DEBUG - connection - The connection: c50 has 0 equations.
2026-05-03 12:35:41,833 - DEBUG - connection - The connection: c51 has 0 equations.
2026-05-03 12:35:41,833 - DEBUG - connection - The connection: c52 has 0 equations.
2026-05-03 12:35:41,833 - DEBUG - connection - The connection: c53 has 0 equations.
2026-05-03 12:35:41,833 - DEBUG - connection - The connection: c54 has 0 equations.
2026-05-03 12:35:41,833 - DEBUG - connection - The connection: c55 has 0 equations.
2026-05-03 12:35:41,833 - DEBUG - connection - The connection: c56 has 0 equations.
2026-05-03 12:35:41,833 - DEBUG - connection - The connection: c57 has 0 equations.
2026-05-03 12:35:41,833 - DEBUG - connection - The connection: c58 has 0 equations.
2026-05-03 12:35:41,833 - DEBUG - connection - The connection: c59 has 0 equations.
2026-05-03 12:35:41,833 - DEBUG - connection - The connection: c6 has 0 equations.
2026-05-03 12:35:41,833 - DEBUG - connection - The connection: c60 has 0 equations.
2026-05-03 12:35:41,833 - DEBUG - connection - The connection: c61 has 0 equations.
2026-05-03 12:35:41,834 - DEBUG - connection - The connection: c62 has 0 equations.
2026-05-03 12:35:41,834 - DEBUG - connection - The connection: c63 has 0 equations.
2026-05-03 12:35:41,834 - DEBUG - connection - The connection: c64 has 0 equations.
2026-05-03 12:35:41,834 - DEBUG - connection - The connection: c65 has 0 equations.
2026-05-03 12:35:41,834 - DEBUG - connection - The connection: c66 has 0 equations.
2026-05-03 12:35:41,834 - DEBUG - connection - The connection: c67 has 0 equations.
2026-05-03 12:35:41,834 - DEBUG - connection - The connection: c68 has 0 equations.
2026-05-03 12:35:41,834 - DEBUG - connection - The connection: c69 has 0 equations.
2026-05-03 12:35:41,834 - DEBUG - connection - The connection: c7 has 0 equations.
2026-05-03 12:35:41,834 - DEBUG - connection - The connection: c70 has 0 equations.
2026-05-03 12:35:41,834 - DEBUG - connection - The connection: c71 has 0 equations.
2026-05-03 12:35:41,834 - DEBUG - connection - The connection: c72 has 0 equations.
2026-05-03 12:35:41,834 - DEBUG - connection - The connection: c73 has 0 equations.
2026-05-03 12:35:41,834 - DEBUG - connection - The connection: c74 has 0 equations.
2026-05-03 12:35:41,834 - DEBUG - connection - The connection: c75 has 0 equations.
2026-05-03 12:35:41,834 - DEBUG - connection - The connection: c76 has 0 equations.
2026-05-03 12:35:41,834 - DEBUG - connection - The connection: c77 has 0 equations.
2026-05-03 12:35:41,834 - DEBUG - connection - The connection: c78 has 0 equations.
2026-05-03 12:35:41,834 - DEBUG - connection - The connection: c79 has 0 equations.
2026-05-03 12:35:41,834 - DEBUG - connection - The connection: c8 has 0 equations.
2026-05-03 12:35:41,834 - DEBUG - connection - The connection: c80 has 0 equations.
2026-05-03 12:35:41,834 - DEBUG - connection - The connection: c81 has 0 equations.
2026-05-03 12:35:41,834 - DEBUG - connection - The connection: c82 has 0 equations.
2026-05-03 12:35:41,834 - DEBUG - connection - The connection: c83 has 0 equations.
2026-05-03 12:35:41,834 - DEBUG - connection - The connection: c84 has 0 equations.
2026-05-03 12:35:41,834 - DEBUG - connection - The connection: c85 has 0 equations.
2026-05-03 12:35:41,834 - DEBUG - connection - The connection: c86 has 0 equations.
2026-05-03 12:35:41,834 - DEBUG - connection - The connection: c87 has 0 equations.
2026-05-03 12:35:41,834 - DEBUG - connection - The connection: c88 has 0 equations.
2026-05-03 12:35:41,834 - DEBUG - connection - The connection: c89 has 0 equations.
2026-05-03 12:35:41,834 - DEBUG - connection - The connection: c9 has 0 equations.
2026-05-03 12:35:41,834 - DEBUG - connection - The connection: c90 has 0 equations.
2026-05-03 12:35:41,834 - DEBUG - connection - The connection: d15 has 0 equations.
2026-05-03 12:35:41,834 - DEBUG - connection - The connection: d36 has 0 equations.
2026-05-03 12:35:41,834 - DEBUG - connection - The connection: d54 has 0 equations.
2026-05-03 12:35:41,834 - DEBUG - connection - The connection: d7 has 0 equations.
2026-05-03 12:35:41,834 - DEBUG - connection - The connection: d80 has 0 equations.
2026-05-03 12:35:41,834 - DEBUG - connection - The connection: d84 has 0 equations.
2026-05-03 12:35:41,834 - DEBUG - connection - The connection: d9 has 0 equations.
2026-05-03 12:35:41,834 - DEBUG - connection - The connection: deaerator_cold_in has 0 equations.
2026-05-03 12:35:41,834 - DEBUG - connection - The connection: h1_out has 0 equations.
2026-05-03 12:35:41,834 - DEBUG - connection - The connection: heater_h_hot_in has 0 equations.
2026-05-03 12:35:41,834 - DEBUG - connection - The connection: heater_j_hot_in has 0 equations.
2026-05-03 12:35:41,834 - DEBUG - connection - The connection: heater_k_hot_in has 0 equations.
2026-05-03 12:35:41,834 - DEBUG - connection - The connection: l1_out has 0 equations.
2026-05-03 12:35:41,834 - DEBUG - connection - The connection: l2_out has 0 equations.
2026-05-03 12:35:41,834 - DEBUG - connection - The connection: l3_out has 0 equations.
2026-05-03 12:35:41,834 - DEBUG - connection - The connection: l4_out has 0 equations.
2026-05-03 12:35:41,834 - DEBUG - component - The component: af_boiler_cold_in of type FlowAmplifier has 1 equations.
2026-05-03 12:35:41,834 - DEBUG - component - The component: af_boiler_cold_out of type FlowAmplifier has 1 equations.
2026-05-03 12:35:41,834 - DEBUG - component - The component: af_boiler_hot_in of type FlowAmplifier has 1 equations.
2026-05-03 12:35:41,834 - DEBUG - component - The component: af_boiler_hot_out of type FlowAmplifier has 1 equations.
2026-05-03 12:35:41,835 - DEBUG - component - The component: af_reheater_cold_in of type FlowAmplifier has 1 equations.
2026-05-03 12:35:41,835 - DEBUG - component - The component: af_reheater_cold_out of type FlowAmplifier has 1 equations.
2026-05-03 12:35:41,835 - DEBUG - component - The component: af_reheater_hot_in of type FlowAmplifier has 1 equations.
2026-05-03 12:35:41,835 - DEBUG - component - The component: af_reheater_hot_out of type FlowAmplifier has 1 equations.
2026-05-03 12:35:41,835 - DEBUG - component - The component: af_solar_in of type FlowAmplifier has 1 equations.
2026-05-03 12:35:41,835 - DEBUG - component - The component: af_solar_out of type FlowAmplifier has 1 equations.
2026-05-03 12:35:41,835 - DEBUG - component - The component: air_compressor of type Compressor has 1 equations.
2026-05-03 12:35:41,835 - DEBUG - component - The component: air_source of type Source has 0 equations.
2026-05-03 12:35:41,835 - DEBUG - component - The component: cold_salt_tank of type HeatStorageTank has 2 equations.
2026-05-03 12:35:41,835 - DEBUG - component - The component: combustion of type DiabaticCombustionChamber has 2 equations.
2026-05-03 12:35:41,835 - DEBUG - component - The component: condense_pump of type Pump has 1 equations.
2026-05-03 12:35:41,835 - DEBUG - component - The component: condenser of type Condenser has 5 equations.
2026-05-03 12:35:41,835 - DEBUG - component - The component: cooling_water_sink of type Sink has 0 equations.
2026-05-03 12:35:41,835 - DEBUG - component - The component: cooling_water_source of type Source has 0 equations.
2026-05-03 12:35:41,835 - DEBUG - component - The component: deaerator of type Deaerator has 6 equations.
2026-05-03 12:35:41,835 - DEBUG - component - The component: deaerator_drain of type Sink has 0 equations.
2026-05-03 12:35:41,835 - DEBUG - component - The component: evaporator of type Evaporator has 4 equations.
2026-05-03 12:35:41,835 - DEBUG - component - The component: evaporator_drain of type Sink has 0 equations.
2026-05-03 12:35:41,835 - DEBUG - component - The component: evaporator_drum of type EvaporateTank has 5 equations.
2026-05-03 12:35:41,835 - DEBUG - component - The component: fuel_source of type Source has 0 equations.
2026-05-03 12:35:41,835 - DEBUG - component - The component: gas_sink of type Sink has 0 equations.
2026-05-03 12:35:41,835 - DEBUG - component - The component: gas_turbine of type Turbine has 1 equations.
2026-05-03 12:35:41,835 - DEBUG - component - The component: heatexchanger_a of type HeatExchanger has 4 equations.
2026-05-03 12:35:41,835 - DEBUG - component - The component: heatexchanger_b of type HeatExchanger has 4 equations.
2026-05-03 12:35:41,835 - DEBUG - component - The component: heatexchanger_c of type HeatExchanger has 3 equations.
2026-05-03 12:35:41,835 - DEBUG - component - The component: heatexchanger_d of type HeatExchanger has 4 equations.
2026-05-03 12:35:41,835 - DEBUG - component - The component: heatexchanger_e of type HeatExchanger has 4 equations.
2026-05-03 12:35:41,835 - DEBUG - component - The component: heatexchanger_f of type HeatExchanger has 4 equations.
2026-05-03 12:35:41,835 - DEBUG - component - The component: heatexchanger_g of type ExtractHeatExchanger has 5 equations.
2026-05-03 12:35:41,836 - DEBUG - component - The component: heatexchanger_h of type ExtractHeatExchanger has 5 equations.
2026-05-03 12:35:41,836 - DEBUG - component - The component: heatexchanger_i of type ExtractHeatExchanger has 5 equations.
2026-05-03 12:35:41,836 - DEBUG - component - The component: heatexchanger_j of type ExtractHeatExchanger has 5 equations.
2026-05-03 12:35:41,836 - DEBUG - component - The component: heatexchanger_k of type ExtractHeatExchanger has 5 equations.
2026-05-03 12:35:41,836 - DEBUG - component - The component: hot_salt_tank of type HeatStorageTank has 2 equations.
2026-05-03 12:35:41,836 - DEBUG - component - The component: hp_turbine1 of type Turbine has 1 equations.
2026-05-03 12:35:41,836 - DEBUG - component - The component: hp_turbine2 of type Turbine has 1 equations.
2026-05-03 12:35:41,836 - DEBUG - component - The component: lp_turbine1 of type Turbine has 1 equations.
2026-05-03 12:35:41,836 - DEBUG - component - The component: lp_turbine2 of type Turbine has 1 equations.
2026-05-03 12:35:41,836 - DEBUG - component - The component: lp_turbine3 of type Turbine has 1 equations.
2026-05-03 12:35:41,836 - DEBUG - component - The component: lp_turbine4 of type Turbine has 1 equations.
2026-05-03 12:35:41,836 - DEBUG - component - The component: lp_turbine5 of type Turbine has 1 equations.
2026-05-03 12:35:41,836 - DEBUG - component - The component: merge_12_13_21 of type Merge has 2 equations.
2026-05-03 12:35:41,836 - DEBUG - component - The component: merge_18_82_83 of type Merge has 2 equations.
2026-05-03 12:35:41,836 - DEBUG - component - The component: merge_36_80_81 of type Merge has 2 equations.
2026-05-03 12:35:41,836 - DEBUG - component - The component: merge_67_68_69 of type Merge has 2 equations.
2026-05-03 12:35:41,836 - DEBUG - component - The component: merge_7_9_10 of type Merge has 2 equations.
2026-05-03 12:35:41,836 - DEBUG - component - The component: merge_deaerator of type Merge has 2 equations.
2026-05-03 12:35:41,836 - DEBUG - component - The component: merge_heater_h of type Merge has 2 equations.
2026-05-03 12:35:41,836 - DEBUG - component - The component: merge_heater_j of type Merge has 2 equations.
2026-05-03 12:35:41,836 - DEBUG - component - The component: merge_heater_k of type Merge has 2 equations.
2026-05-03 12:35:41,836 - DEBUG - component - The component: oil_cycle_closer of type CycleCloser has 0 equations.
2026-05-03 12:35:41,836 - DEBUG - component - The component: oil_recycle_pump1 of type Pump has 1 equations.
2026-05-03 12:35:41,836 - DEBUG - component - The component: oil_recycle_pump2 of type Pump has 1 equations.
2026-05-03 12:35:41,836 - DEBUG - component - The component: salt_cycle_closer of type CycleCloser has 1 equations.
2026-05-03 12:35:41,836 - DEBUG - component - The component: solar_collector1 of type SolarCollector has 1 equations.
2026-05-03 12:35:41,836 - DEBUG - component - The component: solar_collector2 of type SolarCollector has 1 equations.
2026-05-03 12:35:41,836 - DEBUG - component - The component: solar_collector3 of type SolarCollector has 1 equations.
2026-05-03 12:35:41,836 - DEBUG - component - The component: solar_collector4 of type SolarCollector has 1 equations.
2026-05-03 12:35:41,836 - DEBUG - component - The component: splitter_10_11_12 of type Splitter has 1 equations.
2026-05-03 12:35:41,837 - DEBUG - component - The component: splitter_20_81_82 of type Splitter has 1 equations.
2026-05-03 12:35:41,837 - DEBUG - component - The component: splitter_21_22_23 of type Splitter has 1 equations.
2026-05-03 12:35:41,837 - DEBUG - component - The component: splitter_42_47_48 of type Splitter has 1 equations.
2026-05-03 12:35:41,837 - DEBUG - component - The component: splitter_6_84_85 of type Splitter has 1 equations.
2026-05-03 12:35:41,837 - DEBUG - component - The component: splitter_h1 of type Splitter has 1 equations.
2026-05-03 12:35:41,837 - DEBUG - component - The component: splitter_l1 of type Splitter has 1 equations.
2026-05-03 12:35:41,837 - DEBUG - component - The component: splitter_l2 of type Splitter has 1 equations.
2026-05-03 12:35:41,837 - DEBUG - component - The component: splitter_l3 of type Splitter has 1 equations.
2026-05-03 12:35:41,837 - DEBUG - component - The component: splitter_l4 of type Splitter has 1 equations.
2026-05-03 12:35:41,837 - DEBUG - component - The component: steam_cycle_closer of type CycleCloser has 0 equations.
2026-05-03 12:35:41,837 - DEBUG - component - The component: steam_recycle_pump of type Pump has 1 equations.
2026-05-03 12:35:41,837 - DEBUG - component - The component: valve_36 of type Valve has 0 equations.
2026-05-03 12:35:41,837 - DEBUG - component - The component: valve_50_51 of type Valve has 0 equations.
2026-05-03 12:35:41,837 - DEBUG - component - The component: valve_52_53 of type Valve has 0 equations.
2026-05-03 12:35:41,837 - DEBUG - component - The component: valve_69_71 of type Valve has 0 equations.
2026-05-03 12:35:41,837 - DEBUG - component - The component: valve_7 of type Valve has 0 equations.
2026-05-03 12:35:41,837 - DEBUG - component - The component: valve_73_74 of type Valve has 0 equations.
2026-05-03 12:35:41,837 - DEBUG - component - The component: valve_76_77 of type Valve has 0 equations.
2026-05-03 12:35:41,837 - DEBUG - component - The component: valve_80 of type Valve has 0 equations.
2026-05-03 12:35:41,837 - DEBUG - component - The component: valve_9 of type Valve has 0 equations.
2026-05-03 12:35:41,837 - DEBUG - component - The component: water_recycle_pump of type Pump has 1 equations.
2026-05-03 12:35:41,880 - DEBUG - network - ------presolve_batch: 1------
2026-05-03 12:35:41,880 - DEBUG - network - Has pre_solved equation: <component parameter>: Ki of FlowAmplifier: af_solar_out
2026-05-03 12:35:41,880 - DEBUG - network - Has pre_solved equation: <component constraint>: mass_flow_constraints of DiabaticCombustionChamber: combustion
2026-05-03 12:35:41,880 - DEBUG - network - Has pre_solved equation: <component parameter>: dp2 of Deaerator: deaerator
2026-05-03 12:35:41,881 - DEBUG - network - Has pre_solved equation: <component parameter>: T_in of HeatStorageTank: hot_salt_tank
2026-05-03 12:35:41,881 - DEBUG - network - Has pre_solved equation: <component parameter>: mass_conservation of CycleCloser: salt_cycle_closer
2026-05-03 12:35:41,881 - DEBUG - network - ------presolve_batch: 2------
2026-05-03 12:35:41,881 - DEBUG - network - Has pre_solved equation: <component parameter>: Ki of FlowAmplifier: af_solar_in
2026-05-03 12:35:41,881 - DEBUG - network - Has pre_solved equation: <component constraint>: saturated_liquid_constraints of Deaerator: deaerator
2026-05-03 12:35:41,881 - DEBUG - network - Has pre_solved equation: <component parameter>: dp1 of Deaerator: deaerator
2026-05-03 12:35:41,881 - DEBUG - network - Has pre_solved equation: <component parameter>: T_out of HeatStorageTank: hot_salt_tank
2026-05-03 12:35:41,881 - DEBUG - network - ------presolve_batch: 3------
2026-05-03 12:35:41,881 - DEBUG - network - Has pre_solved equation: <component constraint>: saturated_vapour_constraints of Deaerator: deaerator
2026-05-03 12:35:41,881 - DEBUG - network - ------presolve_batch: 4------
2026-05-03 12:35:41,881 - DEBUG - network - Has removed 10 pre_solved equations totally.
2026-05-03 12:35:41,881 - DEBUG - component - The component: af_boiler_cold_in of type FlowAmplifier has 0 variables.
2026-05-03 12:35:41,881 - DEBUG - component - The component: af_boiler_cold_out of type FlowAmplifier has 0 variables.
2026-05-03 12:35:41,881 - DEBUG - component - The component: af_boiler_hot_in of type FlowAmplifier has 0 variables.
2026-05-03 12:35:41,881 - DEBUG - component - The component: af_boiler_hot_out of type FlowAmplifier has 0 variables.
2026-05-03 12:35:41,881 - DEBUG - component - The component: af_reheater_cold_in of type FlowAmplifier has 0 variables.
2026-05-03 12:35:41,881 - DEBUG - component - The component: af_reheater_cold_out of type FlowAmplifier has 0 variables.
2026-05-03 12:35:41,881 - DEBUG - component - The component: af_reheater_hot_in of type FlowAmplifier has 0 variables.
2026-05-03 12:35:41,881 - DEBUG - component - The component: af_reheater_hot_out of type FlowAmplifier has 0 variables.
2026-05-03 12:35:41,881 - DEBUG - component - The component: af_solar_in of type FlowAmplifier has 0 variables.
2026-05-03 12:35:41,881 - DEBUG - component - The component: af_solar_out of type FlowAmplifier has 0 variables.
2026-05-03 12:35:41,881 - DEBUG - component - The component: air_compressor of type Compressor has 0 variables.
2026-05-03 12:35:41,882 - DEBUG - component - The component: air_source of type Source has 0 variables.
2026-05-03 12:35:41,882 - DEBUG - component - The component: cold_salt_tank of type HeatStorageTank has 0 variables.
2026-05-03 12:35:41,882 - DEBUG - component - The component: combustion of type DiabaticCombustionChamber has 0 variables.
2026-05-03 12:35:41,882 - DEBUG - component - The component: condense_pump of type Pump has 0 variables.
2026-05-03 12:35:41,882 - DEBUG - component - The component: condenser of type Condenser has 0 variables.
2026-05-03 12:35:41,882 - DEBUG - component - The component: cooling_water_sink of type Sink has 0 variables.
2026-05-03 12:35:41,882 - DEBUG - component - The component: cooling_water_source of type Source has 0 variables.
2026-05-03 12:35:41,882 - DEBUG - component - The component: deaerator of type Deaerator has 0 variables.
2026-05-03 12:35:41,882 - DEBUG - component - The component: deaerator_drain of type Sink has 0 variables.
2026-05-03 12:35:41,882 - DEBUG - component - The component: evaporator of type Evaporator has 0 variables.
2026-05-03 12:35:41,882 - DEBUG - component - The component: evaporator_drain of type Sink has 0 variables.
2026-05-03 12:35:41,882 - DEBUG - component - The component: evaporator_drum of type EvaporateTank has 0 variables.
2026-05-03 12:35:41,882 - DEBUG - component - The component: fuel_source of type Source has 0 variables.
2026-05-03 12:35:41,882 - DEBUG - component - The component: gas_sink of type Sink has 0 variables.
2026-05-03 12:35:41,882 - DEBUG - component - The component: gas_turbine of type Turbine has 0 variables.
2026-05-03 12:35:41,882 - DEBUG - component - The component: heatexchanger_a of type HeatExchanger has 0 variables.
2026-05-03 12:35:41,882 - DEBUG - component - The component: heatexchanger_b of type HeatExchanger has 0 variables.
2026-05-03 12:35:41,882 - DEBUG - component - The component: heatexchanger_c of type HeatExchanger has 0 variables.
2026-05-03 12:35:41,882 - DEBUG - component - The component: heatexchanger_d of type HeatExchanger has 0 variables.
2026-05-03 12:35:41,882 - DEBUG - component - The component: heatexchanger_e of type HeatExchanger has 0 variables.
2026-05-03 12:35:41,882 - DEBUG - component - The component: heatexchanger_f of type HeatExchanger has 0 variables.
2026-05-03 12:35:41,882 - DEBUG - component - The component: heatexchanger_g of type ExtractHeatExchanger has 0 variables.
2026-05-03 12:35:41,882 - DEBUG - component - The component: heatexchanger_h of type ExtractHeatExchanger has 0 variables.
2026-05-03 12:35:41,882 - DEBUG - component - The component: heatexchanger_i of type ExtractHeatExchanger has 0 variables.
2026-05-03 12:35:41,882 - DEBUG - component - The component: heatexchanger_j of type ExtractHeatExchanger has 0 variables.
2026-05-03 12:35:41,882 - DEBUG - component - The component: heatexchanger_k of type ExtractHeatExchanger has 0 variables.
2026-05-03 12:35:41,882 - DEBUG - component - The component: hot_salt_tank of type HeatStorageTank has 0 variables.
2026-05-03 12:35:41,882 - DEBUG - component - The component: hp_turbine1 of type Turbine has 0 variables.
2026-05-03 12:35:41,882 - DEBUG - component - The component: hp_turbine2 of type Turbine has 0 variables.
2026-05-03 12:35:41,882 - DEBUG - component - The component: lp_turbine1 of type Turbine has 0 variables.
2026-05-03 12:35:41,882 - DEBUG - component - The component: lp_turbine2 of type Turbine has 0 variables.
2026-05-03 12:35:41,882 - DEBUG - component - The component: lp_turbine3 of type Turbine has 0 variables.
2026-05-03 12:35:41,882 - DEBUG - component - The component: lp_turbine4 of type Turbine has 0 variables.
2026-05-03 12:35:41,882 - DEBUG - component - The component: lp_turbine5 of type Turbine has 0 variables.
2026-05-03 12:35:41,882 - DEBUG - component - The component: merge_12_13_21 of type Merge has 0 variables.
2026-05-03 12:35:41,883 - DEBUG - component - The component: merge_18_82_83 of type Merge has 0 variables.
2026-05-03 12:35:41,883 - DEBUG - component - The component: merge_36_80_81 of type Merge has 0 variables.
2026-05-03 12:35:41,883 - DEBUG - component - The component: merge_67_68_69 of type Merge has 0 variables.
2026-05-03 12:35:41,883 - DEBUG - component - The component: merge_7_9_10 of type Merge has 0 variables.
2026-05-03 12:35:41,883 - DEBUG - component - The component: merge_deaerator of type Merge has 0 variables.
2026-05-03 12:35:41,883 - DEBUG - component - The component: merge_heater_h of type Merge has 0 variables.
2026-05-03 12:35:41,883 - DEBUG - component - The component: merge_heater_j of type Merge has 0 variables.
2026-05-03 12:35:41,883 - DEBUG - component - The component: merge_heater_k of type Merge has 0 variables.
2026-05-03 12:35:41,883 - DEBUG - component - The component: oil_cycle_closer of type CycleCloser has 0 variables.
2026-05-03 12:35:41,883 - DEBUG - component - The component: oil_recycle_pump1 of type Pump has 0 variables.
2026-05-03 12:35:41,883 - DEBUG - component - The component: oil_recycle_pump2 of type Pump has 0 variables.
2026-05-03 12:35:41,883 - DEBUG - component - The component: salt_cycle_closer of type CycleCloser has 0 variables.
2026-05-03 12:35:41,883 - DEBUG - component - The component: solar_collector1 of type SolarCollector has 0 variables.
2026-05-03 12:35:41,883 - DEBUG - component - The component: solar_collector2 of type SolarCollector has 0 variables.
2026-05-03 12:35:41,883 - DEBUG - component - The component: solar_collector3 of type SolarCollector has 0 variables.
2026-05-03 12:35:41,883 - DEBUG - component - The component: solar_collector4 of type SolarCollector has 0 variables.
2026-05-03 12:35:41,883 - DEBUG - component - The component: splitter_10_11_12 of type Splitter has 0 variables.
2026-05-03 12:35:41,883 - DEBUG - component - The component: splitter_20_81_82 of type Splitter has 0 variables.
2026-05-03 12:35:41,883 - DEBUG - component - The component: splitter_21_22_23 of type Splitter has 0 variables.
2026-05-03 12:35:41,883 - DEBUG - component - The component: splitter_42_47_48 of type Splitter has 0 variables.
2026-05-03 12:35:41,883 - DEBUG - component - The component: splitter_6_84_85 of type Splitter has 0 variables.
2026-05-03 12:35:41,883 - DEBUG - component - The component: splitter_h1 of type Splitter has 0 variables.
2026-05-03 12:35:41,883 - DEBUG - component - The component: splitter_l1 of type Splitter has 0 variables.
2026-05-03 12:35:41,883 - DEBUG - component - The component: splitter_l2 of type Splitter has 0 variables.
2026-05-03 12:35:41,883 - DEBUG - component - The component: splitter_l3 of type Splitter has 0 variables.
2026-05-03 12:35:41,883 - DEBUG - component - The component: splitter_l4 of type Splitter has 0 variables.
2026-05-03 12:35:41,883 - DEBUG - component - The component: steam_cycle_closer of type CycleCloser has 0 variables.
2026-05-03 12:35:41,883 - DEBUG - component - The component: steam_recycle_pump of type Pump has 0 variables.
2026-05-03 12:35:41,883 - DEBUG - component - The component: valve_36 of type Valve has 0 variables.
2026-05-03 12:35:41,883 - DEBUG - component - The component: valve_50_51 of type Valve has 0 variables.
2026-05-03 12:35:41,883 - DEBUG - component - The component: valve_52_53 of type Valve has 0 variables.
2026-05-03 12:35:41,883 - DEBUG - component - The component: valve_69_71 of type Valve has 0 variables.
2026-05-03 12:35:41,883 - DEBUG - component - The component: valve_7 of type Valve has 0 variables.
2026-05-03 12:35:41,883 - DEBUG - component - The component: valve_73_74 of type Valve has 0 variables.
2026-05-03 12:35:41,883 - DEBUG - component - The component: valve_76_77 of type Valve has 0 variables.
2026-05-03 12:35:41,883 - DEBUG - component - The component: valve_80 of type Valve has 0 variables.
2026-05-03 12:35:41,883 - DEBUG - component - The component: valve_9 of type Valve has 0 variables.
2026-05-03 12:35:41,883 - DEBUG - component - The component: water_recycle_pump of type Pump has 0 variables.
2026-05-03 12:35:41,970 - INFO - network - ########----Network initialised----########
2026-05-03 12:35:41,970 - DEBUG - network - ------Equation Summarization------
2026-05-03 12:35:41,970 - DEBUG - network - Total number of equations: 123
2026-05-03 12:35:41,970 - DEBUG - network - Number of connection equations: 2.
2026-05-03 12:35:41,970 - DEBUG - network - Number of component equations: 131.
2026-05-03 12:35:41,970 - DEBUG - network - Number of bus equations: 0.
2026-05-03 12:35:41,970 - DEBUG - network - Number of user defined equations: 0.
2026-05-03 12:35:41,970 - DEBUG - network - Number of presolved equations: 10.
2026-05-03 12:35:41,970 - DEBUG - network - ------Variable Summarization------
2026-05-03 12:35:41,970 - DEBUG - network - Total number of variables: 123.
2026-05-03 12:35:41,970 - DEBUG - network - Number of component variables: 0.
2026-05-03 12:35:41,970 - DEBUG - network - Number of connection variables: 123.
2026-05-03 12:35:41,970 - DEBUG - network - Number of mass flow variables: 42.
2026-05-03 12:35:41,970 - DEBUG - network - Number of pressure variables: 25.
2026-05-03 12:35:41,970 - DEBUG - network - Number of enthalpy variables: 56.
2026-05-03 12:35:41,970 - DEBUG - network - ------Fluid Module Summarization------
2026-05-03 12:35:41,970 - DEBUG - network - Number of fluid composition equations: 6.
2026-05-03 12:35:41,970 - DEBUG - network - Number of fluid variables: 6.
2026-05-03 12:35:42,044 - DEBUG - network - 
##### VARIABLES #####
+-----+--------------------------------------------------------+-------------+-------------+---------+-----------+
|     | label                                                  |   min value |   max value | unit    |     scale |
|-----+--------------------------------------------------------+-------------+-------------+---------+-----------|
|   0 | <mass flow objective> of connection: c10               |   1.000e-05 |   1.000e+12 | kg / s  | 1.000e+00 |
|   1 | <mass flow objective> of connection: c11               |   1.000e-05 |   1.000e+12 | kg / s  | 1.000e+00 |
|   2 | <mass flow objective> of connection: c12               |   1.000e-05 |   1.000e+12 | kg / s  | 1.000e+00 |
|   3 | <mass flow objective> of connection: c13               |   1.000e-05 |   1.000e+12 | kg / s  | 1.000e+00 |
|   4 | <mass flow objective> of connection: c21               |   1.000e-05 |   1.000e+12 | kg / s  | 1.000e+00 |
|   5 | <mass flow objective> of connection: c22               |   1.000e-05 |   1.000e+12 | kg / s  | 1.000e+00 |
|   6 | <mass flow objective> of connection: c23               |   1.000e-05 |   1.000e+12 | kg / s  | 1.000e+00 |
|   7 | <mass flow objective> of connection: c24               |   1.000e-05 |   1.000e+12 | kg / s  | 1.000e+00 |
|   8 | <mass flow objective> of connection: c25               |   1.000e-05 |   1.000e+12 | kg / s  | 1.000e+00 |
|   9 | <mass flow objective> of connection: c28               |   1.000e-05 |   1.000e+12 | kg / s  | 1.000e+00 |
|  10 | <mass flow objective> of connection: c32               |   1.000e-05 |   1.000e+12 | kg / s  | 1.000e+00 |
|  11 | <mass flow objective> of connection: c36               |   1.000e-05 |   1.000e+12 | kg / s  | 1.000e+00 |
|  12 | <mass flow objective> of connection: c37               |   1.000e-05 |   1.000e+12 | kg / s  | 1.000e+00 |
|  13 | <mass flow objective> of connection: c38               |   1.000e-05 |   1.000e+12 | kg / s  | 1.000e+00 |
|  14 | <mass flow objective> of connection: c41               |   1.000e-05 |   1.000e+12 | kg / s  | 1.000e+00 |
|  15 | <mass flow objective> of connection: c42               |   1.000e-05 |   1.000e+12 | kg / s  | 1.000e+00 |
|  16 | <mass flow objective> of connection: c43               |   1.000e-05 |   1.000e+12 | kg / s  | 1.000e+00 |
|  17 | <mass flow objective> of connection: c44               |   1.000e-05 |   1.000e+12 | kg / s  | 1.000e+00 |
|  18 | <mass flow objective> of connection: c45               |   1.000e-05 |   1.000e+12 | kg / s  | 1.000e+00 |
|  19 | <mass flow objective> of connection: c46               |   1.000e-05 |   1.000e+12 | kg / s  | 1.000e+00 |
|  20 | <mass flow objective> of connection: c48               |   1.000e-05 |   1.000e+12 | kg / s  | 1.000e+00 |
|  21 | <mass flow objective> of connection: c52               |   1.000e-05 |   1.000e+12 | kg / s  | 1.000e+00 |
|  22 | <mass flow objective> of connection: c54               |   1.000e-05 |   1.000e+12 | kg / s  | 1.000e+00 |
|  23 | <mass flow objective> of connection: c56               |   1.000e-05 |   1.000e+12 | kg / s  | 1.000e+00 |
|  24 | <mass flow objective> of connection: c57               |   1.000e-05 |   1.000e+12 | kg / s  | 1.000e+00 |
|  25 | <mass flow objective> of connection: c58               |   1.000e-05 |   1.000e+12 | kg / s  | 1.000e+00 |
|  26 | <mass flow objective> of connection: c59               |   1.000e-05 |   1.000e+12 | kg / s  | 1.000e+00 |
|  27 | <mass flow objective> of connection: c6                |   1.000e-05 |   1.000e+12 | kg / s  | 1.000e+00 |
|  28 | <mass flow objective> of connection: c60               |   1.000e-05 |   1.000e+12 | kg / s  | 1.000e+00 |
|  29 | <mass flow objective> of connection: c61               |   1.000e-05 |   1.000e+12 | kg / s  | 1.000e+00 |
|  30 | <mass flow objective> of connection: c62               |   1.000e-05 |   1.000e+12 | kg / s  | 1.000e+00 |
|  31 | <mass flow objective> of connection: c63               |   1.000e-05 |   1.000e+12 | kg / s  | 1.000e+00 |
|  32 | <mass flow objective> of connection: c65               |   1.000e-05 |   1.000e+12 | kg / s  | 1.000e+00 |
|  33 | <mass flow objective> of connection: c68               |   1.000e-05 |   1.000e+12 | kg / s  | 1.000e+00 |
|  34 | <mass flow objective> of connection: c69               |   1.000e-05 |   1.000e+12 | kg / s  | 1.000e+00 |
|  35 | <mass flow objective> of connection: c73               |   1.000e-05 |   1.000e+12 | kg / s  | 1.000e+00 |
|  36 | <mass flow objective> of connection: c80               |   1.000e-05 |   1.000e+12 | kg / s  | 1.000e+00 |
|  37 | <mass flow objective> of connection: c81               |   1.000e-05 |   1.000e+12 | kg / s  | 1.000e+00 |
|  38 | <mass flow objective> of connection: c82               |   1.000e-05 |   1.000e+12 | kg / s  | 1.000e+00 |
|  39 | <mass flow objective> of connection: c83               |   1.000e-05 |   1.000e+12 | kg / s  | 1.000e+00 |
|  40 | <mass flow objective> of connection: d84               |   1.000e-05 |   1.000e+12 | kg / s  | 1.000e+00 |
|  41 | <mass flow objective> of connection: deaerator_cold_in |   1.000e-05 |   1.000e+12 | kg / s  | 1.000e+00 |
|  42 | <pressure objective> of connection: c10                |   1.001e-03 |   1.998e+02 | bar     | 1.000e+05 |
|  43 | <pressure objective> of connection: c16                |   1.000e-02 |   4.995e+02 | bar     | 1.000e+05 |
|  44 | <pressure objective> of connection: c18                |   1.001e-03 |   1.998e+02 | bar     | 1.000e+05 |
|  45 | <pressure objective> of connection: c26                |   1.001e-03 |   1.998e+02 | bar     | 1.000e+05 |
|  46 | <pressure objective> of connection: c27                |   6.123e-03 |   9.990e+03 | bar     | 1.000e+05 |
|  47 | <pressure objective> of connection: c29                |   6.123e-03 |   9.990e+03 | bar     | 1.000e+05 |
|  48 | <pressure objective> of connection: c33                |   1.001e-03 |   1.998e+02 | bar     | 1.000e+05 |
|  49 | <pressure objective> of connection: c34                |   1.001e-03 |   1.998e+02 | bar     | 1.000e+05 |
|  50 | <pressure objective> of connection: c35                |   6.123e-03 |   9.990e+03 | bar     | 1.000e+05 |
|  51 | <pressure objective> of connection: c38                |   6.123e-03 |   9.990e+03 | bar     | 1.000e+05 |
|  52 | <pressure objective> of connection: c39                |   1.001e-03 |   1.998e+02 | bar     | 1.000e+05 |
|  53 | <pressure objective> of connection: c49                |   6.123e-03 |   9.990e+03 | bar     | 1.000e+05 |
|  54 | <pressure objective> of connection: c50                |   6.123e-03 |   9.990e+03 | bar     | 1.000e+05 |
|  55 | <pressure objective> of connection: c52                |   6.123e-03 |   9.990e+03 | bar     | 1.000e+05 |
|  56 | <pressure objective> of connection: c55                |   6.123e-03 |   9.990e+03 | bar     | 1.000e+05 |
|  57 | <pressure objective> of connection: c65                |   6.123e-03 |   9.990e+03 | bar     | 1.000e+05 |
|  58 | <pressure objective> of connection: c67                |   6.123e-03 |   9.990e+03 | bar     | 1.000e+05 |
|  59 | <pressure objective> of connection: c7                 |   1.001e-03 |   1.998e+02 | bar     | 1.000e+05 |
|  60 | <pressure objective> of connection: c70                |   6.123e-03 |   9.990e+03 | bar     | 1.000e+05 |
|  61 | <pressure objective> of connection: c71                |   6.123e-03 |   9.990e+03 | bar     | 1.000e+05 |
|  62 | <pressure objective> of connection: c72                |   6.123e-03 |   9.990e+03 | bar     | 1.000e+05 |
|  63 | <pressure objective> of connection: c74                |   6.123e-03 |   9.990e+03 | bar     | 1.000e+05 |
|  64 | <pressure objective> of connection: c75                |   6.123e-03 |   9.990e+03 | bar     | 1.000e+05 |
|  65 | <pressure objective> of connection: c77                |   6.123e-03 |   9.990e+03 | bar     | 1.000e+05 |
|  66 | <pressure objective> of connection: c8                 |   1.000e-02 |   7.992e+02 | bar     | 1.000e+05 |
|  67 | <enthalpy objective> of connection: c10                |   1.000e+00 |   7.000e+03 | kJ / kg | 1.000e+05 |
|  68 | <enthalpy objective> of connection: c13                |   1.000e+00 |   7.000e+03 | kJ / kg | 1.000e+05 |
|  69 | <enthalpy objective> of connection: c16                |   1.000e+00 |   7.000e+03 | kJ / kg | 1.000e+05 |
|  70 | <enthalpy objective> of connection: c17                |   1.000e+00 |   7.000e+03 | kJ / kg | 1.000e+05 |
|  71 | <enthalpy objective> of connection: c18                |   1.000e+00 |   7.000e+03 | kJ / kg | 1.000e+05 |
|  72 | <enthalpy objective> of connection: c19                |   9.778e+02 | nan         | kJ / kg | 1.000e+05 |
|  73 | <enthalpy objective> of connection: c20                |   1.000e+00 |   7.000e+03 | kJ / kg | 1.000e+05 |
|  74 | <enthalpy objective> of connection: c21                |   1.000e+00 |   7.000e+03 | kJ / kg | 1.000e+05 |
|  75 | <enthalpy objective> of connection: c25                |   2.567e+01 |   6.523e+03 | kJ / kg | 1.000e+05 |
|  76 | <enthalpy objective> of connection: c26                |   1.000e+00 |   7.000e+03 | kJ / kg | 1.000e+05 |
|  77 | <enthalpy objective> of connection: c27                |   1.000e+00 |   7.000e+03 | kJ / kg | 1.000e+05 |
|  78 | <enthalpy objective> of connection: c28                |   1.000e+00 |   7.000e+03 | kJ / kg | 1.000e+05 |
|  79 | <enthalpy objective> of connection: c29                |   1.000e+00 |   7.000e+03 | kJ / kg | 1.000e+05 |
|  80 | <enthalpy objective> of connection: c3                 |   1.000e+00 |   7.000e+03 | kJ / kg | 1.000e+05 |
|  81 | <enthalpy objective> of connection: c30                |   1.000e+00 |   7.000e+03 | kJ / kg | 1.000e+05 |
|  82 | <enthalpy objective> of connection: c32                |   1.000e+00 |   7.000e+03 | kJ / kg | 1.000e+05 |
|  83 | <enthalpy objective> of connection: c33                |   1.000e+00 |   7.000e+03 | kJ / kg | 1.000e+05 |
|  84 | <enthalpy objective> of connection: c34                |   1.000e+00 |   7.000e+03 | kJ / kg | 1.000e+05 |
|  85 | <enthalpy objective> of connection: c35                |   1.000e+00 |   7.000e+03 | kJ / kg | 1.000e+05 |
|  86 | <enthalpy objective> of connection: c38                |   1.000e+00 |   7.000e+03 | kJ / kg | 1.000e+05 |
|  87 | <enthalpy objective> of connection: c39                |   1.000e+00 |   7.000e+03 | kJ / kg | 1.000e+05 |
|  88 | <enthalpy objective> of connection: c4                 |   1.000e+00 |   7.000e+03 | kJ / kg | 1.000e+05 |
|  89 | <enthalpy objective> of connection: c40                |   1.738e+01 |   6.528e+03 | kJ / kg | 1.000e+05 |
|  90 | <enthalpy objective> of connection: c45                |   1.972e+01 |   6.526e+03 | kJ / kg | 1.000e+05 |
|  91 | <enthalpy objective> of connection: c49                |   1.000e+00 |   7.000e+03 | kJ / kg | 1.000e+05 |
|  92 | <enthalpy objective> of connection: c5                 |   1.000e+00 |   7.000e+03 | kJ / kg | 1.000e+05 |
|  93 | <enthalpy objective> of connection: c50                |   1.000e+00 |   7.000e+03 | kJ / kg | 1.000e+05 |
|  94 | <enthalpy objective> of connection: c52                |   1.633e+01 |   6.528e+03 | kJ / kg | 1.000e+05 |
|  95 | <enthalpy objective> of connection: c55                |   1.000e+00 |   7.000e+03 | kJ / kg | 1.000e+05 |
|  96 | <enthalpy objective> of connection: c56                |   1.633e+01 |   6.528e+03 | kJ / kg | 1.000e+05 |
|  97 | <enthalpy objective> of connection: c58                |   1.598e+01 |   6.529e+03 | kJ / kg | 1.000e+05 |
|  98 | <enthalpy objective> of connection: c6                 |   9.773e+02 |   1.806e+03 | kJ / kg | 1.000e+05 |
|  99 | <enthalpy objective> of connection: c60                |   1.585e+01 |   6.529e+03 | kJ / kg | 1.000e+05 |
| 100 | <enthalpy objective> of connection: c62                |   1.579e+01 |   6.529e+03 | kJ / kg | 1.000e+05 |
| 101 | <enthalpy objective> of connection: c64                |   1.573e+01 |   6.529e+03 | kJ / kg | 1.000e+05 |
| 102 | <enthalpy objective> of connection: c65                |   1.000e+00 |   7.000e+03 | kJ / kg | 1.000e+05 |
| 103 | <enthalpy objective> of connection: c67                |   1.000e+00 |   7.000e+03 | kJ / kg | 1.000e+05 |
| 104 | <enthalpy objective> of connection: c68                |   1.000e+00 |   7.000e+03 | kJ / kg | 1.000e+05 |
| 105 | <enthalpy objective> of connection: c69                |   1.000e+00 |   7.000e+03 | kJ / kg | 1.000e+05 |
| 106 | <enthalpy objective> of connection: c7                 |   1.000e+00 |   7.000e+03 | kJ / kg | 1.000e+05 |
| 107 | <enthalpy objective> of connection: c70                |   1.000e+00 |   7.000e+03 | kJ / kg | 1.000e+05 |
| 108 | <enthalpy objective> of connection: c72                |   1.000e+00 |   7.000e+03 | kJ / kg | 1.000e+05 |
| 109 | <enthalpy objective> of connection: c73                |   1.000e+00 |   7.000e+03 | kJ / kg | 1.000e+05 |
| 110 | <enthalpy objective> of connection: c75                |   1.000e+00 |   7.000e+03 | kJ / kg | 1.000e+05 |
| 111 | <enthalpy objective> of connection: c76                |   1.000e+00 |   7.000e+03 | kJ / kg | 1.000e+05 |
| 112 | <enthalpy objective> of connection: c78                |   1.633e+01 |   6.528e+03 | kJ / kg | 1.000e+05 |
| 113 | <enthalpy objective> of connection: c8                 |   1.000e+00 |   7.000e+03 | kJ / kg | 1.000e+05 |
| 114 | <enthalpy objective> of connection: c83                |   1.000e+00 |   7.000e+03 | kJ / kg | 1.000e+05 |
| 115 | <enthalpy objective> of connection: c87                |   9.774e+02 |   1.806e+03 | kJ / kg | 1.000e+05 |
| 116 | <enthalpy objective> of connection: c88                |   9.774e+02 |   1.806e+03 | kJ / kg | 1.000e+05 |
| 117 | <enthalpy objective> of connection: c89                |   9.775e+02 |   1.806e+03 | kJ / kg | 1.000e+05 |
| 118 | <enthalpy objective> of connection: c9                 |   1.000e+00 |   7.000e+03 | kJ / kg | 1.000e+05 |
| 119 | <enthalpy objective> of connection: deaerator_cold_in  |   1.633e+01 |   6.528e+03 | kJ / kg | 1.000e+05 |
| 120 | <enthalpy objective> of connection: heater_h_hot_in    |   1.000e+00 |   7.000e+03 | kJ / kg | 1.000e+05 |
| 121 | <enthalpy objective> of connection: heater_j_hot_in    |   1.585e+01 |   6.529e+03 | kJ / kg | 1.000e+05 |
| 122 | <enthalpy objective> of connection: heater_k_hot_in    |   1.579e+01 |   6.529e+03 | kJ / kg | 1.000e+05 |
+-----+--------------------------------------------------------+-------------+-------------+---------+-----------+
##### EQUATIONS #####
+-----+--------------------------------------------------------------------------------------+-----------+
|     | label                                                                                |     scale |
|-----+--------------------------------------------------------------------------------------+-----------|
|   0 | <connection property>: m_ref of c22                                                  | 1.000e+00 |
|   1 | <connection property>: m_ref of c48                                                  | 1.000e+00 |
|   2 | <component parameter>: Ki of FlowAmplifier: af_boiler_cold_in                        | 1.000e+00 |
|   3 | <component parameter>: Ki of FlowAmplifier: af_boiler_cold_out                       | 1.000e+00 |
|   4 | <component parameter>: Ki of FlowAmplifier: af_boiler_hot_in                         | 1.000e+00 |
|   5 | <component parameter>: Ki of FlowAmplifier: af_boiler_hot_out                        | 1.000e+00 |
|   6 | <component parameter>: Ki of FlowAmplifier: af_reheater_cold_in                      | 1.000e+00 |
|   7 | <component parameter>: Ki of FlowAmplifier: af_reheater_cold_out                     | 1.000e+00 |
|   8 | <component parameter>: Ki of FlowAmplifier: af_reheater_hot_in                       | 1.000e+00 |
|   9 | <component parameter>: Ki of FlowAmplifier: af_reheater_hot_out                      | 1.000e+00 |
|  10 | <component parameter>: eta_s of Compressor: air_compressor                           | 1.000e+05 |
|  11 | <component parameter>: T_in of HeatStorageTank: cold_salt_tank                       | 1.000e+01 |
|  12 | <component parameter>: T_out of HeatStorageTank: cold_salt_tank                      | 1.000e+01 |
|  13 | <component parameter>: eta of DiabaticCombustionChamber: combustion                  | 1.000e+05 |
|  14 | <component parameter>: eta_s of Pump: condense_pump                                  | 1.000e+05 |
|  15 | <component parameter>: KDTA of Condenser: condenser                                  | 1.000e+05 |
|  16 | <component parameter>: KDTA of Condenser: condenser                                  | 1.000e+05 |
|  17 | <component parameter>: dp1 of Condenser: condenser                                   | 1.000e+05 |
|  18 | <component parameter>: dp2 of Condenser: condenser                                   | 1.000e+05 |
|  19 | <component parameter>: subcooling of Condenser: condenser                            | 1.000e+05 |
|  20 | <component constraint>: mass_flow_constraints of Deaerator: deaerator                | 1.000e+00 |
|  21 | <component constraint>: energy_balance_constraints of Deaerator: deaerator           | 1.000e+05 |
|  22 | <component parameter>: KDTA of Evaporator: evaporator                                | 1.000e+05 |
|  23 | <component parameter>: KDTA of Evaporator: evaporator                                | 1.000e+05 |
|  24 | <component parameter>: dp1 of Evaporator: evaporator                                 | 1.000e+05 |
|  25 | <component parameter>: dp2 of Evaporator: evaporator                                 | 1.000e+05 |
|  26 | <component constraint>: mass_flow_constraints of EvaporateTank: evaporator_drum      | 1.000e+00 |
|  27 | <component constraint>: energy_balance_constraints of EvaporateTank: evaporator_drum | 1.000e+05 |
|  28 | <component constraint>: outlet_constraints1 of EvaporateTank: evaporator_drum        | 1.000e+05 |
|  29 | <component constraint>: outlet_constraints2 of EvaporateTank: evaporator_drum        | 1.000e+05 |
|  30 | <component parameter>: Ki of EvaporateTank: evaporator_drum                          | 1.000e+00 |
|  31 | <component parameter>: eta_s of Turbine: gas_turbine                                 | 1.000e+05 |
|  32 | <component parameter>: KDTA of HeatExchanger: heatexchanger_a                        | 1.000e+05 |
|  33 | <component parameter>: KDTA of HeatExchanger: heatexchanger_a                        | 1.000e+05 |
|  34 | <component parameter>: dp1 of HeatExchanger: heatexchanger_a                         | 1.000e+05 |
|  35 | <component parameter>: dp2 of HeatExchanger: heatexchanger_a                         | 1.000e+05 |
|  36 | <component parameter>: KDTA of HeatExchanger: heatexchanger_b                        | 1.000e+05 |
|  37 | <component parameter>: KDTA of HeatExchanger: heatexchanger_b                        | 1.000e+05 |
|  38 | <component parameter>: dp1 of HeatExchanger: heatexchanger_b                         | 1.000e+05 |
|  39 | <component parameter>: dp2 of HeatExchanger: heatexchanger_b                         | 1.000e+05 |
|  40 | <component parameter>: KDTA of HeatExchanger: heatexchanger_c                        | 1.000e+05 |
|  41 | <component parameter>: KDTA of HeatExchanger: heatexchanger_c                        | 1.000e+05 |
|  42 | <component parameter>: dp2 of HeatExchanger: heatexchanger_c                         | 1.000e+05 |
|  43 | <component parameter>: KDTA of HeatExchanger: heatexchanger_d                        | 1.000e+05 |
|  44 | <component parameter>: KDTA of HeatExchanger: heatexchanger_d                        | 1.000e+05 |
|  45 | <component parameter>: dp1 of HeatExchanger: heatexchanger_d                         | 1.000e+05 |
|  46 | <component parameter>: dp2 of HeatExchanger: heatexchanger_d                         | 1.000e+05 |
|  47 | <component parameter>: KDTA of HeatExchanger: heatexchanger_e                        | 1.000e+05 |
|  48 | <component parameter>: KDTA of HeatExchanger: heatexchanger_e                        | 1.000e+05 |
|  49 | <component parameter>: dp1 of HeatExchanger: heatexchanger_e                         | 1.000e+05 |
|  50 | <component parameter>: dp2 of HeatExchanger: heatexchanger_e                         | 1.000e+05 |
|  51 | <component parameter>: KDTA of HeatExchanger: heatexchanger_f                        | 1.000e+05 |
|  52 | <component parameter>: KDTA of HeatExchanger: heatexchanger_f                        | 1.000e+05 |
|  53 | <component parameter>: dp1 of HeatExchanger: heatexchanger_f                         | 1.000e+05 |
|  54 | <component parameter>: dp2 of HeatExchanger: heatexchanger_f                         | 1.000e+05 |
|  55 | <component parameter>: KDTA of ExtractHeatExchanger: heatexchanger_g                 | 1.000e+05 |
|  56 | <component parameter>: KDTA of ExtractHeatExchanger: heatexchanger_g                 | 1.000e+05 |
|  57 | <component parameter>: dp1 of ExtractHeatExchanger: heatexchanger_g                  | 1.000e+05 |
|  58 | <component parameter>: dp2 of ExtractHeatExchanger: heatexchanger_g                  | 1.000e+05 |
|  59 | <component parameter>: saturated_cooling of ExtractHeatExchanger: heatexchanger_g    | 1.000e+05 |
|  60 | <component parameter>: KDTA of ExtractHeatExchanger: heatexchanger_h                 | 1.000e+05 |
|  61 | <component parameter>: KDTA of ExtractHeatExchanger: heatexchanger_h                 | 1.000e+05 |
|  62 | <component parameter>: dp1 of ExtractHeatExchanger: heatexchanger_h                  | 1.000e+05 |
|  63 | <component parameter>: dp2 of ExtractHeatExchanger: heatexchanger_h                  | 1.000e+05 |
|  64 | <component parameter>: saturated_cooling of ExtractHeatExchanger: heatexchanger_h    | 1.000e+05 |
|  65 | <component parameter>: KDTA of ExtractHeatExchanger: heatexchanger_i                 | 1.000e+05 |
|  66 | <component parameter>: KDTA of ExtractHeatExchanger: heatexchanger_i                 | 1.000e+05 |
|  67 | <component parameter>: dp1 of ExtractHeatExchanger: heatexchanger_i                  | 1.000e+05 |
|  68 | <component parameter>: dp2 of ExtractHeatExchanger: heatexchanger_i                  | 1.000e+05 |
|  69 | <component parameter>: saturated_cooling of ExtractHeatExchanger: heatexchanger_i    | 1.000e+05 |
|  70 | <component parameter>: KDTA of ExtractHeatExchanger: heatexchanger_j                 | 1.000e+05 |
|  71 | <component parameter>: KDTA of ExtractHeatExchanger: heatexchanger_j                 | 1.000e+05 |
|  72 | <component parameter>: dp1 of ExtractHeatExchanger: heatexchanger_j                  | 1.000e+05 |
|  73 | <component parameter>: dp2 of ExtractHeatExchanger: heatexchanger_j                  | 1.000e+05 |
|  74 | <component parameter>: saturated_cooling of ExtractHeatExchanger: heatexchanger_j    | 1.000e+05 |
|  75 | <component parameter>: KDTA of ExtractHeatExchanger: heatexchanger_k                 | 1.000e+05 |
|  76 | <component parameter>: KDTA of ExtractHeatExchanger: heatexchanger_k                 | 1.000e+05 |
|  77 | <component parameter>: dp1 of ExtractHeatExchanger: heatexchanger_k                  | 1.000e+05 |
|  78 | <component parameter>: dp2 of ExtractHeatExchanger: heatexchanger_k                  | 1.000e+05 |
|  79 | <component parameter>: saturated_cooling of ExtractHeatExchanger: heatexchanger_k    | 1.000e+05 |
|  80 | <component parameter>: eta_s of Turbine: hp_turbine1                                 | 1.000e+05 |
|  81 | <component parameter>: eta_s of Turbine: hp_turbine2                                 | 1.000e+05 |
|  82 | <component parameter>: eta_s of Turbine: lp_turbine1                                 | 1.000e+05 |
|  83 | <component parameter>: eta_s of Turbine: lp_turbine2                                 | 1.000e+05 |
|  84 | <component parameter>: eta_s of Turbine: lp_turbine3                                 | 1.000e+05 |
|  85 | <component parameter>: eta_s of Turbine: lp_turbine4                                 | 1.000e+05 |
|  86 | <component parameter>: eta_s of Turbine: lp_turbine5                                 | 1.000e+05 |
|  87 | <component constraint>: mass_flow_constraints of Merge: merge_12_13_21               | 1.000e+00 |
|  88 | <component constraint>: energy_balance_constraints of Merge: merge_12_13_21          | 1.000e+05 |
|  89 | <component constraint>: mass_flow_constraints of Merge: merge_18_82_83               | 1.000e+00 |
|  90 | <component constraint>: energy_balance_constraints of Merge: merge_18_82_83          | 1.000e+05 |
|  91 | <component constraint>: mass_flow_constraints of Merge: merge_36_80_81               | 1.000e+00 |
|  92 | <component constraint>: energy_balance_constraints of Merge: merge_36_80_81          | 1.000e+05 |
|  93 | <component constraint>: mass_flow_constraints of Merge: merge_67_68_69               | 1.000e+00 |
|  94 | <component constraint>: energy_balance_constraints of Merge: merge_67_68_69          | 1.000e+05 |
|  95 | <component constraint>: mass_flow_constraints of Merge: merge_7_9_10                 | 1.000e+00 |
|  96 | <component constraint>: energy_balance_constraints of Merge: merge_7_9_10            | 1.000e+05 |
|  97 | <component constraint>: mass_flow_constraints of Merge: merge_deaerator              | 1.000e+00 |
|  98 | <component constraint>: energy_balance_constraints of Merge: merge_deaerator         | 1.000e+05 |
|  99 | <component constraint>: mass_flow_constraints of Merge: merge_heater_h               | 1.000e+00 |
| 100 | <component constraint>: energy_balance_constraints of Merge: merge_heater_h          | 1.000e+05 |
| 101 | <component constraint>: mass_flow_constraints of Merge: merge_heater_j               | 1.000e+00 |
| 102 | <component constraint>: energy_balance_constraints of Merge: merge_heater_j          | 1.000e+05 |
| 103 | <component constraint>: mass_flow_constraints of Merge: merge_heater_k               | 1.000e+00 |
| 104 | <component constraint>: energy_balance_constraints of Merge: merge_heater_k          | 1.000e+05 |
| 105 | <component parameter>: eta_s of Pump: oil_recycle_pump1                              | 1.000e+05 |
| 106 | <component parameter>: eta_s of Pump: oil_recycle_pump2                              | 1.000e+05 |
| 107 | <component parameter>: energy of SolarCollector: solar_collector1                    | 1.000e+05 |
| 108 | <component parameter>: energy of SolarCollector: solar_collector2                    | 1.000e+05 |
| 109 | <component parameter>: energy of SolarCollector: solar_collector3                    | 1.000e+05 |
| 110 | <component parameter>: energy of SolarCollector: solar_collector4                    | 1.000e+05 |
| 111 | <component constraint>: mass_flow_constraints of Splitter: splitter_10_11_12         | 1.000e+00 |
| 112 | <component constraint>: mass_flow_constraints of Splitter: splitter_20_81_82         | 1.000e+00 |
| 113 | <component constraint>: mass_flow_constraints of Splitter: splitter_21_22_23         | 1.000e+00 |
| 114 | <component constraint>: mass_flow_constraints of Splitter: splitter_42_47_48         | 1.000e+00 |
| 115 | <component constraint>: mass_flow_constraints of Splitter: splitter_6_84_85          | 1.000e+00 |
| 116 | <component constraint>: mass_flow_constraints of Splitter: splitter_h1               | 1.000e+00 |
| 117 | <component constraint>: mass_flow_constraints of Splitter: splitter_l1               | 1.000e+00 |
| 118 | <component constraint>: mass_flow_constraints of Splitter: splitter_l2               | 1.000e+00 |
| 119 | <component constraint>: mass_flow_constraints of Splitter: splitter_l3               | 1.000e+00 |
| 120 | <component constraint>: mass_flow_constraints of Splitter: splitter_l4               | 1.000e+00 |
| 121 | <component parameter>: eta_s of Pump: steam_recycle_pump                             | 1.000e+05 |
| 122 | <component parameter>: eta_s of Pump: water_recycle_pump                             | 1.000e+05 |
+-----+--------------------------------------------------------------------------------------+-----------+
##### FLUID VARIABLES #####
+----+-------------------------------------+---------------------+
|    | label                               | fluid composition   |
|----+-------------------------------------+---------------------|
|  0 | <fluid objective> of connection: c4 | Ar                  |
|  1 | <fluid objective> of connection: c4 | CO2                 |
|  2 | <fluid objective> of connection: c4 | H2O                 |
|  3 | <fluid objective> of connection: c4 | CH4                 |
|  4 | <fluid objective> of connection: c4 | O2                  |
|  5 | <fluid objective> of connection: c4 | N2                  |
+----+-------------------------------------+---------------------+
##### FLUID EQUATIONS #####
+----+------------------------------------------------------------------------------------------------+---------------------+
|    | label                                                                                          | fluid composition   |
|----+------------------------------------------------------------------------------------------------+---------------------|
|  0 | fluid composition equation: stoichiometry_constraints of DiabaticCombustionChamber: combustion | Ar                  |
|  1 | fluid composition equation: stoichiometry_constraints of DiabaticCombustionChamber: combustion | CO2                 |
|  2 | fluid composition equation: stoichiometry_constraints of DiabaticCombustionChamber: combustion | H2O                 |
|  3 | fluid composition equation: stoichiometry_constraints of DiabaticCombustionChamber: combustion | CH4                 |
|  4 | fluid composition equation: stoichiometry_constraints of DiabaticCombustionChamber: combustion | O2                  |
|  5 | fluid composition equation: stoichiometry_constraints of DiabaticCombustionChamber: combustion | N2                  |
+----+------------------------------------------------------------------------------------------------+---------------------+
2026-05-03 12:35:42,073 - DEBUG - network - 
##### TEMPERATURE BOUNDS #####
+-------------------+-------------+-------------+--------+
|                   |   min value |   max value | unit   |
|-------------------+-------------+-------------+--------|
| c10               |   1.536e+01 |   4.131e+02 | C      |
| c11               |   1.536e+01 |   4.131e+02 | C      |
| c12               |   1.536e+01 |   4.131e+02 | C      |
| c13               |   1.536e+01 |   4.131e+02 | C      |
| c16               |   2.350e+02 |   5.684e+02 | C      |
| c17               |   2.350e+02 |   5.684e+02 | C      |
| c18               |   1.536e+01 |   4.131e+02 | C      |
| c19               |   1.536e+01 |   4.131e+02 | C      |
| c20               |   1.536e+01 |   4.131e+02 | C      |
| c21               |   1.536e+01 |   4.131e+02 | C      |
| c22               |   1.536e+01 |   4.131e+02 | C      |
| c23               |   1.536e+01 |   4.131e+02 | C      |
| c24               |   1.536e+01 |   4.131e+02 | C      |
| c25               |   2.742e+00 |   1.707e+03 | C      |
| c26               |   1.536e+01 |   4.131e+02 | C      |
| c27               |   2.742e+00 |   1.707e+03 | C      |
| c28               |   2.742e+00 |   1.707e+03 | C      |
| c29               |   2.742e+00 |   1.707e+03 | C      |
| c3                |   2.850e+00 |   1.707e+03 | C      |
| c30               |   2.742e+00 |   1.707e+03 | C      |
| c31               |   2.742e+00 |   1.707e+03 | C      |
| c32               |   2.742e+00 |   1.707e+03 | C      |
| c33               |   1.536e+01 |   4.131e+02 | C      |
| c34               |   1.536e+01 |   4.131e+02 | C      |
| c35               |   2.742e+00 |   1.707e+03 | C      |
| c36               |   1.536e+01 |   4.131e+02 | C      |
| c37               |   1.536e+01 |   4.131e+02 | C      |
| c38               |   2.742e+00 |   1.707e+03 | C      |
| c39               |   1.536e+01 |   4.131e+02 | C      |
| c4                |   2.850e+00 |   1.707e+03 | C      |
| c40               |   2.742e+00 |   1.707e+03 | C      |
| c41               |   2.742e+00 |   1.707e+03 | C      |
| c42               |   2.742e+00 |   1.707e+03 | C      |
| c43               |   2.742e+00 |   1.707e+03 | C      |
| c44               |   2.742e+00 |   1.707e+03 | C      |
| c45               |   2.742e+00 |   1.707e+03 | C      |
| c46               |   2.742e+00 |   1.707e+03 | C      |
| c47               |   2.742e+00 |   1.707e+03 | C      |
| c48               |   2.742e+00 |   1.707e+03 | C      |
| c49               |   2.742e+00 |   1.707e+03 | C      |
| c5                |   2.850e+00 |   1.707e+03 | C      |
| c50               |   2.742e+00 |   1.707e+03 | C      |
| c51               |   2.742e+00 |   1.707e+03 | C      |
| c52               |   2.742e+00 |   1.707e+03 | C      |
| c53               |   2.742e+00 |   1.707e+03 | C      |
| c55               |   2.742e+00 |   1.707e+03 | C      |
| c56               |   2.742e+00 |   1.707e+03 | C      |
| c57               |   2.742e+00 |   1.707e+03 | C      |
| c58               |   2.742e+00 |   1.707e+03 | C      |
| c59               |   2.742e+00 |   1.707e+03 | C      |
| c6                |   1.536e+01 |   4.131e+02 | C      |
| c60               |   2.742e+00 |   1.707e+03 | C      |
| c61               |   2.742e+00 |   1.707e+03 | C      |
| c62               |   2.742e+00 |   1.707e+03 | C      |
| c63               |   2.742e+00 |   1.707e+03 | C      |
| c64               |   2.742e+00 |   1.707e+03 | C      |
| c65               |   2.742e+00 |   1.707e+03 | C      |
| c67               |   2.742e+00 |   1.707e+03 | C      |
| c68               |   2.742e+00 |   1.707e+03 | C      |
| c69               |   2.742e+00 |   1.707e+03 | C      |
| c7                |   1.536e+01 |   4.131e+02 | C      |
| c70               |   2.742e+00 |   1.707e+03 | C      |
| c71               |   2.742e+00 |   1.707e+03 | C      |
| c72               |   2.742e+00 |   1.707e+03 | C      |
| c73               |   2.742e+00 |   1.707e+03 | C      |
| c74               |   2.742e+00 |   1.707e+03 | C      |
| c75               |   2.742e+00 |   1.707e+03 | C      |
| c76               |   2.742e+00 |   1.707e+03 | C      |
| c77               |   2.742e+00 |   1.707e+03 | C      |
| c78               |   2.742e+00 |   1.707e+03 | C      |
| c8                |   2.850e+00 |   1.707e+03 | C      |
| c80               |   1.536e+01 |   4.131e+02 | C      |
| c81               |   1.536e+01 |   4.131e+02 | C      |
| c82               |   1.536e+01 |   4.131e+02 | C      |
| c83               |   1.536e+01 |   4.131e+02 | C      |
| c84               |   1.536e+01 |   4.131e+02 | C      |
| c85               |   1.536e+01 |   4.131e+02 | C      |
| c86               |   1.536e+01 |   4.131e+02 | C      |
| c87               |   1.536e+01 |   4.131e+02 | C      |
| c88               |   1.536e+01 |   4.131e+02 | C      |
| c89               |   1.536e+01 |   4.131e+02 | C      |
| c9                |   1.536e+01 |   4.131e+02 | C      |
| c90               |   1.536e+01 |   4.131e+02 | C      |
| d36               |   1.536e+01 |   4.131e+02 | C      |
| d7                |   1.536e+01 |   4.131e+02 | C      |
| d80               |   1.536e+01 |   4.131e+02 | C      |
| d84               |   1.536e+01 |   4.131e+02 | C      |
| d9                |   1.536e+01 |   4.131e+02 | C      |
| deaerator_cold_in |   2.742e+00 |   1.707e+03 | C      |
| h1_out            |   2.742e+00 |   1.707e+03 | C      |
| heater_h_hot_in   |   2.742e+00 |   1.707e+03 | C      |
| heater_j_hot_in   |   2.742e+00 |   1.707e+03 | C      |
| heater_k_hot_in   |   2.742e+00 |   1.707e+03 | C      |
| l1_out            |   2.742e+00 |   1.707e+03 | C      |
| l2_out            |   2.742e+00 |   1.707e+03 | C      |
| l3_out            |   2.742e+00 |   1.707e+03 | C      |
| l4_out            |   2.742e+00 |   1.707e+03 | C      |
+-------------------+-------------+-------------+--------+
2026-05-03 12:35:42,078 - DEBUG - network - has no linear dependence in network topology
2026-05-03 12:35:42,078 - INFO - network - Starting solver.
2026-05-03 12:35:42,089 - PROGRESS - network -  iter  | residual   | progress   | massflow   | pressure   | enthalpy   | voltage    | electricity | frequency  | fluid      | component  
2026-05-03 12:35:42,089 - PROGRESS - network - -------+------------+------------+------------+------------+------------+------------+------------+------------+------------+------------
2026-05-03 12:35:42,089 - DEBUG - network - the fluid calculation done in 0th iteration
2026-05-03 12:35:58,598 - WARNING - warnings - FutureWarning: invalid value encountered in det
2026-05-03 12:35:58,599 - DEBUG - network - matrix value: nan
2026-05-03 12:35:58,599 - DEBUG - network - singular matrix constructure: SVD did not converge
2026-05-03 12:35:58,599 - DEBUG - network - Invalid matrix: SVD did not converge
2026-05-03 12:35:58,613 - DEBUG - network - 
##### VARIABLES BOUNDS #####
+------------+-----------------------+--------+------------+-------------+-------------+---------+
|            | label                 | type   |      value |   min value |   max value | unit    |
+============+=======================+========+============+=============+=============+=========+
| bounds_43  | <pressure objective>  | below  | -2.331e+00 |   1.000e-02 | nan         | bar     |
|            | of connection: c16    |        |            |             |             |         |
+------------+-----------------------+--------+------------+-------------+-------------+---------+
| bounds_58  | <pressure objective>  | below  | -2.395e+00 |   6.123e-03 | nan         | bar     |
|            | of connection: c67    |        |            |             |             |         |
+------------+-----------------------+--------+------------+-------------+-------------+---------+
| bounds_65  | <pressure objective>  | below  | -2.166e+00 |   6.123e-03 | nan         | bar     |
|            | of connection: c77    |        |            |             |             |         |
+------------+-----------------------+--------+------------+-------------+-------------+---------+
| bounds_69  | <enthalpy objective>  | below  | -1.330e+01 |   1.000e+00 | nan         | kJ / kg |
|            | of connection: c16    |        |            |             |             |         |
+------------+-----------------------+--------+------------+-------------+-------------+---------+
| bounds_102 | <enthalpy objective>  | below  | -2.998e+02 |   1.000e+00 | nan         | kJ / kg |
|            | of connection: c65    |        |            |             |             |         |
+------------+-----------------------+--------+------------+-------------+-------------+---------+
| bounds_103 | <enthalpy objective>  | below  | -1.913e+02 |   1.000e+00 | nan         | kJ / kg |
|            | of connection: c67    |        |            |             |             |         |
+------------+-----------------------+--------+------------+-------------+-------------+---------+
| bounds_104 | <enthalpy objective>  | below  | -2.554e+02 |   1.000e+00 | nan         | kJ / kg |
|            | of connection: c68    |        |            |             |             |         |
+------------+-----------------------+--------+------------+-------------+-------------+---------+
| bounds_107 | <enthalpy objective>  | below  | -1.005e+02 |   1.000e+00 | nan         | kJ / kg |
|            | of connection: c70    |        |            |             |             |         |
+------------+-----------------------+--------+------------+-------------+-------------+---------+
| bounds_116 | <enthalpy objective>  | above  |  1.974e+03 | nan         |   1.806e+03 | kJ / kg |
|            | of connection: c88    |        |            |             |             |         |
+------------+-----------------------+--------+------------+-------------+-------------+---------+
| bounds_117 | <enthalpy objective>  | above  |  1.927e+03 | nan         |   1.806e+03 | kJ / kg |
|            | of connection: c89    |        |            |             |             |         |
+------------+-----------------------+--------+------------+-------------+-------------+---------+
##### VARIABLES CONSTRAINTS #####
+-----------------+-----------------------+--------+------------------+-------------+-------------+-----------------+------------+-----------------+-------------------------+-------------------------+--------------------+
|                 | label                 | type   |   enthalpy value |   min value |   max value | enthalpy unit   |   pressure | pressure unit   |   temperature min value |   temperature max value | temperature unit   |
+=================+=======================+========+==================+=============+=============+=================+============+=================+=========================+=========================+====================+
| constraints_69  | <enthalpy objective>  | below  |        1.100e+00 |   3.177e+02 | nan         | kJ / kg         |  1.100e-02 | bar             |               2.350e+02 |             nan         | C                  |
|                 | of connection: c16    |        |                  |             |             |                 |            |                 |                         |                         |                    |
+-----------------+-----------------------+--------+------------------+-------------+-------------+-----------------+------------+-----------------+-------------------------+-------------------------+--------------------+
| constraints_74  | <enthalpy objective>  | above  |        2.196e+03 | nan         |   1.806e+03 | kJ / kg         |  2.351e+01 | bar             |             nan         |               4.131e+02 | C                  |
|                 | of connection: c21    |        |                  |             |             |                 |            |                 |                         |                         |                    |
+-----------------+-----------------------+--------+------------------+-------------+-------------+-----------------+------------+-----------------+-------------------------+-------------------------+--------------------+
| constraints_102 | <enthalpy objective>  | below  |        1.100e+00 |   1.615e+01 | nan         | kJ / kg         |  4.270e+00 | bar             |               2.742e+00 |             nan         | C                  |
|                 | of connection: c65    |        |                  |             |             |                 |            |                 |                         |                         |                    |
+-----------------+-----------------------+--------+------------------+-------------+-------------+-----------------+------------+-----------------+-------------------------+-------------------------+--------------------+
| constraints_103 | <enthalpy objective>  | below  |        1.100e+00 |   2.508e+03 | nan         | kJ / kg         |  7.123e-03 | bar             |               2.742e+00 |             nan         | C                  |
|                 | of connection: c67    |        |                  |             |             |                 |            |                 |                         |                         |                    |
+-----------------+-----------------------+--------+------------------+-------------+-------------+-----------------+------------+-----------------+-------------------------+-------------------------+--------------------+
| constraints_104 | <enthalpy objective>  | below  |        1.100e+00 |   2.508e+03 | nan         | kJ / kg         |  7.123e-03 | bar             |               2.742e+00 |             nan         | C                  |
|                 | of connection: c68    |        |                  |             |             |                 |            |                 |                         |                         |                    |
+-----------------+-----------------------+--------+------------------+-------------+-------------+-----------------+------------+-----------------+-------------------------+-------------------------+--------------------+
| constraints_105 | <enthalpy objective>  | below  |        2.470e+02 |   2.508e+03 | nan         | kJ / kg         |  7.123e-03 | bar             |               2.742e+00 |             nan         | C                  |
|                 | of connection: c69    |        |                  |             |             |                 |            |                 |                         |                         |                    |
+-----------------+-----------------------+--------+------------------+-------------+-------------+-----------------+------------+-----------------+-------------------------+-------------------------+--------------------+
| constraints_106 | <enthalpy objective>  | above  |        1.924e+03 | nan         |   1.806e+03 | kJ / kg         |  3.450e+01 | bar             |             nan         |               4.131e+02 | C                  |
|                 | of connection: c7     |        |                  |             |             |                 |            |                 |                         |                         |                    |
+-----------------+-----------------------+--------+------------------+-------------+-------------+-----------------+------------+-----------------+-------------------------+-------------------------+--------------------+
| constraints_107 | <enthalpy objective>  | below  |        1.100e+00 |   1.637e+01 | nan         | kJ / kg         |  6.426e+00 | bar             |               2.742e+00 |             nan         | C                  |
|                 | of connection: c70    |        |                  |             |             |                 |            |                 |                         |                         |                    |
+-----------------+-----------------------+--------+------------------+-------------+-------------+-----------------+------------+-----------------+-------------------------+-------------------------+--------------------+
| constraints_111 | <enthalpy objective>  | below  |        4.906e+02 |   2.508e+03 | nan         | kJ / kg         |  7.123e-03 | bar             |               2.742e+00 |             nan         | C                  |
|                 | of connection: c76    |        |                  |             |             |                 |            |                 |                         |                         |                    |
+-----------------+-----------------------+--------+------------------+-------------+-------------+-----------------+------------+-----------------+-------------------------+-------------------------+--------------------+
| constraints_114 | <enthalpy objective>  | above  |        2.048e+03 | nan         |   1.806e+03 | kJ / kg         |  1.815e+01 | bar             |             nan         |               4.131e+02 | C                  |
|                 | of connection: c83    |        |                  |             |             |                 |            |                 |                         |                         |                    |
+-----------------+-----------------------+--------+------------------+-------------+-------------+-----------------+------------+-----------------+-------------------------+-------------------------+--------------------+
2026-05-03 12:35:58,613 - PROGRESS - network -  1     | NaN        | NaN        | NaN        | NaN        | NaN        | NaN        | NaN        | NaN        | NaN        | NaN        
2026-05-03 12:35:58,614 - DEBUG - network - the fluid calculation done in 0th iteration
2026-05-03 13:01:25,723 - INFO - logger - Path for logging: solar_thermal_combine_plant_loggings\Aurora.log
2026-05-03 13:01:25,724 - INFO - logger - Used AURORA version: 0.1.1 - GCC's Nature
2026-05-03 13:01:25,725 - DEBUG - connection - Created reference object with factor 0.09 and delta 0 referring to connection c47
2026-05-03 13:01:25,725 - DEBUG - connection - Created reference object with factor 0.11 and delta 0 referring to connection c21
2026-05-03 13:01:26,305 - DEBUG - network - Removing 0 mass flow variables from ['c31'] from system variables.
2026-05-03 13:01:26,345 - DEBUG - network - Removing 1 mass flow variables from ['c9', 'd9'] from system variables.
2026-05-03 13:01:26,346 - DEBUG - network - Removing 1 mass flow variables from ['c1', 'c3'] from system variables.
2026-05-03 13:01:26,346 - DEBUG - network - Removing 1 mass flow variables from ['c16', 'c14'] from system variables.
2026-05-03 13:01:26,346 - DEBUG - network - Removing 0 mass flow variables from ['c79'] from system variables.
2026-05-03 13:01:26,346 - DEBUG - network - Removing 0 mass flow variables from ['c2'] from system variables.
2026-05-03 13:01:26,347 - DEBUG - network - Removing 0 mass flow variables from ['c15'] from system variables.
2026-05-03 13:01:26,351 - INFO - network - ########----Simplify Fluid System Successful----########
2026-05-03 13:01:26,410 - DEBUG - network - Updated fluid property SI values and fluid mass fraction for user specified connection parameters.
2026-05-03 13:01:26,488 - INFO - network - ########----Network check successful----########
2026-05-03 13:01:26,488 - DEBUG - network - Solver properties:
 - mode: offdesign
 - init_path: solar_thermal_combine_plant_design_1
 - design_path: solar_thermal_combine_plant_design_1
 - min_iter: 4
 - max_iter: 150
2026-05-03 13:01:26,488 - DEBUG - network - Network information:
 - Number of components: 84
 - Number of fluid components: 84
 - Number of electric components: 0
 - Number of connections: 106
 - Number of fluid connections: 106
 - Number of electric connections: 0
 - Number of busses: 0
2026-05-03 13:01:26,501 - WARNING - warnings - FutureWarning: Downcasting object dtype arrays on .fillna, .ffill, .bfill is deprecated and will change in a future version. Call result.infer_objects(copy=False) instead. To opt-in to the future behavior, set `pd.set_option('future.no_silent_downcasting', True)`
2026-05-03 13:01:26,508 - WARNING - warnings - FutureWarning: Downcasting object dtype arrays on .fillna, .ffill, .bfill is deprecated and will change in a future version. Call result.infer_objects(copy=False) instead. To opt-in to the future behavior, set `pd.set_option('future.no_silent_downcasting', True)`
2026-05-03 13:01:26,511 - WARNING - warnings - FutureWarning: Downcasting object dtype arrays on .fillna, .ffill, .bfill is deprecated and will change in a future version. Call result.infer_objects(copy=False) instead. To opt-in to the future behavior, set `pd.set_option('future.no_silent_downcasting', True)`
2026-05-03 13:01:26,528 - DEBUG - network - Could not find component 'merge_12_13_21' in design case file. This is is critical only to components, which need to load design values from this case.
2026-05-03 13:01:26,528 - DEBUG - network - Could not find component 'merge_18_82_83' in design case file. This is is critical only to components, which need to load design values from this case.
2026-05-03 13:01:26,528 - DEBUG - network - Could not find component 'merge_36_80_81' in design case file. This is is critical only to components, which need to load design values from this case.
2026-05-03 13:01:26,528 - DEBUG - network - Could not find component 'merge_67_68_69' in design case file. This is is critical only to components, which need to load design values from this case.
2026-05-03 13:01:26,529 - DEBUG - network - Could not find component 'merge_7_9_10' in design case file. This is is critical only to components, which need to load design values from this case.
2026-05-03 13:01:26,529 - DEBUG - network - Could not find component 'merge_deaerator' in design case file. This is is critical only to components, which need to load design values from this case.
2026-05-03 13:01:26,529 - DEBUG - network - Could not find component 'merge_heater_h' in design case file. This is is critical only to components, which need to load design values from this case.
2026-05-03 13:01:26,529 - DEBUG - network - Could not find component 'merge_heater_j' in design case file. This is is critical only to components, which need to load design values from this case.
2026-05-03 13:01:26,529 - DEBUG - network - Could not find component 'merge_heater_k' in design case file. This is is critical only to components, which need to load design values from this case.
2026-05-03 13:01:26,532 - DEBUG - network - Could not find component 'splitter_10_11_12' in design case file. This is is critical only to components, which need to load design values from this case.
2026-05-03 13:01:26,532 - DEBUG - network - Could not find component 'splitter_20_81_82' in design case file. This is is critical only to components, which need to load design values from this case.
2026-05-03 13:01:26,532 - DEBUG - network - Could not find component 'splitter_21_22_23' in design case file. This is is critical only to components, which need to load design values from this case.
2026-05-03 13:01:26,532 - DEBUG - network - Could not find component 'splitter_42_47_48' in design case file. This is is critical only to components, which need to load design values from this case.
2026-05-03 13:01:26,532 - DEBUG - network - Could not find component 'splitter_6_84_85' in design case file. This is is critical only to components, which need to load design values from this case.
2026-05-03 13:01:26,532 - DEBUG - network - Could not find component 'splitter_h1' in design case file. This is is critical only to components, which need to load design values from this case.
2026-05-03 13:01:26,532 - DEBUG - network - Could not find component 'splitter_l1' in design case file. This is is critical only to components, which need to load design values from this case.
2026-05-03 13:01:26,533 - DEBUG - network - Could not find component 'splitter_l2' in design case file. This is is critical only to components, which need to load design values from this case.
2026-05-03 13:01:26,533 - DEBUG - network - Could not find component 'splitter_l3' in design case file. This is is critical only to components, which need to load design values from this case.
2026-05-03 13:01:26,533 - DEBUG - network - Could not find component 'splitter_l4' in design case file. This is is critical only to components, which need to load design values from this case.
2026-05-03 13:01:26,535 - DEBUG - network - Done reading design point information for components.
2026-05-03 13:01:26,558 - DEBUG - network - Done reading design point information for connections.
2026-05-03 13:01:26,559 - DEBUG - network - Switched connections from design to offdesign.
2026-05-03 13:01:26,559 - DEBUG - network - Set component attributes KDTA to design value at component condenser.
2026-05-03 13:01:26,559 - DEBUG - network - Set component attributes KDTA to design value at component evaporator.
2026-05-03 13:01:26,559 - DEBUG - network - Set component attributes KDTA to design value at component heatexchanger_a.
2026-05-03 13:01:26,559 - DEBUG - network - Set component attributes KDTA to design value at component heatexchanger_b.
2026-05-03 13:01:26,559 - DEBUG - network - Set component attributes KDTA to design value at component heatexchanger_c.
2026-05-03 13:01:26,559 - DEBUG - network - Set component attributes KDTA to design value at component heatexchanger_d.
2026-05-03 13:01:26,559 - DEBUG - network - Set component attributes KDTA to design value at component heatexchanger_e.
2026-05-03 13:01:26,559 - DEBUG - network - Set component attributes KDTA to design value at component heatexchanger_f.
2026-05-03 13:01:26,559 - DEBUG - network - Set component attributes KDTA to design value at component heatexchanger_g.
2026-05-03 13:01:26,559 - DEBUG - network - Set component attributes KDTA to design value at component heatexchanger_h.
2026-05-03 13:01:26,559 - DEBUG - network - Set component attributes KDTA to design value at component heatexchanger_i.
2026-05-03 13:01:26,559 - DEBUG - network - Set component attributes KDTA to design value at component heatexchanger_j.
2026-05-03 13:01:26,560 - DEBUG - network - Set component attributes KDTA to design value at component heatexchanger_k.
2026-05-03 13:01:26,560 - DEBUG - network - Switched components from design to offdesign.
2026-05-03 13:01:26,587 - WARNING - warnings - FutureWarning: Downcasting object dtype arrays on .fillna, .ffill, .bfill is deprecated and will change in a future version. Call result.infer_objects(copy=False) instead. To opt-in to the future behavior, set `pd.set_option('future.no_silent_downcasting', True)`
2026-05-03 13:01:26,595 - WARNING - warnings - FutureWarning: Downcasting object dtype arrays on .fillna, .ffill, .bfill is deprecated and will change in a future version. Call result.infer_objects(copy=False) instead. To opt-in to the future behavior, set `pd.set_option('future.no_silent_downcasting', True)`
2026-05-03 13:01:26,598 - WARNING - warnings - FutureWarning: Downcasting object dtype arrays on .fillna, .ffill, .bfill is deprecated and will change in a future version. Call result.infer_objects(copy=False) instead. To opt-in to the future behavior, set `pd.set_option('future.no_silent_downcasting', True)`
2026-05-03 13:01:26,622 - DEBUG - network - Generic fluid property specification complete in the final of initialization.
2026-05-03 13:01:26,626 - DEBUG - base - The fuels for component combustion of type diabatic combustion chamber are: CH4.
2026-05-03 13:01:26,627 - INFO - network - ########-----Initializing variables bounds-----########
2026-05-03 14:10:03,315 - INFO - logger - Path for logging: solar_thermal_combine_plant_loggings\Aurora.log
2026-05-03 14:10:03,315 - INFO - logger - Used AURORA version: 0.1.1 - GCC's Nature
2026-05-03 14:10:03,316 - DEBUG - connection - Created reference object with factor 0.09 and delta 0 referring to connection c47
2026-05-03 14:10:03,316 - DEBUG - connection - Created reference object with factor 0.11 and delta 0 referring to connection c21
2026-05-03 14:10:03,861 - DEBUG - network - Removing 0 mass flow variables from ['c31'] from system variables.
2026-05-03 14:10:03,861 - DEBUG - network - Removing 1 mass flow variables from ['c9', 'd9'] from system variables.
2026-05-03 14:10:03,861 - DEBUG - network - Removing 1 mass flow variables from ['c1', 'c3'] from system variables.
2026-05-03 14:10:03,861 - DEBUG - network - Removing 1 mass flow variables from ['c16', 'c14'] from system variables.
2026-05-03 14:10:03,861 - DEBUG - network - Removing 0 mass flow variables from ['c79'] from system variables.
2026-05-03 14:10:03,861 - DEBUG - network - Removing 0 mass flow variables from ['c2'] from system variables.
2026-05-03 14:10:03,861 - DEBUG - network - Removing 0 mass flow variables from ['c15'] from system variables.
2026-05-03 14:10:03,864 - INFO - network - ########----Simplify Fluid System Successful----########
2026-05-03 14:10:03,916 - DEBUG - network - Updated fluid property SI values and fluid mass fraction for user specified connection parameters.
2026-05-03 14:10:03,994 - INFO - network - ########----Network check successful----########
2026-05-03 14:10:03,994 - DEBUG - network - Solver properties:
 - mode: offdesign
 - init_path: solar_thermal_combine_plant_design_1
 - design_path: solar_thermal_combine_plant_design_1
 - min_iter: 4
 - max_iter: 150
2026-05-03 14:10:03,994 - DEBUG - network - Network information:
 - Number of components: 84
 - Number of fluid components: 84
 - Number of electric components: 0
 - Number of connections: 106
 - Number of fluid connections: 106
 - Number of electric connections: 0
 - Number of busses: 0
2026-05-03 14:10:04,008 - WARNING - warnings - FutureWarning: Downcasting object dtype arrays on .fillna, .ffill, .bfill is deprecated and will change in a future version. Call result.infer_objects(copy=False) instead. To opt-in to the future behavior, set `pd.set_option('future.no_silent_downcasting', True)`
2026-05-03 14:10:04,016 - WARNING - warnings - FutureWarning: Downcasting object dtype arrays on .fillna, .ffill, .bfill is deprecated and will change in a future version. Call result.infer_objects(copy=False) instead. To opt-in to the future behavior, set `pd.set_option('future.no_silent_downcasting', True)`
2026-05-03 14:10:04,019 - WARNING - warnings - FutureWarning: Downcasting object dtype arrays on .fillna, .ffill, .bfill is deprecated and will change in a future version. Call result.infer_objects(copy=False) instead. To opt-in to the future behavior, set `pd.set_option('future.no_silent_downcasting', True)`
2026-05-03 14:10:04,036 - DEBUG - network - Could not find component 'merge_12_13_21' in design case file. This is is critical only to components, which need to load design values from this case.
2026-05-03 14:10:04,036 - DEBUG - network - Could not find component 'merge_18_82_83' in design case file. This is is critical only to components, which need to load design values from this case.
2026-05-03 14:10:04,037 - DEBUG - network - Could not find component 'merge_36_80_81' in design case file. This is is critical only to components, which need to load design values from this case.
2026-05-03 14:10:04,037 - DEBUG - network - Could not find component 'merge_67_68_69' in design case file. This is is critical only to components, which need to load design values from this case.
2026-05-03 14:10:04,037 - DEBUG - network - Could not find component 'merge_7_9_10' in design case file. This is is critical only to components, which need to load design values from this case.
2026-05-03 14:10:04,037 - DEBUG - network - Could not find component 'merge_deaerator' in design case file. This is is critical only to components, which need to load design values from this case.
2026-05-03 14:10:04,037 - DEBUG - network - Could not find component 'merge_heater_h' in design case file. This is is critical only to components, which need to load design values from this case.
2026-05-03 14:10:04,037 - DEBUG - network - Could not find component 'merge_heater_j' in design case file. This is is critical only to components, which need to load design values from this case.
2026-05-03 14:10:04,037 - DEBUG - network - Could not find component 'merge_heater_k' in design case file. This is is critical only to components, which need to load design values from this case.
2026-05-03 14:10:04,040 - DEBUG - network - Could not find component 'splitter_10_11_12' in design case file. This is is critical only to components, which need to load design values from this case.
2026-05-03 14:10:04,040 - DEBUG - network - Could not find component 'splitter_20_81_82' in design case file. This is is critical only to components, which need to load design values from this case.
2026-05-03 14:10:04,040 - DEBUG - network - Could not find component 'splitter_21_22_23' in design case file. This is is critical only to components, which need to load design values from this case.
2026-05-03 14:10:04,041 - DEBUG - network - Could not find component 'splitter_42_47_48' in design case file. This is is critical only to components, which need to load design values from this case.
2026-05-03 14:10:04,041 - DEBUG - network - Could not find component 'splitter_6_84_85' in design case file. This is is critical only to components, which need to load design values from this case.
2026-05-03 14:10:04,041 - DEBUG - network - Could not find component 'splitter_h1' in design case file. This is is critical only to components, which need to load design values from this case.
2026-05-03 14:10:04,041 - DEBUG - network - Could not find component 'splitter_l1' in design case file. This is is critical only to components, which need to load design values from this case.
2026-05-03 14:10:04,041 - DEBUG - network - Could not find component 'splitter_l2' in design case file. This is is critical only to components, which need to load design values from this case.
2026-05-03 14:10:04,041 - DEBUG - network - Could not find component 'splitter_l3' in design case file. This is is critical only to components, which need to load design values from this case.
2026-05-03 14:10:04,041 - DEBUG - network - Could not find component 'splitter_l4' in design case file. This is is critical only to components, which need to load design values from this case.
2026-05-03 14:10:04,043 - DEBUG - network - Done reading design point information for components.
2026-05-03 14:10:04,068 - DEBUG - network - Done reading design point information for connections.
2026-05-03 14:10:04,068 - DEBUG - network - Switched connections from design to offdesign.
2026-05-03 14:10:04,068 - DEBUG - network - Set component attributes KDTA to design value at component condenser.
2026-05-03 14:10:04,068 - DEBUG - network - Set component attributes KDTA to design value at component evaporator.
2026-05-03 14:10:04,068 - DEBUG - network - Set component attributes KDTA to design value at component heatexchanger_a.
2026-05-03 14:10:04,068 - DEBUG - network - Set component attributes KDTA to design value at component heatexchanger_b.
2026-05-03 14:10:04,068 - DEBUG - network - Set component attributes KDTA to design value at component heatexchanger_c.
2026-05-03 14:10:04,068 - DEBUG - network - Set component attributes KDTA to design value at component heatexchanger_d.
2026-05-03 14:10:04,068 - DEBUG - network - Set component attributes KDTA to design value at component heatexchanger_e.
2026-05-03 14:10:04,069 - DEBUG - network - Set component attributes KDTA to design value at component heatexchanger_f.
2026-05-03 14:10:04,069 - DEBUG - network - Set component attributes KDTA to design value at component heatexchanger_g.
2026-05-03 14:10:04,069 - DEBUG - network - Set component attributes KDTA to design value at component heatexchanger_h.
2026-05-03 14:10:04,069 - DEBUG - network - Set component attributes KDTA to design value at component heatexchanger_i.
2026-05-03 14:10:04,069 - DEBUG - network - Set component attributes KDTA to design value at component heatexchanger_j.
2026-05-03 14:10:04,069 - DEBUG - network - Set component attributes KDTA to design value at component heatexchanger_k.
2026-05-03 14:10:04,069 - DEBUG - network - Switched components from design to offdesign.
2026-05-03 14:10:04,098 - WARNING - warnings - FutureWarning: Downcasting object dtype arrays on .fillna, .ffill, .bfill is deprecated and will change in a future version. Call result.infer_objects(copy=False) instead. To opt-in to the future behavior, set `pd.set_option('future.no_silent_downcasting', True)`
2026-05-03 14:10:04,106 - WARNING - warnings - FutureWarning: Downcasting object dtype arrays on .fillna, .ffill, .bfill is deprecated and will change in a future version. Call result.infer_objects(copy=False) instead. To opt-in to the future behavior, set `pd.set_option('future.no_silent_downcasting', True)`
2026-05-03 14:10:04,108 - WARNING - warnings - FutureWarning: Downcasting object dtype arrays on .fillna, .ffill, .bfill is deprecated and will change in a future version. Call result.infer_objects(copy=False) instead. To opt-in to the future behavior, set `pd.set_option('future.no_silent_downcasting', True)`
2026-05-03 14:10:04,133 - DEBUG - network - Generic fluid property specification complete in the final of initialization.
2026-05-03 14:10:04,137 - DEBUG - base - The fuels for component combustion of type diabatic combustion chamber are: CH4.
2026-05-03 14:10:04,138 - INFO - network - ########-----Initializing variables bounds-----########
2026-05-03 14:15:37,573 - INFO - logger - Path for logging: solar_thermal_combine_plant_loggings\Aurora.log
2026-05-03 14:15:37,573 - INFO - logger - Used AURORA version: 0.1.1 - GCC's Nature
2026-05-03 14:15:37,574 - DEBUG - connection - Created reference object with factor 0.09 and delta 0 referring to connection c47
2026-05-03 14:15:37,575 - DEBUG - connection - Created reference object with factor 0.11 and delta 0 referring to connection c21
2026-05-03 14:15:38,140 - DEBUG - network - Removing 0 mass flow variables from ['c31'] from system variables.
2026-05-03 14:15:38,140 - DEBUG - network - Removing 1 mass flow variables from ['c9', 'd9'] from system variables.
2026-05-03 14:15:38,140 - DEBUG - network - Removing 1 mass flow variables from ['c1', 'c3'] from system variables.
2026-05-03 14:15:38,140 - DEBUG - network - Removing 1 mass flow variables from ['c16', 'c14'] from system variables.
2026-05-03 14:15:38,140 - DEBUG - network - Removing 0 mass flow variables from ['c79'] from system variables.
2026-05-03 14:15:38,140 - DEBUG - network - Removing 0 mass flow variables from ['c2'] from system variables.
2026-05-03 14:15:38,141 - DEBUG - network - Removing 0 mass flow variables from ['c15'] from system variables.
2026-05-03 14:15:38,142 - INFO - network - ########----Simplify Fluid System Successful----########
2026-05-03 14:15:38,195 - DEBUG - network - Updated fluid property SI values and fluid mass fraction for user specified connection parameters.
2026-05-03 14:15:38,272 - INFO - network - ########----Network check successful----########
2026-05-03 14:15:38,273 - DEBUG - network - Solver properties:
 - mode: offdesign
 - init_path: solar_thermal_combine_plant_design_1
 - design_path: solar_thermal_combine_plant_design_1
 - min_iter: 4
 - max_iter: 150
2026-05-03 14:15:38,273 - DEBUG - network - Network information:
 - Number of components: 84
 - Number of fluid components: 84
 - Number of electric components: 0
 - Number of connections: 106
 - Number of fluid connections: 106
 - Number of electric connections: 0
 - Number of busses: 0
2026-05-03 14:15:38,287 - WARNING - warnings - FutureWarning: Downcasting object dtype arrays on .fillna, .ffill, .bfill is deprecated and will change in a future version. Call result.infer_objects(copy=False) instead. To opt-in to the future behavior, set `pd.set_option('future.no_silent_downcasting', True)`
2026-05-03 14:15:38,294 - WARNING - warnings - FutureWarning: Downcasting object dtype arrays on .fillna, .ffill, .bfill is deprecated and will change in a future version. Call result.infer_objects(copy=False) instead. To opt-in to the future behavior, set `pd.set_option('future.no_silent_downcasting', True)`
2026-05-03 14:15:38,297 - WARNING - warnings - FutureWarning: Downcasting object dtype arrays on .fillna, .ffill, .bfill is deprecated and will change in a future version. Call result.infer_objects(copy=False) instead. To opt-in to the future behavior, set `pd.set_option('future.no_silent_downcasting', True)`
2026-05-03 14:15:38,314 - DEBUG - network - Could not find component 'merge_12_13_21' in design case file. This is is critical only to components, which need to load design values from this case.
2026-05-03 14:15:38,314 - DEBUG - network - Could not find component 'merge_18_82_83' in design case file. This is is critical only to components, which need to load design values from this case.
2026-05-03 14:15:38,315 - DEBUG - network - Could not find component 'merge_36_80_81' in design case file. This is is critical only to components, which need to load design values from this case.
2026-05-03 14:15:38,315 - DEBUG - network - Could not find component 'merge_67_68_69' in design case file. This is is critical only to components, which need to load design values from this case.
2026-05-03 14:15:38,315 - DEBUG - network - Could not find component 'merge_7_9_10' in design case file. This is is critical only to components, which need to load design values from this case.
2026-05-03 14:15:38,315 - DEBUG - network - Could not find component 'merge_deaerator' in design case file. This is is critical only to components, which need to load design values from this case.
2026-05-03 14:15:38,315 - DEBUG - network - Could not find component 'merge_heater_h' in design case file. This is is critical only to components, which need to load design values from this case.
2026-05-03 14:15:38,315 - DEBUG - network - Could not find component 'merge_heater_j' in design case file. This is is critical only to components, which need to load design values from this case.
2026-05-03 14:15:38,315 - DEBUG - network - Could not find component 'merge_heater_k' in design case file. This is is critical only to components, which need to load design values from this case.
2026-05-03 14:15:38,318 - DEBUG - network - Could not find component 'splitter_10_11_12' in design case file. This is is critical only to components, which need to load design values from this case.
2026-05-03 14:15:38,319 - DEBUG - network - Could not find component 'splitter_20_81_82' in design case file. This is is critical only to components, which need to load design values from this case.
2026-05-03 14:15:38,319 - DEBUG - network - Could not find component 'splitter_21_22_23' in design case file. This is is critical only to components, which need to load design values from this case.
2026-05-03 14:15:38,319 - DEBUG - network - Could not find component 'splitter_42_47_48' in design case file. This is is critical only to components, which need to load design values from this case.
2026-05-03 14:15:38,319 - DEBUG - network - Could not find component 'splitter_6_84_85' in design case file. This is is critical only to components, which need to load design values from this case.
2026-05-03 14:15:38,319 - DEBUG - network - Could not find component 'splitter_h1' in design case file. This is is critical only to components, which need to load design values from this case.
2026-05-03 14:15:38,319 - DEBUG - network - Could not find component 'splitter_l1' in design case file. This is is critical only to components, which need to load design values from this case.
2026-05-03 14:15:38,319 - DEBUG - network - Could not find component 'splitter_l2' in design case file. This is is critical only to components, which need to load design values from this case.
2026-05-03 14:15:38,319 - DEBUG - network - Could not find component 'splitter_l3' in design case file. This is is critical only to components, which need to load design values from this case.
2026-05-03 14:15:38,320 - DEBUG - network - Could not find component 'splitter_l4' in design case file. This is is critical only to components, which need to load design values from this case.
2026-05-03 14:15:38,322 - DEBUG - network - Done reading design point information for components.
2026-05-03 14:15:38,344 - DEBUG - network - Done reading design point information for connections.
2026-05-03 14:15:38,345 - DEBUG - network - Switched connections from design to offdesign.
2026-05-03 14:15:38,345 - DEBUG - network - Set component attributes KDTA to design value at component condenser.
2026-05-03 14:15:38,345 - DEBUG - network - Set component attributes KDTA to design value at component evaporator.
2026-05-03 14:15:38,345 - DEBUG - network - Set component attributes KDTA to design value at component heatexchanger_a.
2026-05-03 14:15:38,345 - DEBUG - network - Set component attributes KDTA to design value at component heatexchanger_b.
2026-05-03 14:15:38,345 - DEBUG - network - Set component attributes KDTA to design value at component heatexchanger_c.
2026-05-03 14:15:38,345 - DEBUG - network - Set component attributes KDTA to design value at component heatexchanger_d.
2026-05-03 14:15:38,345 - DEBUG - network - Set component attributes KDTA to design value at component heatexchanger_e.
2026-05-03 14:15:38,345 - DEBUG - network - Set component attributes KDTA to design value at component heatexchanger_f.
2026-05-03 14:15:38,345 - DEBUG - network - Set component attributes KDTA to design value at component heatexchanger_g.
2026-05-03 14:15:38,346 - DEBUG - network - Set component attributes KDTA to design value at component heatexchanger_h.
2026-05-03 14:15:38,346 - DEBUG - network - Set component attributes KDTA to design value at component heatexchanger_i.
2026-05-03 14:15:38,346 - DEBUG - network - Set component attributes KDTA to design value at component heatexchanger_j.
2026-05-03 14:15:38,346 - DEBUG - network - Set component attributes KDTA to design value at component heatexchanger_k.
2026-05-03 14:15:38,346 - DEBUG - network - Switched components from design to offdesign.
2026-05-03 14:15:38,374 - WARNING - warnings - FutureWarning: Downcasting object dtype arrays on .fillna, .ffill, .bfill is deprecated and will change in a future version. Call result.infer_objects(copy=False) instead. To opt-in to the future behavior, set `pd.set_option('future.no_silent_downcasting', True)`
2026-05-03 14:15:38,382 - WARNING - warnings - FutureWarning: Downcasting object dtype arrays on .fillna, .ffill, .bfill is deprecated and will change in a future version. Call result.infer_objects(copy=False) instead. To opt-in to the future behavior, set `pd.set_option('future.no_silent_downcasting', True)`
2026-05-03 14:15:38,385 - WARNING - warnings - FutureWarning: Downcasting object dtype arrays on .fillna, .ffill, .bfill is deprecated and will change in a future version. Call result.infer_objects(copy=False) instead. To opt-in to the future behavior, set `pd.set_option('future.no_silent_downcasting', True)`
2026-05-03 14:15:38,408 - DEBUG - network - Generic fluid property specification complete in the final of initialization.
2026-05-03 14:15:38,412 - DEBUG - base - The fuels for component combustion of type diabatic combustion chamber are: CH4.
2026-05-03 14:15:38,414 - INFO - network - ########-----Initializing variables bounds-----########
2026-05-03 14:24:26,448 - INFO - logger - Path for logging: solar_thermal_combine_plant_loggings\Aurora.log
2026-05-03 14:24:26,448 - INFO - logger - Used AURORA version: 0.1.1 - GCC's Nature
2026-05-03 14:24:26,449 - DEBUG - connection - Created reference object with factor 0.09 and delta 0 referring to connection c47
2026-05-03 14:24:26,449 - DEBUG - connection - Created reference object with factor 0.11 and delta 0 referring to connection c21
2026-05-03 14:24:26,687 - DEBUG - network - Removing 0 mass flow variables from ['c31'] from system variables.
2026-05-03 14:24:26,688 - DEBUG - network - Removing 1 mass flow variables from ['c9', 'd9'] from system variables.
2026-05-03 14:24:26,688 - DEBUG - network - Removing 1 mass flow variables from ['c1', 'c3'] from system variables.
2026-05-03 14:24:26,688 - DEBUG - network - Removing 1 mass flow variables from ['c16', 'c14'] from system variables.
2026-05-03 14:24:26,688 - DEBUG - network - Removing 0 mass flow variables from ['c79'] from system variables.
2026-05-03 14:24:26,688 - DEBUG - network - Removing 0 mass flow variables from ['c2'] from system variables.
2026-05-03 14:24:26,688 - DEBUG - network - Removing 0 mass flow variables from ['c15'] from system variables.
2026-05-03 14:24:26,688 - INFO - network - ########----Simplify Fluid System Successful----########
2026-05-03 14:24:26,721 - DEBUG - network - Updated fluid property SI values and fluid mass fraction for user specified connection parameters.
2026-05-03 14:24:26,735 - INFO - network - ########----Network check successful----########
2026-05-03 14:24:26,735 - DEBUG - network - Solver properties:
 - mode: offdesign
 - init_path: solar_thermal_combine_plant_design_1
 - design_path: solar_thermal_combine_plant_design_1
 - min_iter: 4
 - max_iter: 150
2026-05-03 14:24:26,735 - DEBUG - network - Network information:
 - Number of components: 84
 - Number of fluid components: 84
 - Number of electric components: 0
 - Number of connections: 106
 - Number of fluid connections: 106
 - Number of electric connections: 0
 - Number of busses: 0
2026-05-03 14:24:26,741 - WARNING - warnings - FutureWarning: Downcasting object dtype arrays on .fillna, .ffill, .bfill is deprecated and will change in a future version. Call result.infer_objects(copy=False) instead. To opt-in to the future behavior, set `pd.set_option('future.no_silent_downcasting', True)`
2026-05-03 14:24:26,744 - WARNING - warnings - FutureWarning: Downcasting object dtype arrays on .fillna, .ffill, .bfill is deprecated and will change in a future version. Call result.infer_objects(copy=False) instead. To opt-in to the future behavior, set `pd.set_option('future.no_silent_downcasting', True)`
2026-05-03 14:24:26,745 - WARNING - warnings - FutureWarning: Downcasting object dtype arrays on .fillna, .ffill, .bfill is deprecated and will change in a future version. Call result.infer_objects(copy=False) instead. To opt-in to the future behavior, set `pd.set_option('future.no_silent_downcasting', True)`
2026-05-03 14:24:26,750 - DEBUG - network - Could not find component 'merge_12_13_21' in design case file. This is is critical only to components, which need to load design values from this case.
2026-05-03 14:24:26,750 - DEBUG - network - Could not find component 'merge_18_82_83' in design case file. This is is critical only to components, which need to load design values from this case.
2026-05-03 14:24:26,750 - DEBUG - network - Could not find component 'merge_36_80_81' in design case file. This is is critical only to components, which need to load design values from this case.
2026-05-03 14:24:26,750 - DEBUG - network - Could not find component 'merge_67_68_69' in design case file. This is is critical only to components, which need to load design values from this case.
2026-05-03 14:24:26,750 - DEBUG - network - Could not find component 'merge_7_9_10' in design case file. This is is critical only to components, which need to load design values from this case.
2026-05-03 14:24:26,750 - DEBUG - network - Could not find component 'merge_deaerator' in design case file. This is is critical only to components, which need to load design values from this case.
2026-05-03 14:24:26,750 - DEBUG - network - Could not find component 'merge_heater_h' in design case file. This is is critical only to components, which need to load design values from this case.
2026-05-03 14:24:26,751 - DEBUG - network - Could not find component 'merge_heater_j' in design case file. This is is critical only to components, which need to load design values from this case.
2026-05-03 14:24:26,751 - DEBUG - network - Could not find component 'merge_heater_k' in design case file. This is is critical only to components, which need to load design values from this case.
2026-05-03 14:24:26,751 - DEBUG - network - Could not find component 'splitter_10_11_12' in design case file. This is is critical only to components, which need to load design values from this case.
2026-05-03 14:24:26,751 - DEBUG - network - Could not find component 'splitter_20_81_82' in design case file. This is is critical only to components, which need to load design values from this case.
2026-05-03 14:24:26,751 - DEBUG - network - Could not find component 'splitter_21_22_23' in design case file. This is is critical only to components, which need to load design values from this case.
2026-05-03 14:24:26,751 - DEBUG - network - Could not find component 'splitter_42_47_48' in design case file. This is is critical only to components, which need to load design values from this case.
2026-05-03 14:24:26,751 - DEBUG - network - Could not find component 'splitter_6_84_85' in design case file. This is is critical only to components, which need to load design values from this case.
2026-05-03 14:24:26,752 - DEBUG - network - Could not find component 'splitter_h1' in design case file. This is is critical only to components, which need to load design values from this case.
2026-05-03 14:24:26,752 - DEBUG - network - Could not find component 'splitter_l1' in design case file. This is is critical only to components, which need to load design values from this case.
2026-05-03 14:24:26,752 - DEBUG - network - Could not find component 'splitter_l2' in design case file. This is is critical only to components, which need to load design values from this case.
2026-05-03 14:24:26,752 - DEBUG - network - Could not find component 'splitter_l3' in design case file. This is is critical only to components, which need to load design values from this case.
2026-05-03 14:24:26,752 - DEBUG - network - Could not find component 'splitter_l4' in design case file. This is is critical only to components, which need to load design values from this case.
2026-05-03 14:24:26,752 - DEBUG - network - Done reading design point information for components.
2026-05-03 14:24:26,759 - DEBUG - network - Done reading design point information for connections.
2026-05-03 14:24:26,759 - DEBUG - network - Switched connections from design to offdesign.
2026-05-03 14:24:26,759 - DEBUG - network - Set component attributes KDTA to design value at component condenser.
2026-05-03 14:24:26,759 - DEBUG - network - Set component attributes KDTA to design value at component evaporator.
2026-05-03 14:24:26,759 - DEBUG - network - Set component attributes KDTA to design value at component heatexchanger_a.
2026-05-03 14:24:26,759 - DEBUG - network - Set component attributes KDTA to design value at component heatexchanger_b.
2026-05-03 14:24:26,759 - DEBUG - network - Set component attributes KDTA to design value at component heatexchanger_c.
2026-05-03 14:24:26,759 - DEBUG - network - Set component attributes KDTA to design value at component heatexchanger_d.
2026-05-03 14:24:26,759 - DEBUG - network - Set component attributes KDTA to design value at component heatexchanger_e.
2026-05-03 14:24:26,759 - DEBUG - network - Set component attributes KDTA to design value at component heatexchanger_f.
2026-05-03 14:24:26,759 - DEBUG - network - Set component attributes KDTA to design value at component heatexchanger_g.
2026-05-03 14:24:26,759 - DEBUG - network - Set component attributes KDTA to design value at component heatexchanger_h.
2026-05-03 14:24:26,759 - DEBUG - network - Set component attributes KDTA to design value at component heatexchanger_i.
2026-05-03 14:24:26,759 - DEBUG - network - Set component attributes KDTA to design value at component heatexchanger_j.
2026-05-03 14:24:26,759 - DEBUG - network - Set component attributes KDTA to design value at component heatexchanger_k.
2026-05-03 14:24:26,759 - DEBUG - network - Switched components from design to offdesign.
2026-05-03 14:24:26,773 - WARNING - warnings - FutureWarning: Downcasting object dtype arrays on .fillna, .ffill, .bfill is deprecated and will change in a future version. Call result.infer_objects(copy=False) instead. To opt-in to the future behavior, set `pd.set_option('future.no_silent_downcasting', True)`
2026-05-03 14:24:26,776 - WARNING - warnings - FutureWarning: Downcasting object dtype arrays on .fillna, .ffill, .bfill is deprecated and will change in a future version. Call result.infer_objects(copy=False) instead. To opt-in to the future behavior, set `pd.set_option('future.no_silent_downcasting', True)`
2026-05-03 14:24:26,778 - WARNING - warnings - FutureWarning: Downcasting object dtype arrays on .fillna, .ffill, .bfill is deprecated and will change in a future version. Call result.infer_objects(copy=False) instead. To opt-in to the future behavior, set `pd.set_option('future.no_silent_downcasting', True)`
2026-05-03 14:24:26,786 - DEBUG - network - Generic fluid property specification complete in the final of initialization.
2026-05-03 14:24:26,789 - DEBUG - base - The fuels for component combustion of type diabatic combustion chamber are: CH4.
2026-05-03 14:24:26,790 - INFO - network - ########-----Initializing variables bounds-----########
2026-05-03 14:24:26,792 - DEBUG - connection - The connection: c1 has 0 equations.
2026-05-03 14:24:26,792 - DEBUG - connection - The connection: c10 has 0 equations.
2026-05-03 14:24:26,792 - DEBUG - connection - The connection: c11 has 0 equations.
2026-05-03 14:24:26,792 - DEBUG - connection - The connection: c12 has 0 equations.
2026-05-03 14:24:26,792 - DEBUG - connection - The connection: c13 has 0 equations.
2026-05-03 14:24:26,792 - DEBUG - connection - The connection: c14 has 0 equations.
2026-05-03 14:24:26,792 - DEBUG - connection - The connection: c15 has 0 equations.
2026-05-03 14:24:26,792 - DEBUG - connection - The connection: c16 has 0 equations.
2026-05-03 14:24:26,792 - DEBUG - connection - The connection: c17 has 0 equations.
2026-05-03 14:24:26,792 - DEBUG - connection - The connection: c18 has 0 equations.
2026-05-03 14:24:26,792 - DEBUG - connection - The connection: c19 has 0 equations.
2026-05-03 14:24:26,793 - DEBUG - connection - The connection: c2 has 0 equations.
2026-05-03 14:24:26,793 - DEBUG - connection - The connection: c20 has 0 equations.
2026-05-03 14:24:26,793 - DEBUG - connection - The connection: c21 has 0 equations.
2026-05-03 14:24:26,793 - DEBUG - connection - The connection: c22 has 1 equations.
2026-05-03 14:24:26,793 - DEBUG - connection - The connection: c23 has 0 equations.
2026-05-03 14:24:26,793 - DEBUG - connection - The connection: c24 has 0 equations.
2026-05-03 14:24:26,793 - DEBUG - connection - The connection: c25 has 0 equations.
2026-05-03 14:24:26,793 - DEBUG - connection - The connection: c26 has 0 equations.
2026-05-03 14:24:26,793 - DEBUG - connection - The connection: c27 has 0 equations.
2026-05-03 14:24:26,793 - DEBUG - connection - The connection: c28 has 0 equations.
2026-05-03 14:24:26,793 - DEBUG - connection - The connection: c29 has 0 equations.
2026-05-03 14:24:26,793 - DEBUG - connection - The connection: c3 has 0 equations.
2026-05-03 14:24:26,793 - DEBUG - connection - The connection: c30 has 0 equations.
2026-05-03 14:24:26,793 - DEBUG - connection - The connection: c31 has 0 equations.
2026-05-03 14:24:26,793 - DEBUG - connection - The connection: c32 has 0 equations.
2026-05-03 14:24:26,793 - DEBUG - connection - The connection: c33 has 0 equations.
2026-05-03 14:24:26,793 - DEBUG - connection - The connection: c34 has 0 equations.
2026-05-03 14:24:26,793 - DEBUG - connection - The connection: c35 has 0 equations.
2026-05-03 14:24:26,793 - DEBUG - connection - The connection: c36 has 0 equations.
2026-05-03 14:24:26,793 - DEBUG - connection - The connection: c37 has 0 equations.
2026-05-03 14:24:26,793 - DEBUG - connection - The connection: c38 has 0 equations.
2026-05-03 14:24:26,793 - DEBUG - connection - The connection: c39 has 0 equations.
2026-05-03 14:24:26,793 - DEBUG - connection - The connection: c4 has 0 equations.
2026-05-03 14:24:26,793 - DEBUG - connection - The connection: c40 has 0 equations.
2026-05-03 14:24:26,793 - DEBUG - connection - The connection: c41 has 0 equations.
2026-05-03 14:24:26,793 - DEBUG - connection - The connection: c42 has 0 equations.
2026-05-03 14:24:26,793 - DEBUG - connection - The connection: c43 has 0 equations.
2026-05-03 14:24:26,793 - DEBUG - connection - The connection: c44 has 0 equations.
2026-05-03 14:24:26,793 - DEBUG - connection - The connection: c45 has 0 equations.
2026-05-03 14:24:26,793 - DEBUG - connection - The connection: c46 has 0 equations.
2026-05-03 14:24:26,793 - DEBUG - connection - The connection: c47 has 0 equations.
2026-05-03 14:24:26,793 - DEBUG - connection - The connection: c48 has 1 equations.
2026-05-03 14:24:26,793 - DEBUG - connection - The connection: c49 has 0 equations.
2026-05-03 14:24:26,793 - DEBUG - connection - The connection: c5 has 0 equations.
2026-05-03 14:24:26,793 - DEBUG - connection - The connection: c50 has 0 equations.
2026-05-03 14:24:26,793 - DEBUG - connection - The connection: c51 has 0 equations.
2026-05-03 14:24:26,793 - DEBUG - connection - The connection: c52 has 0 equations.
2026-05-03 14:24:26,793 - DEBUG - connection - The connection: c53 has 0 equations.
2026-05-03 14:24:26,793 - DEBUG - connection - The connection: c54 has 0 equations.
2026-05-03 14:24:26,793 - DEBUG - connection - The connection: c55 has 0 equations.
2026-05-03 14:24:26,793 - DEBUG - connection - The connection: c56 has 0 equations.
2026-05-03 14:24:26,793 - DEBUG - connection - The connection: c57 has 0 equations.
2026-05-03 14:24:26,793 - DEBUG - connection - The connection: c58 has 0 equations.
2026-05-03 14:24:26,793 - DEBUG - connection - The connection: c59 has 0 equations.
2026-05-03 14:24:26,794 - DEBUG - connection - The connection: c6 has 0 equations.
2026-05-03 14:24:26,794 - DEBUG - connection - The connection: c60 has 0 equations.
2026-05-03 14:24:26,794 - DEBUG - connection - The connection: c61 has 0 equations.
2026-05-03 14:24:26,794 - DEBUG - connection - The connection: c62 has 0 equations.
2026-05-03 14:24:26,794 - DEBUG - connection - The connection: c63 has 0 equations.
2026-05-03 14:24:26,794 - DEBUG - connection - The connection: c64 has 0 equations.
2026-05-03 14:24:26,794 - DEBUG - connection - The connection: c65 has 0 equations.
2026-05-03 14:24:26,794 - DEBUG - connection - The connection: c66 has 0 equations.
2026-05-03 14:24:26,794 - DEBUG - connection - The connection: c67 has 0 equations.
2026-05-03 14:24:26,794 - DEBUG - connection - The connection: c68 has 0 equations.
2026-05-03 14:24:26,794 - DEBUG - connection - The connection: c69 has 0 equations.
2026-05-03 14:24:26,794 - DEBUG - connection - The connection: c7 has 0 equations.
2026-05-03 14:24:26,794 - DEBUG - connection - The connection: c70 has 0 equations.
2026-05-03 14:24:26,794 - DEBUG - connection - The connection: c71 has 0 equations.
2026-05-03 14:24:26,794 - DEBUG - connection - The connection: c72 has 0 equations.
2026-05-03 14:24:26,794 - DEBUG - connection - The connection: c73 has 0 equations.
2026-05-03 14:24:26,794 - DEBUG - connection - The connection: c74 has 0 equations.
2026-05-03 14:24:26,794 - DEBUG - connection - The connection: c75 has 0 equations.
2026-05-03 14:24:26,794 - DEBUG - connection - The connection: c76 has 0 equations.
2026-05-03 14:24:26,794 - DEBUG - connection - The connection: c77 has 0 equations.
2026-05-03 14:24:26,794 - DEBUG - connection - The connection: c78 has 0 equations.
2026-05-03 14:24:26,794 - DEBUG - connection - The connection: c79 has 0 equations.
2026-05-03 14:24:26,794 - DEBUG - connection - The connection: c8 has 0 equations.
2026-05-03 14:24:26,794 - DEBUG - connection - The connection: c80 has 0 equations.
2026-05-03 14:24:26,794 - DEBUG - connection - The connection: c81 has 0 equations.
2026-05-03 14:24:26,794 - DEBUG - connection - The connection: c82 has 0 equations.
2026-05-03 14:24:26,794 - DEBUG - connection - The connection: c83 has 0 equations.
2026-05-03 14:24:26,794 - DEBUG - connection - The connection: c84 has 0 equations.
2026-05-03 14:24:26,794 - DEBUG - connection - The connection: c85 has 0 equations.
2026-05-03 14:24:26,794 - DEBUG - connection - The connection: c86 has 0 equations.
2026-05-03 14:24:26,794 - DEBUG - connection - The connection: c87 has 0 equations.
2026-05-03 14:24:26,794 - DEBUG - connection - The connection: c88 has 0 equations.
2026-05-03 14:24:26,794 - DEBUG - connection - The connection: c89 has 0 equations.
2026-05-03 14:24:26,794 - DEBUG - connection - The connection: c9 has 0 equations.
2026-05-03 14:24:26,794 - DEBUG - connection - The connection: c90 has 0 equations.
2026-05-03 14:24:26,794 - DEBUG - connection - The connection: d15 has 0 equations.
2026-05-03 14:24:26,794 - DEBUG - connection - The connection: d36 has 0 equations.
2026-05-03 14:24:26,795 - DEBUG - connection - The connection: d54 has 0 equations.
2026-05-03 14:24:26,795 - DEBUG - connection - The connection: d7 has 0 equations.
2026-05-03 14:24:26,795 - DEBUG - connection - The connection: d80 has 0 equations.
2026-05-03 14:24:26,795 - DEBUG - connection - The connection: d84 has 0 equations.
2026-05-03 14:24:26,795 - DEBUG - connection - The connection: d9 has 0 equations.
2026-05-03 14:24:26,795 - DEBUG - connection - The connection: deaerator_cold_in has 0 equations.
2026-05-03 14:24:26,795 - DEBUG - connection - The connection: h1_out has 0 equations.
2026-05-03 14:24:26,795 - DEBUG - connection - The connection: heater_h_hot_in has 0 equations.
2026-05-03 14:24:26,795 - DEBUG - connection - The connection: heater_j_hot_in has 0 equations.
2026-05-03 14:24:26,795 - DEBUG - connection - The connection: heater_k_hot_in has 0 equations.
2026-05-03 14:24:26,795 - DEBUG - connection - The connection: l1_out has 0 equations.
2026-05-03 14:24:26,795 - DEBUG - connection - The connection: l2_out has 0 equations.
2026-05-03 14:24:26,795 - DEBUG - connection - The connection: l3_out has 0 equations.
2026-05-03 14:24:26,795 - DEBUG - connection - The connection: l4_out has 0 equations.
2026-05-03 14:24:26,795 - DEBUG - component - The component: af_boiler_cold_in of type FlowAmplifier has 1 equations.
2026-05-03 14:24:26,795 - DEBUG - component - The component: af_boiler_cold_out of type FlowAmplifier has 1 equations.
2026-05-03 14:24:26,795 - DEBUG - component - The component: af_boiler_hot_in of type FlowAmplifier has 1 equations.
2026-05-03 14:24:26,795 - DEBUG - component - The component: af_boiler_hot_out of type FlowAmplifier has 1 equations.
2026-05-03 14:24:26,795 - DEBUG - component - The component: af_reheater_cold_in of type FlowAmplifier has 1 equations.
2026-05-03 14:24:26,795 - DEBUG - component - The component: af_reheater_cold_out of type FlowAmplifier has 1 equations.
2026-05-03 14:24:26,795 - DEBUG - component - The component: af_reheater_hot_in of type FlowAmplifier has 1 equations.
2026-05-03 14:24:26,795 - DEBUG - component - The component: af_reheater_hot_out of type FlowAmplifier has 1 equations.
2026-05-03 14:24:26,795 - DEBUG - component - The component: af_solar_in of type FlowAmplifier has 1 equations.
2026-05-03 14:24:26,795 - DEBUG - component - The component: af_solar_out of type FlowAmplifier has 1 equations.
2026-05-03 14:24:26,795 - DEBUG - component - The component: air_compressor of type Compressor has 1 equations.
2026-05-03 14:24:26,795 - DEBUG - component - The component: air_source of type Source has 0 equations.
2026-05-03 14:24:26,795 - DEBUG - component - The component: cold_salt_tank of type HeatStorageTank has 2 equations.
2026-05-03 14:24:26,795 - DEBUG - component - The component: combustion of type DiabaticCombustionChamber has 2 equations.
2026-05-03 14:24:26,795 - DEBUG - component - The component: condense_pump of type Pump has 1 equations.
2026-05-03 14:24:26,795 - DEBUG - component - The component: condenser of type Condenser has 5 equations.
2026-05-03 14:24:26,795 - DEBUG - component - The component: cooling_water_sink of type Sink has 0 equations.
2026-05-03 14:24:26,795 - DEBUG - component - The component: cooling_water_source of type Source has 0 equations.
2026-05-03 14:24:26,795 - DEBUG - component - The component: deaerator of type Deaerator has 6 equations.
2026-05-03 14:24:26,796 - DEBUG - component - The component: deaerator_drain of type Sink has 0 equations.
2026-05-03 14:24:26,796 - DEBUG - component - The component: evaporator of type Evaporator has 4 equations.
2026-05-03 14:24:26,796 - DEBUG - component - The component: evaporator_drain of type Sink has 0 equations.
2026-05-03 14:24:26,796 - DEBUG - component - The component: evaporator_drum of type EvaporateTank has 5 equations.
2026-05-03 14:24:26,796 - DEBUG - component - The component: fuel_source of type Source has 0 equations.
2026-05-03 14:24:26,796 - DEBUG - component - The component: gas_sink of type Sink has 0 equations.
2026-05-03 14:24:26,796 - DEBUG - component - The component: gas_turbine of type Turbine has 1 equations.
2026-05-03 14:24:26,796 - DEBUG - component - The component: heatexchanger_a of type HeatExchanger has 4 equations.
2026-05-03 14:24:26,796 - DEBUG - component - The component: heatexchanger_b of type HeatExchanger has 4 equations.
2026-05-03 14:24:26,796 - DEBUG - component - The component: heatexchanger_c of type HeatExchanger has 3 equations.
2026-05-03 14:24:26,796 - DEBUG - component - The component: heatexchanger_d of type HeatExchanger has 4 equations.
2026-05-03 14:24:26,796 - DEBUG - component - The component: heatexchanger_e of type HeatExchanger has 4 equations.
2026-05-03 14:24:26,796 - DEBUG - component - The component: heatexchanger_f of type HeatExchanger has 4 equations.
2026-05-03 14:24:26,796 - DEBUG - component - The component: heatexchanger_g of type ExtractHeatExchanger has 5 equations.
2026-05-03 14:24:26,796 - DEBUG - component - The component: heatexchanger_h of type ExtractHeatExchanger has 5 equations.
2026-05-03 14:24:26,796 - DEBUG - component - The component: heatexchanger_i of type ExtractHeatExchanger has 5 equations.
2026-05-03 14:24:26,796 - DEBUG - component - The component: heatexchanger_j of type ExtractHeatExchanger has 5 equations.
2026-05-03 14:24:26,796 - DEBUG - component - The component: heatexchanger_k of type ExtractHeatExchanger has 5 equations.
2026-05-03 14:24:26,796 - DEBUG - component - The component: hot_salt_tank of type HeatStorageTank has 2 equations.
2026-05-03 14:24:26,796 - DEBUG - component - The component: hp_turbine1 of type Turbine has 1 equations.
2026-05-03 14:24:26,796 - DEBUG - component - The component: hp_turbine2 of type Turbine has 1 equations.
2026-05-03 14:24:26,796 - DEBUG - component - The component: lp_turbine1 of type Turbine has 1 equations.
2026-05-03 14:24:26,796 - DEBUG - component - The component: lp_turbine2 of type Turbine has 1 equations.
2026-05-03 14:24:26,796 - DEBUG - component - The component: lp_turbine3 of type Turbine has 1 equations.
2026-05-03 14:24:26,796 - DEBUG - component - The component: lp_turbine4 of type Turbine has 1 equations.
2026-05-03 14:24:26,796 - DEBUG - component - The component: lp_turbine5 of type Turbine has 1 equations.
2026-05-03 14:24:26,796 - DEBUG - component - The component: merge_12_13_21 of type Merge has 2 equations.
2026-05-03 14:24:26,797 - DEBUG - component - The component: merge_18_82_83 of type Merge has 2 equations.
2026-05-03 14:24:26,797 - DEBUG - component - The component: merge_36_80_81 of type Merge has 2 equations.
2026-05-03 14:24:26,797 - DEBUG - component - The component: merge_67_68_69 of type Merge has 2 equations.
2026-05-03 14:24:26,797 - DEBUG - component - The component: merge_7_9_10 of type Merge has 2 equations.
2026-05-03 14:24:26,797 - DEBUG - component - The component: merge_deaerator of type Merge has 2 equations.
2026-05-03 14:24:26,797 - DEBUG - component - The component: merge_heater_h of type Merge has 2 equations.
2026-05-03 14:24:26,797 - DEBUG - component - The component: merge_heater_j of type Merge has 2 equations.
2026-05-03 14:24:26,797 - DEBUG - component - The component: merge_heater_k of type Merge has 2 equations.
2026-05-03 14:24:26,797 - DEBUG - component - The component: oil_cycle_closer of type CycleCloser has 0 equations.
2026-05-03 14:24:26,797 - DEBUG - component - The component: oil_recycle_pump1 of type Pump has 1 equations.
2026-05-03 14:24:26,797 - DEBUG - component - The component: oil_recycle_pump2 of type Pump has 1 equations.
2026-05-03 14:24:26,797 - DEBUG - component - The component: salt_cycle_closer of type CycleCloser has 1 equations.
2026-05-03 14:24:26,797 - DEBUG - component - The component: solar_collector1 of type SolarCollector has 1 equations.
2026-05-03 14:24:26,797 - DEBUG - component - The component: solar_collector2 of type SolarCollector has 1 equations.
2026-05-03 14:24:26,797 - DEBUG - component - The component: solar_collector3 of type SolarCollector has 1 equations.
2026-05-03 14:24:26,797 - DEBUG - component - The component: solar_collector4 of type SolarCollector has 1 equations.
2026-05-03 14:24:26,797 - DEBUG - component - The component: splitter_10_11_12 of type Splitter has 1 equations.
2026-05-03 14:24:26,797 - DEBUG - component - The component: splitter_20_81_82 of type Splitter has 1 equations.
2026-05-03 14:24:26,797 - DEBUG - component - The component: splitter_21_22_23 of type Splitter has 1 equations.
2026-05-03 14:24:26,797 - DEBUG - component - The component: splitter_42_47_48 of type Splitter has 1 equations.
2026-05-03 14:24:26,797 - DEBUG - component - The component: splitter_6_84_85 of type Splitter has 1 equations.
2026-05-03 14:24:26,798 - DEBUG - component - The component: splitter_h1 of type Splitter has 1 equations.
2026-05-03 14:24:26,798 - DEBUG - component - The component: splitter_l1 of type Splitter has 1 equations.
2026-05-03 14:24:26,798 - DEBUG - component - The component: splitter_l2 of type Splitter has 1 equations.
2026-05-03 14:24:26,798 - DEBUG - component - The component: splitter_l3 of type Splitter has 1 equations.
2026-05-03 14:24:26,798 - DEBUG - component - The component: splitter_l4 of type Splitter has 1 equations.
2026-05-03 14:24:26,798 - DEBUG - component - The component: steam_cycle_closer of type CycleCloser has 0 equations.
2026-05-03 14:24:26,798 - DEBUG - component - The component: steam_recycle_pump of type Pump has 1 equations.
2026-05-03 14:24:26,798 - DEBUG - component - The component: valve_36 of type Valve has 0 equations.
2026-05-03 14:24:26,798 - DEBUG - component - The component: valve_50_51 of type Valve has 0 equations.
2026-05-03 14:24:26,798 - DEBUG - component - The component: valve_52_53 of type Valve has 0 equations.
2026-05-03 14:24:26,798 - DEBUG - component - The component: valve_69_71 of type Valve has 0 equations.
2026-05-03 14:24:26,798 - DEBUG - component - The component: valve_7 of type Valve has 0 equations.
2026-05-03 14:24:26,798 - DEBUG - component - The component: valve_73_74 of type Valve has 0 equations.
2026-05-03 14:24:26,798 - DEBUG - component - The component: valve_76_77 of type Valve has 0 equations.
2026-05-03 14:24:26,798 - DEBUG - component - The component: valve_80 of type Valve has 0 equations.
2026-05-03 14:24:26,798 - DEBUG - component - The component: valve_9 of type Valve has 0 equations.
2026-05-03 14:24:26,798 - DEBUG - component - The component: water_recycle_pump of type Pump has 1 equations.
2026-05-03 14:24:26,841 - DEBUG - network - ------presolve_batch: 1------
2026-05-03 14:24:26,841 - DEBUG - network - Has pre_solved equation: <component parameter>: Ki of FlowAmplifier: af_solar_out
2026-05-03 14:24:26,841 - DEBUG - network - Has pre_solved equation: <component constraint>: mass_flow_constraints of DiabaticCombustionChamber: combustion
2026-05-03 14:24:26,841 - DEBUG - network - Has pre_solved equation: <component parameter>: dp2 of Deaerator: deaerator
2026-05-03 14:24:26,841 - DEBUG - network - Has pre_solved equation: <component parameter>: T_in of HeatStorageTank: hot_salt_tank
2026-05-03 14:24:26,841 - DEBUG - network - Has pre_solved equation: <component parameter>: mass_conservation of CycleCloser: salt_cycle_closer
2026-05-03 14:24:26,841 - DEBUG - network - ------presolve_batch: 2------
2026-05-03 14:24:26,841 - DEBUG - network - Has pre_solved equation: <component parameter>: Ki of FlowAmplifier: af_solar_in
2026-05-03 14:24:26,841 - DEBUG - network - Has pre_solved equation: <component constraint>: saturated_liquid_constraints of Deaerator: deaerator
2026-05-03 14:24:26,841 - DEBUG - network - Has pre_solved equation: <component parameter>: dp1 of Deaerator: deaerator
2026-05-03 14:24:26,841 - DEBUG - network - Has pre_solved equation: <component parameter>: T_out of HeatStorageTank: hot_salt_tank
2026-05-03 14:24:26,841 - DEBUG - network - ------presolve_batch: 3------
2026-05-03 14:24:26,841 - DEBUG - network - Has pre_solved equation: <component constraint>: saturated_vapour_constraints of Deaerator: deaerator
2026-05-03 14:24:26,841 - DEBUG - network - ------presolve_batch: 4------
2026-05-03 14:24:26,841 - DEBUG - network - Has removed 10 pre_solved equations totally.
2026-05-03 14:24:26,841 - DEBUG - component - The component: af_boiler_cold_in of type FlowAmplifier has 0 variables.
2026-05-03 14:24:26,842 - DEBUG - component - The component: af_boiler_cold_out of type FlowAmplifier has 0 variables.
2026-05-03 14:24:26,842 - DEBUG - component - The component: af_boiler_hot_in of type FlowAmplifier has 0 variables.
2026-05-03 14:24:26,842 - DEBUG - component - The component: af_boiler_hot_out of type FlowAmplifier has 0 variables.
2026-05-03 14:24:26,842 - DEBUG - component - The component: af_reheater_cold_in of type FlowAmplifier has 0 variables.
2026-05-03 14:24:26,842 - DEBUG - component - The component: af_reheater_cold_out of type FlowAmplifier has 0 variables.
2026-05-03 14:24:26,842 - DEBUG - component - The component: af_reheater_hot_in of type FlowAmplifier has 0 variables.
2026-05-03 14:24:26,842 - DEBUG - component - The component: af_reheater_hot_out of type FlowAmplifier has 0 variables.
2026-05-03 14:24:26,842 - DEBUG - component - The component: af_solar_in of type FlowAmplifier has 0 variables.
2026-05-03 14:24:26,842 - DEBUG - component - The component: af_solar_out of type FlowAmplifier has 0 variables.
2026-05-03 14:24:26,842 - DEBUG - component - The component: air_compressor of type Compressor has 0 variables.
2026-05-03 14:24:26,842 - DEBUG - component - The component: air_source of type Source has 0 variables.
2026-05-03 14:24:26,842 - DEBUG - component - The component: cold_salt_tank of type HeatStorageTank has 0 variables.
2026-05-03 14:24:26,842 - DEBUG - component - The component: combustion of type DiabaticCombustionChamber has 0 variables.
2026-05-03 14:24:26,842 - DEBUG - component - The component: condense_pump of type Pump has 0 variables.
2026-05-03 14:24:26,842 - DEBUG - component - The component: condenser of type Condenser has 0 variables.
2026-05-03 14:24:26,842 - DEBUG - component - The component: cooling_water_sink of type Sink has 0 variables.
2026-05-03 14:24:26,842 - DEBUG - component - The component: cooling_water_source of type Source has 0 variables.
2026-05-03 14:24:26,842 - DEBUG - component - The component: deaerator of type Deaerator has 0 variables.
2026-05-03 14:24:26,842 - DEBUG - component - The component: deaerator_drain of type Sink has 0 variables.
2026-05-03 14:24:26,842 - DEBUG - component - The component: evaporator of type Evaporator has 0 variables.
2026-05-03 14:24:26,842 - DEBUG - component - The component: evaporator_drain of type Sink has 0 variables.
2026-05-03 14:24:26,842 - DEBUG - component - The component: evaporator_drum of type EvaporateTank has 0 variables.
2026-05-03 14:24:26,842 - DEBUG - component - The component: fuel_source of type Source has 0 variables.
2026-05-03 14:24:26,842 - DEBUG - component - The component: gas_sink of type Sink has 0 variables.
2026-05-03 14:24:26,842 - DEBUG - component - The component: gas_turbine of type Turbine has 0 variables.
2026-05-03 14:24:26,842 - DEBUG - component - The component: heatexchanger_a of type HeatExchanger has 0 variables.
2026-05-03 14:24:26,842 - DEBUG - component - The component: heatexchanger_b of type HeatExchanger has 0 variables.
2026-05-03 14:24:26,842 - DEBUG - component - The component: heatexchanger_c of type HeatExchanger has 0 variables.
2026-05-03 14:24:26,842 - DEBUG - component - The component: heatexchanger_d of type HeatExchanger has 0 variables.
2026-05-03 14:24:26,842 - DEBUG - component - The component: heatexchanger_e of type HeatExchanger has 0 variables.
2026-05-03 14:24:26,842 - DEBUG - component - The component: heatexchanger_f of type HeatExchanger has 0 variables.
2026-05-03 14:24:26,842 - DEBUG - component - The component: heatexchanger_g of type ExtractHeatExchanger has 0 variables.
2026-05-03 14:24:26,842 - DEBUG - component - The component: heatexchanger_h of type ExtractHeatExchanger has 0 variables.
2026-05-03 14:24:26,842 - DEBUG - component - The component: heatexchanger_i of type ExtractHeatExchanger has 0 variables.
2026-05-03 14:24:26,842 - DEBUG - component - The component: heatexchanger_j of type ExtractHeatExchanger has 0 variables.
2026-05-03 14:24:26,842 - DEBUG - component - The component: heatexchanger_k of type ExtractHeatExchanger has 0 variables.
2026-05-03 14:24:26,842 - DEBUG - component - The component: hot_salt_tank of type HeatStorageTank has 0 variables.
2026-05-03 14:24:26,842 - DEBUG - component - The component: hp_turbine1 of type Turbine has 0 variables.
2026-05-03 14:24:26,842 - DEBUG - component - The component: hp_turbine2 of type Turbine has 0 variables.
2026-05-03 14:24:26,842 - DEBUG - component - The component: lp_turbine1 of type Turbine has 0 variables.
2026-05-03 14:24:26,843 - DEBUG - component - The component: lp_turbine2 of type Turbine has 0 variables.
2026-05-03 14:24:26,843 - DEBUG - component - The component: lp_turbine3 of type Turbine has 0 variables.
2026-05-03 14:24:26,843 - DEBUG - component - The component: lp_turbine4 of type Turbine has 0 variables.
2026-05-03 14:24:26,843 - DEBUG - component - The component: lp_turbine5 of type Turbine has 0 variables.
2026-05-03 14:24:26,843 - DEBUG - component - The component: merge_12_13_21 of type Merge has 0 variables.
2026-05-03 14:24:26,843 - DEBUG - component - The component: merge_18_82_83 of type Merge has 0 variables.
2026-05-03 14:24:26,843 - DEBUG - component - The component: merge_36_80_81 of type Merge has 0 variables.
2026-05-03 14:24:26,843 - DEBUG - component - The component: merge_67_68_69 of type Merge has 0 variables.
2026-05-03 14:24:26,843 - DEBUG - component - The component: merge_7_9_10 of type Merge has 0 variables.
2026-05-03 14:24:26,843 - DEBUG - component - The component: merge_deaerator of type Merge has 0 variables.
2026-05-03 14:24:26,843 - DEBUG - component - The component: merge_heater_h of type Merge has 0 variables.
2026-05-03 14:24:26,843 - DEBUG - component - The component: merge_heater_j of type Merge has 0 variables.
2026-05-03 14:24:26,843 - DEBUG - component - The component: merge_heater_k of type Merge has 0 variables.
2026-05-03 14:24:26,843 - DEBUG - component - The component: oil_cycle_closer of type CycleCloser has 0 variables.
2026-05-03 14:24:26,843 - DEBUG - component - The component: oil_recycle_pump1 of type Pump has 0 variables.
2026-05-03 14:24:26,843 - DEBUG - component - The component: oil_recycle_pump2 of type Pump has 0 variables.
2026-05-03 14:24:26,843 - DEBUG - component - The component: salt_cycle_closer of type CycleCloser has 0 variables.
2026-05-03 14:24:26,843 - DEBUG - component - The component: solar_collector1 of type SolarCollector has 0 variables.
2026-05-03 14:24:26,843 - DEBUG - component - The component: solar_collector2 of type SolarCollector has 0 variables.
2026-05-03 14:24:26,843 - DEBUG - component - The component: solar_collector3 of type SolarCollector has 0 variables.
2026-05-03 14:24:26,843 - DEBUG - component - The component: solar_collector4 of type SolarCollector has 0 variables.
2026-05-03 14:24:26,843 - DEBUG - component - The component: splitter_10_11_12 of type Splitter has 0 variables.
2026-05-03 14:24:26,843 - DEBUG - component - The component: splitter_20_81_82 of type Splitter has 0 variables.
2026-05-03 14:24:26,843 - DEBUG - component - The component: splitter_21_22_23 of type Splitter has 0 variables.
2026-05-03 14:24:26,843 - DEBUG - component - The component: splitter_42_47_48 of type Splitter has 0 variables.
2026-05-03 14:24:26,843 - DEBUG - component - The component: splitter_6_84_85 of type Splitter has 0 variables.
2026-05-03 14:24:26,843 - DEBUG - component - The component: splitter_h1 of type Splitter has 0 variables.
2026-05-03 14:24:26,843 - DEBUG - component - The component: splitter_l1 of type Splitter has 0 variables.
2026-05-03 14:24:26,843 - DEBUG - component - The component: splitter_l2 of type Splitter has 0 variables.
2026-05-03 14:24:26,843 - DEBUG - component - The component: splitter_l3 of type Splitter has 0 variables.
2026-05-03 14:24:26,843 - DEBUG - component - The component: splitter_l4 of type Splitter has 0 variables.
2026-05-03 14:24:26,843 - DEBUG - component - The component: steam_cycle_closer of type CycleCloser has 0 variables.
2026-05-03 14:24:26,843 - DEBUG - component - The component: steam_recycle_pump of type Pump has 0 variables.
2026-05-03 14:24:26,843 - DEBUG - component - The component: valve_36 of type Valve has 0 variables.
2026-05-03 14:24:26,843 - DEBUG - component - The component: valve_50_51 of type Valve has 0 variables.
2026-05-03 14:24:26,843 - DEBUG - component - The component: valve_52_53 of type Valve has 0 variables.
2026-05-03 14:24:26,843 - DEBUG - component - The component: valve_69_71 of type Valve has 0 variables.
2026-05-03 14:24:26,843 - DEBUG - component - The component: valve_7 of type Valve has 0 variables.
2026-05-03 14:24:26,843 - DEBUG - component - The component: valve_73_74 of type Valve has 0 variables.
2026-05-03 14:24:26,843 - DEBUG - component - The component: valve_76_77 of type Valve has 0 variables.
2026-05-03 14:24:26,843 - DEBUG - component - The component: valve_80 of type Valve has 0 variables.
2026-05-03 14:24:26,844 - DEBUG - component - The component: valve_9 of type Valve has 0 variables.
2026-05-03 14:24:26,844 - DEBUG - component - The component: water_recycle_pump of type Pump has 0 variables.
2026-05-03 14:24:26,934 - INFO - network - ########----Network initialised----########
2026-05-03 14:24:26,934 - DEBUG - network - ------Equation Summarization------
2026-05-03 14:24:26,934 - DEBUG - network - Total number of equations: 123
2026-05-03 14:24:26,934 - DEBUG - network - Number of connection equations: 2.
2026-05-03 14:24:26,934 - DEBUG - network - Number of component equations: 131.
2026-05-03 14:24:26,934 - DEBUG - network - Number of bus equations: 0.
2026-05-03 14:24:26,934 - DEBUG - network - Number of user defined equations: 0.
2026-05-03 14:24:26,934 - DEBUG - network - Number of presolved equations: 10.
2026-05-03 14:24:26,934 - DEBUG - network - ------Variable Summarization------
2026-05-03 14:24:26,934 - DEBUG - network - Total number of variables: 123.
2026-05-03 14:24:26,934 - DEBUG - network - Number of component variables: 0.
2026-05-03 14:24:26,934 - DEBUG - network - Number of connection variables: 123.
2026-05-03 14:24:26,934 - DEBUG - network - Number of mass flow variables: 42.
2026-05-03 14:24:26,934 - DEBUG - network - Number of pressure variables: 25.
2026-05-03 14:24:26,934 - DEBUG - network - Number of enthalpy variables: 56.
2026-05-03 14:24:26,934 - DEBUG - network - ------Fluid Module Summarization------
2026-05-03 14:24:26,934 - DEBUG - network - Number of fluid composition equations: 6.
2026-05-03 14:24:26,935 - DEBUG - network - Number of fluid variables: 6.
2026-05-03 14:24:27,011 - DEBUG - network - 
##### VARIABLES #####
+-----+--------------------------------------------------------+-------------+-------------+---------+-----------+
|     | label                                                  |   min value |   max value | unit    |     scale |
|-----+--------------------------------------------------------+-------------+-------------+---------+-----------|
|   0 | <mass flow objective> of connection: c10               |   1.000e-05 |   1.000e+12 | kg / s  | 1.000e+00 |
|   1 | <mass flow objective> of connection: c11               |   1.000e-05 |   1.000e+12 | kg / s  | 1.000e+00 |
|   2 | <mass flow objective> of connection: c12               |   1.000e-05 |   1.000e+12 | kg / s  | 1.000e+00 |
|   3 | <mass flow objective> of connection: c13               |   1.000e-05 |   1.000e+12 | kg / s  | 1.000e+00 |
|   4 | <mass flow objective> of connection: c21               |   1.000e-05 |   1.000e+12 | kg / s  | 1.000e+00 |
|   5 | <mass flow objective> of connection: c22               |   1.000e-05 |   1.000e+12 | kg / s  | 1.000e+00 |
|   6 | <mass flow objective> of connection: c23               |   1.000e-05 |   1.000e+12 | kg / s  | 1.000e+00 |
|   7 | <mass flow objective> of connection: c24               |   1.000e-05 |   1.000e+12 | kg / s  | 1.000e+00 |
|   8 | <mass flow objective> of connection: c25               |   1.000e-05 |   1.000e+12 | kg / s  | 1.000e+00 |
|   9 | <mass flow objective> of connection: c28               |   1.000e-05 |   1.000e+12 | kg / s  | 1.000e+00 |
|  10 | <mass flow objective> of connection: c32               |   1.000e-05 |   1.000e+12 | kg / s  | 1.000e+00 |
|  11 | <mass flow objective> of connection: c36               |   1.000e-05 |   1.000e+12 | kg / s  | 1.000e+00 |
|  12 | <mass flow objective> of connection: c37               |   1.000e-05 |   1.000e+12 | kg / s  | 1.000e+00 |
|  13 | <mass flow objective> of connection: c38               |   1.000e-05 |   1.000e+12 | kg / s  | 1.000e+00 |
|  14 | <mass flow objective> of connection: c41               |   1.000e-05 |   1.000e+12 | kg / s  | 1.000e+00 |
|  15 | <mass flow objective> of connection: c42               |   1.000e-05 |   1.000e+12 | kg / s  | 1.000e+00 |
|  16 | <mass flow objective> of connection: c43               |   1.000e-05 |   1.000e+12 | kg / s  | 1.000e+00 |
|  17 | <mass flow objective> of connection: c44               |   1.000e-05 |   1.000e+12 | kg / s  | 1.000e+00 |
|  18 | <mass flow objective> of connection: c45               |   1.000e-05 |   1.000e+12 | kg / s  | 1.000e+00 |
|  19 | <mass flow objective> of connection: c46               |   1.000e-05 |   1.000e+12 | kg / s  | 1.000e+00 |
|  20 | <mass flow objective> of connection: c48               |   1.000e-05 |   1.000e+12 | kg / s  | 1.000e+00 |
|  21 | <mass flow objective> of connection: c52               |   1.000e-05 |   1.000e+12 | kg / s  | 1.000e+00 |
|  22 | <mass flow objective> of connection: c54               |   1.000e-05 |   1.000e+12 | kg / s  | 1.000e+00 |
|  23 | <mass flow objective> of connection: c56               |   1.000e-05 |   1.000e+12 | kg / s  | 1.000e+00 |
|  24 | <mass flow objective> of connection: c57               |   1.000e-05 |   1.000e+12 | kg / s  | 1.000e+00 |
|  25 | <mass flow objective> of connection: c58               |   1.000e-05 |   1.000e+12 | kg / s  | 1.000e+00 |
|  26 | <mass flow objective> of connection: c59               |   1.000e-05 |   1.000e+12 | kg / s  | 1.000e+00 |
|  27 | <mass flow objective> of connection: c6                |   1.000e-05 |   1.000e+12 | kg / s  | 1.000e+00 |
|  28 | <mass flow objective> of connection: c60               |   1.000e-05 |   1.000e+12 | kg / s  | 1.000e+00 |
|  29 | <mass flow objective> of connection: c61               |   1.000e-05 |   1.000e+12 | kg / s  | 1.000e+00 |
|  30 | <mass flow objective> of connection: c62               |   1.000e-05 |   1.000e+12 | kg / s  | 1.000e+00 |
|  31 | <mass flow objective> of connection: c63               |   1.000e-05 |   1.000e+12 | kg / s  | 1.000e+00 |
|  32 | <mass flow objective> of connection: c65               |   1.000e-05 |   1.000e+12 | kg / s  | 1.000e+00 |
|  33 | <mass flow objective> of connection: c68               |   1.000e-05 |   1.000e+12 | kg / s  | 1.000e+00 |
|  34 | <mass flow objective> of connection: c69               |   1.000e-05 |   1.000e+12 | kg / s  | 1.000e+00 |
|  35 | <mass flow objective> of connection: c73               |   1.000e-05 |   1.000e+12 | kg / s  | 1.000e+00 |
|  36 | <mass flow objective> of connection: c80               |   1.000e-05 |   1.000e+12 | kg / s  | 1.000e+00 |
|  37 | <mass flow objective> of connection: c81               |   1.000e-05 |   1.000e+12 | kg / s  | 1.000e+00 |
|  38 | <mass flow objective> of connection: c82               |   1.000e-05 |   1.000e+12 | kg / s  | 1.000e+00 |
|  39 | <mass flow objective> of connection: c83               |   1.000e-05 |   1.000e+12 | kg / s  | 1.000e+00 |
|  40 | <mass flow objective> of connection: d84               |   1.000e-05 |   1.000e+12 | kg / s  | 1.000e+00 |
|  41 | <mass flow objective> of connection: deaerator_cold_in |   1.000e-05 |   1.000e+12 | kg / s  | 1.000e+00 |
|  42 | <pressure objective> of connection: c10                |   1.000e-02 |   4.995e+02 | bar     | 1.000e+05 |
|  43 | <pressure objective> of connection: c16                |   1.000e-02 |   4.995e+02 | bar     | 1.000e+05 |
|  44 | <pressure objective> of connection: c18                |   1.000e-02 |   4.995e+02 | bar     | 1.000e+05 |
|  45 | <pressure objective> of connection: c26                |   1.000e-02 |   4.995e+02 | bar     | 1.000e+05 |
|  46 | <pressure objective> of connection: c27                |   6.123e-03 |   9.990e+03 | bar     | 1.000e+05 |
|  47 | <pressure objective> of connection: c29                |   6.123e-03 |   9.990e+03 | bar     | 1.000e+05 |
|  48 | <pressure objective> of connection: c33                |   1.000e-02 |   4.995e+02 | bar     | 1.000e+05 |
|  49 | <pressure objective> of connection: c34                |   1.000e-02 |   4.995e+02 | bar     | 1.000e+05 |
|  50 | <pressure objective> of connection: c35                |   6.123e-03 |   9.990e+03 | bar     | 1.000e+05 |
|  51 | <pressure objective> of connection: c38                |   6.123e-03 |   9.990e+03 | bar     | 1.000e+05 |
|  52 | <pressure objective> of connection: c39                |   1.000e-02 |   4.995e+02 | bar     | 1.000e+05 |
|  53 | <pressure objective> of connection: c49                |   6.123e-03 |   9.990e+03 | bar     | 1.000e+05 |
|  54 | <pressure objective> of connection: c50                |   6.123e-03 |   9.990e+03 | bar     | 1.000e+05 |
|  55 | <pressure objective> of connection: c52                |   6.123e-03 |   9.990e+03 | bar     | 1.000e+05 |
|  56 | <pressure objective> of connection: c55                |   6.123e-03 |   9.990e+03 | bar     | 1.000e+05 |
|  57 | <pressure objective> of connection: c65                |   6.123e-03 |   9.990e+03 | bar     | 1.000e+05 |
|  58 | <pressure objective> of connection: c67                |   6.123e-03 |   9.990e+03 | bar     | 1.000e+05 |
|  59 | <pressure objective> of connection: c7                 |   1.000e-02 |   4.995e+02 | bar     | 1.000e+05 |
|  60 | <pressure objective> of connection: c70                |   6.123e-03 |   9.990e+03 | bar     | 1.000e+05 |
|  61 | <pressure objective> of connection: c71                |   6.123e-03 |   9.990e+03 | bar     | 1.000e+05 |
|  62 | <pressure objective> of connection: c72                |   6.123e-03 |   9.990e+03 | bar     | 1.000e+05 |
|  63 | <pressure objective> of connection: c74                |   6.123e-03 |   9.990e+03 | bar     | 1.000e+05 |
|  64 | <pressure objective> of connection: c75                |   6.123e-03 |   9.990e+03 | bar     | 1.000e+05 |
|  65 | <pressure objective> of connection: c77                |   6.123e-03 |   9.990e+03 | bar     | 1.000e+05 |
|  66 | <pressure objective> of connection: c8                 |   1.000e-02 |   7.992e+02 | bar     | 1.000e+05 |
|  67 | <enthalpy objective> of connection: c10                |   1.000e+00 |   7.000e+03 | kJ / kg | 1.000e+05 |
|  68 | <enthalpy objective> of connection: c13                |   1.000e+00 |   7.000e+03 | kJ / kg | 1.000e+05 |
|  69 | <enthalpy objective> of connection: c16                |   1.000e+00 |   7.000e+03 | kJ / kg | 1.000e+05 |
|  70 | <enthalpy objective> of connection: c17                |   1.000e+00 |   7.000e+03 | kJ / kg | 1.000e+05 |
|  71 | <enthalpy objective> of connection: c18                |   1.000e+00 |   7.000e+03 | kJ / kg | 1.000e+05 |
|  72 | <enthalpy objective> of connection: c19                |   9.778e+02 |   1.914e+03 | kJ / kg | 1.000e+05 |
|  73 | <enthalpy objective> of connection: c20                |   1.000e+00 |   7.000e+03 | kJ / kg | 1.000e+05 |
|  74 | <enthalpy objective> of connection: c21                |   1.000e+00 |   7.000e+03 | kJ / kg | 1.000e+05 |
|  75 | <enthalpy objective> of connection: c25                |   2.567e+01 |   6.523e+03 | kJ / kg | 1.000e+05 |
|  76 | <enthalpy objective> of connection: c26                |   1.000e+00 |   7.000e+03 | kJ / kg | 1.000e+05 |
|  77 | <enthalpy objective> of connection: c27                |   1.000e+00 |   7.000e+03 | kJ / kg | 1.000e+05 |
|  78 | <enthalpy objective> of connection: c28                |   1.000e+00 |   7.000e+03 | kJ / kg | 1.000e+05 |
|  79 | <enthalpy objective> of connection: c29                |   1.000e+00 |   7.000e+03 | kJ / kg | 1.000e+05 |
|  80 | <enthalpy objective> of connection: c3                 |   1.000e+00 |   7.000e+03 | kJ / kg | 1.000e+05 |
|  81 | <enthalpy objective> of connection: c30                |   1.000e+00 |   7.000e+03 | kJ / kg | 1.000e+05 |
|  82 | <enthalpy objective> of connection: c32                |   1.000e+00 |   7.000e+03 | kJ / kg | 1.000e+05 |
|  83 | <enthalpy objective> of connection: c33                |   1.000e+00 |   7.000e+03 | kJ / kg | 1.000e+05 |
|  84 | <enthalpy objective> of connection: c34                |   1.000e+00 |   7.000e+03 | kJ / kg | 1.000e+05 |
|  85 | <enthalpy objective> of connection: c35                |   1.000e+00 |   7.000e+03 | kJ / kg | 1.000e+05 |
|  86 | <enthalpy objective> of connection: c38                |   1.000e+00 |   7.000e+03 | kJ / kg | 1.000e+05 |
|  87 | <enthalpy objective> of connection: c39                |   1.000e+00 |   7.000e+03 | kJ / kg | 1.000e+05 |
|  88 | <enthalpy objective> of connection: c4                 |   1.000e+00 |   7.000e+03 | kJ / kg | 1.000e+05 |
|  89 | <enthalpy objective> of connection: c40                |   1.738e+01 |   6.528e+03 | kJ / kg | 1.000e+05 |
|  90 | <enthalpy objective> of connection: c45                |   1.972e+01 |   6.526e+03 | kJ / kg | 1.000e+05 |
|  91 | <enthalpy objective> of connection: c49                |   1.000e+00 |   7.000e+03 | kJ / kg | 1.000e+05 |
|  92 | <enthalpy objective> of connection: c5                 |   1.000e+00 |   7.000e+03 | kJ / kg | 1.000e+05 |
|  93 | <enthalpy objective> of connection: c50                |   1.000e+00 |   7.000e+03 | kJ / kg | 1.000e+05 |
|  94 | <enthalpy objective> of connection: c52                |   1.633e+01 |   6.528e+03 | kJ / kg | 1.000e+05 |
|  95 | <enthalpy objective> of connection: c55                |   1.000e+00 |   7.000e+03 | kJ / kg | 1.000e+05 |
|  96 | <enthalpy objective> of connection: c56                |   1.633e+01 |   6.528e+03 | kJ / kg | 1.000e+05 |
|  97 | <enthalpy objective> of connection: c58                |   1.598e+01 |   6.529e+03 | kJ / kg | 1.000e+05 |
|  98 | <enthalpy objective> of connection: c6                 |   9.773e+02 |   1.806e+03 | kJ / kg | 1.000e+05 |
|  99 | <enthalpy objective> of connection: c60                |   1.585e+01 |   6.529e+03 | kJ / kg | 1.000e+05 |
| 100 | <enthalpy objective> of connection: c62                |   1.579e+01 |   6.529e+03 | kJ / kg | 1.000e+05 |
| 101 | <enthalpy objective> of connection: c64                |   1.573e+01 |   6.529e+03 | kJ / kg | 1.000e+05 |
| 102 | <enthalpy objective> of connection: c65                |   1.000e+00 |   7.000e+03 | kJ / kg | 1.000e+05 |
| 103 | <enthalpy objective> of connection: c67                |   1.000e+00 |   7.000e+03 | kJ / kg | 1.000e+05 |
| 104 | <enthalpy objective> of connection: c68                |   1.000e+00 |   7.000e+03 | kJ / kg | 1.000e+05 |
| 105 | <enthalpy objective> of connection: c69                |   1.000e+00 |   7.000e+03 | kJ / kg | 1.000e+05 |
| 106 | <enthalpy objective> of connection: c7                 |   1.000e+00 |   7.000e+03 | kJ / kg | 1.000e+05 |
| 107 | <enthalpy objective> of connection: c70                |   1.000e+00 |   7.000e+03 | kJ / kg | 1.000e+05 |
| 108 | <enthalpy objective> of connection: c72                |   1.000e+00 |   7.000e+03 | kJ / kg | 1.000e+05 |
| 109 | <enthalpy objective> of connection: c73                |   1.000e+00 |   7.000e+03 | kJ / kg | 1.000e+05 |
| 110 | <enthalpy objective> of connection: c75                |   1.000e+00 |   7.000e+03 | kJ / kg | 1.000e+05 |
| 111 | <enthalpy objective> of connection: c76                |   1.000e+00 |   7.000e+03 | kJ / kg | 1.000e+05 |
| 112 | <enthalpy objective> of connection: c78                |   1.633e+01 |   6.528e+03 | kJ / kg | 1.000e+05 |
| 113 | <enthalpy objective> of connection: c8                 |   1.000e+00 |   7.000e+03 | kJ / kg | 1.000e+05 |
| 114 | <enthalpy objective> of connection: c83                |   1.000e+00 |   7.000e+03 | kJ / kg | 1.000e+05 |
| 115 | <enthalpy objective> of connection: c87                |   9.774e+02 |   1.806e+03 | kJ / kg | 1.000e+05 |
| 116 | <enthalpy objective> of connection: c88                |   9.774e+02 |   1.806e+03 | kJ / kg | 1.000e+05 |
| 117 | <enthalpy objective> of connection: c89                |   9.775e+02 |   1.806e+03 | kJ / kg | 1.000e+05 |
| 118 | <enthalpy objective> of connection: c9                 |   1.000e+00 |   7.000e+03 | kJ / kg | 1.000e+05 |
| 119 | <enthalpy objective> of connection: deaerator_cold_in  |   1.633e+01 |   6.528e+03 | kJ / kg | 1.000e+05 |
| 120 | <enthalpy objective> of connection: heater_h_hot_in    |   1.000e+00 |   7.000e+03 | kJ / kg | 1.000e+05 |
| 121 | <enthalpy objective> of connection: heater_j_hot_in    |   1.585e+01 |   6.529e+03 | kJ / kg | 1.000e+05 |
| 122 | <enthalpy objective> of connection: heater_k_hot_in    |   1.579e+01 |   6.529e+03 | kJ / kg | 1.000e+05 |
+-----+--------------------------------------------------------+-------------+-------------+---------+-----------+
##### EQUATIONS #####
+-----+--------------------------------------------------------------------------------------+-----------+
|     | label                                                                                |     scale |
|-----+--------------------------------------------------------------------------------------+-----------|
|   0 | <connection property>: m_ref of c22                                                  | 1.000e+00 |
|   1 | <connection property>: m_ref of c48                                                  | 1.000e+00 |
|   2 | <component parameter>: Ki of FlowAmplifier: af_boiler_cold_in                        | 1.000e+00 |
|   3 | <component parameter>: Ki of FlowAmplifier: af_boiler_cold_out                       | 1.000e+00 |
|   4 | <component parameter>: Ki of FlowAmplifier: af_boiler_hot_in                         | 1.000e+00 |
|   5 | <component parameter>: Ki of FlowAmplifier: af_boiler_hot_out                        | 1.000e+00 |
|   6 | <component parameter>: Ki of FlowAmplifier: af_reheater_cold_in                      | 1.000e+00 |
|   7 | <component parameter>: Ki of FlowAmplifier: af_reheater_cold_out                     | 1.000e+00 |
|   8 | <component parameter>: Ki of FlowAmplifier: af_reheater_hot_in                       | 1.000e+00 |
|   9 | <component parameter>: Ki of FlowAmplifier: af_reheater_hot_out                      | 1.000e+00 |
|  10 | <component parameter>: eta_s of Compressor: air_compressor                           | 1.000e+05 |
|  11 | <component parameter>: T_in of HeatStorageTank: cold_salt_tank                       | 1.000e+01 |
|  12 | <component parameter>: T_out of HeatStorageTank: cold_salt_tank                      | 1.000e+01 |
|  13 | <component parameter>: eta of DiabaticCombustionChamber: combustion                  | 1.000e+05 |
|  14 | <component parameter>: eta_s of Pump: condense_pump                                  | 1.000e+05 |
|  15 | <component parameter>: KDTA of Condenser: condenser                                  | 1.000e+05 |
|  16 | <component parameter>: KDTA of Condenser: condenser                                  | 1.000e+05 |
|  17 | <component parameter>: dp1 of Condenser: condenser                                   | 1.000e+05 |
|  18 | <component parameter>: dp2 of Condenser: condenser                                   | 1.000e+05 |
|  19 | <component parameter>: subcooling of Condenser: condenser                            | 1.000e+05 |
|  20 | <component constraint>: mass_flow_constraints of Deaerator: deaerator                | 1.000e+00 |
|  21 | <component constraint>: energy_balance_constraints of Deaerator: deaerator           | 1.000e+05 |
|  22 | <component parameter>: KDTA of Evaporator: evaporator                                | 1.000e+05 |
|  23 | <component parameter>: KDTA of Evaporator: evaporator                                | 1.000e+05 |
|  24 | <component parameter>: dp1 of Evaporator: evaporator                                 | 1.000e+05 |
|  25 | <component parameter>: dp2 of Evaporator: evaporator                                 | 1.000e+05 |
|  26 | <component constraint>: mass_flow_constraints of EvaporateTank: evaporator_drum      | 1.000e+00 |
|  27 | <component constraint>: energy_balance_constraints of EvaporateTank: evaporator_drum | 1.000e+05 |
|  28 | <component constraint>: outlet_constraints1 of EvaporateTank: evaporator_drum        | 1.000e+05 |
|  29 | <component constraint>: outlet_constraints2 of EvaporateTank: evaporator_drum        | 1.000e+05 |
|  30 | <component parameter>: Ki of EvaporateTank: evaporator_drum                          | 1.000e+00 |
|  31 | <component parameter>: eta_s of Turbine: gas_turbine                                 | 1.000e+05 |
|  32 | <component parameter>: KDTA of HeatExchanger: heatexchanger_a                        | 1.000e+05 |
|  33 | <component parameter>: KDTA of HeatExchanger: heatexchanger_a                        | 1.000e+05 |
|  34 | <component parameter>: dp1 of HeatExchanger: heatexchanger_a                         | 1.000e+05 |
|  35 | <component parameter>: dp2 of HeatExchanger: heatexchanger_a                         | 1.000e+05 |
|  36 | <component parameter>: KDTA of HeatExchanger: heatexchanger_b                        | 1.000e+05 |
|  37 | <component parameter>: KDTA of HeatExchanger: heatexchanger_b                        | 1.000e+05 |
|  38 | <component parameter>: dp1 of HeatExchanger: heatexchanger_b                         | 1.000e+05 |
|  39 | <component parameter>: dp2 of HeatExchanger: heatexchanger_b                         | 1.000e+05 |
|  40 | <component parameter>: KDTA of HeatExchanger: heatexchanger_c                        | 1.000e+05 |
|  41 | <component parameter>: KDTA of HeatExchanger: heatexchanger_c                        | 1.000e+05 |
|  42 | <component parameter>: dp2 of HeatExchanger: heatexchanger_c                         | 1.000e+05 |
|  43 | <component parameter>: KDTA of HeatExchanger: heatexchanger_d                        | 1.000e+05 |
|  44 | <component parameter>: KDTA of HeatExchanger: heatexchanger_d                        | 1.000e+05 |
|  45 | <component parameter>: dp1 of HeatExchanger: heatexchanger_d                         | 1.000e+05 |
|  46 | <component parameter>: dp2 of HeatExchanger: heatexchanger_d                         | 1.000e+05 |
|  47 | <component parameter>: KDTA of HeatExchanger: heatexchanger_e                        | 1.000e+05 |
|  48 | <component parameter>: KDTA of HeatExchanger: heatexchanger_e                        | 1.000e+05 |
|  49 | <component parameter>: dp1 of HeatExchanger: heatexchanger_e                         | 1.000e+05 |
|  50 | <component parameter>: dp2 of HeatExchanger: heatexchanger_e                         | 1.000e+05 |
|  51 | <component parameter>: KDTA of HeatExchanger: heatexchanger_f                        | 1.000e+05 |
|  52 | <component parameter>: KDTA of HeatExchanger: heatexchanger_f                        | 1.000e+05 |
|  53 | <component parameter>: dp1 of HeatExchanger: heatexchanger_f                         | 1.000e+05 |
|  54 | <component parameter>: dp2 of HeatExchanger: heatexchanger_f                         | 1.000e+05 |
|  55 | <component parameter>: KDTA of ExtractHeatExchanger: heatexchanger_g                 | 1.000e+05 |
|  56 | <component parameter>: KDTA of ExtractHeatExchanger: heatexchanger_g                 | 1.000e+05 |
|  57 | <component parameter>: dp1 of ExtractHeatExchanger: heatexchanger_g                  | 1.000e+05 |
|  58 | <component parameter>: dp2 of ExtractHeatExchanger: heatexchanger_g                  | 1.000e+05 |
|  59 | <component parameter>: saturated_cooling of ExtractHeatExchanger: heatexchanger_g    | 1.000e+05 |
|  60 | <component parameter>: KDTA of ExtractHeatExchanger: heatexchanger_h                 | 1.000e+05 |
|  61 | <component parameter>: KDTA of ExtractHeatExchanger: heatexchanger_h                 | 1.000e+05 |
|  62 | <component parameter>: dp1 of ExtractHeatExchanger: heatexchanger_h                  | 1.000e+05 |
|  63 | <component parameter>: dp2 of ExtractHeatExchanger: heatexchanger_h                  | 1.000e+05 |
|  64 | <component parameter>: saturated_cooling of ExtractHeatExchanger: heatexchanger_h    | 1.000e+05 |
|  65 | <component parameter>: KDTA of ExtractHeatExchanger: heatexchanger_i                 | 1.000e+05 |
|  66 | <component parameter>: KDTA of ExtractHeatExchanger: heatexchanger_i                 | 1.000e+05 |
|  67 | <component parameter>: dp1 of ExtractHeatExchanger: heatexchanger_i                  | 1.000e+05 |
|  68 | <component parameter>: dp2 of ExtractHeatExchanger: heatexchanger_i                  | 1.000e+05 |
|  69 | <component parameter>: saturated_cooling of ExtractHeatExchanger: heatexchanger_i    | 1.000e+05 |
|  70 | <component parameter>: KDTA of ExtractHeatExchanger: heatexchanger_j                 | 1.000e+05 |
|  71 | <component parameter>: KDTA of ExtractHeatExchanger: heatexchanger_j                 | 1.000e+05 |
|  72 | <component parameter>: dp1 of ExtractHeatExchanger: heatexchanger_j                  | 1.000e+05 |
|  73 | <component parameter>: dp2 of ExtractHeatExchanger: heatexchanger_j                  | 1.000e+05 |
|  74 | <component parameter>: saturated_cooling of ExtractHeatExchanger: heatexchanger_j    | 1.000e+05 |
|  75 | <component parameter>: KDTA of ExtractHeatExchanger: heatexchanger_k                 | 1.000e+05 |
|  76 | <component parameter>: KDTA of ExtractHeatExchanger: heatexchanger_k                 | 1.000e+05 |
|  77 | <component parameter>: dp1 of ExtractHeatExchanger: heatexchanger_k                  | 1.000e+05 |
|  78 | <component parameter>: dp2 of ExtractHeatExchanger: heatexchanger_k                  | 1.000e+05 |
|  79 | <component parameter>: saturated_cooling of ExtractHeatExchanger: heatexchanger_k    | 1.000e+05 |
|  80 | <component parameter>: eta_s of Turbine: hp_turbine1                                 | 1.000e+05 |
|  81 | <component parameter>: eta_s of Turbine: hp_turbine2                                 | 1.000e+05 |
|  82 | <component parameter>: eta_s of Turbine: lp_turbine1                                 | 1.000e+05 |
|  83 | <component parameter>: eta_s of Turbine: lp_turbine2                                 | 1.000e+05 |
|  84 | <component parameter>: eta_s of Turbine: lp_turbine3                                 | 1.000e+05 |
|  85 | <component parameter>: eta_s of Turbine: lp_turbine4                                 | 1.000e+05 |
|  86 | <component parameter>: eta_s of Turbine: lp_turbine5                                 | 1.000e+05 |
|  87 | <component constraint>: mass_flow_constraints of Merge: merge_12_13_21               | 1.000e+00 |
|  88 | <component constraint>: energy_balance_constraints of Merge: merge_12_13_21          | 1.000e+05 |
|  89 | <component constraint>: mass_flow_constraints of Merge: merge_18_82_83               | 1.000e+00 |
|  90 | <component constraint>: energy_balance_constraints of Merge: merge_18_82_83          | 1.000e+05 |
|  91 | <component constraint>: mass_flow_constraints of Merge: merge_36_80_81               | 1.000e+00 |
|  92 | <component constraint>: energy_balance_constraints of Merge: merge_36_80_81          | 1.000e+05 |
|  93 | <component constraint>: mass_flow_constraints of Merge: merge_67_68_69               | 1.000e+00 |
|  94 | <component constraint>: energy_balance_constraints of Merge: merge_67_68_69          | 1.000e+05 |
|  95 | <component constraint>: mass_flow_constraints of Merge: merge_7_9_10                 | 1.000e+00 |
|  96 | <component constraint>: energy_balance_constraints of Merge: merge_7_9_10            | 1.000e+05 |
|  97 | <component constraint>: mass_flow_constraints of Merge: merge_deaerator              | 1.000e+00 |
|  98 | <component constraint>: energy_balance_constraints of Merge: merge_deaerator         | 1.000e+05 |
|  99 | <component constraint>: mass_flow_constraints of Merge: merge_heater_h               | 1.000e+00 |
| 100 | <component constraint>: energy_balance_constraints of Merge: merge_heater_h          | 1.000e+05 |
| 101 | <component constraint>: mass_flow_constraints of Merge: merge_heater_j               | 1.000e+00 |
| 102 | <component constraint>: energy_balance_constraints of Merge: merge_heater_j          | 1.000e+05 |
| 103 | <component constraint>: mass_flow_constraints of Merge: merge_heater_k               | 1.000e+00 |
| 104 | <component constraint>: energy_balance_constraints of Merge: merge_heater_k          | 1.000e+05 |
| 105 | <component parameter>: eta_s of Pump: oil_recycle_pump1                              | 1.000e+05 |
| 106 | <component parameter>: eta_s of Pump: oil_recycle_pump2                              | 1.000e+05 |
| 107 | <component parameter>: energy of SolarCollector: solar_collector1                    | 1.000e+05 |
| 108 | <component parameter>: energy of SolarCollector: solar_collector2                    | 1.000e+05 |
| 109 | <component parameter>: energy of SolarCollector: solar_collector3                    | 1.000e+05 |
| 110 | <component parameter>: energy of SolarCollector: solar_collector4                    | 1.000e+05 |
| 111 | <component constraint>: mass_flow_constraints of Splitter: splitter_10_11_12         | 1.000e+00 |
| 112 | <component constraint>: mass_flow_constraints of Splitter: splitter_20_81_82         | 1.000e+00 |
| 113 | <component constraint>: mass_flow_constraints of Splitter: splitter_21_22_23         | 1.000e+00 |
| 114 | <component constraint>: mass_flow_constraints of Splitter: splitter_42_47_48         | 1.000e+00 |
| 115 | <component constraint>: mass_flow_constraints of Splitter: splitter_6_84_85          | 1.000e+00 |
| 116 | <component constraint>: mass_flow_constraints of Splitter: splitter_h1               | 1.000e+00 |
| 117 | <component constraint>: mass_flow_constraints of Splitter: splitter_l1               | 1.000e+00 |
| 118 | <component constraint>: mass_flow_constraints of Splitter: splitter_l2               | 1.000e+00 |
| 119 | <component constraint>: mass_flow_constraints of Splitter: splitter_l3               | 1.000e+00 |
| 120 | <component constraint>: mass_flow_constraints of Splitter: splitter_l4               | 1.000e+00 |
| 121 | <component parameter>: eta_s of Pump: steam_recycle_pump                             | 1.000e+05 |
| 122 | <component parameter>: eta_s of Pump: water_recycle_pump                             | 1.000e+05 |
+-----+--------------------------------------------------------------------------------------+-----------+
##### FLUID VARIABLES #####
+----+-------------------------------------+---------------------+
|    | label                               | fluid composition   |
|----+-------------------------------------+---------------------|
|  0 | <fluid objective> of connection: c4 | CO2                 |
|  1 | <fluid objective> of connection: c4 | O2                  |
|  2 | <fluid objective> of connection: c4 | Ar                  |
|  3 | <fluid objective> of connection: c4 | H2O                 |
|  4 | <fluid objective> of connection: c4 | CH4                 |
|  5 | <fluid objective> of connection: c4 | N2                  |
+----+-------------------------------------+---------------------+
##### FLUID EQUATIONS #####
+----+------------------------------------------------------------------------------------------------+---------------------+
|    | label                                                                                          | fluid composition   |
|----+------------------------------------------------------------------------------------------------+---------------------|
|  0 | fluid composition equation: stoichiometry_constraints of DiabaticCombustionChamber: combustion | CO2                 |
|  1 | fluid composition equation: stoichiometry_constraints of DiabaticCombustionChamber: combustion | O2                  |
|  2 | fluid composition equation: stoichiometry_constraints of DiabaticCombustionChamber: combustion | Ar                  |
|  3 | fluid composition equation: stoichiometry_constraints of DiabaticCombustionChamber: combustion | H2O                 |
|  4 | fluid composition equation: stoichiometry_constraints of DiabaticCombustionChamber: combustion | CH4                 |
|  5 | fluid composition equation: stoichiometry_constraints of DiabaticCombustionChamber: combustion | N2                  |
+----+------------------------------------------------------------------------------------------------+---------------------+
2026-05-03 14:24:27,041 - DEBUG - network - 
##### TEMPERATURE BOUNDS #####
+-------------------+-------------+-------------+--------+
|                   |   min value |   max value | unit   |
|-------------------+-------------+-------------+--------|
| c10               |   1.536e+01 |   4.131e+02 | C      |
| c11               |   1.536e+01 |   4.131e+02 | C      |
| c12               |   1.536e+01 |   4.131e+02 | C      |
| c13               |   1.536e+01 |   4.131e+02 | C      |
| c16               |   2.350e+02 |   5.684e+02 | C      |
| c17               |   2.350e+02 |   5.684e+02 | C      |
| c18               |   1.536e+01 |   4.131e+02 | C      |
| c19               |   1.536e+01 |   4.131e+02 | C      |
| c20               |   1.536e+01 |   4.131e+02 | C      |
| c21               |   1.536e+01 |   4.131e+02 | C      |
| c22               |   1.536e+01 |   4.131e+02 | C      |
| c23               |   1.536e+01 |   4.131e+02 | C      |
| c24               |   1.536e+01 |   4.131e+02 | C      |
| c25               |   2.742e+00 |   1.707e+03 | C      |
| c26               |   1.536e+01 |   4.131e+02 | C      |
| c27               |   2.742e+00 |   1.707e+03 | C      |
| c28               |   2.742e+00 |   1.707e+03 | C      |
| c29               |   2.742e+00 |   1.707e+03 | C      |
| c3                |   2.850e+00 |   1.707e+03 | C      |
| c30               |   2.742e+00 |   1.707e+03 | C      |
| c31               |   2.742e+00 |   1.707e+03 | C      |
| c32               |   2.742e+00 |   1.707e+03 | C      |
| c33               |   1.536e+01 |   4.131e+02 | C      |
| c34               |   1.536e+01 |   4.131e+02 | C      |
| c35               |   2.742e+00 |   1.707e+03 | C      |
| c36               |   1.536e+01 |   4.131e+02 | C      |
| c37               |   1.536e+01 |   4.131e+02 | C      |
| c38               |   2.742e+00 |   1.707e+03 | C      |
| c39               |   1.536e+01 |   4.131e+02 | C      |
| c4                |   2.850e+00 |   1.707e+03 | C      |
| c40               |   2.742e+00 |   1.707e+03 | C      |
| c41               |   2.742e+00 |   1.707e+03 | C      |
| c42               |   2.742e+00 |   1.707e+03 | C      |
| c43               |   2.742e+00 |   1.707e+03 | C      |
| c44               |   2.742e+00 |   1.707e+03 | C      |
| c45               |   2.742e+00 |   1.707e+03 | C      |
| c46               |   2.742e+00 |   1.707e+03 | C      |
| c47               |   2.742e+00 |   1.707e+03 | C      |
| c48               |   2.742e+00 |   1.707e+03 | C      |
| c49               |   2.742e+00 |   1.707e+03 | C      |
| c5                |   2.850e+00 |   1.707e+03 | C      |
| c50               |   2.742e+00 |   1.707e+03 | C      |
| c51               |   2.742e+00 |   1.707e+03 | C      |
| c52               |   2.742e+00 |   1.707e+03 | C      |
| c53               |   2.742e+00 |   1.707e+03 | C      |
| c55               |   2.742e+00 |   1.707e+03 | C      |
| c56               |   2.742e+00 |   1.707e+03 | C      |
| c57               |   2.742e+00 |   1.707e+03 | C      |
| c58               |   2.742e+00 |   1.707e+03 | C      |
| c59               |   2.742e+00 |   1.707e+03 | C      |
| c6                |   1.536e+01 |   4.131e+02 | C      |
| c60               |   2.742e+00 |   1.707e+03 | C      |
| c61               |   2.742e+00 |   1.707e+03 | C      |
| c62               |   2.742e+00 |   1.707e+03 | C      |
| c63               |   2.742e+00 |   1.707e+03 | C      |
| c64               |   2.742e+00 |   1.707e+03 | C      |
| c65               |   2.742e+00 |   1.707e+03 | C      |
| c67               |   2.742e+00 |   1.707e+03 | C      |
| c68               |   2.742e+00 |   1.707e+03 | C      |
| c69               |   2.742e+00 |   1.707e+03 | C      |
| c7                |   1.536e+01 |   4.131e+02 | C      |
| c70               |   2.742e+00 |   1.707e+03 | C      |
| c71               |   2.742e+00 |   1.707e+03 | C      |
| c72               |   2.742e+00 |   1.707e+03 | C      |
| c73               |   2.742e+00 |   1.707e+03 | C      |
| c74               |   2.742e+00 |   1.707e+03 | C      |
| c75               |   2.742e+00 |   1.707e+03 | C      |
| c76               |   2.742e+00 |   1.707e+03 | C      |
| c77               |   2.742e+00 |   1.707e+03 | C      |
| c78               |   2.742e+00 |   1.707e+03 | C      |
| c8                |   2.850e+00 |   1.707e+03 | C      |
| c80               |   1.536e+01 |   4.131e+02 | C      |
| c81               |   1.536e+01 |   4.131e+02 | C      |
| c82               |   1.536e+01 |   4.131e+02 | C      |
| c83               |   1.536e+01 |   4.131e+02 | C      |
| c84               |   1.536e+01 |   4.131e+02 | C      |
| c85               |   1.536e+01 |   4.131e+02 | C      |
| c86               |   1.536e+01 |   4.131e+02 | C      |
| c87               |   1.536e+01 |   4.131e+02 | C      |
| c88               |   1.536e+01 |   4.131e+02 | C      |
| c89               |   1.536e+01 |   4.131e+02 | C      |
| c9                |   1.536e+01 |   4.131e+02 | C      |
| c90               |   1.536e+01 |   4.131e+02 | C      |
| d36               |   1.536e+01 |   4.131e+02 | C      |
| d7                |   1.536e+01 |   4.131e+02 | C      |
| d80               |   1.536e+01 |   4.131e+02 | C      |
| d84               |   1.536e+01 |   4.131e+02 | C      |
| d9                |   1.536e+01 |   4.131e+02 | C      |
| deaerator_cold_in |   2.742e+00 |   1.707e+03 | C      |
| h1_out            |   2.742e+00 |   1.707e+03 | C      |
| heater_h_hot_in   |   2.742e+00 |   1.707e+03 | C      |
| heater_j_hot_in   |   2.742e+00 |   1.707e+03 | C      |
| heater_k_hot_in   |   2.742e+00 |   1.707e+03 | C      |
| l1_out            |   2.742e+00 |   1.707e+03 | C      |
| l2_out            |   2.742e+00 |   1.707e+03 | C      |
| l3_out            |   2.742e+00 |   1.707e+03 | C      |
| l4_out            |   2.742e+00 |   1.707e+03 | C      |
+-------------------+-------------+-------------+--------+
2026-05-03 14:24:27,045 - DEBUG - network - has no linear dependence in network topology
2026-05-03 14:24:27,045 - INFO - network - Starting solver.
2026-05-03 14:24:27,054 - PROGRESS - network -  iter  | residual   | progress   | massflow   | pressure   | enthalpy   | voltage    | electricity | frequency  | fluid      | component  
2026-05-03 14:24:27,054 - PROGRESS - network - -------+------------+------------+------------+------------+------------+------------+------------+------------+------------+------------
2026-05-03 14:24:27,054 - DEBUG - network - the fluid calculation done in 0th iteration
2026-05-03 14:24:43,558 - WARNING - warnings - FutureWarning: invalid value encountered in det
2026-05-03 14:24:43,559 - DEBUG - network - matrix value: nan
2026-05-03 14:24:43,559 - DEBUG - network - singular matrix constructure: SVD did not converge
2026-05-03 14:24:43,559 - DEBUG - network - Invalid matrix: SVD did not converge
2026-05-03 14:24:43,572 - DEBUG - network - 
##### VARIABLES BOUNDS #####
+------------+-----------------------+--------+------------+-------------+-------------+---------+
|            | label                 | type   |      value |   min value |   max value | unit    |
+============+=======================+========+============+=============+=============+=========+
| bounds_57  | <pressure objective>  | below  | -2.900e+00 |   6.123e-03 | nan         | bar     |
|            | of connection: c65    |        |            |             |             |         |
+------------+-----------------------+--------+------------+-------------+-------------+---------+
| bounds_61  | <pressure objective>  | below  | -1.253e+00 |   6.123e-03 | nan         | bar     |
|            | of connection: c71    |        |            |             |             |         |
+------------+-----------------------+--------+------------+-------------+-------------+---------+
| bounds_65  | <pressure objective>  | below  | -2.302e+00 |   6.123e-03 | nan         | bar     |
|            | of connection: c77    |        |            |             |             |         |
+------------+-----------------------+--------+------------+-------------+-------------+---------+
| bounds_66  | <pressure objective>  | below  | -1.375e+00 |   1.000e-02 | nan         | bar     |
|            | of connection: c8     |        |            |             |             |         |
+------------+-----------------------+--------+------------+-------------+-------------+---------+
| bounds_72  | <enthalpy objective>  | above  |  1.916e+03 | nan         |   1.914e+03 | kJ / kg |
|            | of connection: c19    |        |            |             |             |         |
+------------+-----------------------+--------+------------+-------------+-------------+---------+
| bounds_104 | <enthalpy objective>  | below  | -6.680e+00 |   1.000e+00 | nan         | kJ / kg |
|            | of connection: c68    |        |            |             |             |         |
+------------+-----------------------+--------+------------+-------------+-------------+---------+
| bounds_115 | <enthalpy objective>  | above  |  1.975e+03 | nan         |   1.806e+03 | kJ / kg |
|            | of connection: c87    |        |            |             |             |         |
+------------+-----------------------+--------+------------+-------------+-------------+---------+
| bounds_117 | <enthalpy objective>  | above  |  1.898e+03 | nan         |   1.806e+03 | kJ / kg |
|            | of connection: c89    |        |            |             |             |         |
+------------+-----------------------+--------+------------+-------------+-------------+---------+
##### VARIABLES CONSTRAINTS #####
+-----------------+-----------------------+--------+------------------+-------------+-------------+-----------------+------------+-----------------+-------------------------+-------------------------+--------------------+
|                 | label                 | type   |   enthalpy value |   min value |   max value | enthalpy unit   |   pressure | pressure unit   |   temperature min value |   temperature max value | temperature unit   |
+=================+=======================+========+==================+=============+=============+=================+============+=================+=========================+=========================+====================+
| constraints_68  | <enthalpy objective>  | above  |        2.026e+03 | nan         |   1.806e+03 | kJ / kg         |  1.816e+01 | bar             |             nan         |               4.131e+02 | C                  |
|                 | of connection: c13    |        |                  |             |             |                 |            |                 |                         |                         |                    |
+-----------------+-----------------------+--------+------------------+-------------+-------------+-----------------+------------+-----------------+-------------------------+-------------------------+--------------------+
| constraints_69  | <enthalpy objective>  | below  |        1.799e+02 |   3.174e+02 | nan         | kJ / kg         |  1.056e+00 | bar             |               2.350e+02 |             nan         | C                  |
|                 | of connection: c16    |        |                  |             |             |                 |            |                 |                         |                         |                    |
+-----------------+-----------------------+--------+------------------+-------------+-------------+-----------------+------------+-----------------+-------------------------+-------------------------+--------------------+
| constraints_70  | <enthalpy objective>  | below  |        1.392e+02 |   3.174e+02 | nan         | kJ / kg         |  1.056e+00 | bar             |               2.350e+02 |             nan         | C                  |
|                 | of connection: c17    |        |                  |             |             |                 |            |                 |                         |                         |                    |
+-----------------+-----------------------+--------+------------------+-------------+-------------+-----------------+------------+-----------------+-------------------------+-------------------------+--------------------+
| constraints_102 | <enthalpy objective>  | below  |        6.193e+02 |   2.508e+03 | nan         | kJ / kg         |  7.123e-03 | bar             |               2.742e+00 |             nan         | C                  |
|                 | of connection: c65    |        |                  |             |             |                 |            |                 |                         |                         |                    |
+-----------------+-----------------------+--------+------------------+-------------+-------------+-----------------+------------+-----------------+-------------------------+-------------------------+--------------------+
| constraints_104 | <enthalpy objective>  | below  |        1.100e+00 |   1.602e+01 | nan         | kJ / kg         |  2.943e+00 | bar             |               2.742e+00 |             nan         | C                  |
|                 | of connection: c68    |        |                  |             |             |                 |            |                 |                         |                         |                    |
+-----------------+-----------------------+--------+------------------+-------------+-------------+-----------------+------------+-----------------+-------------------------+-------------------------+--------------------+
| constraints_106 | <enthalpy objective>  | above  |        1.809e+03 | nan         |   1.806e+03 | kJ / kg         |  3.366e+01 | bar             |             nan         |               4.131e+02 | C                  |
|                 | of connection: c7     |        |                  |             |             |                 |            |                 |                         |                         |                    |
+-----------------+-----------------------+--------+------------------+-------------+-------------+-----------------+------------+-----------------+-------------------------+-------------------------+--------------------+
| constraints_105 | <enthalpy objective>  | below  |        7.446e+02 |   2.508e+03 | nan         | kJ / kg         |  7.123e-03 | bar             |               2.742e+00 |             nan         | C                  |
|                 | of connection: c69    |        |                  |             |             |                 |            |                 |                         |                         |                    |
+-----------------+-----------------------+--------+------------------+-------------+-------------+-----------------+------------+-----------------+-------------------------+-------------------------+--------------------+
| constraints_111 | <enthalpy objective>  | below  |        1.078e+02 |   2.508e+03 | nan         | kJ / kg         |  7.123e-03 | bar             |               2.742e+00 |             nan         | C                  |
|                 | of connection: c76    |        |                  |             |             |                 |            |                 |                         |                         |                    |
+-----------------+-----------------------+--------+------------------+-------------+-------------+-----------------+------------+-----------------+-------------------------+-------------------------+--------------------+
| constraints_118 | <enthalpy objective>  | above  |        2.160e+03 | nan         |   1.806e+03 | kJ / kg         |  1.816e+01 | bar             |             nan         |               4.131e+02 | C                  |
|                 | of connection: c9     |        |                  |             |             |                 |            |                 |                         |                         |                    |
+-----------------+-----------------------+--------+------------------+-------------+-------------+-----------------+------------+-----------------+-------------------------+-------------------------+--------------------+
2026-05-03 14:24:43,572 - PROGRESS - network -  1     | NaN        | NaN        | NaN        | NaN        | NaN        | NaN        | NaN        | NaN        | NaN        | NaN        
2026-05-03 14:24:43,573 - DEBUG - network - the fluid calculation done in 0th iteration
2026-05-03 14:28:45,732 - INFO - logger - Path for logging: solar_thermal_combine_plant_loggings\Aurora.log
2026-05-03 14:28:45,732 - INFO - logger - Used AURORA version: 0.1.1 - GCC's Nature
2026-05-03 14:28:45,733 - DEBUG - connection - Created reference object with factor 0.09 and delta 0 referring to connection c47
2026-05-03 14:28:45,734 - DEBUG - connection - Created reference object with factor 0.11 and delta 0 referring to connection c21
2026-05-03 14:28:46,300 - DEBUG - network - Removing 0 mass flow variables from ['c31'] from system variables.
2026-05-03 14:28:46,301 - DEBUG - network - Removing 1 mass flow variables from ['c9', 'd9'] from system variables.
2026-05-03 14:28:46,301 - DEBUG - network - Removing 1 mass flow variables from ['c1', 'c3'] from system variables.
2026-05-03 14:28:46,301 - DEBUG - network - Removing 1 mass flow variables from ['c16', 'c14'] from system variables.
2026-05-03 14:28:46,301 - DEBUG - network - Removing 0 mass flow variables from ['c79'] from system variables.
2026-05-03 14:28:46,301 - DEBUG - network - Removing 0 mass flow variables from ['c2'] from system variables.
2026-05-03 14:28:46,301 - DEBUG - network - Removing 0 mass flow variables from ['c15'] from system variables.
2026-05-03 14:28:46,303 - INFO - network - ########----Simplify Fluid System Successful----########
2026-05-03 14:28:46,359 - DEBUG - network - Updated fluid property SI values and fluid mass fraction for user specified connection parameters.
2026-05-03 14:28:46,436 - INFO - network - ########----Network check successful----########
2026-05-03 14:28:46,436 - DEBUG - network - Solver properties:
 - mode: offdesign
 - init_path: solar_thermal_combine_plant_design_1
 - design_path: solar_thermal_combine_plant_design_1
 - min_iter: 4
 - max_iter: 150
2026-05-03 14:28:46,436 - DEBUG - network - Network information:
 - Number of components: 84
 - Number of fluid components: 84
 - Number of electric components: 0
 - Number of connections: 106
 - Number of fluid connections: 106
 - Number of electric connections: 0
 - Number of busses: 0
2026-05-03 14:28:46,450 - WARNING - warnings - FutureWarning: Downcasting object dtype arrays on .fillna, .ffill, .bfill is deprecated and will change in a future version. Call result.infer_objects(copy=False) instead. To opt-in to the future behavior, set `pd.set_option('future.no_silent_downcasting', True)`
2026-05-03 14:28:46,458 - WARNING - warnings - FutureWarning: Downcasting object dtype arrays on .fillna, .ffill, .bfill is deprecated and will change in a future version. Call result.infer_objects(copy=False) instead. To opt-in to the future behavior, set `pd.set_option('future.no_silent_downcasting', True)`
2026-05-03 14:28:46,501 - WARNING - warnings - FutureWarning: Downcasting object dtype arrays on .fillna, .ffill, .bfill is deprecated and will change in a future version. Call result.infer_objects(copy=False) instead. To opt-in to the future behavior, set `pd.set_option('future.no_silent_downcasting', True)`
2026-05-03 14:28:46,521 - DEBUG - network - Could not find component 'merge_12_13_21' in design case file. This is is critical only to components, which need to load design values from this case.
2026-05-03 14:28:46,521 - DEBUG - network - Could not find component 'merge_18_82_83' in design case file. This is is critical only to components, which need to load design values from this case.
2026-05-03 14:28:46,521 - DEBUG - network - Could not find component 'merge_36_80_81' in design case file. This is is critical only to components, which need to load design values from this case.
2026-05-03 14:28:46,521 - DEBUG - network - Could not find component 'merge_67_68_69' in design case file. This is is critical only to components, which need to load design values from this case.
2026-05-03 14:28:46,521 - DEBUG - network - Could not find component 'merge_7_9_10' in design case file. This is is critical only to components, which need to load design values from this case.
2026-05-03 14:28:46,522 - DEBUG - network - Could not find component 'merge_deaerator' in design case file. This is is critical only to components, which need to load design values from this case.
2026-05-03 14:28:46,522 - DEBUG - network - Could not find component 'merge_heater_h' in design case file. This is is critical only to components, which need to load design values from this case.
2026-05-03 14:28:46,522 - DEBUG - network - Could not find component 'merge_heater_j' in design case file. This is is critical only to components, which need to load design values from this case.
2026-05-03 14:28:46,522 - DEBUG - network - Could not find component 'merge_heater_k' in design case file. This is is critical only to components, which need to load design values from this case.
2026-05-03 14:28:46,525 - DEBUG - network - Could not find component 'splitter_10_11_12' in design case file. This is is critical only to components, which need to load design values from this case.
2026-05-03 14:28:46,525 - DEBUG - network - Could not find component 'splitter_20_81_82' in design case file. This is is critical only to components, which need to load design values from this case.
2026-05-03 14:28:46,526 - DEBUG - network - Could not find component 'splitter_21_22_23' in design case file. This is is critical only to components, which need to load design values from this case.
2026-05-03 14:28:46,526 - DEBUG - network - Could not find component 'splitter_42_47_48' in design case file. This is is critical only to components, which need to load design values from this case.
2026-05-03 14:28:46,526 - DEBUG - network - Could not find component 'splitter_6_84_85' in design case file. This is is critical only to components, which need to load design values from this case.
2026-05-03 14:28:46,526 - DEBUG - network - Could not find component 'splitter_h1' in design case file. This is is critical only to components, which need to load design values from this case.
2026-05-03 14:28:46,526 - DEBUG - network - Could not find component 'splitter_l1' in design case file. This is is critical only to components, which need to load design values from this case.
2026-05-03 14:28:46,526 - DEBUG - network - Could not find component 'splitter_l2' in design case file. This is is critical only to components, which need to load design values from this case.
2026-05-03 14:28:46,526 - DEBUG - network - Could not find component 'splitter_l3' in design case file. This is is critical only to components, which need to load design values from this case.
2026-05-03 14:28:46,526 - DEBUG - network - Could not find component 'splitter_l4' in design case file. This is is critical only to components, which need to load design values from this case.
2026-05-03 14:28:46,528 - DEBUG - network - Done reading design point information for components.
2026-05-03 14:28:46,553 - DEBUG - network - Done reading design point information for connections.
2026-05-03 14:28:46,553 - DEBUG - network - Switched connections from design to offdesign.
2026-05-03 14:28:46,553 - DEBUG - network - Set component attributes KDTA to design value at component condenser.
2026-05-03 14:28:46,553 - DEBUG - network - Set component attributes KDTA to design value at component evaporator.
2026-05-03 14:28:46,553 - DEBUG - network - Set component attributes KDTA to design value at component heatexchanger_a.
2026-05-03 14:28:46,553 - DEBUG - network - Set component attributes KDTA to design value at component heatexchanger_b.
2026-05-03 14:28:46,554 - DEBUG - network - Set component attributes KDTA to design value at component heatexchanger_c.
2026-05-03 14:28:46,554 - DEBUG - network - Set component attributes KDTA to design value at component heatexchanger_d.
2026-05-03 14:28:46,554 - DEBUG - network - Set component attributes KDTA to design value at component heatexchanger_e.
2026-05-03 14:28:46,554 - DEBUG - network - Set component attributes KDTA to design value at component heatexchanger_f.
2026-05-03 14:28:46,554 - DEBUG - network - Set component attributes KDTA to design value at component heatexchanger_g.
2026-05-03 14:28:46,554 - DEBUG - network - Set component attributes KDTA to design value at component heatexchanger_h.
2026-05-03 14:28:46,554 - DEBUG - network - Set component attributes KDTA to design value at component heatexchanger_i.
2026-05-03 14:28:46,554 - DEBUG - network - Set component attributes KDTA to design value at component heatexchanger_j.
2026-05-03 14:28:46,554 - DEBUG - network - Set component attributes KDTA to design value at component heatexchanger_k.
2026-05-03 14:28:46,554 - DEBUG - network - Switched components from design to offdesign.
2026-05-03 14:28:46,580 - WARNING - warnings - FutureWarning: Downcasting object dtype arrays on .fillna, .ffill, .bfill is deprecated and will change in a future version. Call result.infer_objects(copy=False) instead. To opt-in to the future behavior, set `pd.set_option('future.no_silent_downcasting', True)`
2026-05-03 14:28:46,589 - WARNING - warnings - FutureWarning: Downcasting object dtype arrays on .fillna, .ffill, .bfill is deprecated and will change in a future version. Call result.infer_objects(copy=False) instead. To opt-in to the future behavior, set `pd.set_option('future.no_silent_downcasting', True)`
2026-05-03 14:28:46,592 - WARNING - warnings - FutureWarning: Downcasting object dtype arrays on .fillna, .ffill, .bfill is deprecated and will change in a future version. Call result.infer_objects(copy=False) instead. To opt-in to the future behavior, set `pd.set_option('future.no_silent_downcasting', True)`
2026-05-03 14:28:46,615 - DEBUG - network - Generic fluid property specification complete in the final of initialization.
2026-05-03 14:28:46,618 - DEBUG - base - The fuels for component combustion of type diabatic combustion chamber are: CH4.
2026-05-03 14:28:46,619 - INFO - network - ########-----Initializing variables bounds-----########
2026-05-03 14:28:46,624 - DEBUG - connection - The connection: c1 has 0 equations.
2026-05-03 14:28:46,624 - DEBUG - connection - The connection: c10 has 0 equations.
2026-05-03 14:28:46,624 - DEBUG - connection - The connection: c11 has 0 equations.
2026-05-03 14:28:46,624 - DEBUG - connection - The connection: c12 has 0 equations.
2026-05-03 14:28:46,624 - DEBUG - connection - The connection: c13 has 0 equations.
2026-05-03 14:28:46,624 - DEBUG - connection - The connection: c14 has 0 equations.
2026-05-03 14:28:46,624 - DEBUG - connection - The connection: c15 has 0 equations.
2026-05-03 14:28:46,624 - DEBUG - connection - The connection: c16 has 0 equations.
2026-05-03 14:28:46,624 - DEBUG - connection - The connection: c17 has 0 equations.
2026-05-03 14:28:46,624 - DEBUG - connection - The connection: c18 has 0 equations.
2026-05-03 14:28:46,625 - DEBUG - connection - The connection: c19 has 0 equations.
2026-05-03 14:28:46,625 - DEBUG - connection - The connection: c2 has 0 equations.
2026-05-03 14:28:46,625 - DEBUG - connection - The connection: c20 has 0 equations.
2026-05-03 14:28:46,625 - DEBUG - connection - The connection: c21 has 0 equations.
2026-05-03 14:28:46,625 - DEBUG - connection - The connection: c22 has 1 equations.
2026-05-03 14:28:46,625 - DEBUG - connection - The connection: c23 has 0 equations.
2026-05-03 14:28:46,625 - DEBUG - connection - The connection: c24 has 0 equations.
2026-05-03 14:28:46,625 - DEBUG - connection - The connection: c25 has 0 equations.
2026-05-03 14:28:46,625 - DEBUG - connection - The connection: c26 has 0 equations.
2026-05-03 14:28:46,625 - DEBUG - connection - The connection: c27 has 0 equations.
2026-05-03 14:28:46,625 - DEBUG - connection - The connection: c28 has 0 equations.
2026-05-03 14:28:46,625 - DEBUG - connection - The connection: c29 has 0 equations.
2026-05-03 14:28:46,625 - DEBUG - connection - The connection: c3 has 0 equations.
2026-05-03 14:28:46,625 - DEBUG - connection - The connection: c30 has 0 equations.
2026-05-03 14:28:46,625 - DEBUG - connection - The connection: c31 has 0 equations.
2026-05-03 14:28:46,625 - DEBUG - connection - The connection: c32 has 0 equations.
2026-05-03 14:28:46,626 - DEBUG - connection - The connection: c33 has 0 equations.
2026-05-03 14:28:46,626 - DEBUG - connection - The connection: c34 has 0 equations.
2026-05-03 14:28:46,626 - DEBUG - connection - The connection: c35 has 0 equations.
2026-05-03 14:28:46,626 - DEBUG - connection - The connection: c36 has 0 equations.
2026-05-03 14:28:46,626 - DEBUG - connection - The connection: c37 has 0 equations.
2026-05-03 14:28:46,626 - DEBUG - connection - The connection: c38 has 0 equations.
2026-05-03 14:28:46,626 - DEBUG - connection - The connection: c39 has 0 equations.
2026-05-03 14:28:46,626 - DEBUG - connection - The connection: c4 has 0 equations.
2026-05-03 14:28:46,626 - DEBUG - connection - The connection: c40 has 0 equations.
2026-05-03 14:28:46,626 - DEBUG - connection - The connection: c41 has 0 equations.
2026-05-03 14:28:46,626 - DEBUG - connection - The connection: c42 has 0 equations.
2026-05-03 14:28:46,626 - DEBUG - connection - The connection: c43 has 0 equations.
2026-05-03 14:28:46,626 - DEBUG - connection - The connection: c44 has 0 equations.
2026-05-03 14:28:46,626 - DEBUG - connection - The connection: c45 has 0 equations.
2026-05-03 14:28:46,626 - DEBUG - connection - The connection: c46 has 0 equations.
2026-05-03 14:28:46,626 - DEBUG - connection - The connection: c47 has 0 equations.
2026-05-03 14:28:46,626 - DEBUG - connection - The connection: c48 has 1 equations.
2026-05-03 14:28:46,626 - DEBUG - connection - The connection: c49 has 0 equations.
2026-05-03 14:28:46,626 - DEBUG - connection - The connection: c5 has 0 equations.
2026-05-03 14:28:46,626 - DEBUG - connection - The connection: c50 has 0 equations.
2026-05-03 14:28:46,626 - DEBUG - connection - The connection: c51 has 0 equations.
2026-05-03 14:28:46,627 - DEBUG - connection - The connection: c52 has 0 equations.
2026-05-03 14:28:46,627 - DEBUG - connection - The connection: c53 has 0 equations.
2026-05-03 14:28:46,627 - DEBUG - connection - The connection: c54 has 0 equations.
2026-05-03 14:28:46,627 - DEBUG - connection - The connection: c55 has 0 equations.
2026-05-03 14:28:46,627 - DEBUG - connection - The connection: c56 has 0 equations.
2026-05-03 14:28:46,627 - DEBUG - connection - The connection: c57 has 0 equations.
2026-05-03 14:28:46,627 - DEBUG - connection - The connection: c58 has 0 equations.
2026-05-03 14:28:46,627 - DEBUG - connection - The connection: c59 has 0 equations.
2026-05-03 14:28:46,627 - DEBUG - connection - The connection: c6 has 0 equations.
2026-05-03 14:28:46,627 - DEBUG - connection - The connection: c60 has 0 equations.
2026-05-03 14:28:46,627 - DEBUG - connection - The connection: c61 has 0 equations.
2026-05-03 14:28:46,627 - DEBUG - connection - The connection: c62 has 0 equations.
2026-05-03 14:28:46,627 - DEBUG - connection - The connection: c63 has 0 equations.
2026-05-03 14:28:46,627 - DEBUG - connection - The connection: c64 has 0 equations.
2026-05-03 14:28:46,627 - DEBUG - connection - The connection: c65 has 0 equations.
2026-05-03 14:28:46,627 - DEBUG - connection - The connection: c66 has 0 equations.
2026-05-03 14:28:46,627 - DEBUG - connection - The connection: c67 has 0 equations.
2026-05-03 14:28:46,627 - DEBUG - connection - The connection: c68 has 0 equations.
2026-05-03 14:28:46,628 - DEBUG - connection - The connection: c69 has 0 equations.
2026-05-03 14:28:46,628 - DEBUG - connection - The connection: c7 has 0 equations.
2026-05-03 14:28:46,628 - DEBUG - connection - The connection: c70 has 0 equations.
2026-05-03 14:28:46,628 - DEBUG - connection - The connection: c71 has 0 equations.
2026-05-03 14:28:46,628 - DEBUG - connection - The connection: c72 has 0 equations.
2026-05-03 14:28:46,628 - DEBUG - connection - The connection: c73 has 0 equations.
2026-05-03 14:28:46,628 - DEBUG - connection - The connection: c74 has 0 equations.
2026-05-03 14:28:46,628 - DEBUG - connection - The connection: c75 has 0 equations.
2026-05-03 14:28:46,628 - DEBUG - connection - The connection: c76 has 0 equations.
2026-05-03 14:28:46,628 - DEBUG - connection - The connection: c77 has 0 equations.
2026-05-03 14:28:46,628 - DEBUG - connection - The connection: c78 has 0 equations.
2026-05-03 14:28:46,628 - DEBUG - connection - The connection: c79 has 0 equations.
2026-05-03 14:28:46,628 - DEBUG - connection - The connection: c8 has 0 equations.
2026-05-03 14:28:46,628 - DEBUG - connection - The connection: c80 has 0 equations.
2026-05-03 14:28:46,628 - DEBUG - connection - The connection: c81 has 0 equations.
2026-05-03 14:28:46,628 - DEBUG - connection - The connection: c82 has 0 equations.
2026-05-03 14:28:46,628 - DEBUG - connection - The connection: c83 has 0 equations.
2026-05-03 14:28:46,629 - DEBUG - connection - The connection: c84 has 0 equations.
2026-05-03 14:28:46,629 - DEBUG - connection - The connection: c85 has 0 equations.
2026-05-03 14:28:46,629 - DEBUG - connection - The connection: c86 has 0 equations.
2026-05-03 14:28:46,629 - DEBUG - connection - The connection: c87 has 0 equations.
2026-05-03 14:28:46,629 - DEBUG - connection - The connection: c88 has 0 equations.
2026-05-03 14:28:46,629 - DEBUG - connection - The connection: c89 has 0 equations.
2026-05-03 14:28:46,629 - DEBUG - connection - The connection: c9 has 0 equations.
2026-05-03 14:28:46,629 - DEBUG - connection - The connection: c90 has 0 equations.
2026-05-03 14:28:46,629 - DEBUG - connection - The connection: d15 has 0 equations.
2026-05-03 14:28:46,629 - DEBUG - connection - The connection: d36 has 0 equations.
2026-05-03 14:28:46,629 - DEBUG - connection - The connection: d54 has 0 equations.
2026-05-03 14:28:46,629 - DEBUG - connection - The connection: d7 has 0 equations.
2026-05-03 14:28:46,629 - DEBUG - connection - The connection: d80 has 0 equations.
2026-05-03 14:28:46,629 - DEBUG - connection - The connection: d84 has 0 equations.
2026-05-03 14:28:46,629 - DEBUG - connection - The connection: d9 has 0 equations.
2026-05-03 14:28:46,629 - DEBUG - connection - The connection: deaerator_cold_in has 0 equations.
2026-05-03 14:28:46,629 - DEBUG - connection - The connection: h1_out has 0 equations.
2026-05-03 14:28:46,630 - DEBUG - connection - The connection: heater_h_hot_in has 0 equations.
2026-05-03 14:28:46,630 - DEBUG - connection - The connection: heater_j_hot_in has 0 equations.
2026-05-03 14:28:46,630 - DEBUG - connection - The connection: heater_k_hot_in has 0 equations.
2026-05-03 14:28:46,630 - DEBUG - connection - The connection: l1_out has 0 equations.
2026-05-03 14:28:46,630 - DEBUG - connection - The connection: l2_out has 0 equations.
2026-05-03 14:28:46,630 - DEBUG - connection - The connection: l3_out has 0 equations.
2026-05-03 14:28:46,630 - DEBUG - connection - The connection: l4_out has 0 equations.
2026-05-03 14:28:46,630 - DEBUG - component - The component: af_boiler_cold_in of type FlowAmplifier has 1 equations.
2026-05-03 14:28:46,630 - DEBUG - component - The component: af_boiler_cold_out of type FlowAmplifier has 1 equations.
2026-05-03 14:28:46,630 - DEBUG - component - The component: af_boiler_hot_in of type FlowAmplifier has 1 equations.
2026-05-03 14:28:46,630 - DEBUG - component - The component: af_boiler_hot_out of type FlowAmplifier has 1 equations.
2026-05-03 14:28:46,630 - DEBUG - component - The component: af_reheater_cold_in of type FlowAmplifier has 1 equations.
2026-05-03 14:28:46,630 - DEBUG - component - The component: af_reheater_cold_out of type FlowAmplifier has 1 equations.
2026-05-03 14:28:46,630 - DEBUG - component - The component: af_reheater_hot_in of type FlowAmplifier has 1 equations.
2026-05-03 14:28:46,630 - DEBUG - component - The component: af_reheater_hot_out of type FlowAmplifier has 1 equations.
2026-05-03 14:28:46,630 - DEBUG - component - The component: af_solar_in of type FlowAmplifier has 1 equations.
2026-05-03 14:28:46,631 - DEBUG - component - The component: af_solar_out of type FlowAmplifier has 1 equations.
2026-05-03 14:28:46,631 - DEBUG - component - The component: air_compressor of type Compressor has 1 equations.
2026-05-03 14:28:46,631 - DEBUG - component - The component: air_source of type Source has 0 equations.
2026-05-03 14:28:46,631 - DEBUG - component - The component: cold_salt_tank of type HeatStorageTank has 2 equations.
2026-05-03 14:28:46,631 - DEBUG - component - The component: combustion of type DiabaticCombustionChamber has 2 equations.
2026-05-03 14:28:46,631 - DEBUG - component - The component: condense_pump of type Pump has 1 equations.
2026-05-03 14:28:46,631 - DEBUG - component - The component: condenser of type Condenser has 5 equations.
2026-05-03 14:28:46,631 - DEBUG - component - The component: cooling_water_sink of type Sink has 0 equations.
2026-05-03 14:28:46,631 - DEBUG - component - The component: cooling_water_source of type Source has 0 equations.
2026-05-03 14:28:46,631 - DEBUG - component - The component: deaerator of type Deaerator has 6 equations.
2026-05-03 14:28:46,631 - DEBUG - component - The component: deaerator_drain of type Sink has 0 equations.
2026-05-03 14:28:46,631 - DEBUG - component - The component: evaporator of type Evaporator has 4 equations.
2026-05-03 14:28:46,631 - DEBUG - component - The component: evaporator_drain of type Sink has 0 equations.
2026-05-03 14:28:46,632 - DEBUG - component - The component: evaporator_drum of type EvaporateTank has 5 equations.
2026-05-03 14:28:46,632 - DEBUG - component - The component: fuel_source of type Source has 0 equations.
2026-05-03 14:28:46,632 - DEBUG - component - The component: gas_sink of type Sink has 0 equations.
2026-05-03 14:28:46,632 - DEBUG - component - The component: gas_turbine of type Turbine has 1 equations.
2026-05-03 14:28:46,632 - DEBUG - component - The component: heatexchanger_a of type HeatExchanger has 4 equations.
2026-05-03 14:28:46,632 - DEBUG - component - The component: heatexchanger_b of type HeatExchanger has 4 equations.
2026-05-03 14:28:46,632 - DEBUG - component - The component: heatexchanger_c of type HeatExchanger has 3 equations.
2026-05-03 14:28:46,632 - DEBUG - component - The component: heatexchanger_d of type HeatExchanger has 4 equations.
2026-05-03 14:28:46,632 - DEBUG - component - The component: heatexchanger_e of type HeatExchanger has 4 equations.
2026-05-03 14:28:46,632 - DEBUG - component - The component: heatexchanger_f of type HeatExchanger has 4 equations.
2026-05-03 14:28:46,632 - DEBUG - component - The component: heatexchanger_g of type ExtractHeatExchanger has 5 equations.
2026-05-03 14:28:46,633 - DEBUG - component - The component: heatexchanger_h of type ExtractHeatExchanger has 5 equations.
2026-05-03 14:28:46,633 - DEBUG - component - The component: heatexchanger_i of type ExtractHeatExchanger has 5 equations.
2026-05-03 14:28:46,633 - DEBUG - component - The component: heatexchanger_j of type ExtractHeatExchanger has 5 equations.
2026-05-03 14:28:46,633 - DEBUG - component - The component: heatexchanger_k of type ExtractHeatExchanger has 5 equations.
2026-05-03 14:28:46,633 - DEBUG - component - The component: hot_salt_tank of type HeatStorageTank has 2 equations.
2026-05-03 14:28:46,633 - DEBUG - component - The component: hp_turbine1 of type Turbine has 1 equations.
2026-05-03 14:28:46,633 - DEBUG - component - The component: hp_turbine2 of type Turbine has 1 equations.
2026-05-03 14:28:46,633 - DEBUG - component - The component: lp_turbine1 of type Turbine has 1 equations.
2026-05-03 14:28:46,633 - DEBUG - component - The component: lp_turbine2 of type Turbine has 1 equations.
2026-05-03 14:28:46,633 - DEBUG - component - The component: lp_turbine3 of type Turbine has 1 equations.
2026-05-03 14:28:46,633 - DEBUG - component - The component: lp_turbine4 of type Turbine has 1 equations.
2026-05-03 14:28:46,633 - DEBUG - component - The component: lp_turbine5 of type Turbine has 1 equations.
2026-05-03 14:28:46,633 - DEBUG - component - The component: merge_12_13_21 of type Merge has 2 equations.
2026-05-03 14:28:46,634 - DEBUG - component - The component: merge_18_82_83 of type Merge has 2 equations.
2026-05-03 14:28:46,634 - DEBUG - component - The component: merge_36_80_81 of type Merge has 2 equations.
2026-05-03 14:28:46,634 - DEBUG - component - The component: merge_67_68_69 of type Merge has 2 equations.
2026-05-03 14:28:46,634 - DEBUG - component - The component: merge_7_9_10 of type Merge has 2 equations.
2026-05-03 14:28:46,634 - DEBUG - component - The component: merge_deaerator of type Merge has 2 equations.
2026-05-03 14:28:46,634 - DEBUG - component - The component: merge_heater_h of type Merge has 2 equations.
2026-05-03 14:28:46,634 - DEBUG - component - The component: merge_heater_j of type Merge has 2 equations.
2026-05-03 14:28:46,634 - DEBUG - component - The component: merge_heater_k of type Merge has 2 equations.
2026-05-03 14:28:46,634 - DEBUG - component - The component: oil_cycle_closer of type CycleCloser has 0 equations.
2026-05-03 14:28:46,634 - DEBUG - component - The component: oil_recycle_pump1 of type Pump has 1 equations.
2026-05-03 14:28:46,634 - DEBUG - component - The component: oil_recycle_pump2 of type Pump has 1 equations.
2026-05-03 14:28:46,634 - DEBUG - component - The component: salt_cycle_closer of type CycleCloser has 1 equations.
2026-05-03 14:28:46,634 - DEBUG - component - The component: solar_collector1 of type SolarCollector has 1 equations.
2026-05-03 14:28:46,635 - DEBUG - component - The component: solar_collector2 of type SolarCollector has 1 equations.
2026-05-03 14:28:46,635 - DEBUG - component - The component: solar_collector3 of type SolarCollector has 1 equations.
2026-05-03 14:28:46,635 - DEBUG - component - The component: solar_collector4 of type SolarCollector has 1 equations.
2026-05-03 14:28:46,635 - DEBUG - component - The component: splitter_10_11_12 of type Splitter has 1 equations.
2026-05-03 14:28:46,635 - DEBUG - component - The component: splitter_20_81_82 of type Splitter has 1 equations.
2026-05-03 14:28:46,635 - DEBUG - component - The component: splitter_21_22_23 of type Splitter has 1 equations.
2026-05-03 14:28:46,635 - DEBUG - component - The component: splitter_42_47_48 of type Splitter has 1 equations.
2026-05-03 14:28:46,636 - DEBUG - component - The component: splitter_6_84_85 of type Splitter has 1 equations.
2026-05-03 14:28:46,636 - DEBUG - component - The component: splitter_h1 of type Splitter has 1 equations.
2026-05-03 14:28:46,636 - DEBUG - component - The component: splitter_l1 of type Splitter has 1 equations.
2026-05-03 14:28:46,636 - DEBUG - component - The component: splitter_l2 of type Splitter has 1 equations.
2026-05-03 14:28:46,636 - DEBUG - component - The component: splitter_l3 of type Splitter has 1 equations.
2026-05-03 14:28:46,636 - DEBUG - component - The component: splitter_l4 of type Splitter has 1 equations.
2026-05-03 14:28:46,636 - DEBUG - component - The component: steam_cycle_closer of type CycleCloser has 0 equations.
2026-05-03 14:28:46,636 - DEBUG - component - The component: steam_recycle_pump of type Pump has 1 equations.
2026-05-03 14:28:46,636 - DEBUG - component - The component: valve_36 of type Valve has 0 equations.
2026-05-03 14:28:46,636 - DEBUG - component - The component: valve_50_51 of type Valve has 0 equations.
2026-05-03 14:28:46,636 - DEBUG - component - The component: valve_52_53 of type Valve has 0 equations.
2026-05-03 14:28:46,636 - DEBUG - component - The component: valve_69_71 of type Valve has 0 equations.
2026-05-03 14:28:46,636 - DEBUG - component - The component: valve_7 of type Valve has 0 equations.
2026-05-03 14:28:46,636 - DEBUG - component - The component: valve_73_74 of type Valve has 0 equations.
2026-05-03 14:28:46,636 - DEBUG - component - The component: valve_76_77 of type Valve has 0 equations.
2026-05-03 14:28:46,636 - DEBUG - component - The component: valve_80 of type Valve has 0 equations.
2026-05-03 14:28:46,636 - DEBUG - component - The component: valve_9 of type Valve has 0 equations.
2026-05-03 14:28:46,636 - DEBUG - component - The component: water_recycle_pump of type Pump has 1 equations.
2026-05-03 14:28:46,771 - DEBUG - network - ------presolve_batch: 1------
2026-05-03 14:28:46,771 - DEBUG - network - Has pre_solved equation: <component parameter>: Ki of FlowAmplifier: af_solar_out
2026-05-03 14:28:46,771 - DEBUG - network - Has pre_solved equation: <component constraint>: mass_flow_constraints of DiabaticCombustionChamber: combustion
2026-05-03 14:28:46,771 - DEBUG - network - Has pre_solved equation: <component parameter>: dp2 of Deaerator: deaerator
2026-05-03 14:28:46,772 - DEBUG - network - Has pre_solved equation: <component parameter>: T_in of HeatStorageTank: hot_salt_tank
2026-05-03 14:28:46,772 - DEBUG - network - Has pre_solved equation: <component parameter>: mass_conservation of CycleCloser: salt_cycle_closer
2026-05-03 14:28:46,772 - DEBUG - network - ------presolve_batch: 2------
2026-05-03 14:28:46,772 - DEBUG - network - Has pre_solved equation: <component parameter>: Ki of FlowAmplifier: af_solar_in
2026-05-03 14:28:46,772 - DEBUG - network - Has pre_solved equation: <component constraint>: saturated_liquid_constraints of Deaerator: deaerator
2026-05-03 14:28:46,772 - DEBUG - network - Has pre_solved equation: <component parameter>: dp1 of Deaerator: deaerator
2026-05-03 14:28:46,772 - DEBUG - network - Has pre_solved equation: <component parameter>: T_out of HeatStorageTank: hot_salt_tank
2026-05-03 14:28:46,773 - DEBUG - network - ------presolve_batch: 3------
2026-05-03 14:28:46,773 - DEBUG - network - Has pre_solved equation: <component constraint>: saturated_vapour_constraints of Deaerator: deaerator
2026-05-03 14:28:46,773 - DEBUG - network - ------presolve_batch: 4------
2026-05-03 14:28:46,773 - DEBUG - network - Has removed 10 pre_solved equations totally.
2026-05-03 14:28:46,773 - DEBUG - component - The component: af_boiler_cold_in of type FlowAmplifier has 0 variables.
2026-05-03 14:28:46,773 - DEBUG - component - The component: af_boiler_cold_out of type FlowAmplifier has 0 variables.
2026-05-03 14:28:46,773 - DEBUG - component - The component: af_boiler_hot_in of type FlowAmplifier has 0 variables.
2026-05-03 14:28:46,773 - DEBUG - component - The component: af_boiler_hot_out of type FlowAmplifier has 0 variables.
2026-05-03 14:28:46,774 - DEBUG - component - The component: af_reheater_cold_in of type FlowAmplifier has 0 variables.
2026-05-03 14:28:46,774 - DEBUG - component - The component: af_reheater_cold_out of type FlowAmplifier has 0 variables.
2026-05-03 14:28:46,774 - DEBUG - component - The component: af_reheater_hot_in of type FlowAmplifier has 0 variables.
2026-05-03 14:28:46,774 - DEBUG - component - The component: af_reheater_hot_out of type FlowAmplifier has 0 variables.
2026-05-03 14:28:46,774 - DEBUG - component - The component: af_solar_in of type FlowAmplifier has 0 variables.
2026-05-03 14:28:46,774 - DEBUG - component - The component: af_solar_out of type FlowAmplifier has 0 variables.
2026-05-03 14:28:46,774 - DEBUG - component - The component: air_compressor of type Compressor has 0 variables.
2026-05-03 14:28:46,774 - DEBUG - component - The component: air_source of type Source has 0 variables.
2026-05-03 14:28:46,774 - DEBUG - component - The component: cold_salt_tank of type HeatStorageTank has 0 variables.
2026-05-03 14:28:46,774 - DEBUG - component - The component: combustion of type DiabaticCombustionChamber has 0 variables.
2026-05-03 14:28:46,774 - DEBUG - component - The component: condense_pump of type Pump has 0 variables.
2026-05-03 14:28:46,774 - DEBUG - component - The component: condenser of type Condenser has 0 variables.
2026-05-03 14:28:46,774 - DEBUG - component - The component: cooling_water_sink of type Sink has 0 variables.
2026-05-03 14:28:46,774 - DEBUG - component - The component: cooling_water_source of type Source has 0 variables.
2026-05-03 14:28:46,774 - DEBUG - component - The component: deaerator of type Deaerator has 0 variables.
2026-05-03 14:28:46,774 - DEBUG - component - The component: deaerator_drain of type Sink has 0 variables.
2026-05-03 14:28:46,774 - DEBUG - component - The component: evaporator of type Evaporator has 0 variables.
2026-05-03 14:28:46,775 - DEBUG - component - The component: evaporator_drain of type Sink has 0 variables.
2026-05-03 14:28:46,775 - DEBUG - component - The component: evaporator_drum of type EvaporateTank has 0 variables.
2026-05-03 14:28:46,775 - DEBUG - component - The component: fuel_source of type Source has 0 variables.
2026-05-03 14:28:46,775 - DEBUG - component - The component: gas_sink of type Sink has 0 variables.
2026-05-03 14:28:46,775 - DEBUG - component - The component: gas_turbine of type Turbine has 0 variables.
2026-05-03 14:28:46,775 - DEBUG - component - The component: heatexchanger_a of type HeatExchanger has 0 variables.
2026-05-03 14:28:46,775 - DEBUG - component - The component: heatexchanger_b of type HeatExchanger has 0 variables.
2026-05-03 14:28:46,775 - DEBUG - component - The component: heatexchanger_c of type HeatExchanger has 0 variables.
2026-05-03 14:28:46,775 - DEBUG - component - The component: heatexchanger_d of type HeatExchanger has 0 variables.
2026-05-03 14:28:46,775 - DEBUG - component - The component: heatexchanger_e of type HeatExchanger has 0 variables.
2026-05-03 14:28:46,775 - DEBUG - component - The component: heatexchanger_f of type HeatExchanger has 0 variables.
2026-05-03 14:28:46,775 - DEBUG - component - The component: heatexchanger_g of type ExtractHeatExchanger has 0 variables.
2026-05-03 14:28:46,775 - DEBUG - component - The component: heatexchanger_h of type ExtractHeatExchanger has 0 variables.
2026-05-03 14:28:46,775 - DEBUG - component - The component: heatexchanger_i of type ExtractHeatExchanger has 0 variables.
2026-05-03 14:28:46,775 - DEBUG - component - The component: heatexchanger_j of type ExtractHeatExchanger has 0 variables.
2026-05-03 14:28:46,775 - DEBUG - component - The component: heatexchanger_k of type ExtractHeatExchanger has 0 variables.
2026-05-03 14:28:46,775 - DEBUG - component - The component: hot_salt_tank of type HeatStorageTank has 0 variables.
2026-05-03 14:28:46,775 - DEBUG - component - The component: hp_turbine1 of type Turbine has 0 variables.
2026-05-03 14:28:46,775 - DEBUG - component - The component: hp_turbine2 of type Turbine has 0 variables.
2026-05-03 14:28:46,776 - DEBUG - component - The component: lp_turbine1 of type Turbine has 0 variables.
2026-05-03 14:28:46,776 - DEBUG - component - The component: lp_turbine2 of type Turbine has 0 variables.
2026-05-03 14:28:46,776 - DEBUG - component - The component: lp_turbine3 of type Turbine has 0 variables.
2026-05-03 14:28:46,776 - DEBUG - component - The component: lp_turbine4 of type Turbine has 0 variables.
2026-05-03 14:28:46,776 - DEBUG - component - The component: lp_turbine5 of type Turbine has 0 variables.
2026-05-03 14:28:46,776 - DEBUG - component - The component: merge_12_13_21 of type Merge has 0 variables.
2026-05-03 14:28:46,776 - DEBUG - component - The component: merge_18_82_83 of type Merge has 0 variables.
2026-05-03 14:28:46,776 - DEBUG - component - The component: merge_36_80_81 of type Merge has 0 variables.
2026-05-03 14:28:46,776 - DEBUG - component - The component: merge_67_68_69 of type Merge has 0 variables.
2026-05-03 14:28:46,776 - DEBUG - component - The component: merge_7_9_10 of type Merge has 0 variables.
2026-05-03 14:28:46,776 - DEBUG - component - The component: merge_deaerator of type Merge has 0 variables.
2026-05-03 14:28:46,776 - DEBUG - component - The component: merge_heater_h of type Merge has 0 variables.
2026-05-03 14:28:46,777 - DEBUG - component - The component: merge_heater_j of type Merge has 0 variables.
2026-05-03 14:28:46,777 - DEBUG - component - The component: merge_heater_k of type Merge has 0 variables.
2026-05-03 14:28:46,777 - DEBUG - component - The component: oil_cycle_closer of type CycleCloser has 0 variables.
2026-05-03 14:28:46,777 - DEBUG - component - The component: oil_recycle_pump1 of type Pump has 0 variables.
2026-05-03 14:28:46,777 - DEBUG - component - The component: oil_recycle_pump2 of type Pump has 0 variables.
2026-05-03 14:28:46,777 - DEBUG - component - The component: salt_cycle_closer of type CycleCloser has 0 variables.
2026-05-03 14:28:46,777 - DEBUG - component - The component: solar_collector1 of type SolarCollector has 0 variables.
2026-05-03 14:28:46,777 - DEBUG - component - The component: solar_collector2 of type SolarCollector has 0 variables.
2026-05-03 14:28:46,777 - DEBUG - component - The component: solar_collector3 of type SolarCollector has 0 variables.
2026-05-03 14:28:46,777 - DEBUG - component - The component: solar_collector4 of type SolarCollector has 0 variables.
2026-05-03 14:28:46,777 - DEBUG - component - The component: splitter_10_11_12 of type Splitter has 0 variables.
2026-05-03 14:28:46,777 - DEBUG - component - The component: splitter_20_81_82 of type Splitter has 0 variables.
2026-05-03 14:28:46,777 - DEBUG - component - The component: splitter_21_22_23 of type Splitter has 0 variables.
2026-05-03 14:28:46,777 - DEBUG - component - The component: splitter_42_47_48 of type Splitter has 0 variables.
2026-05-03 14:28:46,777 - DEBUG - component - The component: splitter_6_84_85 of type Splitter has 0 variables.
2026-05-03 14:28:46,777 - DEBUG - component - The component: splitter_h1 of type Splitter has 0 variables.
2026-05-03 14:28:46,777 - DEBUG - component - The component: splitter_l1 of type Splitter has 0 variables.
2026-05-03 14:28:46,777 - DEBUG - component - The component: splitter_l2 of type Splitter has 0 variables.
2026-05-03 14:28:46,777 - DEBUG - component - The component: splitter_l3 of type Splitter has 0 variables.
2026-05-03 14:28:46,777 - DEBUG - component - The component: splitter_l4 of type Splitter has 0 variables.
2026-05-03 14:28:46,777 - DEBUG - component - The component: steam_cycle_closer of type CycleCloser has 0 variables.
2026-05-03 14:28:46,777 - DEBUG - component - The component: steam_recycle_pump of type Pump has 0 variables.
2026-05-03 14:28:46,777 - DEBUG - component - The component: valve_36 of type Valve has 0 variables.
2026-05-03 14:28:46,779 - DEBUG - component - The component: valve_50_51 of type Valve has 0 variables.
2026-05-03 14:28:46,779 - DEBUG - component - The component: valve_52_53 of type Valve has 0 variables.
2026-05-03 14:28:46,779 - DEBUG - component - The component: valve_69_71 of type Valve has 0 variables.
2026-05-03 14:28:46,779 - DEBUG - component - The component: valve_7 of type Valve has 0 variables.
2026-05-03 14:28:46,779 - DEBUG - component - The component: valve_73_74 of type Valve has 0 variables.
2026-05-03 14:28:46,779 - DEBUG - component - The component: valve_76_77 of type Valve has 0 variables.
2026-05-03 14:28:46,779 - DEBUG - component - The component: valve_80 of type Valve has 0 variables.
2026-05-03 14:28:46,779 - DEBUG - component - The component: valve_9 of type Valve has 0 variables.
2026-05-03 14:28:46,779 - DEBUG - component - The component: water_recycle_pump of type Pump has 0 variables.
2026-05-03 14:28:47,021 - INFO - network - ########----Network initialised----########
2026-05-03 14:28:47,022 - DEBUG - network - ------Equation Summarization------
2026-05-03 14:28:47,022 - DEBUG - network - Total number of equations: 123
2026-05-03 14:28:47,022 - DEBUG - network - Number of connection equations: 2.
2026-05-03 14:28:47,022 - DEBUG - network - Number of component equations: 131.
2026-05-03 14:28:47,022 - DEBUG - network - Number of bus equations: 0.
2026-05-03 14:28:47,022 - DEBUG - network - Number of user defined equations: 0.
2026-05-03 14:28:47,022 - DEBUG - network - Number of presolved equations: 10.
2026-05-03 14:28:47,022 - DEBUG - network - ------Variable Summarization------
2026-05-03 14:28:47,022 - DEBUG - network - Total number of variables: 123.
2026-05-03 14:28:47,022 - DEBUG - network - Number of component variables: 0.
2026-05-03 14:28:47,022 - DEBUG - network - Number of connection variables: 123.
2026-05-03 14:28:47,022 - DEBUG - network - Number of mass flow variables: 42.
2026-05-03 14:28:47,022 - DEBUG - network - Number of pressure variables: 25.
2026-05-03 14:28:47,022 - DEBUG - network - Number of enthalpy variables: 56.
2026-05-03 14:28:47,022 - DEBUG - network - ------Fluid Module Summarization------
2026-05-03 14:28:47,022 - DEBUG - network - Number of fluid composition equations: 6.
2026-05-03 14:28:47,023 - DEBUG - network - Number of fluid variables: 6.
2026-05-03 14:28:47,265 - DEBUG - network - 
##### VARIABLES #####
+-----+--------------------------------------------------------+-------------+-------------+---------+-----------+
|     | label                                                  |   min value |   max value | unit    |     scale |
|-----+--------------------------------------------------------+-------------+-------------+---------+-----------|
|   0 | <mass flow objective> of connection: c10               |   1.000e-05 |   1.000e+12 | kg / s  | 1.000e+00 |
|   1 | <mass flow objective> of connection: c11               |   1.000e-05 |   1.000e+12 | kg / s  | 1.000e+00 |
|   2 | <mass flow objective> of connection: c12               |   1.000e-05 |   1.000e+12 | kg / s  | 1.000e+00 |
|   3 | <mass flow objective> of connection: c13               |   1.000e-05 |   1.000e+12 | kg / s  | 1.000e+00 |
|   4 | <mass flow objective> of connection: c21               |   1.000e-05 |   1.000e+12 | kg / s  | 1.000e+00 |
|   5 | <mass flow objective> of connection: c22               |   1.000e-05 |   1.000e+12 | kg / s  | 1.000e+00 |
|   6 | <mass flow objective> of connection: c23               |   1.000e-05 |   1.000e+12 | kg / s  | 1.000e+00 |
|   7 | <mass flow objective> of connection: c24               |   1.000e-05 |   1.000e+12 | kg / s  | 1.000e+00 |
|   8 | <mass flow objective> of connection: c25               |   1.000e-05 |   1.000e+12 | kg / s  | 1.000e+00 |
|   9 | <mass flow objective> of connection: c28               |   1.000e-05 |   1.000e+12 | kg / s  | 1.000e+00 |
|  10 | <mass flow objective> of connection: c32               |   1.000e-05 |   1.000e+12 | kg / s  | 1.000e+00 |
|  11 | <mass flow objective> of connection: c36               |   1.000e-05 |   1.000e+12 | kg / s  | 1.000e+00 |
|  12 | <mass flow objective> of connection: c37               |   1.000e-05 |   1.000e+12 | kg / s  | 1.000e+00 |
|  13 | <mass flow objective> of connection: c38               |   1.000e-05 |   1.000e+12 | kg / s  | 1.000e+00 |
|  14 | <mass flow objective> of connection: c41               |   1.000e-05 |   1.000e+12 | kg / s  | 1.000e+00 |
|  15 | <mass flow objective> of connection: c42               |   1.000e-05 |   1.000e+12 | kg / s  | 1.000e+00 |
|  16 | <mass flow objective> of connection: c43               |   1.000e-05 |   1.000e+12 | kg / s  | 1.000e+00 |
|  17 | <mass flow objective> of connection: c44               |   1.000e-05 |   1.000e+12 | kg / s  | 1.000e+00 |
|  18 | <mass flow objective> of connection: c45               |   1.000e-05 |   1.000e+12 | kg / s  | 1.000e+00 |
|  19 | <mass flow objective> of connection: c46               |   1.000e-05 |   1.000e+12 | kg / s  | 1.000e+00 |
|  20 | <mass flow objective> of connection: c48               |   1.000e-05 |   1.000e+12 | kg / s  | 1.000e+00 |
|  21 | <mass flow objective> of connection: c52               |   1.000e-05 |   1.000e+12 | kg / s  | 1.000e+00 |
|  22 | <mass flow objective> of connection: c54               |   1.000e-05 |   1.000e+12 | kg / s  | 1.000e+00 |
|  23 | <mass flow objective> of connection: c56               |   1.000e-05 |   1.000e+12 | kg / s  | 1.000e+00 |
|  24 | <mass flow objective> of connection: c57               |   1.000e-05 |   1.000e+12 | kg / s  | 1.000e+00 |
|  25 | <mass flow objective> of connection: c58               |   1.000e-05 |   1.000e+12 | kg / s  | 1.000e+00 |
|  26 | <mass flow objective> of connection: c59               |   1.000e-05 |   1.000e+12 | kg / s  | 1.000e+00 |
|  27 | <mass flow objective> of connection: c6                |   1.000e-05 |   1.000e+12 | kg / s  | 1.000e+00 |
|  28 | <mass flow objective> of connection: c60               |   1.000e-05 |   1.000e+12 | kg / s  | 1.000e+00 |
|  29 | <mass flow objective> of connection: c61               |   1.000e-05 |   1.000e+12 | kg / s  | 1.000e+00 |
|  30 | <mass flow objective> of connection: c62               |   1.000e-05 |   1.000e+12 | kg / s  | 1.000e+00 |
|  31 | <mass flow objective> of connection: c63               |   1.000e-05 |   1.000e+12 | kg / s  | 1.000e+00 |
|  32 | <mass flow objective> of connection: c65               |   1.000e-05 |   1.000e+12 | kg / s  | 1.000e+00 |
|  33 | <mass flow objective> of connection: c68               |   1.000e-05 |   1.000e+12 | kg / s  | 1.000e+00 |
|  34 | <mass flow objective> of connection: c69               |   1.000e-05 |   1.000e+12 | kg / s  | 1.000e+00 |
|  35 | <mass flow objective> of connection: c73               |   1.000e-05 |   1.000e+12 | kg / s  | 1.000e+00 |
|  36 | <mass flow objective> of connection: c80               |   1.000e-05 |   1.000e+12 | kg / s  | 1.000e+00 |
|  37 | <mass flow objective> of connection: c81               |   1.000e-05 |   1.000e+12 | kg / s  | 1.000e+00 |
|  38 | <mass flow objective> of connection: c82               |   1.000e-05 |   1.000e+12 | kg / s  | 1.000e+00 |
|  39 | <mass flow objective> of connection: c83               |   1.000e-05 |   1.000e+12 | kg / s  | 1.000e+00 |
|  40 | <mass flow objective> of connection: d84               |   1.000e-05 |   1.000e+12 | kg / s  | 1.000e+00 |
|  41 | <mass flow objective> of connection: deaerator_cold_in |   1.000e-05 |   1.000e+12 | kg / s  | 1.000e+00 |
|  42 | <pressure objective> of connection: c10                |   1.000e-02 |   4.995e+02 | bar     | 1.000e+05 |
|  43 | <pressure objective> of connection: c16                |   1.000e-02 |   4.995e+02 | bar     | 1.000e+05 |
|  44 | <pressure objective> of connection: c18                |   1.000e-02 |   4.995e+02 | bar     | 1.000e+05 |
|  45 | <pressure objective> of connection: c26                |   1.000e-02 |   4.995e+02 | bar     | 1.000e+05 |
|  46 | <pressure objective> of connection: c27                |   6.123e-03 |   9.990e+03 | bar     | 1.000e+05 |
|  47 | <pressure objective> of connection: c29                |   6.123e-03 |   9.990e+03 | bar     | 1.000e+05 |
|  48 | <pressure objective> of connection: c33                |   1.000e-02 |   4.995e+02 | bar     | 1.000e+05 |
|  49 | <pressure objective> of connection: c34                |   1.000e-02 |   4.995e+02 | bar     | 1.000e+05 |
|  50 | <pressure objective> of connection: c35                |   6.123e-03 |   9.990e+03 | bar     | 1.000e+05 |
|  51 | <pressure objective> of connection: c38                |   6.123e-03 |   9.990e+03 | bar     | 1.000e+05 |
|  52 | <pressure objective> of connection: c39                |   1.000e-02 |   4.995e+02 | bar     | 1.000e+05 |
|  53 | <pressure objective> of connection: c49                |   6.123e-03 |   9.990e+03 | bar     | 1.000e+05 |
|  54 | <pressure objective> of connection: c50                |   6.123e-03 |   9.990e+03 | bar     | 1.000e+05 |
|  55 | <pressure objective> of connection: c52                |   6.123e-03 |   9.990e+03 | bar     | 1.000e+05 |
|  56 | <pressure objective> of connection: c55                |   6.123e-03 |   9.990e+03 | bar     | 1.000e+05 |
|  57 | <pressure objective> of connection: c65                |   6.123e-03 |   9.990e+03 | bar     | 1.000e+05 |
|  58 | <pressure objective> of connection: c67                |   6.123e-03 |   9.990e+03 | bar     | 1.000e+05 |
|  59 | <pressure objective> of connection: c7                 |   1.000e-02 |   4.995e+02 | bar     | 1.000e+05 |
|  60 | <pressure objective> of connection: c70                |   6.123e-03 |   9.990e+03 | bar     | 1.000e+05 |
|  61 | <pressure objective> of connection: c71                |   6.123e-03 |   9.990e+03 | bar     | 1.000e+05 |
|  62 | <pressure objective> of connection: c72                |   6.123e-03 |   9.990e+03 | bar     | 1.000e+05 |
|  63 | <pressure objective> of connection: c74                |   6.123e-03 |   9.990e+03 | bar     | 1.000e+05 |
|  64 | <pressure objective> of connection: c75                |   6.123e-03 |   9.990e+03 | bar     | 1.000e+05 |
|  65 | <pressure objective> of connection: c77                |   6.123e-03 |   9.990e+03 | bar     | 1.000e+05 |
|  66 | <pressure objective> of connection: c8                 |   1.000e-02 |   7.992e+02 | bar     | 1.000e+05 |
|  67 | <enthalpy objective> of connection: c10                |   1.000e+00 |   7.000e+03 | kJ / kg | 1.000e+05 |
|  68 | <enthalpy objective> of connection: c13                |   1.000e+00 |   7.000e+03 | kJ / kg | 1.000e+05 |
|  69 | <enthalpy objective> of connection: c16                |   1.000e+00 |   7.000e+03 | kJ / kg | 1.000e+05 |
|  70 | <enthalpy objective> of connection: c17                |   1.000e+00 |   7.000e+03 | kJ / kg | 1.000e+05 |
|  71 | <enthalpy objective> of connection: c18                |   1.000e+00 |   7.000e+03 | kJ / kg | 1.000e+05 |
|  72 | <enthalpy objective> of connection: c19                |   9.778e+02 |   1.914e+03 | kJ / kg | 1.000e+05 |
|  73 | <enthalpy objective> of connection: c20                |   1.000e+00 |   7.000e+03 | kJ / kg | 1.000e+05 |
|  74 | <enthalpy objective> of connection: c21                |   1.000e+00 |   7.000e+03 | kJ / kg | 1.000e+05 |
|  75 | <enthalpy objective> of connection: c25                |   2.567e+01 |   6.523e+03 | kJ / kg | 1.000e+05 |
|  76 | <enthalpy objective> of connection: c26                |   1.000e+00 |   7.000e+03 | kJ / kg | 1.000e+05 |
|  77 | <enthalpy objective> of connection: c27                |   1.000e+00 |   7.000e+03 | kJ / kg | 1.000e+05 |
|  78 | <enthalpy objective> of connection: c28                |   1.000e+00 |   7.000e+03 | kJ / kg | 1.000e+05 |
|  79 | <enthalpy objective> of connection: c29                |   1.000e+00 |   7.000e+03 | kJ / kg | 1.000e+05 |
|  80 | <enthalpy objective> of connection: c3                 |   1.000e+00 |   7.000e+03 | kJ / kg | 1.000e+05 |
|  81 | <enthalpy objective> of connection: c30                |   1.000e+00 |   7.000e+03 | kJ / kg | 1.000e+05 |
|  82 | <enthalpy objective> of connection: c32                |   1.000e+00 |   7.000e+03 | kJ / kg | 1.000e+05 |
|  83 | <enthalpy objective> of connection: c33                |   1.000e+00 |   7.000e+03 | kJ / kg | 1.000e+05 |
|  84 | <enthalpy objective> of connection: c34                |   1.000e+00 |   7.000e+03 | kJ / kg | 1.000e+05 |
|  85 | <enthalpy objective> of connection: c35                |   1.000e+00 |   7.000e+03 | kJ / kg | 1.000e+05 |
|  86 | <enthalpy objective> of connection: c38                |   1.000e+00 |   7.000e+03 | kJ / kg | 1.000e+05 |
|  87 | <enthalpy objective> of connection: c39                |   1.000e+00 |   7.000e+03 | kJ / kg | 1.000e+05 |
|  88 | <enthalpy objective> of connection: c4                 |   1.000e+00 |   7.000e+03 | kJ / kg | 1.000e+05 |
|  89 | <enthalpy objective> of connection: c40                |   1.738e+01 |   6.528e+03 | kJ / kg | 1.000e+05 |
|  90 | <enthalpy objective> of connection: c45                |   1.972e+01 |   6.526e+03 | kJ / kg | 1.000e+05 |
|  91 | <enthalpy objective> of connection: c49                |   1.000e+00 |   7.000e+03 | kJ / kg | 1.000e+05 |
|  92 | <enthalpy objective> of connection: c5                 |   1.000e+00 |   7.000e+03 | kJ / kg | 1.000e+05 |
|  93 | <enthalpy objective> of connection: c50                |   1.000e+00 |   7.000e+03 | kJ / kg | 1.000e+05 |
|  94 | <enthalpy objective> of connection: c52                |   1.633e+01 |   6.528e+03 | kJ / kg | 1.000e+05 |
|  95 | <enthalpy objective> of connection: c55                |   1.000e+00 |   7.000e+03 | kJ / kg | 1.000e+05 |
|  96 | <enthalpy objective> of connection: c56                |   1.633e+01 |   6.528e+03 | kJ / kg | 1.000e+05 |
|  97 | <enthalpy objective> of connection: c58                |   1.598e+01 |   6.529e+03 | kJ / kg | 1.000e+05 |
|  98 | <enthalpy objective> of connection: c6                 |   9.773e+02 |   1.806e+03 | kJ / kg | 1.000e+05 |
|  99 | <enthalpy objective> of connection: c60                |   1.585e+01 |   6.529e+03 | kJ / kg | 1.000e+05 |
| 100 | <enthalpy objective> of connection: c62                |   1.579e+01 |   6.529e+03 | kJ / kg | 1.000e+05 |
| 101 | <enthalpy objective> of connection: c64                |   1.573e+01 |   6.529e+03 | kJ / kg | 1.000e+05 |
| 102 | <enthalpy objective> of connection: c65                |   1.000e+00 |   7.000e+03 | kJ / kg | 1.000e+05 |
| 103 | <enthalpy objective> of connection: c67                |   1.000e+00 |   7.000e+03 | kJ / kg | 1.000e+05 |
| 104 | <enthalpy objective> of connection: c68                |   1.000e+00 |   7.000e+03 | kJ / kg | 1.000e+05 |
| 105 | <enthalpy objective> of connection: c69                |   1.000e+00 |   7.000e+03 | kJ / kg | 1.000e+05 |
| 106 | <enthalpy objective> of connection: c7                 |   1.000e+00 |   7.000e+03 | kJ / kg | 1.000e+05 |
| 107 | <enthalpy objective> of connection: c70                |   1.000e+00 |   7.000e+03 | kJ / kg | 1.000e+05 |
| 108 | <enthalpy objective> of connection: c72                |   1.000e+00 |   7.000e+03 | kJ / kg | 1.000e+05 |
| 109 | <enthalpy objective> of connection: c73                |   1.000e+00 |   7.000e+03 | kJ / kg | 1.000e+05 |
| 110 | <enthalpy objective> of connection: c75                |   1.000e+00 |   7.000e+03 | kJ / kg | 1.000e+05 |
| 111 | <enthalpy objective> of connection: c76                |   1.000e+00 |   7.000e+03 | kJ / kg | 1.000e+05 |
| 112 | <enthalpy objective> of connection: c78                |   1.633e+01 |   6.528e+03 | kJ / kg | 1.000e+05 |
| 113 | <enthalpy objective> of connection: c8                 |   1.000e+00 |   7.000e+03 | kJ / kg | 1.000e+05 |
| 114 | <enthalpy objective> of connection: c83                |   1.000e+00 |   7.000e+03 | kJ / kg | 1.000e+05 |
| 115 | <enthalpy objective> of connection: c87                |   9.774e+02 |   1.806e+03 | kJ / kg | 1.000e+05 |
| 116 | <enthalpy objective> of connection: c88                |   9.774e+02 |   1.806e+03 | kJ / kg | 1.000e+05 |
| 117 | <enthalpy objective> of connection: c89                |   9.775e+02 |   1.806e+03 | kJ / kg | 1.000e+05 |
| 118 | <enthalpy objective> of connection: c9                 |   1.000e+00 |   7.000e+03 | kJ / kg | 1.000e+05 |
| 119 | <enthalpy objective> of connection: deaerator_cold_in  |   1.633e+01 |   6.528e+03 | kJ / kg | 1.000e+05 |
| 120 | <enthalpy objective> of connection: heater_h_hot_in    |   1.000e+00 |   7.000e+03 | kJ / kg | 1.000e+05 |
| 121 | <enthalpy objective> of connection: heater_j_hot_in    |   1.585e+01 |   6.529e+03 | kJ / kg | 1.000e+05 |
| 122 | <enthalpy objective> of connection: heater_k_hot_in    |   1.579e+01 |   6.529e+03 | kJ / kg | 1.000e+05 |
+-----+--------------------------------------------------------+-------------+-------------+---------+-----------+
##### EQUATIONS #####
+-----+--------------------------------------------------------------------------------------+-----------+
|     | label                                                                                |     scale |
|-----+--------------------------------------------------------------------------------------+-----------|
|   0 | <connection property>: m_ref of c22                                                  | 1.000e+00 |
|   1 | <connection property>: m_ref of c48                                                  | 1.000e+00 |
|   2 | <component parameter>: Ki of FlowAmplifier: af_boiler_cold_in                        | 1.000e+00 |
|   3 | <component parameter>: Ki of FlowAmplifier: af_boiler_cold_out                       | 1.000e+00 |
|   4 | <component parameter>: Ki of FlowAmplifier: af_boiler_hot_in                         | 1.000e+00 |
|   5 | <component parameter>: Ki of FlowAmplifier: af_boiler_hot_out                        | 1.000e+00 |
|   6 | <component parameter>: Ki of FlowAmplifier: af_reheater_cold_in                      | 1.000e+00 |
|   7 | <component parameter>: Ki of FlowAmplifier: af_reheater_cold_out                     | 1.000e+00 |
|   8 | <component parameter>: Ki of FlowAmplifier: af_reheater_hot_in                       | 1.000e+00 |
|   9 | <component parameter>: Ki of FlowAmplifier: af_reheater_hot_out                      | 1.000e+00 |
|  10 | <component parameter>: eta_s of Compressor: air_compressor                           | 1.000e+05 |
|  11 | <component parameter>: T_in of HeatStorageTank: cold_salt_tank                       | 1.000e+01 |
|  12 | <component parameter>: T_out of HeatStorageTank: cold_salt_tank                      | 1.000e+01 |
|  13 | <component parameter>: eta of DiabaticCombustionChamber: combustion                  | 1.000e+05 |
|  14 | <component parameter>: eta_s of Pump: condense_pump                                  | 1.000e+05 |
|  15 | <component parameter>: KDTA of Condenser: condenser                                  | 1.000e+05 |
|  16 | <component parameter>: KDTA of Condenser: condenser                                  | 1.000e+05 |
|  17 | <component parameter>: dp1 of Condenser: condenser                                   | 1.000e+05 |
|  18 | <component parameter>: dp2 of Condenser: condenser                                   | 1.000e+05 |
|  19 | <component parameter>: subcooling of Condenser: condenser                            | 1.000e+05 |
|  20 | <component constraint>: mass_flow_constraints of Deaerator: deaerator                | 1.000e+00 |
|  21 | <component constraint>: energy_balance_constraints of Deaerator: deaerator           | 1.000e+05 |
|  22 | <component parameter>: KDTA of Evaporator: evaporator                                | 1.000e+05 |
|  23 | <component parameter>: KDTA of Evaporator: evaporator                                | 1.000e+05 |
|  24 | <component parameter>: dp1 of Evaporator: evaporator                                 | 1.000e+05 |
|  25 | <component parameter>: dp2 of Evaporator: evaporator                                 | 1.000e+05 |
|  26 | <component constraint>: mass_flow_constraints of EvaporateTank: evaporator_drum      | 1.000e+00 |
|  27 | <component constraint>: energy_balance_constraints of EvaporateTank: evaporator_drum | 1.000e+05 |
|  28 | <component constraint>: outlet_constraints1 of EvaporateTank: evaporator_drum        | 1.000e+05 |
|  29 | <component constraint>: outlet_constraints2 of EvaporateTank: evaporator_drum        | 1.000e+05 |
|  30 | <component parameter>: Ki of EvaporateTank: evaporator_drum                          | 1.000e+00 |
|  31 | <component parameter>: eta_s of Turbine: gas_turbine                                 | 1.000e+05 |
|  32 | <component parameter>: KDTA of HeatExchanger: heatexchanger_a                        | 1.000e+05 |
|  33 | <component parameter>: KDTA of HeatExchanger: heatexchanger_a                        | 1.000e+05 |
|  34 | <component parameter>: dp1 of HeatExchanger: heatexchanger_a                         | 1.000e+05 |
|  35 | <component parameter>: dp2 of HeatExchanger: heatexchanger_a                         | 1.000e+05 |
|  36 | <component parameter>: KDTA of HeatExchanger: heatexchanger_b                        | 1.000e+05 |
|  37 | <component parameter>: KDTA of HeatExchanger: heatexchanger_b                        | 1.000e+05 |
|  38 | <component parameter>: dp1 of HeatExchanger: heatexchanger_b                         | 1.000e+05 |
|  39 | <component parameter>: dp2 of HeatExchanger: heatexchanger_b                         | 1.000e+05 |
|  40 | <component parameter>: KDTA of HeatExchanger: heatexchanger_c                        | 1.000e+05 |
|  41 | <component parameter>: KDTA of HeatExchanger: heatexchanger_c                        | 1.000e+05 |
|  42 | <component parameter>: dp2 of HeatExchanger: heatexchanger_c                         | 1.000e+05 |
|  43 | <component parameter>: KDTA of HeatExchanger: heatexchanger_d                        | 1.000e+05 |
|  44 | <component parameter>: KDTA of HeatExchanger: heatexchanger_d                        | 1.000e+05 |
|  45 | <component parameter>: dp1 of HeatExchanger: heatexchanger_d                         | 1.000e+05 |
|  46 | <component parameter>: dp2 of HeatExchanger: heatexchanger_d                         | 1.000e+05 |
|  47 | <component parameter>: KDTA of HeatExchanger: heatexchanger_e                        | 1.000e+05 |
|  48 | <component parameter>: KDTA of HeatExchanger: heatexchanger_e                        | 1.000e+05 |
|  49 | <component parameter>: dp1 of HeatExchanger: heatexchanger_e                         | 1.000e+05 |
|  50 | <component parameter>: dp2 of HeatExchanger: heatexchanger_e                         | 1.000e+05 |
|  51 | <component parameter>: KDTA of HeatExchanger: heatexchanger_f                        | 1.000e+05 |
|  52 | <component parameter>: KDTA of HeatExchanger: heatexchanger_f                        | 1.000e+05 |
|  53 | <component parameter>: dp1 of HeatExchanger: heatexchanger_f                         | 1.000e+05 |
|  54 | <component parameter>: dp2 of HeatExchanger: heatexchanger_f                         | 1.000e+05 |
|  55 | <component parameter>: KDTA of ExtractHeatExchanger: heatexchanger_g                 | 1.000e+05 |
|  56 | <component parameter>: KDTA of ExtractHeatExchanger: heatexchanger_g                 | 1.000e+05 |
|  57 | <component parameter>: dp1 of ExtractHeatExchanger: heatexchanger_g                  | 1.000e+05 |
|  58 | <component parameter>: dp2 of ExtractHeatExchanger: heatexchanger_g                  | 1.000e+05 |
|  59 | <component parameter>: saturated_cooling of ExtractHeatExchanger: heatexchanger_g    | 1.000e+05 |
|  60 | <component parameter>: KDTA of ExtractHeatExchanger: heatexchanger_h                 | 1.000e+05 |
|  61 | <component parameter>: KDTA of ExtractHeatExchanger: heatexchanger_h                 | 1.000e+05 |
|  62 | <component parameter>: dp1 of ExtractHeatExchanger: heatexchanger_h                  | 1.000e+05 |
|  63 | <component parameter>: dp2 of ExtractHeatExchanger: heatexchanger_h                  | 1.000e+05 |
|  64 | <component parameter>: saturated_cooling of ExtractHeatExchanger: heatexchanger_h    | 1.000e+05 |
|  65 | <component parameter>: KDTA of ExtractHeatExchanger: heatexchanger_i                 | 1.000e+05 |
|  66 | <component parameter>: KDTA of ExtractHeatExchanger: heatexchanger_i                 | 1.000e+05 |
|  67 | <component parameter>: dp1 of ExtractHeatExchanger: heatexchanger_i                  | 1.000e+05 |
|  68 | <component parameter>: dp2 of ExtractHeatExchanger: heatexchanger_i                  | 1.000e+05 |
|  69 | <component parameter>: saturated_cooling of ExtractHeatExchanger: heatexchanger_i    | 1.000e+05 |
|  70 | <component parameter>: KDTA of ExtractHeatExchanger: heatexchanger_j                 | 1.000e+05 |
|  71 | <component parameter>: KDTA of ExtractHeatExchanger: heatexchanger_j                 | 1.000e+05 |
|  72 | <component parameter>: dp1 of ExtractHeatExchanger: heatexchanger_j                  | 1.000e+05 |
|  73 | <component parameter>: dp2 of ExtractHeatExchanger: heatexchanger_j                  | 1.000e+05 |
|  74 | <component parameter>: saturated_cooling of ExtractHeatExchanger: heatexchanger_j    | 1.000e+05 |
|  75 | <component parameter>: KDTA of ExtractHeatExchanger: heatexchanger_k                 | 1.000e+05 |
|  76 | <component parameter>: KDTA of ExtractHeatExchanger: heatexchanger_k                 | 1.000e+05 |
|  77 | <component parameter>: dp1 of ExtractHeatExchanger: heatexchanger_k                  | 1.000e+05 |
|  78 | <component parameter>: dp2 of ExtractHeatExchanger: heatexchanger_k                  | 1.000e+05 |
|  79 | <component parameter>: saturated_cooling of ExtractHeatExchanger: heatexchanger_k    | 1.000e+05 |
|  80 | <component parameter>: eta_s of Turbine: hp_turbine1                                 | 1.000e+05 |
|  81 | <component parameter>: eta_s of Turbine: hp_turbine2                                 | 1.000e+05 |
|  82 | <component parameter>: eta_s of Turbine: lp_turbine1                                 | 1.000e+05 |
|  83 | <component parameter>: eta_s of Turbine: lp_turbine2                                 | 1.000e+05 |
|  84 | <component parameter>: eta_s of Turbine: lp_turbine3                                 | 1.000e+05 |
|  85 | <component parameter>: eta_s of Turbine: lp_turbine4                                 | 1.000e+05 |
|  86 | <component parameter>: eta_s of Turbine: lp_turbine5                                 | 1.000e+05 |
|  87 | <component constraint>: mass_flow_constraints of Merge: merge_12_13_21               | 1.000e+00 |
|  88 | <component constraint>: energy_balance_constraints of Merge: merge_12_13_21          | 1.000e+05 |
|  89 | <component constraint>: mass_flow_constraints of Merge: merge_18_82_83               | 1.000e+00 |
|  90 | <component constraint>: energy_balance_constraints of Merge: merge_18_82_83          | 1.000e+05 |
|  91 | <component constraint>: mass_flow_constraints of Merge: merge_36_80_81               | 1.000e+00 |
|  92 | <component constraint>: energy_balance_constraints of Merge: merge_36_80_81          | 1.000e+05 |
|  93 | <component constraint>: mass_flow_constraints of Merge: merge_67_68_69               | 1.000e+00 |
|  94 | <component constraint>: energy_balance_constraints of Merge: merge_67_68_69          | 1.000e+05 |
|  95 | <component constraint>: mass_flow_constraints of Merge: merge_7_9_10                 | 1.000e+00 |
|  96 | <component constraint>: energy_balance_constraints of Merge: merge_7_9_10            | 1.000e+05 |
|  97 | <component constraint>: mass_flow_constraints of Merge: merge_deaerator              | 1.000e+00 |
|  98 | <component constraint>: energy_balance_constraints of Merge: merge_deaerator         | 1.000e+05 |
|  99 | <component constraint>: mass_flow_constraints of Merge: merge_heater_h               | 1.000e+00 |
| 100 | <component constraint>: energy_balance_constraints of Merge: merge_heater_h          | 1.000e+05 |
| 101 | <component constraint>: mass_flow_constraints of Merge: merge_heater_j               | 1.000e+00 |
| 102 | <component constraint>: energy_balance_constraints of Merge: merge_heater_j          | 1.000e+05 |
| 103 | <component constraint>: mass_flow_constraints of Merge: merge_heater_k               | 1.000e+00 |
| 104 | <component constraint>: energy_balance_constraints of Merge: merge_heater_k          | 1.000e+05 |
| 105 | <component parameter>: eta_s of Pump: oil_recycle_pump1                              | 1.000e+05 |
| 106 | <component parameter>: eta_s of Pump: oil_recycle_pump2                              | 1.000e+05 |
| 107 | <component parameter>: energy of SolarCollector: solar_collector1                    | 1.000e+05 |
| 108 | <component parameter>: energy of SolarCollector: solar_collector2                    | 1.000e+05 |
| 109 | <component parameter>: energy of SolarCollector: solar_collector3                    | 1.000e+05 |
| 110 | <component parameter>: energy of SolarCollector: solar_collector4                    | 1.000e+05 |
| 111 | <component constraint>: mass_flow_constraints of Splitter: splitter_10_11_12         | 1.000e+00 |
| 112 | <component constraint>: mass_flow_constraints of Splitter: splitter_20_81_82         | 1.000e+00 |
| 113 | <component constraint>: mass_flow_constraints of Splitter: splitter_21_22_23         | 1.000e+00 |
| 114 | <component constraint>: mass_flow_constraints of Splitter: splitter_42_47_48         | 1.000e+00 |
| 115 | <component constraint>: mass_flow_constraints of Splitter: splitter_6_84_85          | 1.000e+00 |
| 116 | <component constraint>: mass_flow_constraints of Splitter: splitter_h1               | 1.000e+00 |
| 117 | <component constraint>: mass_flow_constraints of Splitter: splitter_l1               | 1.000e+00 |
| 118 | <component constraint>: mass_flow_constraints of Splitter: splitter_l2               | 1.000e+00 |
| 119 | <component constraint>: mass_flow_constraints of Splitter: splitter_l3               | 1.000e+00 |
| 120 | <component constraint>: mass_flow_constraints of Splitter: splitter_l4               | 1.000e+00 |
| 121 | <component parameter>: eta_s of Pump: steam_recycle_pump                             | 1.000e+05 |
| 122 | <component parameter>: eta_s of Pump: water_recycle_pump                             | 1.000e+05 |
+-----+--------------------------------------------------------------------------------------+-----------+
##### FLUID VARIABLES #####
+----+-------------------------------------+---------------------+
|    | label                               | fluid composition   |
|----+-------------------------------------+---------------------|
|  0 | <fluid objective> of connection: c4 | H2O                 |
|  1 | <fluid objective> of connection: c4 | N2                  |
|  2 | <fluid objective> of connection: c4 | O2                  |
|  3 | <fluid objective> of connection: c4 | Ar                  |
|  4 | <fluid objective> of connection: c4 | CO2                 |
|  5 | <fluid objective> of connection: c4 | CH4                 |
+----+-------------------------------------+---------------------+
##### FLUID EQUATIONS #####
+----+------------------------------------------------------------------------------------------------+---------------------+
|    | label                                                                                          | fluid composition   |
|----+------------------------------------------------------------------------------------------------+---------------------|
|  0 | fluid composition equation: stoichiometry_constraints of DiabaticCombustionChamber: combustion | H2O                 |
|  1 | fluid composition equation: stoichiometry_constraints of DiabaticCombustionChamber: combustion | N2                  |
|  2 | fluid composition equation: stoichiometry_constraints of DiabaticCombustionChamber: combustion | Ar                  |
|  3 | fluid composition equation: stoichiometry_constraints of DiabaticCombustionChamber: combustion | O2                  |
|  4 | fluid composition equation: stoichiometry_constraints of DiabaticCombustionChamber: combustion | CO2                 |
|  5 | fluid composition equation: stoichiometry_constraints of DiabaticCombustionChamber: combustion | CH4                 |
+----+------------------------------------------------------------------------------------------------+---------------------+
2026-05-03 14:28:47,356 - DEBUG - network - 
##### TEMPERATURE BOUNDS #####
+-------------------+-------------+-------------+--------+
|                   |   min value |   max value | unit   |
|-------------------+-------------+-------------+--------|
| c10               |   1.536e+01 |   4.131e+02 | C      |
| c11               |   1.536e+01 |   4.131e+02 | C      |
| c12               |   1.536e+01 |   4.131e+02 | C      |
| c13               |   1.536e+01 |   4.131e+02 | C      |
| c16               |   2.350e+02 |   5.684e+02 | C      |
| c17               |   2.350e+02 |   5.684e+02 | C      |
| c18               |   1.536e+01 |   4.131e+02 | C      |
| c19               |   1.536e+01 |   4.131e+02 | C      |
| c20               |   1.536e+01 |   4.131e+02 | C      |
| c21               |   1.536e+01 |   4.131e+02 | C      |
| c22               |   1.536e+01 |   4.131e+02 | C      |
| c23               |   1.536e+01 |   4.131e+02 | C      |
| c24               |   1.536e+01 |   4.131e+02 | C      |
| c25               |   2.742e+00 |   1.707e+03 | C      |
| c26               |   1.536e+01 |   4.131e+02 | C      |
| c27               |   2.742e+00 |   1.707e+03 | C      |
| c28               |   2.742e+00 |   1.707e+03 | C      |
| c29               |   2.742e+00 |   1.707e+03 | C      |
| c3                |   2.850e+00 |   1.707e+03 | C      |
| c30               |   2.742e+00 |   1.707e+03 | C      |
| c31               |   2.742e+00 |   1.707e+03 | C      |
| c32               |   2.742e+00 |   1.707e+03 | C      |
| c33               |   1.536e+01 |   4.131e+02 | C      |
| c34               |   1.536e+01 |   4.131e+02 | C      |
| c35               |   2.742e+00 |   1.707e+03 | C      |
| c36               |   1.536e+01 |   4.131e+02 | C      |
| c37               |   1.536e+01 |   4.131e+02 | C      |
| c38               |   2.742e+00 |   1.707e+03 | C      |
| c39               |   1.536e+01 |   4.131e+02 | C      |
| c4                |   2.850e+00 |   1.707e+03 | C      |
| c40               |   2.742e+00 |   1.707e+03 | C      |
| c41               |   2.742e+00 |   1.707e+03 | C      |
| c42               |   2.742e+00 |   1.707e+03 | C      |
| c43               |   2.742e+00 |   1.707e+03 | C      |
| c44               |   2.742e+00 |   1.707e+03 | C      |
| c45               |   2.742e+00 |   1.707e+03 | C      |
| c46               |   2.742e+00 |   1.707e+03 | C      |
| c47               |   2.742e+00 |   1.707e+03 | C      |
| c48               |   2.742e+00 |   1.707e+03 | C      |
| c49               |   2.742e+00 |   1.707e+03 | C      |
| c5                |   2.850e+00 |   1.707e+03 | C      |
| c50               |   2.742e+00 |   1.707e+03 | C      |
| c51               |   2.742e+00 |   1.707e+03 | C      |
| c52               |   2.742e+00 |   1.707e+03 | C      |
| c53               |   2.742e+00 |   1.707e+03 | C      |
| c55               |   2.742e+00 |   1.707e+03 | C      |
| c56               |   2.742e+00 |   1.707e+03 | C      |
| c57               |   2.742e+00 |   1.707e+03 | C      |
| c58               |   2.742e+00 |   1.707e+03 | C      |
| c59               |   2.742e+00 |   1.707e+03 | C      |
| c6                |   1.536e+01 |   4.131e+02 | C      |
| c60               |   2.742e+00 |   1.707e+03 | C      |
| c61               |   2.742e+00 |   1.707e+03 | C      |
| c62               |   2.742e+00 |   1.707e+03 | C      |
| c63               |   2.742e+00 |   1.707e+03 | C      |
| c64               |   2.742e+00 |   1.707e+03 | C      |
| c65               |   2.742e+00 |   1.707e+03 | C      |
| c67               |   2.742e+00 |   1.707e+03 | C      |
| c68               |   2.742e+00 |   1.707e+03 | C      |
| c69               |   2.742e+00 |   1.707e+03 | C      |
| c7                |   1.536e+01 |   4.131e+02 | C      |
| c70               |   2.742e+00 |   1.707e+03 | C      |
| c71               |   2.742e+00 |   1.707e+03 | C      |
| c72               |   2.742e+00 |   1.707e+03 | C      |
| c73               |   2.742e+00 |   1.707e+03 | C      |
| c74               |   2.742e+00 |   1.707e+03 | C      |
| c75               |   2.742e+00 |   1.707e+03 | C      |
| c76               |   2.742e+00 |   1.707e+03 | C      |
| c77               |   2.742e+00 |   1.707e+03 | C      |
| c78               |   2.742e+00 |   1.707e+03 | C      |
| c8                |   2.850e+00 |   1.707e+03 | C      |
| c80               |   1.536e+01 |   4.131e+02 | C      |
| c81               |   1.536e+01 |   4.131e+02 | C      |
| c82               |   1.536e+01 |   4.131e+02 | C      |
| c83               |   1.536e+01 |   4.131e+02 | C      |
| c84               |   1.536e+01 |   4.131e+02 | C      |
| c85               |   1.536e+01 |   4.131e+02 | C      |
| c86               |   1.536e+01 |   4.131e+02 | C      |
| c87               |   1.536e+01 |   4.131e+02 | C      |
| c88               |   1.536e+01 |   4.131e+02 | C      |
| c89               |   1.536e+01 |   4.131e+02 | C      |
| c9                |   1.536e+01 |   4.131e+02 | C      |
| c90               |   1.536e+01 |   4.131e+02 | C      |
| d36               |   1.536e+01 |   4.131e+02 | C      |
| d7                |   1.536e+01 |   4.131e+02 | C      |
| d80               |   1.536e+01 |   4.131e+02 | C      |
| d84               |   1.536e+01 |   4.131e+02 | C      |
| d9                |   1.536e+01 |   4.131e+02 | C      |
| deaerator_cold_in |   2.742e+00 |   1.707e+03 | C      |
| h1_out            |   2.742e+00 |   1.707e+03 | C      |
| heater_h_hot_in   |   2.742e+00 |   1.707e+03 | C      |
| heater_j_hot_in   |   2.742e+00 |   1.707e+03 | C      |
| heater_k_hot_in   |   2.742e+00 |   1.707e+03 | C      |
| l1_out            |   2.742e+00 |   1.707e+03 | C      |
| l2_out            |   2.742e+00 |   1.707e+03 | C      |
| l3_out            |   2.742e+00 |   1.707e+03 | C      |
| l4_out            |   2.742e+00 |   1.707e+03 | C      |
+-------------------+-------------+-------------+--------+
2026-05-03 14:28:47,365 - DEBUG - network - has no linear dependence in network topology
2026-05-03 14:28:47,365 - INFO - network - Starting solver.
2026-05-03 14:28:47,382 - PROGRESS - network -  iter  | residual   | progress   | massflow   | pressure   | enthalpy   | voltage    | electricity | frequency  | fluid      | component  
2026-05-03 14:28:47,382 - PROGRESS - network - -------+------------+------------+------------+------------+------------+------------+------------+------------+------------+------------
2026-05-03 14:28:50,943 - DEBUG - network - the fluid calculation done in 0th iteration
2026-05-03 14:29:20,009 - WARNING - warnings - FutureWarning: invalid value encountered in det
2026-05-03 14:29:20,009 - DEBUG - network - matrix value: nan
2026-05-03 14:34:50,553 - INFO - logger - Path for logging: solar_thermal_combine_plant_loggings\Aurora.log
2026-05-03 14:34:50,554 - INFO - logger - Used AURORA version: 0.1.1 - GCC's Nature
2026-05-03 14:34:50,554 - DEBUG - connection - Created reference object with factor 0.09 and delta 0 referring to connection c47
2026-05-03 14:34:50,554 - DEBUG - connection - Created reference object with factor 0.11 and delta 0 referring to connection c21
2026-05-03 14:34:50,799 - DEBUG - network - Removing 0 mass flow variables from ['c31'] from system variables.
2026-05-03 14:34:50,799 - DEBUG - network - Removing 1 mass flow variables from ['c9', 'd9'] from system variables.
2026-05-03 14:34:50,799 - DEBUG - network - Removing 1 mass flow variables from ['c1', 'c3'] from system variables.
2026-05-03 14:34:50,799 - DEBUG - network - Removing 1 mass flow variables from ['c16', 'c14'] from system variables.
2026-05-03 14:34:50,799 - DEBUG - network - Removing 0 mass flow variables from ['c79'] from system variables.
2026-05-03 14:34:50,799 - DEBUG - network - Removing 0 mass flow variables from ['c2'] from system variables.
2026-05-03 14:34:50,799 - DEBUG - network - Removing 0 mass flow variables from ['c15'] from system variables.
2026-05-03 14:34:50,800 - INFO - network - ########----Simplify Fluid System Successful----########
2026-05-03 14:34:50,834 - DEBUG - network - Updated fluid property SI values and fluid mass fraction for user specified connection parameters.
2026-05-03 14:34:50,848 - INFO - network - ########----Network check successful----########
2026-05-03 14:34:50,848 - DEBUG - network - Solver properties:
 - mode: offdesign
 - init_path: solar_thermal_combine_plant_design_1
 - design_path: solar_thermal_combine_plant_design_1
 - min_iter: 4
 - max_iter: 150
2026-05-03 14:34:50,848 - DEBUG - network - Network information:
 - Number of components: 84
 - Number of fluid components: 84
 - Number of electric components: 0
 - Number of connections: 106
 - Number of fluid connections: 106
 - Number of electric connections: 0
 - Number of busses: 0
2026-05-03 14:34:50,853 - WARNING - warnings - FutureWarning: Downcasting object dtype arrays on .fillna, .ffill, .bfill is deprecated and will change in a future version. Call result.infer_objects(copy=False) instead. To opt-in to the future behavior, set `pd.set_option('future.no_silent_downcasting', True)`
2026-05-03 14:34:50,856 - WARNING - warnings - FutureWarning: Downcasting object dtype arrays on .fillna, .ffill, .bfill is deprecated and will change in a future version. Call result.infer_objects(copy=False) instead. To opt-in to the future behavior, set `pd.set_option('future.no_silent_downcasting', True)`
2026-05-03 14:34:50,857 - WARNING - warnings - FutureWarning: Downcasting object dtype arrays on .fillna, .ffill, .bfill is deprecated and will change in a future version. Call result.infer_objects(copy=False) instead. To opt-in to the future behavior, set `pd.set_option('future.no_silent_downcasting', True)`
2026-05-03 14:34:50,862 - DEBUG - network - Could not find component 'merge_12_13_21' in design case file. This is is critical only to components, which need to load design values from this case.
2026-05-03 14:34:50,862 - DEBUG - network - Could not find component 'merge_18_82_83' in design case file. This is is critical only to components, which need to load design values from this case.
2026-05-03 14:34:50,862 - DEBUG - network - Could not find component 'merge_36_80_81' in design case file. This is is critical only to components, which need to load design values from this case.
2026-05-03 14:34:50,862 - DEBUG - network - Could not find component 'merge_67_68_69' in design case file. This is is critical only to components, which need to load design values from this case.
2026-05-03 14:34:50,862 - DEBUG - network - Could not find component 'merge_7_9_10' in design case file. This is is critical only to components, which need to load design values from this case.
2026-05-03 14:34:50,862 - DEBUG - network - Could not find component 'merge_deaerator' in design case file. This is is critical only to components, which need to load design values from this case.
2026-05-03 14:34:50,862 - DEBUG - network - Could not find component 'merge_heater_h' in design case file. This is is critical only to components, which need to load design values from this case.
2026-05-03 14:34:50,862 - DEBUG - network - Could not find component 'merge_heater_j' in design case file. This is is critical only to components, which need to load design values from this case.
2026-05-03 14:34:50,862 - DEBUG - network - Could not find component 'merge_heater_k' in design case file. This is is critical only to components, which need to load design values from this case.
2026-05-03 14:34:50,863 - DEBUG - network - Could not find component 'splitter_10_11_12' in design case file. This is is critical only to components, which need to load design values from this case.
2026-05-03 14:34:50,863 - DEBUG - network - Could not find component 'splitter_20_81_82' in design case file. This is is critical only to components, which need to load design values from this case.
2026-05-03 14:34:50,863 - DEBUG - network - Could not find component 'splitter_21_22_23' in design case file. This is is critical only to components, which need to load design values from this case.
2026-05-03 14:34:50,863 - DEBUG - network - Could not find component 'splitter_42_47_48' in design case file. This is is critical only to components, which need to load design values from this case.
2026-05-03 14:34:50,863 - DEBUG - network - Could not find component 'splitter_6_84_85' in design case file. This is is critical only to components, which need to load design values from this case.
2026-05-03 14:34:50,863 - DEBUG - network - Could not find component 'splitter_h1' in design case file. This is is critical only to components, which need to load design values from this case.
2026-05-03 14:34:50,863 - DEBUG - network - Could not find component 'splitter_l1' in design case file. This is is critical only to components, which need to load design values from this case.
2026-05-03 14:34:50,863 - DEBUG - network - Could not find component 'splitter_l2' in design case file. This is is critical only to components, which need to load design values from this case.
2026-05-03 14:34:50,863 - DEBUG - network - Could not find component 'splitter_l3' in design case file. This is is critical only to components, which need to load design values from this case.
2026-05-03 14:34:50,864 - DEBUG - network - Could not find component 'splitter_l4' in design case file. This is is critical only to components, which need to load design values from this case.
2026-05-03 14:34:50,864 - DEBUG - network - Done reading design point information for components.
2026-05-03 14:34:50,870 - DEBUG - network - Done reading design point information for connections.
2026-05-03 14:34:50,871 - DEBUG - network - Switched connections from design to offdesign.
2026-05-03 14:34:50,871 - DEBUG - network - Set component attributes KDTA to design value at component condenser.
2026-05-03 14:34:50,871 - DEBUG - network - Set component attributes KDTA to design value at component evaporator.
2026-05-03 14:34:50,871 - DEBUG - network - Set component attributes KDTA to design value at component heatexchanger_a.
2026-05-03 14:34:50,871 - DEBUG - network - Set component attributes KDTA to design value at component heatexchanger_b.
2026-05-03 14:34:50,871 - DEBUG - network - Set component attributes KDTA to design value at component heatexchanger_c.
2026-05-03 14:34:50,871 - DEBUG - network - Set component attributes KDTA to design value at component heatexchanger_d.
2026-05-03 14:34:50,871 - DEBUG - network - Set component attributes KDTA to design value at component heatexchanger_e.
2026-05-03 14:34:50,871 - DEBUG - network - Set component attributes KDTA to design value at component heatexchanger_f.
2026-05-03 14:34:50,871 - DEBUG - network - Set component attributes KDTA to design value at component heatexchanger_g.
2026-05-03 14:34:50,871 - DEBUG - network - Set component attributes KDTA to design value at component heatexchanger_h.
2026-05-03 14:34:50,871 - DEBUG - network - Set component attributes KDTA to design value at component heatexchanger_i.
2026-05-03 14:34:50,871 - DEBUG - network - Set component attributes KDTA to design value at component heatexchanger_j.
2026-05-03 14:34:50,871 - DEBUG - network - Set component attributes KDTA to design value at component heatexchanger_k.
2026-05-03 14:34:50,871 - DEBUG - network - Switched components from design to offdesign.
2026-05-03 14:34:50,885 - WARNING - warnings - FutureWarning: Downcasting object dtype arrays on .fillna, .ffill, .bfill is deprecated and will change in a future version. Call result.infer_objects(copy=False) instead. To opt-in to the future behavior, set `pd.set_option('future.no_silent_downcasting', True)`
2026-05-03 14:34:50,888 - WARNING - warnings - FutureWarning: Downcasting object dtype arrays on .fillna, .ffill, .bfill is deprecated and will change in a future version. Call result.infer_objects(copy=False) instead. To opt-in to the future behavior, set `pd.set_option('future.no_silent_downcasting', True)`
2026-05-03 14:34:50,889 - WARNING - warnings - FutureWarning: Downcasting object dtype arrays on .fillna, .ffill, .bfill is deprecated and will change in a future version. Call result.infer_objects(copy=False) instead. To opt-in to the future behavior, set `pd.set_option('future.no_silent_downcasting', True)`
2026-05-03 14:34:50,896 - DEBUG - network - Generic fluid property specification complete in the final of initialization.
2026-05-03 14:34:50,899 - DEBUG - base - The fuels for component combustion of type diabatic combustion chamber are: CH4.
2026-05-03 14:34:50,900 - INFO - network - ########-----Initializing variables bounds-----########
2026-05-03 14:34:50,903 - DEBUG - connection - The connection: c1 has 0 equations.
2026-05-03 14:34:50,903 - DEBUG - connection - The connection: c10 has 0 equations.
2026-05-03 14:34:50,903 - DEBUG - connection - The connection: c11 has 0 equations.
2026-05-03 14:34:50,903 - DEBUG - connection - The connection: c12 has 0 equations.
2026-05-03 14:34:50,903 - DEBUG - connection - The connection: c13 has 0 equations.
2026-05-03 14:34:50,903 - DEBUG - connection - The connection: c14 has 0 equations.
2026-05-03 14:34:50,903 - DEBUG - connection - The connection: c15 has 0 equations.
2026-05-03 14:34:50,903 - DEBUG - connection - The connection: c16 has 0 equations.
2026-05-03 14:34:50,903 - DEBUG - connection - The connection: c17 has 0 equations.
2026-05-03 14:34:50,903 - DEBUG - connection - The connection: c18 has 0 equations.
2026-05-03 14:34:50,903 - DEBUG - connection - The connection: c19 has 0 equations.
2026-05-03 14:34:50,903 - DEBUG - connection - The connection: c2 has 0 equations.
2026-05-03 14:34:50,903 - DEBUG - connection - The connection: c20 has 0 equations.
2026-05-03 14:34:50,903 - DEBUG - connection - The connection: c21 has 0 equations.
2026-05-03 14:34:50,903 - DEBUG - connection - The connection: c22 has 1 equations.
2026-05-03 14:34:50,903 - DEBUG - connection - The connection: c23 has 0 equations.
2026-05-03 14:34:50,903 - DEBUG - connection - The connection: c24 has 0 equations.
2026-05-03 14:34:50,903 - DEBUG - connection - The connection: c25 has 0 equations.
2026-05-03 14:34:50,903 - DEBUG - connection - The connection: c26 has 0 equations.
2026-05-03 14:34:50,903 - DEBUG - connection - The connection: c27 has 0 equations.
2026-05-03 14:34:50,903 - DEBUG - connection - The connection: c28 has 0 equations.
2026-05-03 14:34:50,903 - DEBUG - connection - The connection: c29 has 0 equations.
2026-05-03 14:34:50,903 - DEBUG - connection - The connection: c3 has 0 equations.
2026-05-03 14:34:50,903 - DEBUG - connection - The connection: c30 has 0 equations.
2026-05-03 14:34:50,903 - DEBUG - connection - The connection: c31 has 0 equations.
2026-05-03 14:34:50,903 - DEBUG - connection - The connection: c32 has 0 equations.
2026-05-03 14:34:50,903 - DEBUG - connection - The connection: c33 has 0 equations.
2026-05-03 14:34:50,904 - DEBUG - connection - The connection: c34 has 0 equations.
2026-05-03 14:34:50,904 - DEBUG - connection - The connection: c35 has 0 equations.
2026-05-03 14:34:50,904 - DEBUG - connection - The connection: c36 has 0 equations.
2026-05-03 14:34:50,904 - DEBUG - connection - The connection: c37 has 0 equations.
2026-05-03 14:34:50,904 - DEBUG - connection - The connection: c38 has 0 equations.
2026-05-03 14:34:50,904 - DEBUG - connection - The connection: c39 has 0 equations.
2026-05-03 14:34:50,904 - DEBUG - connection - The connection: c4 has 0 equations.
2026-05-03 14:34:50,904 - DEBUG - connection - The connection: c40 has 0 equations.
2026-05-03 14:34:50,904 - DEBUG - connection - The connection: c41 has 0 equations.
2026-05-03 14:34:50,904 - DEBUG - connection - The connection: c42 has 0 equations.
2026-05-03 14:34:50,904 - DEBUG - connection - The connection: c43 has 0 equations.
2026-05-03 14:34:50,904 - DEBUG - connection - The connection: c44 has 0 equations.
2026-05-03 14:34:50,904 - DEBUG - connection - The connection: c45 has 0 equations.
2026-05-03 14:34:50,904 - DEBUG - connection - The connection: c46 has 0 equations.
2026-05-03 14:34:50,904 - DEBUG - connection - The connection: c47 has 0 equations.
2026-05-03 14:34:50,904 - DEBUG - connection - The connection: c48 has 1 equations.
2026-05-03 14:34:50,904 - DEBUG - connection - The connection: c49 has 0 equations.
2026-05-03 14:34:50,904 - DEBUG - connection - The connection: c5 has 0 equations.
2026-05-03 14:34:50,904 - DEBUG - connection - The connection: c50 has 0 equations.
2026-05-03 14:34:50,904 - DEBUG - connection - The connection: c51 has 0 equations.
2026-05-03 14:34:50,904 - DEBUG - connection - The connection: c52 has 0 equations.
2026-05-03 14:34:50,904 - DEBUG - connection - The connection: c53 has 0 equations.
2026-05-03 14:34:50,904 - DEBUG - connection - The connection: c54 has 0 equations.
2026-05-03 14:34:50,904 - DEBUG - connection - The connection: c55 has 0 equations.
2026-05-03 14:34:50,904 - DEBUG - connection - The connection: c56 has 0 equations.
2026-05-03 14:34:50,904 - DEBUG - connection - The connection: c57 has 0 equations.
2026-05-03 14:34:50,904 - DEBUG - connection - The connection: c58 has 0 equations.
2026-05-03 14:34:50,904 - DEBUG - connection - The connection: c59 has 0 equations.
2026-05-03 14:34:50,904 - DEBUG - connection - The connection: c6 has 0 equations.
2026-05-03 14:34:50,904 - DEBUG - connection - The connection: c60 has 0 equations.
2026-05-03 14:34:50,904 - DEBUG - connection - The connection: c61 has 0 equations.
2026-05-03 14:34:50,904 - DEBUG - connection - The connection: c62 has 0 equations.
2026-05-03 14:34:50,904 - DEBUG - connection - The connection: c63 has 0 equations.
2026-05-03 14:34:50,904 - DEBUG - connection - The connection: c64 has 0 equations.
2026-05-03 14:34:50,904 - DEBUG - connection - The connection: c65 has 0 equations.
2026-05-03 14:34:50,904 - DEBUG - connection - The connection: c66 has 0 equations.
2026-05-03 14:34:50,904 - DEBUG - connection - The connection: c67 has 0 equations.
2026-05-03 14:34:50,904 - DEBUG - connection - The connection: c68 has 0 equations.
2026-05-03 14:34:50,904 - DEBUG - connection - The connection: c69 has 0 equations.
2026-05-03 14:34:50,904 - DEBUG - connection - The connection: c7 has 0 equations.
2026-05-03 14:34:50,904 - DEBUG - connection - The connection: c70 has 0 equations.
2026-05-03 14:34:50,904 - DEBUG - connection - The connection: c71 has 0 equations.
2026-05-03 14:34:50,905 - DEBUG - connection - The connection: c72 has 0 equations.
2026-05-03 14:34:50,905 - DEBUG - connection - The connection: c73 has 0 equations.
2026-05-03 14:34:50,905 - DEBUG - connection - The connection: c74 has 0 equations.
2026-05-03 14:34:50,905 - DEBUG - connection - The connection: c75 has 0 equations.
2026-05-03 14:34:50,905 - DEBUG - connection - The connection: c76 has 0 equations.
2026-05-03 14:34:50,905 - DEBUG - connection - The connection: c77 has 0 equations.
2026-05-03 14:34:50,905 - DEBUG - connection - The connection: c78 has 0 equations.
2026-05-03 14:34:50,905 - DEBUG - connection - The connection: c79 has 0 equations.
2026-05-03 14:34:50,905 - DEBUG - connection - The connection: c8 has 0 equations.
2026-05-03 14:34:50,905 - DEBUG - connection - The connection: c80 has 0 equations.
2026-05-03 14:34:50,905 - DEBUG - connection - The connection: c81 has 0 equations.
2026-05-03 14:34:50,905 - DEBUG - connection - The connection: c82 has 0 equations.
2026-05-03 14:34:50,905 - DEBUG - connection - The connection: c83 has 0 equations.
2026-05-03 14:34:50,905 - DEBUG - connection - The connection: c84 has 0 equations.
2026-05-03 14:34:50,905 - DEBUG - connection - The connection: c85 has 0 equations.
2026-05-03 14:34:50,905 - DEBUG - connection - The connection: c86 has 0 equations.
2026-05-03 14:34:50,905 - DEBUG - connection - The connection: c87 has 0 equations.
2026-05-03 14:34:50,905 - DEBUG - connection - The connection: c88 has 0 equations.
2026-05-03 14:34:50,905 - DEBUG - connection - The connection: c89 has 0 equations.
2026-05-03 14:34:50,905 - DEBUG - connection - The connection: c9 has 0 equations.
2026-05-03 14:34:50,905 - DEBUG - connection - The connection: c90 has 0 equations.
2026-05-03 14:34:50,905 - DEBUG - connection - The connection: d15 has 0 equations.
2026-05-03 14:34:50,905 - DEBUG - connection - The connection: d36 has 0 equations.
2026-05-03 14:34:50,905 - DEBUG - connection - The connection: d54 has 0 equations.
2026-05-03 14:34:50,905 - DEBUG - connection - The connection: d7 has 0 equations.
2026-05-03 14:34:50,905 - DEBUG - connection - The connection: d80 has 0 equations.
2026-05-03 14:34:50,905 - DEBUG - connection - The connection: d84 has 0 equations.
2026-05-03 14:34:50,905 - DEBUG - connection - The connection: d9 has 0 equations.
2026-05-03 14:34:50,905 - DEBUG - connection - The connection: deaerator_cold_in has 0 equations.
2026-05-03 14:34:50,905 - DEBUG - connection - The connection: h1_out has 0 equations.
2026-05-03 14:34:50,905 - DEBUG - connection - The connection: heater_h_hot_in has 0 equations.
2026-05-03 14:34:50,905 - DEBUG - connection - The connection: heater_j_hot_in has 0 equations.
2026-05-03 14:34:50,905 - DEBUG - connection - The connection: heater_k_hot_in has 0 equations.
2026-05-03 14:34:50,905 - DEBUG - connection - The connection: l1_out has 0 equations.
2026-05-03 14:34:50,905 - DEBUG - connection - The connection: l2_out has 0 equations.
2026-05-03 14:34:50,905 - DEBUG - connection - The connection: l3_out has 0 equations.
2026-05-03 14:34:50,906 - DEBUG - connection - The connection: l4_out has 0 equations.
2026-05-03 14:34:50,906 - DEBUG - component - The component: af_boiler_cold_in of type FlowAmplifier has 1 equations.
2026-05-03 14:34:50,906 - DEBUG - component - The component: af_boiler_cold_out of type FlowAmplifier has 1 equations.
2026-05-03 14:34:50,906 - DEBUG - component - The component: af_boiler_hot_in of type FlowAmplifier has 1 equations.
2026-05-03 14:34:50,906 - DEBUG - component - The component: af_boiler_hot_out of type FlowAmplifier has 1 equations.
2026-05-03 14:34:50,906 - DEBUG - component - The component: af_reheater_cold_in of type FlowAmplifier has 1 equations.
2026-05-03 14:34:50,906 - DEBUG - component - The component: af_reheater_cold_out of type FlowAmplifier has 1 equations.
2026-05-03 14:34:50,906 - DEBUG - component - The component: af_reheater_hot_in of type FlowAmplifier has 1 equations.
2026-05-03 14:34:50,906 - DEBUG - component - The component: af_reheater_hot_out of type FlowAmplifier has 1 equations.
2026-05-03 14:34:50,906 - DEBUG - component - The component: af_solar_in of type FlowAmplifier has 1 equations.
2026-05-03 14:34:50,906 - DEBUG - component - The component: af_solar_out of type FlowAmplifier has 1 equations.
2026-05-03 14:34:50,906 - DEBUG - component - The component: air_compressor of type Compressor has 1 equations.
2026-05-03 14:34:50,906 - DEBUG - component - The component: air_source of type Source has 0 equations.
2026-05-03 14:34:50,906 - DEBUG - component - The component: cold_salt_tank of type HeatStorageTank has 2 equations.
2026-05-03 14:34:50,906 - DEBUG - component - The component: combustion of type DiabaticCombustionChamber has 2 equations.
2026-05-03 14:34:50,906 - DEBUG - component - The component: condense_pump of type Pump has 1 equations.
2026-05-03 14:34:50,906 - DEBUG - component - The component: condenser of type Condenser has 5 equations.
2026-05-03 14:34:50,906 - DEBUG - component - The component: cooling_water_sink of type Sink has 0 equations.
2026-05-03 14:34:50,906 - DEBUG - component - The component: cooling_water_source of type Source has 0 equations.
2026-05-03 14:34:50,906 - DEBUG - component - The component: deaerator of type Deaerator has 6 equations.
2026-05-03 14:34:50,906 - DEBUG - component - The component: deaerator_drain of type Sink has 0 equations.
2026-05-03 14:34:50,906 - DEBUG - component - The component: evaporator of type Evaporator has 4 equations.
2026-05-03 14:34:50,906 - DEBUG - component - The component: evaporator_drain of type Sink has 0 equations.
2026-05-03 14:34:50,906 - DEBUG - component - The component: evaporator_drum of type EvaporateTank has 5 equations.
2026-05-03 14:34:50,906 - DEBUG - component - The component: fuel_source of type Source has 0 equations.
2026-05-03 14:34:50,906 - DEBUG - component - The component: gas_sink of type Sink has 0 equations.
2026-05-03 14:34:50,906 - DEBUG - component - The component: gas_turbine of type Turbine has 1 equations.
2026-05-03 14:34:50,906 - DEBUG - component - The component: heatexchanger_a of type HeatExchanger has 4 equations.
2026-05-03 14:34:50,906 - DEBUG - component - The component: heatexchanger_b of type HeatExchanger has 4 equations.
2026-05-03 14:34:50,906 - DEBUG - component - The component: heatexchanger_c of type HeatExchanger has 3 equations.
2026-05-03 14:34:50,906 - DEBUG - component - The component: heatexchanger_d of type HeatExchanger has 4 equations.
2026-05-03 14:34:50,907 - DEBUG - component - The component: heatexchanger_e of type HeatExchanger has 4 equations.
2026-05-03 14:34:50,907 - DEBUG - component - The component: heatexchanger_f of type HeatExchanger has 4 equations.
2026-05-03 14:34:50,907 - DEBUG - component - The component: heatexchanger_g of type ExtractHeatExchanger has 5 equations.
2026-05-03 14:34:50,907 - DEBUG - component - The component: heatexchanger_h of type ExtractHeatExchanger has 5 equations.
2026-05-03 14:34:50,907 - DEBUG - component - The component: heatexchanger_i of type ExtractHeatExchanger has 5 equations.
2026-05-03 14:34:50,907 - DEBUG - component - The component: heatexchanger_j of type ExtractHeatExchanger has 5 equations.
2026-05-03 14:34:50,907 - DEBUG - component - The component: heatexchanger_k of type ExtractHeatExchanger has 5 equations.
2026-05-03 14:34:50,907 - DEBUG - component - The component: hot_salt_tank of type HeatStorageTank has 2 equations.
2026-05-03 14:34:50,907 - DEBUG - component - The component: hp_turbine1 of type Turbine has 1 equations.
2026-05-03 14:34:50,907 - DEBUG - component - The component: hp_turbine2 of type Turbine has 1 equations.
2026-05-03 14:34:50,907 - DEBUG - component - The component: lp_turbine1 of type Turbine has 1 equations.
2026-05-03 14:34:50,907 - DEBUG - component - The component: lp_turbine2 of type Turbine has 1 equations.
2026-05-03 14:34:50,907 - DEBUG - component - The component: lp_turbine3 of type Turbine has 1 equations.
2026-05-03 14:34:50,907 - DEBUG - component - The component: lp_turbine4 of type Turbine has 1 equations.
2026-05-03 14:34:50,907 - DEBUG - component - The component: lp_turbine5 of type Turbine has 1 equations.
2026-05-03 14:34:50,907 - DEBUG - component - The component: merge_12_13_21 of type Merge has 2 equations.
2026-05-03 14:34:50,907 - DEBUG - component - The component: merge_18_82_83 of type Merge has 2 equations.
2026-05-03 14:34:50,907 - DEBUG - component - The component: merge_36_80_81 of type Merge has 2 equations.
2026-05-03 14:34:50,907 - DEBUG - component - The component: merge_67_68_69 of type Merge has 2 equations.
2026-05-03 14:34:50,907 - DEBUG - component - The component: merge_7_9_10 of type Merge has 2 equations.
2026-05-03 14:34:50,907 - DEBUG - component - The component: merge_deaerator of type Merge has 2 equations.
2026-05-03 14:34:50,907 - DEBUG - component - The component: merge_heater_h of type Merge has 2 equations.
2026-05-03 14:34:50,907 - DEBUG - component - The component: merge_heater_j of type Merge has 2 equations.
2026-05-03 14:34:50,907 - DEBUG - component - The component: merge_heater_k of type Merge has 2 equations.
2026-05-03 14:34:50,907 - DEBUG - component - The component: oil_cycle_closer of type CycleCloser has 0 equations.
2026-05-03 14:34:50,907 - DEBUG - component - The component: oil_recycle_pump1 of type Pump has 1 equations.
2026-05-03 14:34:50,907 - DEBUG - component - The component: oil_recycle_pump2 of type Pump has 1 equations.
2026-05-03 14:34:50,907 - DEBUG - component - The component: salt_cycle_closer of type CycleCloser has 1 equations.
2026-05-03 14:34:50,907 - DEBUG - component - The component: solar_collector1 of type SolarCollector has 1 equations.
2026-05-03 14:34:50,908 - DEBUG - component - The component: solar_collector2 of type SolarCollector has 1 equations.
2026-05-03 14:34:50,908 - DEBUG - component - The component: solar_collector3 of type SolarCollector has 1 equations.
2026-05-03 14:34:50,908 - DEBUG - component - The component: solar_collector4 of type SolarCollector has 1 equations.
2026-05-03 14:34:50,908 - DEBUG - component - The component: splitter_10_11_12 of type Splitter has 1 equations.
2026-05-03 14:34:50,908 - DEBUG - component - The component: splitter_20_81_82 of type Splitter has 1 equations.
2026-05-03 14:34:50,908 - DEBUG - component - The component: splitter_21_22_23 of type Splitter has 1 equations.
2026-05-03 14:34:50,908 - DEBUG - component - The component: splitter_42_47_48 of type Splitter has 1 equations.
2026-05-03 14:34:50,908 - DEBUG - component - The component: splitter_6_84_85 of type Splitter has 1 equations.
2026-05-03 14:34:50,908 - DEBUG - component - The component: splitter_h1 of type Splitter has 1 equations.
2026-05-03 14:34:50,908 - DEBUG - component - The component: splitter_l1 of type Splitter has 1 equations.
2026-05-03 14:34:50,908 - DEBUG - component - The component: splitter_l2 of type Splitter has 1 equations.
2026-05-03 14:34:50,908 - DEBUG - component - The component: splitter_l3 of type Splitter has 1 equations.
2026-05-03 14:34:50,908 - DEBUG - component - The component: splitter_l4 of type Splitter has 1 equations.
2026-05-03 14:34:50,908 - DEBUG - component - The component: steam_cycle_closer of type CycleCloser has 0 equations.
2026-05-03 14:34:50,908 - DEBUG - component - The component: steam_recycle_pump of type Pump has 1 equations.
2026-05-03 14:34:50,908 - DEBUG - component - The component: valve_36 of type Valve has 0 equations.
2026-05-03 14:34:50,908 - DEBUG - component - The component: valve_50_51 of type Valve has 0 equations.
2026-05-03 14:34:50,908 - DEBUG - component - The component: valve_52_53 of type Valve has 0 equations.
2026-05-03 14:34:50,908 - DEBUG - component - The component: valve_69_71 of type Valve has 0 equations.
2026-05-03 14:34:50,908 - DEBUG - component - The component: valve_7 of type Valve has 0 equations.
2026-05-03 14:34:50,908 - DEBUG - component - The component: valve_73_74 of type Valve has 0 equations.
2026-05-03 14:34:50,908 - DEBUG - component - The component: valve_76_77 of type Valve has 0 equations.
2026-05-03 14:34:50,908 - DEBUG - component - The component: valve_80 of type Valve has 0 equations.
2026-05-03 14:34:50,908 - DEBUG - component - The component: valve_9 of type Valve has 0 equations.
2026-05-03 14:34:50,908 - DEBUG - component - The component: water_recycle_pump of type Pump has 1 equations.
2026-05-03 14:34:50,951 - DEBUG - network - ------presolve_batch: 1------
2026-05-03 14:34:50,951 - DEBUG - network - Has pre_solved equation: <component parameter>: Ki of FlowAmplifier: af_solar_out
2026-05-03 14:34:50,951 - DEBUG - network - Has pre_solved equation: <component constraint>: mass_flow_constraints of DiabaticCombustionChamber: combustion
2026-05-03 14:34:50,951 - DEBUG - network - Has pre_solved equation: <component parameter>: dp2 of Deaerator: deaerator
2026-05-03 14:34:50,951 - DEBUG - network - Has pre_solved equation: <component parameter>: T_in of HeatStorageTank: hot_salt_tank
2026-05-03 14:34:50,951 - DEBUG - network - Has pre_solved equation: <component parameter>: mass_conservation of CycleCloser: salt_cycle_closer
2026-05-03 14:34:50,951 - DEBUG - network - ------presolve_batch: 2------
2026-05-03 14:34:50,951 - DEBUG - network - Has pre_solved equation: <component parameter>: Ki of FlowAmplifier: af_solar_in
2026-05-03 14:34:50,951 - DEBUG - network - Has pre_solved equation: <component constraint>: saturated_liquid_constraints of Deaerator: deaerator
2026-05-03 14:34:50,951 - DEBUG - network - Has pre_solved equation: <component parameter>: dp1 of Deaerator: deaerator
2026-05-03 14:34:50,951 - DEBUG - network - Has pre_solved equation: <component parameter>: T_out of HeatStorageTank: hot_salt_tank
2026-05-03 14:34:50,953 - DEBUG - network - ------presolve_batch: 3------
2026-05-03 14:34:50,953 - DEBUG - network - Has pre_solved equation: <component constraint>: saturated_vapour_constraints of Deaerator: deaerator
2026-05-03 14:34:50,953 - DEBUG - network - ------presolve_batch: 4------
2026-05-03 14:34:50,953 - DEBUG - network - Has removed 10 pre_solved equations totally.
2026-05-03 14:34:50,953 - DEBUG - component - The component: af_boiler_cold_in of type FlowAmplifier has 0 variables.
2026-05-03 14:34:50,953 - DEBUG - component - The component: af_boiler_cold_out of type FlowAmplifier has 0 variables.
2026-05-03 14:34:50,953 - DEBUG - component - The component: af_boiler_hot_in of type FlowAmplifier has 0 variables.
2026-05-03 14:34:50,953 - DEBUG - component - The component: af_boiler_hot_out of type FlowAmplifier has 0 variables.
2026-05-03 14:34:50,953 - DEBUG - component - The component: af_reheater_cold_in of type FlowAmplifier has 0 variables.
2026-05-03 14:34:50,953 - DEBUG - component - The component: af_reheater_cold_out of type FlowAmplifier has 0 variables.
2026-05-03 14:34:50,953 - DEBUG - component - The component: af_reheater_hot_in of type FlowAmplifier has 0 variables.
2026-05-03 14:34:50,953 - DEBUG - component - The component: af_reheater_hot_out of type FlowAmplifier has 0 variables.
2026-05-03 14:34:50,953 - DEBUG - component - The component: af_solar_in of type FlowAmplifier has 0 variables.
2026-05-03 14:34:50,953 - DEBUG - component - The component: af_solar_out of type FlowAmplifier has 0 variables.
2026-05-03 14:34:50,953 - DEBUG - component - The component: air_compressor of type Compressor has 0 variables.
2026-05-03 14:34:50,953 - DEBUG - component - The component: air_source of type Source has 0 variables.
2026-05-03 14:34:50,953 - DEBUG - component - The component: cold_salt_tank of type HeatStorageTank has 0 variables.
2026-05-03 14:34:50,953 - DEBUG - component - The component: combustion of type DiabaticCombustionChamber has 0 variables.
2026-05-03 14:34:50,953 - DEBUG - component - The component: condense_pump of type Pump has 0 variables.
2026-05-03 14:34:50,953 - DEBUG - component - The component: condenser of type Condenser has 0 variables.
2026-05-03 14:34:50,953 - DEBUG - component - The component: cooling_water_sink of type Sink has 0 variables.
2026-05-03 14:34:50,953 - DEBUG - component - The component: cooling_water_source of type Source has 0 variables.
2026-05-03 14:34:50,953 - DEBUG - component - The component: deaerator of type Deaerator has 0 variables.
2026-05-03 14:34:50,953 - DEBUG - component - The component: deaerator_drain of type Sink has 0 variables.
2026-05-03 14:34:50,953 - DEBUG - component - The component: evaporator of type Evaporator has 0 variables.
2026-05-03 14:34:50,953 - DEBUG - component - The component: evaporator_drain of type Sink has 0 variables.
2026-05-03 14:34:50,953 - DEBUG - component - The component: evaporator_drum of type EvaporateTank has 0 variables.
2026-05-03 14:34:50,953 - DEBUG - component - The component: fuel_source of type Source has 0 variables.
2026-05-03 14:34:50,953 - DEBUG - component - The component: gas_sink of type Sink has 0 variables.
2026-05-03 14:34:50,953 - DEBUG - component - The component: gas_turbine of type Turbine has 0 variables.
2026-05-03 14:34:50,954 - DEBUG - component - The component: heatexchanger_a of type HeatExchanger has 0 variables.
2026-05-03 14:34:50,954 - DEBUG - component - The component: heatexchanger_b of type HeatExchanger has 0 variables.
2026-05-03 14:34:50,954 - DEBUG - component - The component: heatexchanger_c of type HeatExchanger has 0 variables.
2026-05-03 14:34:50,954 - DEBUG - component - The component: heatexchanger_d of type HeatExchanger has 0 variables.
2026-05-03 14:34:50,954 - DEBUG - component - The component: heatexchanger_e of type HeatExchanger has 0 variables.
2026-05-03 14:34:50,954 - DEBUG - component - The component: heatexchanger_f of type HeatExchanger has 0 variables.
2026-05-03 14:34:50,954 - DEBUG - component - The component: heatexchanger_g of type ExtractHeatExchanger has 0 variables.
2026-05-03 14:34:50,954 - DEBUG - component - The component: heatexchanger_h of type ExtractHeatExchanger has 0 variables.
2026-05-03 14:34:50,954 - DEBUG - component - The component: heatexchanger_i of type ExtractHeatExchanger has 0 variables.
2026-05-03 14:34:50,954 - DEBUG - component - The component: heatexchanger_j of type ExtractHeatExchanger has 0 variables.
2026-05-03 14:34:50,954 - DEBUG - component - The component: heatexchanger_k of type ExtractHeatExchanger has 0 variables.
2026-05-03 14:34:50,954 - DEBUG - component - The component: hot_salt_tank of type HeatStorageTank has 0 variables.
2026-05-03 14:34:50,954 - DEBUG - component - The component: hp_turbine1 of type Turbine has 0 variables.
2026-05-03 14:34:50,954 - DEBUG - component - The component: hp_turbine2 of type Turbine has 0 variables.
2026-05-03 14:34:50,954 - DEBUG - component - The component: lp_turbine1 of type Turbine has 0 variables.
2026-05-03 14:34:50,954 - DEBUG - component - The component: lp_turbine2 of type Turbine has 0 variables.
2026-05-03 14:34:50,954 - DEBUG - component - The component: lp_turbine3 of type Turbine has 0 variables.
2026-05-03 14:34:50,954 - DEBUG - component - The component: lp_turbine4 of type Turbine has 0 variables.
2026-05-03 14:34:50,954 - DEBUG - component - The component: lp_turbine5 of type Turbine has 0 variables.
2026-05-03 14:34:50,954 - DEBUG - component - The component: merge_12_13_21 of type Merge has 0 variables.
2026-05-03 14:34:50,954 - DEBUG - component - The component: merge_18_82_83 of type Merge has 0 variables.
2026-05-03 14:34:50,954 - DEBUG - component - The component: merge_36_80_81 of type Merge has 0 variables.
2026-05-03 14:34:50,954 - DEBUG - component - The component: merge_67_68_69 of type Merge has 0 variables.
2026-05-03 14:34:50,954 - DEBUG - component - The component: merge_7_9_10 of type Merge has 0 variables.
2026-05-03 14:34:50,954 - DEBUG - component - The component: merge_deaerator of type Merge has 0 variables.
2026-05-03 14:34:50,954 - DEBUG - component - The component: merge_heater_h of type Merge has 0 variables.
2026-05-03 14:34:50,954 - DEBUG - component - The component: merge_heater_j of type Merge has 0 variables.
2026-05-03 14:34:50,954 - DEBUG - component - The component: merge_heater_k of type Merge has 0 variables.
2026-05-03 14:34:50,954 - DEBUG - component - The component: oil_cycle_closer of type CycleCloser has 0 variables.
2026-05-03 14:34:50,954 - DEBUG - component - The component: oil_recycle_pump1 of type Pump has 0 variables.
2026-05-03 14:34:50,954 - DEBUG - component - The component: oil_recycle_pump2 of type Pump has 0 variables.
2026-05-03 14:34:50,954 - DEBUG - component - The component: salt_cycle_closer of type CycleCloser has 0 variables.
2026-05-03 14:34:50,954 - DEBUG - component - The component: solar_collector1 of type SolarCollector has 0 variables.
2026-05-03 14:34:50,954 - DEBUG - component - The component: solar_collector2 of type SolarCollector has 0 variables.
2026-05-03 14:34:50,954 - DEBUG - component - The component: solar_collector3 of type SolarCollector has 0 variables.
2026-05-03 14:34:50,954 - DEBUG - component - The component: solar_collector4 of type SolarCollector has 0 variables.
2026-05-03 14:34:50,954 - DEBUG - component - The component: splitter_10_11_12 of type Splitter has 0 variables.
2026-05-03 14:34:50,954 - DEBUG - component - The component: splitter_20_81_82 of type Splitter has 0 variables.
2026-05-03 14:34:50,954 - DEBUG - component - The component: splitter_21_22_23 of type Splitter has 0 variables.
2026-05-03 14:34:50,954 - DEBUG - component - The component: splitter_42_47_48 of type Splitter has 0 variables.
2026-05-03 14:34:50,955 - DEBUG - component - The component: splitter_6_84_85 of type Splitter has 0 variables.
2026-05-03 14:34:50,955 - DEBUG - component - The component: splitter_h1 of type Splitter has 0 variables.
2026-05-03 14:34:50,955 - DEBUG - component - The component: splitter_l1 of type Splitter has 0 variables.
2026-05-03 14:34:50,955 - DEBUG - component - The component: splitter_l2 of type Splitter has 0 variables.
2026-05-03 14:34:50,955 - DEBUG - component - The component: splitter_l3 of type Splitter has 0 variables.
2026-05-03 14:34:50,955 - DEBUG - component - The component: splitter_l4 of type Splitter has 0 variables.
2026-05-03 14:34:50,955 - DEBUG - component - The component: steam_cycle_closer of type CycleCloser has 0 variables.
2026-05-03 14:34:50,955 - DEBUG - component - The component: steam_recycle_pump of type Pump has 0 variables.
2026-05-03 14:34:50,955 - DEBUG - component - The component: valve_36 of type Valve has 0 variables.
2026-05-03 14:34:50,955 - DEBUG - component - The component: valve_50_51 of type Valve has 0 variables.
2026-05-03 14:34:50,955 - DEBUG - component - The component: valve_52_53 of type Valve has 0 variables.
2026-05-03 14:34:50,955 - DEBUG - component - The component: valve_69_71 of type Valve has 0 variables.
2026-05-03 14:34:50,955 - DEBUG - component - The component: valve_7 of type Valve has 0 variables.
2026-05-03 14:34:50,955 - DEBUG - component - The component: valve_73_74 of type Valve has 0 variables.
2026-05-03 14:34:50,955 - DEBUG - component - The component: valve_76_77 of type Valve has 0 variables.
2026-05-03 14:34:50,955 - DEBUG - component - The component: valve_80 of type Valve has 0 variables.
2026-05-03 14:34:50,955 - DEBUG - component - The component: valve_9 of type Valve has 0 variables.
2026-05-03 14:34:50,955 - DEBUG - component - The component: water_recycle_pump of type Pump has 0 variables.
2026-05-03 14:34:51,045 - INFO - network - ########----Network initialised----########
2026-05-03 14:34:51,045 - DEBUG - network - ------Equation Summarization------
2026-05-03 14:34:51,045 - DEBUG - network - Total number of equations: 123
2026-05-03 14:34:51,045 - DEBUG - network - Number of connection equations: 2.
2026-05-03 14:34:51,045 - DEBUG - network - Number of component equations: 131.
2026-05-03 14:34:51,045 - DEBUG - network - Number of bus equations: 0.
2026-05-03 14:34:51,045 - DEBUG - network - Number of user defined equations: 0.
2026-05-03 14:34:51,045 - DEBUG - network - Number of presolved equations: 10.
2026-05-03 14:34:51,045 - DEBUG - network - ------Variable Summarization------
2026-05-03 14:34:51,045 - DEBUG - network - Total number of variables: 123.
2026-05-03 14:34:51,045 - DEBUG - network - Number of component variables: 0.
2026-05-03 14:34:51,045 - DEBUG - network - Number of connection variables: 123.
2026-05-03 14:34:51,045 - DEBUG - network - Number of mass flow variables: 42.
2026-05-03 14:34:51,045 - DEBUG - network - Number of pressure variables: 25.
2026-05-03 14:34:51,045 - DEBUG - network - Number of enthalpy variables: 56.
2026-05-03 14:34:51,045 - DEBUG - network - ------Fluid Module Summarization------
2026-05-03 14:34:51,045 - DEBUG - network - Number of fluid composition equations: 6.
2026-05-03 14:34:51,045 - DEBUG - network - Number of fluid variables: 6.
2026-05-03 14:34:51,123 - DEBUG - network - 
##### VARIABLES #####
+-----+--------------------------------------------------------+-------------+-------------+---------+-----------+
|     | label                                                  |   min value |   max value | unit    |     scale |
|-----+--------------------------------------------------------+-------------+-------------+---------+-----------|
|   0 | <mass flow objective> of connection: c10               |   1.000e-05 |   1.000e+12 | kg / s  | 1.000e+00 |
|   1 | <mass flow objective> of connection: c11               |   1.000e-05 |   1.000e+12 | kg / s  | 1.000e+00 |
|   2 | <mass flow objective> of connection: c12               |   1.000e-05 |   1.000e+12 | kg / s  | 1.000e+00 |
|   3 | <mass flow objective> of connection: c13               |   1.000e-05 |   1.000e+12 | kg / s  | 1.000e+00 |
|   4 | <mass flow objective> of connection: c21               |   1.000e-05 |   1.000e+12 | kg / s  | 1.000e+00 |
|   5 | <mass flow objective> of connection: c22               |   1.000e-05 |   1.000e+12 | kg / s  | 1.000e+00 |
|   6 | <mass flow objective> of connection: c23               |   1.000e-05 |   1.000e+12 | kg / s  | 1.000e+00 |
|   7 | <mass flow objective> of connection: c24               |   1.000e-05 |   1.000e+12 | kg / s  | 1.000e+00 |
|   8 | <mass flow objective> of connection: c25               |   1.000e-05 |   1.000e+12 | kg / s  | 1.000e+00 |
|   9 | <mass flow objective> of connection: c28               |   1.000e-05 |   1.000e+12 | kg / s  | 1.000e+00 |
|  10 | <mass flow objective> of connection: c32               |   1.000e-05 |   1.000e+12 | kg / s  | 1.000e+00 |
|  11 | <mass flow objective> of connection: c36               |   1.000e-05 |   1.000e+12 | kg / s  | 1.000e+00 |
|  12 | <mass flow objective> of connection: c37               |   1.000e-05 |   1.000e+12 | kg / s  | 1.000e+00 |
|  13 | <mass flow objective> of connection: c38               |   1.000e-05 |   1.000e+12 | kg / s  | 1.000e+00 |
|  14 | <mass flow objective> of connection: c41               |   1.000e-05 |   1.000e+12 | kg / s  | 1.000e+00 |
|  15 | <mass flow objective> of connection: c42               |   1.000e-05 |   1.000e+12 | kg / s  | 1.000e+00 |
|  16 | <mass flow objective> of connection: c43               |   1.000e-05 |   1.000e+12 | kg / s  | 1.000e+00 |
|  17 | <mass flow objective> of connection: c44               |   1.000e-05 |   1.000e+12 | kg / s  | 1.000e+00 |
|  18 | <mass flow objective> of connection: c45               |   1.000e-05 |   1.000e+12 | kg / s  | 1.000e+00 |
|  19 | <mass flow objective> of connection: c46               |   1.000e-05 |   1.000e+12 | kg / s  | 1.000e+00 |
|  20 | <mass flow objective> of connection: c48               |   1.000e-05 |   1.000e+12 | kg / s  | 1.000e+00 |
|  21 | <mass flow objective> of connection: c52               |   1.000e-05 |   1.000e+12 | kg / s  | 1.000e+00 |
|  22 | <mass flow objective> of connection: c54               |   1.000e-05 |   1.000e+12 | kg / s  | 1.000e+00 |
|  23 | <mass flow objective> of connection: c56               |   1.000e-05 |   1.000e+12 | kg / s  | 1.000e+00 |
|  24 | <mass flow objective> of connection: c57               |   1.000e-05 |   1.000e+12 | kg / s  | 1.000e+00 |
|  25 | <mass flow objective> of connection: c58               |   1.000e-05 |   1.000e+12 | kg / s  | 1.000e+00 |
|  26 | <mass flow objective> of connection: c59               |   1.000e-05 |   1.000e+12 | kg / s  | 1.000e+00 |
|  27 | <mass flow objective> of connection: c6                |   1.000e-05 |   1.000e+12 | kg / s  | 1.000e+00 |
|  28 | <mass flow objective> of connection: c60               |   1.000e-05 |   1.000e+12 | kg / s  | 1.000e+00 |
|  29 | <mass flow objective> of connection: c61               |   1.000e-05 |   1.000e+12 | kg / s  | 1.000e+00 |
|  30 | <mass flow objective> of connection: c62               |   1.000e-05 |   1.000e+12 | kg / s  | 1.000e+00 |
|  31 | <mass flow objective> of connection: c63               |   1.000e-05 |   1.000e+12 | kg / s  | 1.000e+00 |
|  32 | <mass flow objective> of connection: c65               |   1.000e-05 |   1.000e+12 | kg / s  | 1.000e+00 |
|  33 | <mass flow objective> of connection: c68               |   1.000e-05 |   1.000e+12 | kg / s  | 1.000e+00 |
|  34 | <mass flow objective> of connection: c69               |   1.000e-05 |   1.000e+12 | kg / s  | 1.000e+00 |
|  35 | <mass flow objective> of connection: c73               |   1.000e-05 |   1.000e+12 | kg / s  | 1.000e+00 |
|  36 | <mass flow objective> of connection: c80               |   1.000e-05 |   1.000e+12 | kg / s  | 1.000e+00 |
|  37 | <mass flow objective> of connection: c81               |   1.000e-05 |   1.000e+12 | kg / s  | 1.000e+00 |
|  38 | <mass flow objective> of connection: c82               |   1.000e-05 |   1.000e+12 | kg / s  | 1.000e+00 |
|  39 | <mass flow objective> of connection: c83               |   1.000e-05 |   1.000e+12 | kg / s  | 1.000e+00 |
|  40 | <mass flow objective> of connection: d84               |   1.000e-05 |   1.000e+12 | kg / s  | 1.000e+00 |
|  41 | <mass flow objective> of connection: deaerator_cold_in |   1.000e-05 |   1.000e+12 | kg / s  | 1.000e+00 |
|  42 | <pressure objective> of connection: c10                |   1.000e-02 |   4.995e+02 | bar     | 1.000e+05 |
|  43 | <pressure objective> of connection: c16                |   1.000e-02 |   4.995e+02 | bar     | 1.000e+05 |
|  44 | <pressure objective> of connection: c18                |   1.000e-02 |   4.995e+02 | bar     | 1.000e+05 |
|  45 | <pressure objective> of connection: c26                |   1.000e-02 |   4.995e+02 | bar     | 1.000e+05 |
|  46 | <pressure objective> of connection: c27                |   6.123e-03 |   9.990e+03 | bar     | 1.000e+05 |
|  47 | <pressure objective> of connection: c29                |   6.123e-03 |   9.990e+03 | bar     | 1.000e+05 |
|  48 | <pressure objective> of connection: c33                |   1.000e-02 |   4.995e+02 | bar     | 1.000e+05 |
|  49 | <pressure objective> of connection: c34                |   1.000e-02 |   4.995e+02 | bar     | 1.000e+05 |
|  50 | <pressure objective> of connection: c35                |   6.123e-03 |   9.990e+03 | bar     | 1.000e+05 |
|  51 | <pressure objective> of connection: c38                |   6.123e-03 |   9.990e+03 | bar     | 1.000e+05 |
|  52 | <pressure objective> of connection: c39                |   1.000e-02 |   4.995e+02 | bar     | 1.000e+05 |
|  53 | <pressure objective> of connection: c49                |   6.123e-03 |   9.990e+03 | bar     | 1.000e+05 |
|  54 | <pressure objective> of connection: c50                |   6.123e-03 |   9.990e+03 | bar     | 1.000e+05 |
|  55 | <pressure objective> of connection: c52                |   6.123e-03 |   9.990e+03 | bar     | 1.000e+05 |
|  56 | <pressure objective> of connection: c55                |   6.123e-03 |   9.990e+03 | bar     | 1.000e+05 |
|  57 | <pressure objective> of connection: c65                |   6.123e-03 |   9.990e+03 | bar     | 1.000e+05 |
|  58 | <pressure objective> of connection: c67                |   6.123e-03 |   9.990e+03 | bar     | 1.000e+05 |
|  59 | <pressure objective> of connection: c7                 |   1.000e-02 |   4.995e+02 | bar     | 1.000e+05 |
|  60 | <pressure objective> of connection: c70                |   6.123e-03 |   9.990e+03 | bar     | 1.000e+05 |
|  61 | <pressure objective> of connection: c71                |   6.123e-03 |   9.990e+03 | bar     | 1.000e+05 |
|  62 | <pressure objective> of connection: c72                |   6.123e-03 |   9.990e+03 | bar     | 1.000e+05 |
|  63 | <pressure objective> of connection: c74                |   6.123e-03 |   9.990e+03 | bar     | 1.000e+05 |
|  64 | <pressure objective> of connection: c75                |   6.123e-03 |   9.990e+03 | bar     | 1.000e+05 |
|  65 | <pressure objective> of connection: c77                |   6.123e-03 |   9.990e+03 | bar     | 1.000e+05 |
|  66 | <pressure objective> of connection: c8                 |   1.000e-02 |   7.992e+02 | bar     | 1.000e+05 |
|  67 | <enthalpy objective> of connection: c10                |   1.000e+00 |   7.000e+03 | kJ / kg | 1.000e+05 |
|  68 | <enthalpy objective> of connection: c13                |   1.000e+00 |   7.000e+03 | kJ / kg | 1.000e+05 |
|  69 | <enthalpy objective> of connection: c16                |   1.000e+00 |   7.000e+03 | kJ / kg | 1.000e+05 |
|  70 | <enthalpy objective> of connection: c17                |   1.000e+00 |   7.000e+03 | kJ / kg | 1.000e+05 |
|  71 | <enthalpy objective> of connection: c18                |   1.000e+00 |   7.000e+03 | kJ / kg | 1.000e+05 |
|  72 | <enthalpy objective> of connection: c19                |   9.778e+02 |   1.914e+03 | kJ / kg | 1.000e+05 |
|  73 | <enthalpy objective> of connection: c20                |   1.000e+00 |   7.000e+03 | kJ / kg | 1.000e+05 |
|  74 | <enthalpy objective> of connection: c21                |   1.000e+00 |   7.000e+03 | kJ / kg | 1.000e+05 |
|  75 | <enthalpy objective> of connection: c25                |   2.567e+01 |   6.523e+03 | kJ / kg | 1.000e+05 |
|  76 | <enthalpy objective> of connection: c26                |   1.000e+00 |   7.000e+03 | kJ / kg | 1.000e+05 |
|  77 | <enthalpy objective> of connection: c27                |   1.000e+00 |   7.000e+03 | kJ / kg | 1.000e+05 |
|  78 | <enthalpy objective> of connection: c28                |   1.000e+00 |   7.000e+03 | kJ / kg | 1.000e+05 |
|  79 | <enthalpy objective> of connection: c29                |   1.000e+00 |   7.000e+03 | kJ / kg | 1.000e+05 |
|  80 | <enthalpy objective> of connection: c3                 |   1.000e+00 |   7.000e+03 | kJ / kg | 1.000e+05 |
|  81 | <enthalpy objective> of connection: c30                |   1.000e+00 |   7.000e+03 | kJ / kg | 1.000e+05 |
|  82 | <enthalpy objective> of connection: c32                |   1.000e+00 |   7.000e+03 | kJ / kg | 1.000e+05 |
|  83 | <enthalpy objective> of connection: c33                |   1.000e+00 |   7.000e+03 | kJ / kg | 1.000e+05 |
|  84 | <enthalpy objective> of connection: c34                |   1.000e+00 |   7.000e+03 | kJ / kg | 1.000e+05 |
|  85 | <enthalpy objective> of connection: c35                |   1.000e+00 |   7.000e+03 | kJ / kg | 1.000e+05 |
|  86 | <enthalpy objective> of connection: c38                |   1.000e+00 |   7.000e+03 | kJ / kg | 1.000e+05 |
|  87 | <enthalpy objective> of connection: c39                |   1.000e+00 |   7.000e+03 | kJ / kg | 1.000e+05 |
|  88 | <enthalpy objective> of connection: c4                 |   1.000e+00 |   7.000e+03 | kJ / kg | 1.000e+05 |
|  89 | <enthalpy objective> of connection: c40                |   1.738e+01 |   6.528e+03 | kJ / kg | 1.000e+05 |
|  90 | <enthalpy objective> of connection: c45                |   1.972e+01 |   6.526e+03 | kJ / kg | 1.000e+05 |
|  91 | <enthalpy objective> of connection: c49                |   1.000e+00 |   7.000e+03 | kJ / kg | 1.000e+05 |
|  92 | <enthalpy objective> of connection: c5                 |   1.000e+00 |   7.000e+03 | kJ / kg | 1.000e+05 |
|  93 | <enthalpy objective> of connection: c50                |   1.000e+00 |   7.000e+03 | kJ / kg | 1.000e+05 |
|  94 | <enthalpy objective> of connection: c52                |   1.633e+01 |   6.528e+03 | kJ / kg | 1.000e+05 |
|  95 | <enthalpy objective> of connection: c55                |   1.000e+00 |   7.000e+03 | kJ / kg | 1.000e+05 |
|  96 | <enthalpy objective> of connection: c56                |   1.633e+01 |   6.528e+03 | kJ / kg | 1.000e+05 |
|  97 | <enthalpy objective> of connection: c58                |   1.598e+01 |   6.529e+03 | kJ / kg | 1.000e+05 |
|  98 | <enthalpy objective> of connection: c6                 |   9.773e+02 |   1.806e+03 | kJ / kg | 1.000e+05 |
|  99 | <enthalpy objective> of connection: c60                |   1.585e+01 |   6.529e+03 | kJ / kg | 1.000e+05 |
| 100 | <enthalpy objective> of connection: c62                |   1.579e+01 |   6.529e+03 | kJ / kg | 1.000e+05 |
| 101 | <enthalpy objective> of connection: c64                |   1.573e+01 |   6.529e+03 | kJ / kg | 1.000e+05 |
| 102 | <enthalpy objective> of connection: c65                |   1.000e+00 |   7.000e+03 | kJ / kg | 1.000e+05 |
| 103 | <enthalpy objective> of connection: c67                |   1.000e+00 |   7.000e+03 | kJ / kg | 1.000e+05 |
| 104 | <enthalpy objective> of connection: c68                |   1.000e+00 |   7.000e+03 | kJ / kg | 1.000e+05 |
| 105 | <enthalpy objective> of connection: c69                |   1.000e+00 |   7.000e+03 | kJ / kg | 1.000e+05 |
| 106 | <enthalpy objective> of connection: c7                 |   1.000e+00 |   7.000e+03 | kJ / kg | 1.000e+05 |
| 107 | <enthalpy objective> of connection: c70                |   1.000e+00 |   7.000e+03 | kJ / kg | 1.000e+05 |
| 108 | <enthalpy objective> of connection: c72                |   1.000e+00 |   7.000e+03 | kJ / kg | 1.000e+05 |
| 109 | <enthalpy objective> of connection: c73                |   1.000e+00 |   7.000e+03 | kJ / kg | 1.000e+05 |
| 110 | <enthalpy objective> of connection: c75                |   1.000e+00 |   7.000e+03 | kJ / kg | 1.000e+05 |
| 111 | <enthalpy objective> of connection: c76                |   1.000e+00 |   7.000e+03 | kJ / kg | 1.000e+05 |
| 112 | <enthalpy objective> of connection: c78                |   1.633e+01 |   6.528e+03 | kJ / kg | 1.000e+05 |
| 113 | <enthalpy objective> of connection: c8                 |   1.000e+00 |   7.000e+03 | kJ / kg | 1.000e+05 |
| 114 | <enthalpy objective> of connection: c83                |   1.000e+00 |   7.000e+03 | kJ / kg | 1.000e+05 |
| 115 | <enthalpy objective> of connection: c87                |   9.774e+02 |   1.806e+03 | kJ / kg | 1.000e+05 |
| 116 | <enthalpy objective> of connection: c88                |   9.774e+02 |   1.806e+03 | kJ / kg | 1.000e+05 |
| 117 | <enthalpy objective> of connection: c89                |   9.775e+02 |   1.806e+03 | kJ / kg | 1.000e+05 |
| 118 | <enthalpy objective> of connection: c9                 |   1.000e+00 |   7.000e+03 | kJ / kg | 1.000e+05 |
| 119 | <enthalpy objective> of connection: deaerator_cold_in  |   1.633e+01 |   6.528e+03 | kJ / kg | 1.000e+05 |
| 120 | <enthalpy objective> of connection: heater_h_hot_in    |   1.000e+00 |   7.000e+03 | kJ / kg | 1.000e+05 |
| 121 | <enthalpy objective> of connection: heater_j_hot_in    |   1.585e+01 |   6.529e+03 | kJ / kg | 1.000e+05 |
| 122 | <enthalpy objective> of connection: heater_k_hot_in    |   1.579e+01 |   6.529e+03 | kJ / kg | 1.000e+05 |
+-----+--------------------------------------------------------+-------------+-------------+---------+-----------+
##### EQUATIONS #####
+-----+--------------------------------------------------------------------------------------+-----------+
|     | label                                                                                |     scale |
|-----+--------------------------------------------------------------------------------------+-----------|
|   0 | <connection property>: m_ref of c22                                                  | 1.000e+00 |
|   1 | <connection property>: m_ref of c48                                                  | 1.000e+00 |
|   2 | <component parameter>: Ki of FlowAmplifier: af_boiler_cold_in                        | 1.000e+00 |
|   3 | <component parameter>: Ki of FlowAmplifier: af_boiler_cold_out                       | 1.000e+00 |
|   4 | <component parameter>: Ki of FlowAmplifier: af_boiler_hot_in                         | 1.000e+00 |
|   5 | <component parameter>: Ki of FlowAmplifier: af_boiler_hot_out                        | 1.000e+00 |
|   6 | <component parameter>: Ki of FlowAmplifier: af_reheater_cold_in                      | 1.000e+00 |
|   7 | <component parameter>: Ki of FlowAmplifier: af_reheater_cold_out                     | 1.000e+00 |
|   8 | <component parameter>: Ki of FlowAmplifier: af_reheater_hot_in                       | 1.000e+00 |
|   9 | <component parameter>: Ki of FlowAmplifier: af_reheater_hot_out                      | 1.000e+00 |
|  10 | <component parameter>: eta_s of Compressor: air_compressor                           | 1.000e+05 |
|  11 | <component parameter>: T_in of HeatStorageTank: cold_salt_tank                       | 1.000e+01 |
|  12 | <component parameter>: T_out of HeatStorageTank: cold_salt_tank                      | 1.000e+01 |
|  13 | <component parameter>: eta of DiabaticCombustionChamber: combustion                  | 1.000e+05 |
|  14 | <component parameter>: eta_s of Pump: condense_pump                                  | 1.000e+05 |
|  15 | <component parameter>: KDTA of Condenser: condenser                                  | 1.000e+05 |
|  16 | <component parameter>: KDTA of Condenser: condenser                                  | 1.000e+05 |
|  17 | <component parameter>: dp1 of Condenser: condenser                                   | 1.000e+05 |
|  18 | <component parameter>: dp2 of Condenser: condenser                                   | 1.000e+05 |
|  19 | <component parameter>: subcooling of Condenser: condenser                            | 1.000e+05 |
|  20 | <component constraint>: mass_flow_constraints of Deaerator: deaerator                | 1.000e+00 |
|  21 | <component constraint>: energy_balance_constraints of Deaerator: deaerator           | 1.000e+05 |
|  22 | <component parameter>: KDTA of Evaporator: evaporator                                | 1.000e+05 |
|  23 | <component parameter>: KDTA of Evaporator: evaporator                                | 1.000e+05 |
|  24 | <component parameter>: dp1 of Evaporator: evaporator                                 | 1.000e+05 |
|  25 | <component parameter>: dp2 of Evaporator: evaporator                                 | 1.000e+05 |
|  26 | <component constraint>: mass_flow_constraints of EvaporateTank: evaporator_drum      | 1.000e+00 |
|  27 | <component constraint>: energy_balance_constraints of EvaporateTank: evaporator_drum | 1.000e+05 |
|  28 | <component constraint>: outlet_constraints1 of EvaporateTank: evaporator_drum        | 1.000e+05 |
|  29 | <component constraint>: outlet_constraints2 of EvaporateTank: evaporator_drum        | 1.000e+05 |
|  30 | <component parameter>: Ki of EvaporateTank: evaporator_drum                          | 1.000e+00 |
|  31 | <component parameter>: eta_s of Turbine: gas_turbine                                 | 1.000e+05 |
|  32 | <component parameter>: KDTA of HeatExchanger: heatexchanger_a                        | 1.000e+05 |
|  33 | <component parameter>: KDTA of HeatExchanger: heatexchanger_a                        | 1.000e+05 |
|  34 | <component parameter>: dp1 of HeatExchanger: heatexchanger_a                         | 1.000e+05 |
|  35 | <component parameter>: dp2 of HeatExchanger: heatexchanger_a                         | 1.000e+05 |
|  36 | <component parameter>: KDTA of HeatExchanger: heatexchanger_b                        | 1.000e+05 |
|  37 | <component parameter>: KDTA of HeatExchanger: heatexchanger_b                        | 1.000e+05 |
|  38 | <component parameter>: dp1 of HeatExchanger: heatexchanger_b                         | 1.000e+05 |
|  39 | <component parameter>: dp2 of HeatExchanger: heatexchanger_b                         | 1.000e+05 |
|  40 | <component parameter>: KDTA of HeatExchanger: heatexchanger_c                        | 1.000e+05 |
|  41 | <component parameter>: KDTA of HeatExchanger: heatexchanger_c                        | 1.000e+05 |
|  42 | <component parameter>: dp2 of HeatExchanger: heatexchanger_c                         | 1.000e+05 |
|  43 | <component parameter>: KDTA of HeatExchanger: heatexchanger_d                        | 1.000e+05 |
|  44 | <component parameter>: KDTA of HeatExchanger: heatexchanger_d                        | 1.000e+05 |
|  45 | <component parameter>: dp1 of HeatExchanger: heatexchanger_d                         | 1.000e+05 |
|  46 | <component parameter>: dp2 of HeatExchanger: heatexchanger_d                         | 1.000e+05 |
|  47 | <component parameter>: KDTA of HeatExchanger: heatexchanger_e                        | 1.000e+05 |
|  48 | <component parameter>: KDTA of HeatExchanger: heatexchanger_e                        | 1.000e+05 |
|  49 | <component parameter>: dp1 of HeatExchanger: heatexchanger_e                         | 1.000e+05 |
|  50 | <component parameter>: dp2 of HeatExchanger: heatexchanger_e                         | 1.000e+05 |
|  51 | <component parameter>: KDTA of HeatExchanger: heatexchanger_f                        | 1.000e+05 |
|  52 | <component parameter>: KDTA of HeatExchanger: heatexchanger_f                        | 1.000e+05 |
|  53 | <component parameter>: dp1 of HeatExchanger: heatexchanger_f                         | 1.000e+05 |
|  54 | <component parameter>: dp2 of HeatExchanger: heatexchanger_f                         | 1.000e+05 |
|  55 | <component parameter>: KDTA of ExtractHeatExchanger: heatexchanger_g                 | 1.000e+05 |
|  56 | <component parameter>: KDTA of ExtractHeatExchanger: heatexchanger_g                 | 1.000e+05 |
|  57 | <component parameter>: dp1 of ExtractHeatExchanger: heatexchanger_g                  | 1.000e+05 |
|  58 | <component parameter>: dp2 of ExtractHeatExchanger: heatexchanger_g                  | 1.000e+05 |
|  59 | <component parameter>: saturated_cooling of ExtractHeatExchanger: heatexchanger_g    | 1.000e+05 |
|  60 | <component parameter>: KDTA of ExtractHeatExchanger: heatexchanger_h                 | 1.000e+05 |
|  61 | <component parameter>: KDTA of ExtractHeatExchanger: heatexchanger_h                 | 1.000e+05 |
|  62 | <component parameter>: dp1 of ExtractHeatExchanger: heatexchanger_h                  | 1.000e+05 |
|  63 | <component parameter>: dp2 of ExtractHeatExchanger: heatexchanger_h                  | 1.000e+05 |
|  64 | <component parameter>: saturated_cooling of ExtractHeatExchanger: heatexchanger_h    | 1.000e+05 |
|  65 | <component parameter>: KDTA of ExtractHeatExchanger: heatexchanger_i                 | 1.000e+05 |
|  66 | <component parameter>: KDTA of ExtractHeatExchanger: heatexchanger_i                 | 1.000e+05 |
|  67 | <component parameter>: dp1 of ExtractHeatExchanger: heatexchanger_i                  | 1.000e+05 |
|  68 | <component parameter>: dp2 of ExtractHeatExchanger: heatexchanger_i                  | 1.000e+05 |
|  69 | <component parameter>: saturated_cooling of ExtractHeatExchanger: heatexchanger_i    | 1.000e+05 |
|  70 | <component parameter>: KDTA of ExtractHeatExchanger: heatexchanger_j                 | 1.000e+05 |
|  71 | <component parameter>: KDTA of ExtractHeatExchanger: heatexchanger_j                 | 1.000e+05 |
|  72 | <component parameter>: dp1 of ExtractHeatExchanger: heatexchanger_j                  | 1.000e+05 |
|  73 | <component parameter>: dp2 of ExtractHeatExchanger: heatexchanger_j                  | 1.000e+05 |
|  74 | <component parameter>: saturated_cooling of ExtractHeatExchanger: heatexchanger_j    | 1.000e+05 |
|  75 | <component parameter>: KDTA of ExtractHeatExchanger: heatexchanger_k                 | 1.000e+05 |
|  76 | <component parameter>: KDTA of ExtractHeatExchanger: heatexchanger_k                 | 1.000e+05 |
|  77 | <component parameter>: dp1 of ExtractHeatExchanger: heatexchanger_k                  | 1.000e+05 |
|  78 | <component parameter>: dp2 of ExtractHeatExchanger: heatexchanger_k                  | 1.000e+05 |
|  79 | <component parameter>: saturated_cooling of ExtractHeatExchanger: heatexchanger_k    | 1.000e+05 |
|  80 | <component parameter>: eta_s of Turbine: hp_turbine1                                 | 1.000e+05 |
|  81 | <component parameter>: eta_s of Turbine: hp_turbine2                                 | 1.000e+05 |
|  82 | <component parameter>: eta_s of Turbine: lp_turbine1                                 | 1.000e+05 |
|  83 | <component parameter>: eta_s of Turbine: lp_turbine2                                 | 1.000e+05 |
|  84 | <component parameter>: eta_s of Turbine: lp_turbine3                                 | 1.000e+05 |
|  85 | <component parameter>: eta_s of Turbine: lp_turbine4                                 | 1.000e+05 |
|  86 | <component parameter>: eta_s of Turbine: lp_turbine5                                 | 1.000e+05 |
|  87 | <component constraint>: mass_flow_constraints of Merge: merge_12_13_21               | 1.000e+00 |
|  88 | <component constraint>: energy_balance_constraints of Merge: merge_12_13_21          | 1.000e+05 |
|  89 | <component constraint>: mass_flow_constraints of Merge: merge_18_82_83               | 1.000e+00 |
|  90 | <component constraint>: energy_balance_constraints of Merge: merge_18_82_83          | 1.000e+05 |
|  91 | <component constraint>: mass_flow_constraints of Merge: merge_36_80_81               | 1.000e+00 |
|  92 | <component constraint>: energy_balance_constraints of Merge: merge_36_80_81          | 1.000e+05 |
|  93 | <component constraint>: mass_flow_constraints of Merge: merge_67_68_69               | 1.000e+00 |
|  94 | <component constraint>: energy_balance_constraints of Merge: merge_67_68_69          | 1.000e+05 |
|  95 | <component constraint>: mass_flow_constraints of Merge: merge_7_9_10                 | 1.000e+00 |
|  96 | <component constraint>: energy_balance_constraints of Merge: merge_7_9_10            | 1.000e+05 |
|  97 | <component constraint>: mass_flow_constraints of Merge: merge_deaerator              | 1.000e+00 |
|  98 | <component constraint>: energy_balance_constraints of Merge: merge_deaerator         | 1.000e+05 |
|  99 | <component constraint>: mass_flow_constraints of Merge: merge_heater_h               | 1.000e+00 |
| 100 | <component constraint>: energy_balance_constraints of Merge: merge_heater_h          | 1.000e+05 |
| 101 | <component constraint>: mass_flow_constraints of Merge: merge_heater_j               | 1.000e+00 |
| 102 | <component constraint>: energy_balance_constraints of Merge: merge_heater_j          | 1.000e+05 |
| 103 | <component constraint>: mass_flow_constraints of Merge: merge_heater_k               | 1.000e+00 |
| 104 | <component constraint>: energy_balance_constraints of Merge: merge_heater_k          | 1.000e+05 |
| 105 | <component parameter>: eta_s of Pump: oil_recycle_pump1                              | 1.000e+05 |
| 106 | <component parameter>: eta_s of Pump: oil_recycle_pump2                              | 1.000e+05 |
| 107 | <component parameter>: energy of SolarCollector: solar_collector1                    | 1.000e+05 |
| 108 | <component parameter>: energy of SolarCollector: solar_collector2                    | 1.000e+05 |
| 109 | <component parameter>: energy of SolarCollector: solar_collector3                    | 1.000e+05 |
| 110 | <component parameter>: energy of SolarCollector: solar_collector4                    | 1.000e+05 |
| 111 | <component constraint>: mass_flow_constraints of Splitter: splitter_10_11_12         | 1.000e+00 |
| 112 | <component constraint>: mass_flow_constraints of Splitter: splitter_20_81_82         | 1.000e+00 |
| 113 | <component constraint>: mass_flow_constraints of Splitter: splitter_21_22_23         | 1.000e+00 |
| 114 | <component constraint>: mass_flow_constraints of Splitter: splitter_42_47_48         | 1.000e+00 |
| 115 | <component constraint>: mass_flow_constraints of Splitter: splitter_6_84_85          | 1.000e+00 |
| 116 | <component constraint>: mass_flow_constraints of Splitter: splitter_h1               | 1.000e+00 |
| 117 | <component constraint>: mass_flow_constraints of Splitter: splitter_l1               | 1.000e+00 |
| 118 | <component constraint>: mass_flow_constraints of Splitter: splitter_l2               | 1.000e+00 |
| 119 | <component constraint>: mass_flow_constraints of Splitter: splitter_l3               | 1.000e+00 |
| 120 | <component constraint>: mass_flow_constraints of Splitter: splitter_l4               | 1.000e+00 |
| 121 | <component parameter>: eta_s of Pump: steam_recycle_pump                             | 1.000e+05 |
| 122 | <component parameter>: eta_s of Pump: water_recycle_pump                             | 1.000e+05 |
+-----+--------------------------------------------------------------------------------------+-----------+
##### FLUID VARIABLES #####
+----+-------------------------------------+---------------------+
|    | label                               | fluid composition   |
|----+-------------------------------------+---------------------|
|  0 | <fluid objective> of connection: c4 | CH4                 |
|  1 | <fluid objective> of connection: c4 | N2                  |
|  2 | <fluid objective> of connection: c4 | O2                  |
|  3 | <fluid objective> of connection: c4 | H2O                 |
|  4 | <fluid objective> of connection: c4 | Ar                  |
|  5 | <fluid objective> of connection: c4 | CO2                 |
+----+-------------------------------------+---------------------+
##### FLUID EQUATIONS #####
+----+------------------------------------------------------------------------------------------------+---------------------+
|    | label                                                                                          | fluid composition   |
|----+------------------------------------------------------------------------------------------------+---------------------|
|  0 | fluid composition equation: stoichiometry_constraints of DiabaticCombustionChamber: combustion | CH4                 |
|  1 | fluid composition equation: stoichiometry_constraints of DiabaticCombustionChamber: combustion | O2                  |
|  2 | fluid composition equation: stoichiometry_constraints of DiabaticCombustionChamber: combustion | N2                  |
|  3 | fluid composition equation: stoichiometry_constraints of DiabaticCombustionChamber: combustion | H2O                 |
|  4 | fluid composition equation: stoichiometry_constraints of DiabaticCombustionChamber: combustion | Ar                  |
|  5 | fluid composition equation: stoichiometry_constraints of DiabaticCombustionChamber: combustion | CO2                 |
+----+------------------------------------------------------------------------------------------------+---------------------+
2026-05-03 14:34:51,151 - DEBUG - network - 
##### TEMPERATURE BOUNDS #####
+-------------------+-------------+-------------+--------+
|                   |   min value |   max value | unit   |
|-------------------+-------------+-------------+--------|
| c10               |   1.536e+01 |   4.131e+02 | C      |
| c11               |   1.536e+01 |   4.131e+02 | C      |
| c12               |   1.536e+01 |   4.131e+02 | C      |
| c13               |   1.536e+01 |   4.131e+02 | C      |
| c16               |   2.350e+02 |   5.684e+02 | C      |
| c17               |   2.350e+02 |   5.684e+02 | C      |
| c18               |   1.536e+01 |   4.131e+02 | C      |
| c19               |   1.536e+01 |   4.131e+02 | C      |
| c20               |   1.536e+01 |   4.131e+02 | C      |
| c21               |   1.536e+01 |   4.131e+02 | C      |
| c22               |   1.536e+01 |   4.131e+02 | C      |
| c23               |   1.536e+01 |   4.131e+02 | C      |
| c24               |   1.536e+01 |   4.131e+02 | C      |
| c25               |   2.742e+00 |   1.707e+03 | C      |
| c26               |   1.536e+01 |   4.131e+02 | C      |
| c27               |   2.742e+00 |   1.707e+03 | C      |
| c28               |   2.742e+00 |   1.707e+03 | C      |
| c29               |   2.742e+00 |   1.707e+03 | C      |
| c3                |   2.850e+00 |   1.707e+03 | C      |
| c30               |   2.742e+00 |   1.707e+03 | C      |
| c31               |   2.742e+00 |   1.707e+03 | C      |
| c32               |   2.742e+00 |   1.707e+03 | C      |
| c33               |   1.536e+01 |   4.131e+02 | C      |
| c34               |   1.536e+01 |   4.131e+02 | C      |
| c35               |   2.742e+00 |   1.707e+03 | C      |
| c36               |   1.536e+01 |   4.131e+02 | C      |
| c37               |   1.536e+01 |   4.131e+02 | C      |
| c38               |   2.742e+00 |   1.707e+03 | C      |
| c39               |   1.536e+01 |   4.131e+02 | C      |
| c4                |   2.850e+00 |   1.707e+03 | C      |
| c40               |   2.742e+00 |   1.707e+03 | C      |
| c41               |   2.742e+00 |   1.707e+03 | C      |
| c42               |   2.742e+00 |   1.707e+03 | C      |
| c43               |   2.742e+00 |   1.707e+03 | C      |
| c44               |   2.742e+00 |   1.707e+03 | C      |
| c45               |   2.742e+00 |   1.707e+03 | C      |
| c46               |   2.742e+00 |   1.707e+03 | C      |
| c47               |   2.742e+00 |   1.707e+03 | C      |
| c48               |   2.742e+00 |   1.707e+03 | C      |
| c49               |   2.742e+00 |   1.707e+03 | C      |
| c5                |   2.850e+00 |   1.707e+03 | C      |
| c50               |   2.742e+00 |   1.707e+03 | C      |
| c51               |   2.742e+00 |   1.707e+03 | C      |
| c52               |   2.742e+00 |   1.707e+03 | C      |
| c53               |   2.742e+00 |   1.707e+03 | C      |
| c55               |   2.742e+00 |   1.707e+03 | C      |
| c56               |   2.742e+00 |   1.707e+03 | C      |
| c57               |   2.742e+00 |   1.707e+03 | C      |
| c58               |   2.742e+00 |   1.707e+03 | C      |
| c59               |   2.742e+00 |   1.707e+03 | C      |
| c6                |   1.536e+01 |   4.131e+02 | C      |
| c60               |   2.742e+00 |   1.707e+03 | C      |
| c61               |   2.742e+00 |   1.707e+03 | C      |
| c62               |   2.742e+00 |   1.707e+03 | C      |
| c63               |   2.742e+00 |   1.707e+03 | C      |
| c64               |   2.742e+00 |   1.707e+03 | C      |
| c65               |   2.742e+00 |   1.707e+03 | C      |
| c67               |   2.742e+00 |   1.707e+03 | C      |
| c68               |   2.742e+00 |   1.707e+03 | C      |
| c69               |   2.742e+00 |   1.707e+03 | C      |
| c7                |   1.536e+01 |   4.131e+02 | C      |
| c70               |   2.742e+00 |   1.707e+03 | C      |
| c71               |   2.742e+00 |   1.707e+03 | C      |
| c72               |   2.742e+00 |   1.707e+03 | C      |
| c73               |   2.742e+00 |   1.707e+03 | C      |
| c74               |   2.742e+00 |   1.707e+03 | C      |
| c75               |   2.742e+00 |   1.707e+03 | C      |
| c76               |   2.742e+00 |   1.707e+03 | C      |
| c77               |   2.742e+00 |   1.707e+03 | C      |
| c78               |   2.742e+00 |   1.707e+03 | C      |
| c8                |   2.850e+00 |   1.707e+03 | C      |
| c80               |   1.536e+01 |   4.131e+02 | C      |
| c81               |   1.536e+01 |   4.131e+02 | C      |
| c82               |   1.536e+01 |   4.131e+02 | C      |
| c83               |   1.536e+01 |   4.131e+02 | C      |
| c84               |   1.536e+01 |   4.131e+02 | C      |
| c85               |   1.536e+01 |   4.131e+02 | C      |
| c86               |   1.536e+01 |   4.131e+02 | C      |
| c87               |   1.536e+01 |   4.131e+02 | C      |
| c88               |   1.536e+01 |   4.131e+02 | C      |
| c89               |   1.536e+01 |   4.131e+02 | C      |
| c9                |   1.536e+01 |   4.131e+02 | C      |
| c90               |   1.536e+01 |   4.131e+02 | C      |
| d36               |   1.536e+01 |   4.131e+02 | C      |
| d7                |   1.536e+01 |   4.131e+02 | C      |
| d80               |   1.536e+01 |   4.131e+02 | C      |
| d84               |   1.536e+01 |   4.131e+02 | C      |
| d9                |   1.536e+01 |   4.131e+02 | C      |
| deaerator_cold_in |   2.742e+00 |   1.707e+03 | C      |
| h1_out            |   2.742e+00 |   1.707e+03 | C      |
| heater_h_hot_in   |   2.742e+00 |   1.707e+03 | C      |
| heater_j_hot_in   |   2.742e+00 |   1.707e+03 | C      |
| heater_k_hot_in   |   2.742e+00 |   1.707e+03 | C      |
| l1_out            |   2.742e+00 |   1.707e+03 | C      |
| l2_out            |   2.742e+00 |   1.707e+03 | C      |
| l3_out            |   2.742e+00 |   1.707e+03 | C      |
| l4_out            |   2.742e+00 |   1.707e+03 | C      |
+-------------------+-------------+-------------+--------+
2026-05-03 14:34:51,156 - DEBUG - network - has no linear dependence in network topology
2026-05-03 14:34:51,156 - INFO - network - Starting solver.
2026-05-03 14:34:51,166 - PROGRESS - network -  iter  | residual   | progress   | massflow   | pressure   | enthalpy   | voltage    | electricity | frequency  | fluid      | component  
2026-05-03 14:34:51,166 - PROGRESS - network - -------+------------+------------+------------+------------+------------+------------+------------+------------+------------+------------
2026-05-03 14:34:51,166 - DEBUG - network - the fluid calculation done in 0th iteration
2026-05-03 14:35:07,270 - DEBUG - network - matrix value: -1.1029320940391828e+28
2026-05-03 14:35:07,402 - PROGRESS - network -  1     | 7.12e+00   | 57 %       | 4.58e+00   | 1.88e-05   | 9.25e-02   | 0.00e+00   | 0.00e+00   | 0.00e+00   | 2.45e+00   | 0.00e+00   
2026-05-03 14:35:07,402 - DEBUG - network - the fluid calculation done in 0th iteration
2026-05-03 14:35:23,379 - DEBUG - network - matrix value: -5.461278496056426e+27
2026-05-03 14:35:23,385 - PROGRESS - network -  2     | 3.34e+00   | 60 %       | 4.58e+00   | 7.44e-03   | 4.41e-02   | 0.00e+00   | 0.00e+00   | 0.00e+00   | 2.45e+00   | 0.00e+00   
2026-05-03 14:35:23,386 - DEBUG - network - the fluid calculation done in 0th iteration
2026-05-03 14:35:39,372 - DEBUG - network - matrix value: -3.491376353504237e+27
2026-05-03 14:35:39,378 - PROGRESS - network -  3     | 1.56e+00   | 64 %       | 3.88e+00   | 1.30e-02   | 2.49e-02   | 0.00e+00   | 0.00e+00   | 0.00e+00   | 2.45e+00   | 0.00e+00   
2026-05-03 14:35:39,378 - DEBUG - network - the fluid calculation done in 0th iteration
2026-05-03 14:35:55,326 - DEBUG - network - matrix value: -2.595970311492696e+27
2026-05-03 14:35:55,332 - PROGRESS - network -  4     | 5.86e-01   | 69 %       | 2.62e+00   | 1.82e-02   | 1.34e-02   | 0.00e+00   | 0.00e+00   | 0.00e+00   | 2.45e+00   | 0.00e+00   
2026-05-03 14:35:55,333 - DEBUG - network - the fluid calculation done in 0th iteration
2026-05-03 14:36:11,234 - DEBUG - network - matrix value: -2.173412865388444e+27
2026-05-03 14:36:11,239 - PROGRESS - network -  5     | 4.88e-02   | 81 %       | 1.18e+00   | 8.55e-03   | 2.01e-03   | 0.00e+00   | 0.00e+00   | 0.00e+00   | 2.45e+00   | 0.00e+00   
2026-05-03 14:36:11,241 - DEBUG - network - the fluid calculation done in 0th iteration
2026-05-03 14:36:26,980 - DEBUG - network - matrix value: -2.1427266339155563e+27
2026-05-03 14:36:26,987 - PROGRESS - network -  6     | 3.57e-03   | 93 %       | 1.24e+00   | 3.57e-03   | 1.49e-03   | 0.00e+00   | 0.00e+00   | 0.00e+00   | 2.45e+00   | 0.00e+00   
2026-05-03 14:36:26,988 - DEBUG - network - the fluid calculation done in 0th iteration
2026-05-03 14:36:42,786 - DEBUG - network - matrix value: -2.1577169468116334e+27
2026-05-03 14:36:42,792 - PROGRESS - network -  7     | 4.03e-03   | 93 %       | 2.99e-01   | 4.14e-03   | 3.48e-04   | 0.00e+00   | 0.00e+00   | 0.00e+00   | 2.45e+00   | 0.00e+00   
2026-05-03 14:36:42,793 - DEBUG - network - the fluid calculation done in 0th iteration
2026-05-03 14:36:58,656 - DEBUG - network - matrix value: -2.1610468064527705e+27
2026-05-03 14:36:58,663 - PROGRESS - network -  8     | 9.74e-04   | 100 %      | 1.24e-01   | 9.99e-04   | 1.46e-04   | 0.00e+00   | 0.00e+00   | 0.00e+00   | 2.45e+00   | 0.00e+00   
2026-05-03 14:36:58,663 - DEBUG - network - has found the solution in 0th iteration
2026-05-03 14:36:58,663 - PROGRESS - network - -------+------------+------------+------------+------------+------------+------------+------------+------------+------------+------------
2026-05-03 14:36:58,663 - DEBUG - network - Total iterations: 8, Calculation time: 127.50 s, Iterations per second: 0.06
2026-05-03 14:36:59,604 - WARNING - diabatic - The pressure at inlet 2 is lower than the pressure at the outlet of component combustion.
2026-05-03 14:37:01,075 - DEBUG - base - the mid point above range of HeatExchanger: heatexchanger_a
2026-05-03 14:37:12,662 - WARNING - characteristics - Operating point above characteristic line range: X=1.118 with maximum of 1.1 at component oil_recycle_pump2.
2026-05-03 14:37:16,688 - INFO - network - Postprocessing complete.
2026-05-03 14:37:16,688 - INFO - network - Calculation complete.
2026-05-03 14:37:16,688 - WARNING - warnings - FutureWarning: Setting an item of incompatible dtype is deprecated and will raise an error in a future version of pandas. Value '[94m 2.0 [0m' has dtype incompatible with float64, please explicitly cast to a compatible dtype first.
2026-05-03 14:37:16,690 - WARNING - warnings - FutureWarning: Setting an item of incompatible dtype is deprecated and will raise an error in a future version of pandas. Value '[94m 0.8 [0m' has dtype incompatible with float64, please explicitly cast to a compatible dtype first.
2026-05-03 14:37:16,703 - WARNING - warnings - FutureWarning: Setting an item of incompatible dtype is deprecated and will raise an error in a future version of pandas. Value '[94m 297.0 [0m' has dtype incompatible with float64, please explicitly cast to a compatible dtype first.
2026-05-03 14:37:16,703 - WARNING - warnings - FutureWarning: Setting an item of incompatible dtype is deprecated and will raise an error in a future version of pandas. Value '[94m 292.0 [0m' has dtype incompatible with float64, please explicitly cast to a compatible dtype first.
2026-05-03 14:37:16,704 - WARNING - warnings - FutureWarning: Setting an item of incompatible dtype is deprecated and will raise an error in a future version of pandas. Value '[94m 0.9900000000000001 [0m' has dtype incompatible with float64, please explicitly cast to a compatible dtype first.
2026-05-03 14:37:16,705 - WARNING - warnings - FutureWarning: Setting an item of incompatible dtype is deprecated and will raise an error in a future version of pandas. Value '[94m 0.7998458002728871 [0m' has dtype incompatible with float64, please explicitly cast to a compatible dtype first.
2026-05-03 14:37:16,707 - WARNING - warnings - FutureWarning: Setting an item of incompatible dtype is deprecated and will raise an error in a future version of pandas. Value '[94m 15458400.351011263 [0m' has dtype incompatible with float64, please explicitly cast to a compatible dtype first.
2026-05-03 14:37:16,709 - WARNING - warnings - FutureWarning: Setting an item of incompatible dtype is deprecated and will raise an error in a future version of pandas. Value '[94m 9.094947017729283e-18 [0m' has dtype incompatible with float64, please explicitly cast to a compatible dtype first.
2026-05-03 14:37:16,709 - WARNING - warnings - FutureWarning: Setting an item of incompatible dtype is deprecated and will raise an error in a future version of pandas. Value '[94m 0.050184994398950654 [0m' has dtype incompatible with float64, please explicitly cast to a compatible dtype first.
2026-05-03 14:37:16,710 - WARNING - warnings - FutureWarning: Setting an item of incompatible dtype is deprecated and will raise an error in a future version of pandas. Value '[94m 0.0 [0m' has dtype incompatible with float64, please explicitly cast to a compatible dtype first.
2026-05-03 14:37:16,711 - WARNING - warnings - FutureWarning: Setting an item of incompatible dtype is deprecated and will raise an error in a future version of pandas. Value '[94m 0.0 [0m' has dtype incompatible with float64, please explicitly cast to a compatible dtype first.
2026-05-03 14:37:16,712 - WARNING - warnings - FutureWarning: Setting an item of incompatible dtype is deprecated and will raise an error in a future version of pandas. Value '[94m 2030293.105912635 [0m' has dtype incompatible with float64, please explicitly cast to a compatible dtype first.
2026-05-03 14:37:16,712 - WARNING - warnings - FutureWarning: Setting an item of incompatible dtype is deprecated and will raise an error in a future version of pandas. Value '[94m 0.0 [0m' has dtype incompatible with float64, please explicitly cast to a compatible dtype first.
2026-05-03 14:37:16,713 - WARNING - warnings - FutureWarning: Setting an item of incompatible dtype is deprecated and will raise an error in a future version of pandas. Value '[94m 0.0020043176892586053 [0m' has dtype incompatible with float64, please explicitly cast to a compatible dtype first.
2026-05-03 14:37:16,715 - WARNING - warnings - FutureWarning: Setting an item of incompatible dtype is deprecated and will raise an error in a future version of pandas. Value '[94m 9.999999999999998 [0m' has dtype incompatible with float64, please explicitly cast to a compatible dtype first.
2026-05-03 14:37:16,715 - WARNING - warnings - FutureWarning: Setting an item of incompatible dtype is deprecated and will raise an error in a future version of pandas. Value '[94m 0.8799999999999999 [0m' has dtype incompatible with float64, please explicitly cast to a compatible dtype first.
2026-05-03 14:37:16,718 - WARNING - warnings - FutureWarning: Setting an item of incompatible dtype is deprecated and will raise an error in a future version of pandas. Value '[94m 2426029.5029571797 [0m' has dtype incompatible with float64, please explicitly cast to a compatible dtype first.
2026-05-03 14:37:16,718 - WARNING - warnings - FutureWarning: Setting an item of incompatible dtype is deprecated and will raise an error in a future version of pandas. Value '[94m 0.02000083966341801 [0m' has dtype incompatible with float64, please explicitly cast to a compatible dtype first.
2026-05-03 14:37:16,718 - WARNING - warnings - FutureWarning: Setting an item of incompatible dtype is deprecated and will raise an error in a future version of pandas. Value '[94m 0.00201573126795236 [0m' has dtype incompatible with float64, please explicitly cast to a compatible dtype first.
2026-05-03 14:37:16,724 - WARNING - warnings - FutureWarning: Setting an item of incompatible dtype is deprecated and will raise an error in a future version of pandas. Value '[94m 882076.1864250355 [0m' has dtype incompatible with float64, please explicitly cast to a compatible dtype first.
2026-05-03 14:37:16,725 - WARNING - warnings - FutureWarning: Setting an item of incompatible dtype is deprecated and will raise an error in a future version of pandas. Value '[94m 0.0 [0m' has dtype incompatible with float64, please explicitly cast to a compatible dtype first.
2026-05-03 14:37:16,725 - WARNING - warnings - FutureWarning: Setting an item of incompatible dtype is deprecated and will raise an error in a future version of pandas. Value '[94m 0.050109047540426256 [0m' has dtype incompatible with float64, please explicitly cast to a compatible dtype first.
2026-05-03 14:37:16,731 - WARNING - warnings - FutureWarning: Setting an item of incompatible dtype is deprecated and will raise an error in a future version of pandas. Value '[94m 0.2 [0m' has dtype incompatible with float64, please explicitly cast to a compatible dtype first.
2026-05-03 14:37:16,731 - WARNING - warnings - FutureWarning: Setting an item of incompatible dtype is deprecated and will raise an error in a future version of pandas. Value '[94m 4.0 [0m' has dtype incompatible with float64, please explicitly cast to a compatible dtype first.
2026-05-03 14:37:16,731 - WARNING - warnings - FutureWarning: Setting an item of incompatible dtype is deprecated and will raise an error in a future version of pandas. Value '[94m 25.0 [0m' has dtype incompatible with float64, please explicitly cast to a compatible dtype first.
2026-05-03 14:37:16,731 - WARNING - warnings - FutureWarning: Setting an item of incompatible dtype is deprecated and will raise an error in a future version of pandas. Value '[94m 0.0 [0m' has dtype incompatible with float64, please explicitly cast to a compatible dtype first.
2026-05-03 14:37:16,733 - WARNING - warnings - FutureWarning: Setting an item of incompatible dtype is deprecated and will raise an error in a future version of pandas. Value '[94m 890.0 [0m' has dtype incompatible with float64, please explicitly cast to a compatible dtype first.
2026-05-03 14:37:16,733 - WARNING - warnings - FutureWarning: Setting an item of incompatible dtype is deprecated and will raise an error in a future version of pandas. Value '[94m 1000.0 [0m' has dtype incompatible with float64, please explicitly cast to a compatible dtype first.
2026-05-03 14:37:16,733 - WARNING - warnings - FutureWarning: Setting an item of incompatible dtype is deprecated and will raise an error in a future version of pandas. Value '[94m 0.4 [0m' has dtype incompatible with float64, please explicitly cast to a compatible dtype first.
2026-05-03 14:37:16,824 - RESULT - network - 
##### RESULTS (FlowAmplifier) #####
+----------------------+----------+-----------+
|                      |       Ki | Ki_unit   |
|----------------------+----------+-----------|
| af_boiler_cold_in    | 2.00e+00 | -         |
| af_boiler_cold_out   | 5.00e-01 | -         |
| af_boiler_hot_in     | 2.00e+00 | -         |
| af_boiler_hot_out    | 5.00e-01 | -         |
| af_reheater_cold_in  | 2.00e+00 | -         |
| af_reheater_cold_out | 5.00e-01 | -         |
| af_reheater_hot_in   | 2.00e+00 | -         |
| af_reheater_hot_out  | 5.00e-01 | -         |
| af_solar_in          | 1.56e+02 | -         |
| af_solar_out         | 6.41e-03 | -         |
+----------------------+----------+-----------+
##### RESULTS (Compressor) #####
+----------------+----------+----------+----------+-----------+-----------+-----------+----------+--------------+----------+-------------+
|                |        P | P_unit   |       pr | pr_unit   |        dp | dp_unit   |    eta_s | eta_s_unit   |     igva | igva_unit   |
|----------------+----------+----------+----------+-----------+-----------+-----------+----------+--------------+----------+-------------|
| air_compressor | 1.72e+08 | W        | 1.50e+01 | -         | -1.40e+01 | bar       | 8.00e-01 | -            | 0.00e+00 | deg         |
+----------------+----------+----------+----------+-----------+-----------+-----------+----------+--------------+----------+-------------+
##### RESULTS (HeatStorageTank) #####
+----------------+-----------+----------+----------+-------------+----------+--------------+-----------+-----------+
|                |         Q | Q_unit   |     T_in | T_in_unit   |    T_out | T_out_unit   |        dm | dm_unit   |
|----------------+-----------+----------+----------+-------------+----------+--------------+-----------+-----------|
| cold_salt_tank | -4.38e+08 | W        | 2.97e+02 | C           | 2.92e+02 | C            | -9.42e+02 | kg / s    |
| hot_salt_tank  |  6.81e+08 | W        | 3.89e+02 | C           | 3.84e+02 | C            |  9.42e+02 | kg / s    |
+----------------+-----------+----------+----------+-------------+----------+--------------+-----------+-----------+
##### RESULTS (DiabaticCombustionChamber) #####
+------------+----------+-------------+----------+-----------+----------+--------------+----------+-----------+----------+-----------+----------+------------+-----------+---------------+
|            |     lamb | lamb_unit   |       ti | ti_unit   |    T_out | T_out_unit   |       pr | pr_unit   |       dp | dp_unit   |      eta | eta_unit   |    Q_loss | Q_loss_unit   |
|------------+----------+-------------+----------+-----------+----------+--------------+----------+-----------+----------+-----------+----------+------------+-----------+---------------|
| combustion | 2.02e+00 | -           | 5.75e+08 | W         | 1.50e+03 | C            | 1.00e+00 | -         | 0.00e+00 | bar       | 9.90e-01 | -          | -5.75e+06 | W             |
+------------+----------+-------------+----------+-----------+----------+--------------+----------+-----------+----------+-----------+----------+------------+-----------+---------------+
##### RESULTS (Pump) #####
+--------------------+-----------+----------+----------+-----------+-----------+-----------+----------+--------------+
|                    |         P | P_unit   |       pr | pr_unit   |        dp | dp_unit   |    eta_s | eta_s_unit   |
|--------------------+-----------+----------+----------+-----------+-----------+-----------+----------+--------------|
| condense_pump      |  6.97e+04 | W        | 7.69e+01 | -         | -6.07e+00 | bar       | 8.00e-01 | -            |
| oil_recycle_pump1  | -1.73e+06 | W        | 2.51e+00 | -         | -2.10e+01 | bar       | 8.00e-01 | -            |
| oil_recycle_pump2  | -3.29e+03 | W        | 1.43e+00 | -         | -6.03e+00 | bar       | 8.62e-01 | -            |
| steam_recycle_pump |  1.55e+02 | W        | 1.00e+00 | -         | -2.00e-03 | bar       | 8.00e-01 | -            |
| water_recycle_pump |  1.11e+06 | W        | 1.69e+01 | -         | -9.51e+01 | bar       | 8.00e-01 | -            |
+--------------------+-----------+----------+----------+-----------+-----------+-----------+----------+--------------+
##### RESULTS (Condenser) #####
+-----------+-----------+----------+----------+-----------+----------+-------------+-------+------------+----------+---------------+----------+------------+----------+------------+-----------+----------------+----------+------------+----------+------------+----------+------------+----------+------------+----------+------------+----------+------------+----------+-----------+----------+-------------+----------+-------------+----------+----------------+----------+----------------+------------+-----------------+-----------+----------------+-----------+----------------+----------+---------------+-------------------+------------------------+
|           |         Q | Q_unit   |       kA | kA_unit   |     KDTA | KDTA_unit   |   DTM | DTM_unit   |   DT_log | DT_log_unit   |      DTU | DTU_unit   |      DTL | DTL_unit   |   DTN_min | DTN_min_unit   |      pr1 | pr1_unit   |      pr2 | pr2_unit   |      dp1 | dp1_unit   |      dp2 | dp2_unit   |      hf1 | hf1_unit   |      hf2 | hf2_unit   |       fA | fA_unit   |     exm1 | exm1_unit   |     exm2 | exm2_unit   |    zeta1 | zeta1_unit     |    zeta2 | zeta2_unit     |   eff_cold | eff_cold_unit   |   eff_hot | eff_hot_unit   |   eff_max | eff_max_unit   |   DTU_sh | DTU_sh_unit   |   supercooling_dT | supercooling_dT_unit   |
|-----------+-----------+----------+----------+-----------+----------+-------------+-------+------------+----------+---------------+----------+------------+----------+------------+-----------+----------------+----------+------------+----------+------------+----------+------------+----------+------------+----------+------------+----------+------------+----------+-----------+----------+-------------+----------+-------------+----------+----------------+----------+----------------+------------+-----------------+-----------+----------------+-----------+----------------+----------+---------------+-------------------+------------------------|
| condenser | -1.21e+08 | W        | 1.55e+07 | W/K       | 1.55e+07 | W/K         |   nan | C          | 7.81e+00 | C             | 5.00e+00 | C          | 1.15e+01 | C          |  5.00e+00 | C              | 1.00e+00 | -          | 9.75e-01 | -          | 9.09e-18 | bar        | 5.02e-02 | bar        | 5.00e+01 | W/m^2*K    | 5.00e+02 | W/m^2*K    | 3.09e+04 | m^2       | 6.10e-01 | -           | 7.84e-01 | -           | 4.40e-17 | (Pa*s)/(m^3*s) | 3.12e-01 | (Pa*s)/(m^3*s) |   5.65e-01 | -               |  9.78e-01 | -              |  9.78e-01 | -              | 5.00e+00 | C             |          0.00e+00 | C                      |
+-----------+-----------+----------+----------+-----------+----------+-------------+-------+------------+----------+---------------+----------+------------+----------+------------+-----------+----------------+----------+------------+----------+------------+----------+------------+----------+------------+----------+------------+----------+------------+----------+-----------+----------+-------------+----------+-------------+----------+----------------+----------+----------------+------------+-----------------+-----------+----------------+-----------+----------------+----------+---------------+-------------------+------------------------+
##### RESULTS (Deaerator) #####
+-----------+-----------+----------+----------+------------+----------+------------+----------+------------+----------+------------+----------+----------------+----------+----------------+
|           |         Q | Q_unit   |      pr1 | pr1_unit   |      pr2 | pr2_unit   |      dp1 | dp1_unit   |      dp2 | dp2_unit   |    zeta1 | zeta1_unit     |    zeta2 | zeta2_unit     |
|-----------+-----------+----------+----------+------------+----------+------------+----------+------------+----------+------------+----------+----------------+----------+----------------|
| deaerator | -6.71e+06 | W        | 1.00e+00 | -          | 1.00e+00 | -          | 0.00e+00 | bar        | 0.00e+00 | bar        | 0.00e+00 | (Pa*s)/(m^3*s) | 0.00e+00 | (Pa*s)/(m^3*s) |
+-----------+-----------+----------+----------+------------+----------+------------+----------+------------+----------+------------+----------+----------------+----------+----------------+
##### RESULTS (Evaporator) #####
+------------+-----------+----------+----------+-----------+----------+-------------+----------+------------+----------+---------------+----------+------------+----------+------------+-----------+----------------+----------+------------+----------+------------+----------+------------+----------+------------+----------+------------+----------+------------+----------+-----------+----------+-------------+----------+-------------+----------+----------------+----------+----------------+------------+-----------------+-----------+----------------+-----------+----------------+----------------+---------------------+
|            |         Q | Q_unit   |       kA | kA_unit   |     KDTA | KDTA_unit   |      DTM | DTM_unit   |   DT_log | DT_log_unit   |      DTU | DTU_unit   |      DTL | DTL_unit   |   DTN_min | DTN_min_unit   |      pr1 | pr1_unit   |      pr2 | pr2_unit   |      dp1 | dp1_unit   |      dp2 | dp2_unit   |      hf1 | hf1_unit   |      hf2 | hf2_unit   |       fA | fA_unit   |     exm1 | exm1_unit   |     exm2 | exm2_unit   |    zeta1 | zeta1_unit     |    zeta2 | zeta2_unit     |   eff_cold | eff_cold_unit   |   eff_hot | eff_hot_unit   |   eff_max | eff_max_unit   |   superheat_dT | superheat_dT_unit   |
|------------+-----------+----------+----------+-----------+----------+-------------+----------+------------+----------+---------------+----------+------------+----------+------------+-----------+----------------+----------+------------+----------+------------+----------+------------+----------+------------+----------+------------+----------+------------+----------+-----------+----------+-------------+----------+-------------+----------+----------------+----------+----------------+------------+-----------------+-----------+----------------+-----------+----------------+----------------+---------------------|
| evaporator | -5.65e+07 | W        | 2.03e+06 | W/K       | 2.03e+06 | W/K         | 7.52e+00 | C          | 2.78e+01 | C             | 6.93e+01 | C          | 7.52e+00 | C          |  7.52e+00 | C              | 1.00e+00 | -          | 1.00e+00 | -          | 0.00e+00 | bar        | 2.00e-03 | bar        | 5.00e+01 | W/m^2*K    | 5.00e+02 | W/m^2*K    | 4.06e+04 | m^2       | 6.10e-01 | -           | 7.84e-01 | -           | 0.00e+00 | (Pa*s)/(m^3*s) | 6.00e-01 | (Pa*s)/(m^3*s) |   8.20e-02 | -               |  8.92e-01 | -              |  8.92e-01 | -              |       0.00e+00 | C                   |
+------------+-----------+----------+----------+-----------+----------+-------------+----------+------------+----------+---------------+----------+------------+----------+------------+-----------+----------------+----------+------------+----------+------------+----------+------------+----------+------------+----------+------------+----------+------------+----------+-----------+----------+-------------+----------+-------------+----------+----------------+----------+----------------+------------+-----------------+-----------+----------------+-----------+----------------+----------------+---------------------+
##### RESULTS (EvaporateTank) #####
+-----------------+----------+-----------+
|                 |       Ki | Ki_unit   |
|-----------------+----------+-----------|
| evaporator_drum | 1.00e+01 | -         |
+-----------------+----------+-----------+
##### RESULTS (Turbine) #####
+-------------+-----------+----------+----------+-----------+----------+-----------+----------+--------------+
|             |         P | P_unit   |       pr | pr_unit   |       dp | dp_unit   |    eta_s | eta_s_unit   |
|-------------+-----------+----------+----------+-----------+----------+-----------+----------+--------------|
| gas_turbine | -3.93e+08 | W        | 6.00e-02 | -         | 1.41e+01 | bar       | 8.80e-01 | -            |
| hp_turbine1 | -1.51e+07 | W        | 4.00e-01 | -         | 6.00e+01 | bar       | 8.80e-01 | -            |
| hp_turbine2 | -1.09e+07 | W        | 4.25e-01 | -         | 2.30e+01 | bar       | 8.80e-01 | -            |
| lp_turbine1 | -1.56e+07 | W        | 3.64e-01 | -         | 1.05e+01 | bar       | 8.80e-01 | -            |
| lp_turbine2 | -1.07e+07 | W        | 4.17e-01 | -         | 3.50e+00 | bar       | 8.80e-01 | -            |
| lp_turbine3 | -7.32e+06 | W        | 4.80e-01 | -         | 1.30e+00 | bar       | 8.80e-01 | -            |
| lp_turbine4 | -6.01e+06 | W        | 5.00e-01 | -         | 6.00e-01 | bar       | 8.80e-01 | -            |
| lp_turbine5 | -1.41e+07 | W        | 1.33e-01 | -         | 5.20e-01 | bar       | 8.80e-01 | -            |
+-------------+-----------+----------+----------+-----------+----------+-----------+----------+--------------+
##### RESULTS (HeatExchanger) #####
+-----------------+-----------+----------+----------+-----------+----------+-------------+-------+------------+----------+---------------+----------+------------+----------+------------+-----------+----------------+----------+------------+----------+------------+----------+------------+----------+------------+----------+------------+----------+------------+----------+-----------+----------+-------------+----------+-------------+----------+----------------+----------+----------------+------------+-----------------+-----------+----------------+-----------+----------------+
|                 |         Q | Q_unit   |       kA | kA_unit   |     KDTA | KDTA_unit   |   DTM | DTM_unit   |   DT_log | DT_log_unit   |      DTU | DTU_unit   |      DTL | DTL_unit   |   DTN_min | DTN_min_unit   |      pr1 | pr1_unit   |      pr2 | pr2_unit   |      dp1 | dp1_unit   |      dp2 | dp2_unit   |      hf1 | hf1_unit   |      hf2 | hf2_unit   |       fA | fA_unit   |     exm1 | exm1_unit   |     exm2 | exm2_unit   |    zeta1 | zeta1_unit     |    zeta2 | zeta2_unit     |   eff_cold | eff_cold_unit   |   eff_hot | eff_hot_unit   |   eff_max | eff_max_unit   |
|-----------------+-----------+----------+----------+-----------+----------+-------------+-------+------------+----------+---------------+----------+------------+----------+------------+-----------+----------------+----------+------------+----------+------------+----------+------------+----------+------------+----------+------------+----------+------------+----------+-----------+----------+-------------+----------+-------------+----------+----------------+----------+----------------+------------+-----------------+-----------+----------------+-----------+----------------|
| heatexchanger_a | -2.22e+08 | W        | 2.52e+06 | W/K       | 2.43e+06 | W/K         |   nan | C          | 8.79e+01 | C             | 3.68e+02 | C          | 5.98e+00 | C          |  5.98e+00 | C              | 9.78e-01 | -          | 1.00e+00 | -          | 2.00e-02 | bar        | 2.02e-03 | bar        | 5.00e+01 | W/m^2*K    | 5.00e+02 | W/m^2*K    | 5.34e+04 | m^2       | 6.10e-01 | -           | 7.84e-01 | -           | 5.49e-03 | (Pa*s)/(m^3*s) | 1.59e-01 | (Pa*s)/(m^3*s) | nan        | -               |  9.88e-01 | -              |  9.88e-01 | -              |
| heatexchanger_b | -2.46e+08 | W        | 4.03e+07 | W/K       | 4.13e+07 | W/K         |   nan | C          | 6.09e+00 | C             | 5.17e+00 | C          | 7.12e+00 | C          |  5.17e+00 | C              | 6.99e-01 | -          | 1.00e+00 | -          | 6.03e+00 | bar        | 0.00e+00 | bar        | 5.00e+01 | W/m^2*K    | 5.00e+02 | W/m^2*K    | 9.08e+05 | m^2       | 6.10e-01 | -           | 7.84e-01 | -           | 3.77e+02 | (Pa*s)/(m^3*s) | 0.00e+00 | (Pa*s)/(m^3*s) |   9.49e-01 | -               |  9.30e-01 | -              |  9.49e-01 | -              |
| heatexchanger_c | -2.54e+06 | W        | 8.85e+05 | W/K       | 8.63e+05 | W/K         |   nan | C          | 2.87e+00 | C             | 1.02e+01 | C          | 3.28e-01 | C          |  3.28e-01 | C              | 1.00e+00 | -          | 1.00e+00 | -          | 0.00e+00 | bar        | 0.00e+00 | bar        | 5.00e+01 | W/m^2*K    | 5.00e+02 | W/m^2*K    | 1.90e+04 | m^2       | 6.10e-01 | -           | 7.84e-01 | -           | 0.00e+00 | (Pa*s)/(m^3*s) | 0.00e+00 | (Pa*s)/(m^3*s) |   8.84e-01 | -               |  9.96e-01 | -              |  9.96e-01 | -              |
| heatexchanger_d | -1.19e+07 | W        | 2.89e+05 | W/K       | 2.69e+05 | W/K         |   nan | C          | 4.12e+01 | C             | 2.20e+01 | C          | 6.93e+01 | C          |  2.20e+01 | C              | 9.20e-01 | -          | 9.95e-01 | -          | 1.61e+00 | bar        | 5.01e-01 | bar        | 5.00e+01 | W/m^2*K    | 5.00e+02 | W/m^2*K    | 5.91e+03 | m^2       | 6.10e-01 | -           | 7.84e-01 | -           | 7.69e+02 | (Pa*s)/(m^3*s) | 1.63e+03 | (Pa*s)/(m^3*s) |   7.94e-01 | -               |  1.58e-01 | -              |  7.94e-01 | -              |
| heatexchanger_e | -1.39e+07 | W        | 5.00e+05 | W/K       | 5.21e+05 | W/K         |   nan | C          | 2.79e+01 | C             | 1.05e+01 | C          | 5.83e+01 | C          |  1.05e+01 | C              | 9.12e-01 | -          | 9.95e-01 | -          | 1.61e+00 | bar        | 5.01e-01 | bar        | 5.00e+01 | W/m^2*K    | 5.00e+02 | W/m^2*K    | 1.15e+04 | m^2       | 6.10e-01 | -           | 7.84e-01 | -           | 8.41e+02 | (Pa*s)/(m^3*s) | 2.57e+04 | (Pa*s)/(m^3*s) |   1.92e-01 | -               |  2.07e-01 | -              |  2.07e-01 | -              |
| heatexchanger_f | -1.73e+07 | W        | 5.90e+05 | W/K       | 3.74e+05 | W/K         |   nan | C          | 2.93e+01 | C             | 2.29e+01 | C          | 3.67e+01 | C          |  2.29e+01 | C              | 9.20e-01 | -          | 9.71e-01 | -          | 1.61e+00 | bar        | 5.01e-01 | bar        | 5.00e+01 | W/m^2*K    | 5.00e+02 | W/m^2*K    | 8.24e+03 | m^2       | 6.10e-01 | -           | 7.84e-01 | -           | 5.43e+04 | (Pa*s)/(m^3*s) | 3.76e+02 | (Pa*s)/(m^3*s) |   9.11e-01 | -               |  8.06e-01 | -              |  9.11e-01 | -              |
+-----------------+-----------+----------+----------+-----------+----------+-------------+-------+------------+----------+---------------+----------+------------+----------+------------+-----------+----------------+----------+------------+----------+------------+----------+------------+----------+------------+----------+------------+----------+------------+----------+-----------+----------+-------------+----------+-------------+----------+----------------+----------+----------------+------------+-----------------+-----------+----------------+-----------+----------------+
##### RESULTS (ExtractHeatExchanger) #####
+-----------------+-----------+----------+----------+-----------+----------+-------------+-------+------------+----------+---------------+----------+------------+----------+------------+-----------+----------------+----------+------------+----------+------------+----------+------------+----------+------------+----------+------------+----------+------------+----------+-----------+----------+-------------+----------+-------------+----------+----------------+----------+----------------+------------+-----------------+-----------+----------------+-----------+----------------+----------+---------------+-------------------+------------------------+
|                 |         Q | Q_unit   |       kA | kA_unit   |     KDTA | KDTA_unit   |   DTM | DTM_unit   |   DT_log | DT_log_unit   |      DTU | DTU_unit   |      DTL | DTL_unit   |   DTN_min | DTN_min_unit   |      pr1 | pr1_unit   |      pr2 | pr2_unit   |      dp1 | dp1_unit   |      dp2 | dp2_unit   |      hf1 | hf1_unit   |      hf2 | hf2_unit   |       fA | fA_unit   |     exm1 | exm1_unit   |     exm2 | exm2_unit   |    zeta1 | zeta1_unit     |    zeta2 | zeta2_unit     |   eff_cold | eff_cold_unit   |   eff_hot | eff_hot_unit   |   eff_max | eff_max_unit   |   DTU_sh | DTU_sh_unit   |   supercooling_dT | supercooling_dT_unit   |
|-----------------+-----------+----------+----------+-----------+----------+-------------+-------+------------+----------+---------------+----------+------------+----------+------------+-----------+----------------+----------+------------+----------+------------+----------+------------+----------+------------+----------+------------+----------+------------+----------+-----------+----------+-------------+----------+-------------+----------+----------------+----------+----------------+------------+-----------------+-----------+----------------+-----------+----------------+----------+---------------+-------------------+------------------------|
| heatexchanger_g | -1.79e+07 | W        | 6.63e+05 | W/K       | 8.82e+05 | W/K         |   nan | C          | 2.70e+01 | C             | 1.20e+01 | C          | 5.11e+01 | C          |  1.20e+01 | C              | 1.00e+00 | -          | 1.00e+00 | -          | 0.00e+00 | bar        | 5.01e-02 | bar        | 5.00e+01 | W/m^2*K    | 5.00e+02 | W/m^2*K    | 1.94e+04 | m^2       | 6.10e-01 | -           | 7.84e-01 | -           | 0.00e+00 | (Pa*s)/(m^3*s) | 7.22e+02 | (Pa*s)/(m^3*s) |   7.85e-01 | -               |  8.80e-01 | -              |  8.80e-01 | -              | 5.01e+00 | C             |          0.00e+00 | C                      |
| heatexchanger_h | -1.44e+07 | W        | 8.04e+05 | W/K       | 8.07e+05 | W/K         |   nan | C          | 1.79e+01 | C             | 5.01e+00 | C          | 4.38e+01 | C          |  5.01e+00 | C              | 1.00e+00 | -          | 1.00e+00 | -          | 0.00e+00 | bar        | 5.01e-02 | bar        | 5.00e+01 | W/m^2*K    | 5.00e+02 | W/m^2*K    | 1.78e+04 | m^2       | 6.10e-01 | -           | 7.84e-01 | -           | 0.00e+00 | (Pa*s)/(m^3*s) | 7.65e+02 | (Pa*s)/(m^3*s) |   8.84e-01 | -               |  8.14e-01 | -              |  8.84e-01 | -              | 5.01e+00 | C             |          1.90e-05 | C                      |
| heatexchanger_i | -6.21e+06 | W        | 1.81e+05 | W/K       | 4.03e+05 | W/K         |   nan | C          | 3.43e+01 | C             | 4.21e+01 | C          | 2.76e+01 | C          |  2.76e+01 | C              | 1.00e+00 | -          | 9.92e-01 | -          | 0.00e+00 | bar        | 5.01e-02 | bar        | 5.00e+01 | W/m^2*K    | 5.00e+02 | W/m^2*K    | 8.86e+03 | m^2       | 6.10e-01 | -           | 7.84e-01 | -           | 0.00e+00 | (Pa*s)/(m^3*s) | 1.39e+03 | (Pa*s)/(m^3*s) |   4.07e-02 | -               |  9.51e-01 | -              |  9.51e-01 | -              | 5.01e+00 | C             |          0.00e+00 | C                      |
| heatexchanger_j | -5.15e+06 | W        | 4.26e+05 | W/K       | 4.26e+05 | W/K         |   nan | C          | 1.21e+01 | C             | 5.01e+00 | C          | 2.39e+01 | C          |  5.01e+00 | C              | 1.00e+00 | -          | 9.92e-01 | -          | 0.00e+00 | bar        | 5.01e-02 | bar        | 5.00e+01 | W/m^2*K    | 5.00e+02 | W/m^2*K    | 9.38e+03 | m^2       | 6.10e-01 | -           | 7.84e-01 | -           | 0.00e+00 | (Pa*s)/(m^3*s) | 1.41e+03 | (Pa*s)/(m^3*s) |   7.90e-01 | -               |  9.12e-01 | -              |  9.12e-01 | -              | 5.01e+00 | C             |          0.00e+00 | C                      |
| heatexchanger_k | -9.03e+06 | W        | 5.53e+05 | W/K       | 5.53e+05 | W/K         |   nan | C          | 1.63e+01 | C             | 5.01e+00 | C          | 3.82e+01 | C          |  5.01e+00 | C              | 1.00e+00 | -          | 9.92e-01 | -          | 0.00e+00 | bar        | 5.01e-02 | bar        | 5.00e+01 | W/m^2*K    | 5.00e+02 | W/m^2*K    | 1.22e+04 | m^2       | 6.10e-01 | -           | 7.84e-01 | -           | 0.00e+00 | (Pa*s)/(m^3*s) | 1.44e+03 | (Pa*s)/(m^3*s) |   8.69e-01 | -               |  8.65e-01 | -              |  8.69e-01 | -              | 5.01e+00 | C             |          0.00e+00 | C                      |
+-----------------+-----------+----------+----------+-----------+----------+-------------+-------+------------+----------+---------------+----------+------------+----------+------------+-----------+----------------+----------+------------+----------+------------+----------+------------+----------+------------+----------+------------+----------+------------+----------+-----------+----------+-------------+----------+-------------+----------+----------------+----------+----------------+------------+-----------------+-----------+----------------+-----------+----------------+----------+---------------+-------------------+------------------------+
##### RESULTS (CycleCloser) #####
+--------------------+------------------+-----------------------+-------------------+------------------------+
|                    |   mass_deviation | mass_deviation_unit   |   fluid_deviation | fluid_deviation_unit   |
|--------------------+------------------+-----------------------+-------------------+------------------------|
| oil_cycle_closer   |         0.00e+00 | kg / s                |          0.00e+00 | -                      |
| salt_cycle_closer  |         0.00e+00 | kg / s                |          0.00e+00 | -                      |
| steam_cycle_closer |         0.00e+00 | kg / s                |          0.00e+00 | -                      |
+--------------------+------------------+-----------------------+-------------------+------------------------+
##### RESULTS (SolarCollector) #####
+------------------+----------+----------+----------+-----------+----------+-----------+----------+----------------+----------+----------+----------+----------+----------+-----------+----------+--------------+----------+-------------+----------+-----------+----------+-----------+----------+----------+-----------+----------------+-----------+---------------+
|                  |        Q | Q_unit   |       pr | pr_unit   |       dp | dp_unit   |     zeta | zeta_unit      |        D | D_unit   |        L | L_unit   |       ks | ks_unit   |    ks_HW | ks_HW_unit   |     Tamb | Tamb_unit   |       hf | hf_unit   |       fA | fA_unit   |        E | E_unit   |   eta_opt | eta_opt_unit   |    Q_loss | Q_loss_unit   |
|------------------+----------+----------+----------+-----------+----------+-----------+----------+----------------+----------+----------+----------+----------+----------+-----------+----------+--------------+----------+-------------+----------+-----------+----------+-----------+----------+----------+-----------+----------------+-----------+---------------|
| solar_collector1 | 3.56e+05 | W        | 9.31e-01 | -         | 2.00e+00 | bar       | 3.67e+06 | (Pa*s)/(m^3*s) | 2.00e-01 | m        | 4.00e+00 | m        | 0.00e+00 | m         | 0.00e+00 | m            | 2.50e+01 | C           | 0.00e+00 | W/m^2*K   | 8.90e+02 | m^2       | 1.00e+03 | W/m^2    |  4.00e-01 | -              | -5.34e+05 | W             |
| solar_collector2 | 3.56e+05 | W        | 9.35e-01 | -         | 2.00e+00 | bar       | 3.78e+06 | (Pa*s)/(m^3*s) | 2.00e-01 | m        | 4.00e+00 | m        | 0.00e+00 | m         | 0.00e+00 | m            | 2.50e+01 | C           | 0.00e+00 | W/m^2*K   | 8.90e+02 | m^2       | 1.00e+03 | W/m^2    |  4.00e-01 | -              | -5.34e+05 | W             |
| solar_collector3 | 3.56e+05 | W        | 9.39e-01 | -         | 2.00e+00 | bar       | 3.89e+06 | (Pa*s)/(m^3*s) | 2.00e-01 | m        | 4.00e+00 | m        | 0.00e+00 | m         | 0.00e+00 | m            | 2.50e+01 | C           | 0.00e+00 | W/m^2*K   | 8.90e+02 | m^2       | 1.00e+03 | W/m^2    |  4.00e-01 | -              | -5.34e+05 | W             |
| solar_collector4 | 3.56e+05 | W        | 9.43e-01 | -         | 2.00e+00 | bar       | 3.99e+06 | (Pa*s)/(m^3*s) | 2.00e-01 | m        | 4.00e+00 | m        | 0.00e+00 | m         | 0.00e+00 | m            | 2.50e+01 | C           | 0.00e+00 | W/m^2*K   | 8.90e+02 | m^2       | 1.00e+03 | W/m^2    |  4.00e-01 | -              | -5.34e+05 | W             |
+------------------+----------+----------+----------+-----------+----------+-----------+----------+----------------+----------+----------+----------+----------+----------+-----------+----------+--------------+----------+-------------+----------+-----------+----------+-----------+----------+----------+-----------+----------------+-----------+---------------+
##### RESULTS (Valve) #####
+-------------+----------+-----------+----------+-----------+----------+----------------+
|             |       pr | pr_unit   |       dp | dp_unit   |     zeta | zeta_unit      |
|-------------+----------+-----------+----------+-----------+----------+----------------|
| valve_36    | 8.33e-01 | -         | 2.81e+00 | bar       | 3.70e+02 | (Pa*s)/(m^3*s) |
| valve_50_51 | 4.25e-01 | -         | 2.30e+01 | bar       | 3.49e+06 | (Pa*s)/(m^3*s) |
| valve_52_53 | 3.53e-01 | -         | 1.10e+01 | bar       | 2.88e+05 | (Pa*s)/(m^3*s) |
| valve_69_71 | 1.33e-01 | -         | 5.20e-01 | bar       | 1.17e+03 | (Pa*s)/(m^3*s) |
| valve_7     | 5.71e-01 | -         | 1.50e+01 | bar       | 1.12e+03 | (Pa*s)/(m^3*s) |
| valve_73_74 | 5.00e-01 | -         | 6.00e-01 | bar       | 6.29e+04 | (Pa*s)/(m^3*s) |
| valve_76_77 | 4.80e-01 | -         | 1.30e+00 | bar       | 6.72e+05 | (Pa*s)/(m^3*s) |
| valve_80    | 7.60e-01 | -         | 4.42e+00 | bar       | 4.08e+04 | (Pa*s)/(m^3*s) |
| valve_9     | 7.41e-01 | -         | 7.00e+00 | bar       | 5.20e+02 | (Pa*s)/(m^3*s) |
+-------------+----------+-----------+----------+-----------+----------+----------------+
##### RESULTS (FluidConnection) #####
+-------------------+-----------+----------+-----------+----------+-----------+----------+-----------+----------+------------+--------------+------------+---------------+-----------+----------+-----------+------------+------------+----------+------------+----------+----------------------+-------------+-------------+-------------+-------------+-------------+--------------+-------------+-------------+-------------+
|                   |         m | m_unit   |         p | p_unit   |         h | h_unit   |         T | T_unit   |      Td_bp | Td_bp_unit   |     Td_dew | Td_dew_unit   |         v | v_unit   |       vol | vol_unit   |          x | x_unit   |          s | s_unit   | phase                |         CH4 |          O2 |          N2 |         H2O |   DowthermA |   Solar Salt |          Ar |       water |         CO2 |
|-------------------+-----------+----------+-----------+----------+-----------+----------+-----------+----------+------------+--------------+------------+---------------+-----------+----------+-----------+------------+------------+----------+------------+----------+----------------------+-------------+-------------+-------------+-------------+-------------+--------------+-------------+-------------+-------------|
| c1                | 4.000e+02 | kg / s   | 1.000e+00 | bar      | 2.936e+02 | kJ / kg  | 2.000e+01 | C        |  0.000e+00 | K            |  0.000e+00 | K             | 3.365e+02 | m^3 / s  | 8.414e-01 | m^3 / kg   |  0.000e+00 | -        |  6.846e+03 | J / kgK  | nan                  |   0.000e+00 |   2.314e-01 |   7.553e-01 |   0.000e+00 | nan         |  nan         |   1.290e-02 | nan         |   4.000e-04 |
| c10               | 2.196e+03 | kg / s   | 2.000e+01 | bar      | 1.769e+03 | kJ / kg  | 3.942e+02 | C        | -2.583e+01 | K            |  2.583e+01 | K             | 3.012e+00 | m^3 / s  | 1.372e-03 | m^3 / kg   |  0.000e+00 | -        |  6.306e+02 | J / kgK  | l                    | nan         | nan         | nan         | nan         |   1.000e+00 |  nan         | nan         | nan         | nan         |
| c11               | 1.233e+03 | kg / s   | 2.000e+01 | bar      | 1.769e+03 | kJ / kg  | 3.942e+02 | C        | -2.583e+01 | K            |  2.583e+01 | K             | 1.691e+00 | m^3 / s  | 1.372e-03 | m^3 / kg   |  0.000e+00 | -        |  6.306e+02 | J / kgK  | l                    | nan         | nan         | nan         | nan         |   1.000e+00 |  nan         | nan         | nan         | nan         |
| c12               | 9.634e+02 | kg / s   | 2.000e+01 | bar      | 1.769e+03 | kJ / kg  | 3.942e+02 | C        | -2.583e+01 | K            |  2.583e+01 | K             | 1.321e+00 | m^3 / s  | 1.372e-03 | m^3 / kg   |  0.000e+00 | -        |  6.306e+02 | J / kgK  | l                    | nan         | nan         | nan         | nan         |   1.000e+00 |  nan         | nan         | nan         | nan         |
| c13               | 1.570e+01 | kg / s   | 2.000e+01 | bar      | 1.726e+03 | kJ / kg  | 3.738e+02 | C        | -4.621e+01 | K            |  4.621e+01 | K             | 2.100e-02 | m^3 / s  | 1.338e-03 | m^3 / kg   |  0.000e+00 | -        |  6.004e+02 | J / kgK  | l                    | nan         | nan         | nan         | nan         |   1.000e+00 |  nan         | nan         | nan         | nan         |
| c14               | 9.530e+02 | kg / s   | 1.000e+00 | bar      | 7.224e+02 | kJ / kg  | 3.890e+02 | C        | -1.369e+02 | K            |  1.369e+02 | K             | 5.293e-01 | m^3 / s  | 5.554e-04 | m^3 / kg   |  0.000e+00 | -        |  1.802e+02 | J / kgK  | l                    | nan         | nan         | nan         | nan         | nan         |    1.000e+00 | nan         | nan         | nan         |
| c15               | 1.100e+01 | kg / s   | 1.000e+00 | bar      | 7.090e+02 | kJ / kg  | 3.840e+02 | C        | -1.419e+02 | K            |  1.419e+02 | K             | 6.100e-03 | m^3 / s  | 5.545e-04 | m^3 / kg   |  0.000e+00 | -        |  1.657e+02 | J / kgK  | l                    | nan         | nan         | nan         | nan         | nan         |    1.000e+00 | nan         | nan         | nan         |
| c16               | 9.530e+02 | kg / s   | 1.000e+00 | bar      | 4.647e+02 | kJ / kg  | 2.920e+02 | C        | -2.339e+02 | K            |  2.339e+02 | K             | 5.139e-01 | m^3 / s  | 5.392e-04 | m^3 / kg   |  0.000e+00 | -        | -1.011e+02 | J / kgK  | l                    | nan         | nan         | nan         | nan         | nan         |    1.000e+00 | nan         | nan         | nan         |
| c17               | 1.100e+01 | kg / s   | 1.000e+00 | bar      | 4.779e+02 | kJ / kg  | 2.970e+02 | C        | -2.289e+02 | K            |  2.289e+02 | K             | 5.941e-03 | m^3 / s  | 5.401e-04 | m^3 / kg   |  0.000e+00 | -        | -8.657e+01 | J / kgK  | l                    | nan         | nan         | nan         | nan         | nan         |    1.000e+00 | nan         | nan         | nan         |
| c18               | 1.233e+03 | kg / s   | 1.397e+01 | bar      | 1.570e+03 | kJ / kg  | 2.991e+02 | C        | -1.209e+02 | K            |  1.209e+02 | K             | 1.513e+00 | m^3 / s  | 1.227e-03 | m^3 / kg   |  0.000e+00 | -        |  4.865e+02 | J / kgK  | l                    | nan         | nan         | nan         | nan         |   1.000e+00 |  nan         | nan         | nan         | nan         |
| c19               | 1.570e+01 | kg / s   | 2.000e+01 | bar      | 1.564e+03 | kJ / kg  | 2.967e+02 | C        | -1.233e+02 | K            |  1.233e+02 | K             | 1.922e-02 | m^3 / s  | 1.224e-03 | m^3 / kg   |  0.000e+00 | -        |  4.827e+02 | J / kgK  | l                    | nan         | nan         | nan         | nan         |   1.000e+00 |  nan         | nan         | nan         | nan         |
| c2                | 1.150e+01 | kg / s   | 1.000e+00 | bar      | 8.988e+02 | kJ / kg  | 2.000e+01 | C        |  1.816e+02 | K            | -1.816e+02 | K             | 1.744e+01 | m^3 / s  | 1.517e+00 | m^3 / kg   | -1.000e+00 | -        |  6.644e+03 | J / kgK  | state not recognised |   1.000e+00 |   0.000e+00 |   0.000e+00 |   0.000e+00 | nan         |  nan         |   0.000e+00 | nan         |   0.000e+00 |
| c20               | 1.570e+01 | kg / s   | 1.397e+01 | bar      | 1.565e+03 | kJ / kg  | 2.967e+02 | C        | -1.233e+02 | K            |  1.233e+02 | K             | 1.922e-02 | m^3 / s  | 1.224e-03 | m^3 / kg   |  0.000e+00 | -        |  4.826e+02 | J / kgK  | l                    | nan         | nan         | nan         | nan         |   1.000e+00 |  nan         | nan         | nan         | nan         |
| c21               | 9.791e+02 | kg / s   | 2.000e+01 | bar      | 1.768e+03 | kJ / kg  | 3.938e+02 | C        | -2.616e+01 | K            |  2.616e+01 | K             | 1.342e+00 | m^3 / s  | 1.371e-03 | m^3 / kg   |  0.000e+00 | -        |  6.301e+02 | J / kgK  | l                    | nan         | nan         | nan         | nan         |   1.000e+00 |  nan         | nan         | nan         | nan         |
| c22               | 1.077e+02 | kg / s   | 2.000e+01 | bar      | 1.768e+03 | kJ / kg  | 3.938e+02 | C        | -2.616e+01 | K            |  2.616e+01 | K             | 1.477e-01 | m^3 / s  | 1.371e-03 | m^3 / kg   |  0.000e+00 | -        |  6.301e+02 | J / kgK  | l                    | nan         | nan         | nan         | nan         |   1.000e+00 |  nan         | nan         | nan         | nan         |
| c23               | 8.714e+02 | kg / s   | 2.000e+01 | bar      | 1.768e+03 | kJ / kg  | 3.938e+02 | C        | -2.616e+01 | K            |  2.616e+01 | K             | 1.195e+00 | m^3 / s  | 1.371e-03 | m^3 / kg   |  0.000e+00 | -        |  6.301e+02 | J / kgK  | l                    | nan         | nan         | nan         | nan         |   1.000e+00 |  nan         | nan         | nan         | nan         |
| c24               | 4.357e+02 | kg / s   | 2.000e+01 | bar      | 1.768e+03 | kJ / kg  | 3.938e+02 | C        | -2.616e+01 | K            |  2.616e+01 | K             | 5.974e-01 | m^3 / s  | 1.371e-03 | m^3 / kg   |  0.000e+00 | -        |  6.301e+02 | J / kgK  | l                    | nan         | nan         | nan         | nan         |   1.000e+00 |  nan         | nan         | nan         | nan         |
| c25               | 4.244e+01 | kg / s   | 1.000e+02 | bar      | 3.005e+03 | kJ / kg  | 3.719e+02 | C        |  6.088e+01 | K            | -6.088e+01 | K             | 1.032e+00 | m^3 / s  | 2.431e-02 | m^3 / kg   |  1.000e+00 | -        |  6.074e+03 | J / kgK  | g                    | nan         | nan         | nan         | nan         | nan         |  nan         | nan         |   1.000e+00 | nan         |
| c26               | 4.357e+02 | kg / s   | 1.839e+01 | bar      | 1.741e+03 | kJ / kg  | 3.807e+02 | C        | -3.929e+01 | K            |  3.929e+01 | K             | 5.878e-01 | m^3 / s  | 1.349e-03 | m^3 / kg   |  0.000e+00 | -        |  6.107e+02 | J / kgK  | l                    | nan         | nan         | nan         | nan         |   1.000e+00 |  nan         | nan         | nan         | nan         |
| c27               | 4.244e+01 | kg / s   | 1.005e+02 | bar      | 2.725e+03 | kJ / kg  | 3.114e+02 | C        |  1.765e-06 | K            | -1.765e-06 | K             | 7.605e-01 | m^3 / s  | 1.792e-02 | m^3 / kg   |  1.000e+00 | -        |  5.613e+03 | J / kgK  | g                    | nan         | nan         | nan         | nan         | nan         |  nan         | nan         |   1.000e+00 | nan         |
| c28               | 4.244e+02 | kg / s   | 1.005e+02 | bar      | 1.543e+03 | kJ / kg  | 3.114e+02 | C        |  0.000e+00 | K            |  0.000e+00 | K             | 1.326e+00 | m^3 / s  | 3.123e-03 | m^3 / kg   |  1.014e-01 | -        |  3.592e+03 | J / kgK  | tp                   | nan         | nan         | nan         | nan         | nan         |  nan         | nan         |   1.000e+00 | nan         |
| c29               | 4.244e+02 | kg / s   | 1.005e+02 | bar      | 1.410e+03 | kJ / kg  | 3.114e+02 | C        | -1.353e-03 | K            |  1.353e-03 | K             | 6.172e-01 | m^3 / s  | 1.454e-03 | m^3 / kg   |  0.000e+00 | -        |  3.364e+03 | J / kgK  | l                    | nan         | nan         | nan         | nan         | nan         |  nan         | nan         |   1.000e+00 | nan         |
| c3                | 4.000e+02 | kg / s   | 1.500e+01 | bar      | 7.225e+02 | kJ / kg  | 4.347e+02 | C        |  0.000e+00 | K            |  0.000e+00 | K             | 5.439e+01 | m^3 / s  | 1.360e-01 | m^3 / kg   |  0.000e+00 | -        |  6.975e+03 | J / kgK  | nan                  |   0.000e+00 |   2.314e-01 |   7.553e-01 |   0.000e+00 | nan         |  nan         |   1.290e-02 | nan         |   4.000e-04 |
| c30               | 4.244e+02 | kg / s   | 1.005e+02 | bar      | 1.410e+03 | kJ / kg  | 3.114e+02 | C        | -4.842e-06 | K            |  4.842e-06 | K             | 6.172e-01 | m^3 / s  | 1.454e-03 | m^3 / kg   |  0.000e+00 | -        |  3.364e+03 | J / kgK  | l                    | nan         | nan         | nan         | nan         | nan         |  nan         | nan         |   1.000e+00 | nan         |
| c31               | 0.000e+00 | kg / s   | 1.005e+02 | bar      | 1.410e+03 | kJ / kg  | 3.114e+02 | C        | -4.842e-06 | K            |  4.842e-06 | K             | 0.000e+00 | m^3 / s  | 1.454e-03 | m^3 / kg   |  0.000e+00 | -        |  3.364e+03 | J / kgK  | l                    | nan         | nan         | nan         | nan         | nan         |  nan         | nan         |   1.000e+00 | nan         |
| c32               | 4.244e+01 | kg / s   | 1.005e+02 | bar      | 1.392e+03 | kJ / kg  | 3.084e+02 | C        | -2.981e+00 | K            |  2.981e+00 | K             | 6.103e-02 | m^3 / s  | 1.438e-03 | m^3 / kg   |  0.000e+00 | -        |  3.333e+03 | J / kgK  | l                    | nan         | nan         | nan         | nan         | nan         |  nan         | nan         |   1.000e+00 | nan         |
| c33               | 4.357e+02 | kg / s   | 1.839e+01 | bar      | 1.611e+03 | kJ / kg  | 3.189e+02 | C        | -1.011e+02 | K            |  1.011e+02 | K             | 5.468e-01 | m^3 / s  | 1.255e-03 | m^3 / kg   |  0.000e+00 | -        |  5.175e+02 | J / kgK  | l                    | nan         | nan         | nan         | nan         |   1.000e+00 |  nan         | nan         | nan         | nan         |
| c34               | 4.357e+02 | kg / s   | 1.678e+01 | bar      | 1.579e+03 | kJ / kg  | 3.036e+02 | C        | -1.164e+02 | K            |  1.164e+02 | K             | 5.375e-01 | m^3 / s  | 1.234e-03 | m^3 / kg   |  0.000e+00 | -        |  4.937e+02 | J / kgK  | l                    | nan         | nan         | nan         | nan         |   1.000e+00 |  nan         | nan         | nan         | nan         |
| c35               | 4.244e+01 | kg / s   | 1.010e+02 | bar      | 1.064e+03 | kJ / kg  | 2.453e+02 | C        | -6.639e+01 | K            |  6.639e+01 | K             | 5.222e-02 | m^3 / s  | 1.231e-03 | m^3 / kg   |  0.000e+00 | -        |  2.736e+03 | J / kgK  | l                    | nan         | nan         | nan         | nan         | nan         |  nan         | nan         |   1.000e+00 | nan         |
| c36               | 8.714e+02 | kg / s   | 1.678e+01 | bar      | 1.579e+03 | kJ / kg  | 3.036e+02 | C        | -1.164e+02 | K            |  1.164e+02 | K             | 1.075e+00 | m^3 / s  | 1.234e-03 | m^3 / kg   |  0.000e+00 | -        |  4.937e+02 | J / kgK  | l                    | nan         | nan         | nan         | nan         |   1.000e+00 |  nan         | nan         | nan         | nan         |
| c37               | 5.385e+01 | kg / s   | 2.000e+01 | bar      | 1.768e+03 | kJ / kg  | 3.938e+02 | C        | -2.616e+01 | K            |  2.616e+01 | K             | 7.383e-02 | m^3 / s  | 1.371e-03 | m^3 / kg   |  0.000e+00 | -        |  6.301e+02 | J / kgK  | l                    | nan         | nan         | nan         | nan         |   1.000e+00 |  nan         | nan         | nan         | nan         |
| c38               | 3.394e+01 | kg / s   | 1.700e+01 | bar      | 2.682e+03 | kJ / kg  | 2.043e+02 | C        |  0.000e+00 | K            |  0.000e+00 | K             | 3.730e+00 | m^3 / s  | 1.099e-01 | m^3 / kg   |  9.414e-01 | -        |  6.162e+03 | J / kgK  | tp                   | nan         | nan         | nan         | nan         | nan         |  nan         | nan         |   1.000e+00 | nan         |
| c39               | 5.385e+01 | kg / s   | 1.839e+01 | bar      | 1.447e+03 | kJ / kg  | 2.410e+02 | C        | -1.790e+02 | K            |  1.790e+02 | K             | 6.211e-02 | m^3 / s  | 1.153e-03 | m^3 / kg   |  0.000e+00 | -        |  3.917e+02 | J / kgK  | l                    | nan         | nan         | nan         | nan         |   1.000e+00 |  nan         | nan         | nan         | nan         |
| c4                | 4.115e+02 | kg / s   | 1.500e+01 | bar      | 2.255e+03 | kJ / kg  | 1.498e+03 | C        |  0.000e+00 | K            |  0.000e+00 | K             | 1.428e+02 | m^3 / s  | 3.471e-01 | m^3 / kg   |  0.000e+00 | -        |  7.996e+03 | J / kgK  | nan                  |   0.000e+00 |   1.134e-01 |   7.342e-01 |   6.277e-02 | nan         |  nan         |   1.254e-02 | nan         |   7.705e-02 |
| c40               | 3.394e+01 | kg / s   | 1.650e+01 | bar      | 3.191e+03 | kJ / kg  | 3.709e+02 | C        |  1.681e+02 | K            | -1.681e+02 | K             | 5.956e+00 | m^3 / s  | 1.755e-01 | m^3 / kg   |  1.000e+00 | -        |  7.128e+03 | J / kgK  | g                    | nan         | nan         | nan         | nan         | nan         |  nan         | nan         |   1.000e+00 | nan         |
| c41               | 6.788e+01 | kg / s   | 1.650e+01 | bar      | 3.191e+03 | kJ / kg  | 3.709e+02 | C        |  1.681e+02 | K            | -1.681e+02 | K             | 1.191e+01 | m^3 / s  | 1.755e-01 | m^3 / kg   |  1.000e+00 | -        |  7.128e+03 | J / kgK  | g                    | nan         | nan         | nan         | nan         | nan         |  nan         | nan         |   1.000e+00 | nan         |
| c42               | 6.788e+01 | kg / s   | 1.700e+01 | bar      | 2.682e+03 | kJ / kg  | 2.043e+02 | C        |  0.000e+00 | K            |  0.000e+00 | K             | 7.460e+00 | m^3 / s  | 1.099e-01 | m^3 / kg   |  9.414e-01 | -        |  6.162e+03 | J / kgK  | tp                   | nan         | nan         | nan         | nan         | nan         |  nan         | nan         |   1.000e+00 | nan         |
| c43               | 8.488e+01 | kg / s   | 1.010e+02 | bar      | 1.064e+03 | kJ / kg  | 2.453e+02 | C        | -6.639e+01 | K            |  6.639e+01 | K             | 1.044e-01 | m^3 / s  | 1.231e-03 | m^3 / kg   |  0.000e+00 | -        |  2.736e+03 | J / kgK  | l                    | nan         | nan         | nan         | nan         | nan         |  nan         | nan         |   1.000e+00 | nan         |
| c44               | 8.488e+01 | kg / s   | 1.000e+02 | bar      | 3.005e+03 | kJ / kg  | 3.719e+02 | C        |  6.088e+01 | K            | -6.088e+01 | K             | 2.063e+00 | m^3 / s  | 2.431e-02 | m^3 / kg   |  1.000e+00 | -        |  6.074e+03 | J / kgK  | g                    | nan         | nan         | nan         | nan         | nan         |  nan         | nan         |   1.000e+00 | nan         |
| c45               | 7.459e+01 | kg / s   | 4.000e+01 | bar      | 2.828e+03 | kJ / kg  | 2.574e+02 | C        |  7.014e+00 | K            | -7.014e+00 | K             | 3.823e+00 | m^3 / s  | 5.125e-02 | m^3 / kg   |  1.000e+00 | -        |  6.120e+03 | J / kgK  | g                    | nan         | nan         | nan         | nan         | nan         |  nan         | nan         |   1.000e+00 | nan         |
| c46               | 1.028e+01 | kg / s   | 4.000e+01 | bar      | 2.828e+03 | kJ / kg  | 2.574e+02 | C        |  7.014e+00 | K            | -7.014e+00 | K             | 5.270e-01 | m^3 / s  | 5.125e-02 | m^3 / kg   |  1.000e+00 | -        |  6.120e+03 | J / kgK  | g                    | nan         | nan         | nan         | nan         | nan         |  nan         | nan         |   1.000e+00 | nan         |
| c47               | 7.459e+01 | kg / s   | 1.700e+01 | bar      | 2.682e+03 | kJ / kg  | 2.043e+02 | C        |  0.000e+00 | K            |  0.000e+00 | K             | 8.198e+00 | m^3 / s  | 1.099e-01 | m^3 / kg   |  9.414e-01 | -        |  6.162e+03 | J / kgK  | tp                   | nan         | nan         | nan         | nan         | nan         |  nan         | nan         |   1.000e+00 | nan         |
| c48               | 6.713e+00 | kg / s   | 1.700e+01 | bar      | 2.682e+03 | kJ / kg  | 2.043e+02 | C        |  0.000e+00 | K            |  0.000e+00 | K             | 7.378e-01 | m^3 / s  | 1.099e-01 | m^3 / kg   |  9.414e-01 | -        |  6.162e+03 | J / kgK  | tp                   | nan         | nan         | nan         | nan         | nan         |  nan         | nan         |   1.000e+00 | nan         |
| c49               | 8.488e+01 | kg / s   | 1.011e+02 | bar      | 8.527e+02 | kJ / kg  | 1.993e+02 | C        | -1.125e+02 | K            |  1.125e+02 | K             | 9.736e-02 | m^3 / s  | 1.147e-03 | m^3 / kg   |  0.000e+00 | -        |  2.311e+03 | J / kgK  | l                    | nan         | nan         | nan         | nan         | nan         |  nan         | nan         |   1.000e+00 | nan         |
| c5                | 4.115e+02 | kg / s   | 9.000e-01 | bar      | 1.300e+03 | kJ / kg  | 7.628e+02 | C        |  0.000e+00 | K            |  0.000e+00 | K             | 1.391e+03 | m^3 / s  | 3.379e+00 | m^3 / kg   |  0.000e+00 | -        |  8.129e+03 | J / kgK  | nan                  |   0.000e+00 |   1.134e-01 |   7.342e-01 |   6.277e-02 | nan         |  nan         |   1.254e-02 | nan         |   7.705e-02 |
| c50               | 1.028e+01 | kg / s   | 4.000e+01 | bar      | 1.087e+03 | kJ / kg  | 2.504e+02 | C        |  0.000e+00 | K            |  0.000e+00 | K             | 1.288e-02 | m^3 / s  | 1.253e-03 | m^3 / kg   | -1.179e-16 | -        |  2.797e+03 | J / kgK  | tp                   | nan         | nan         | nan         | nan         | nan         |  nan         | nan         |   1.000e+00 | nan         |
| c51               | 1.028e+01 | kg / s   | 1.700e+01 | bar      | 1.087e+03 | kJ / kg  | 2.043e+02 | C        |  0.000e+00 | K            |  0.000e+00 | K             | 1.452e-01 | m^3 / s  | 1.412e-02 | m^3 / kg   |  1.122e-01 | -        |  2.823e+03 | J / kgK  | tp                   | nan         | nan         | nan         | nan         | nan         |  nan         | nan         |   1.000e+00 | nan         |
| c52               | 1.700e+01 | kg / s   | 1.700e+01 | bar      | 8.718e+02 | kJ / kg  | 2.043e+02 | C        | -1.897e-05 | K            |  1.897e-05 | K             | 1.977e-02 | m^3 / s  | 1.163e-03 | m^3 / kg   |  0.000e+00 | -        |  2.371e+03 | J / kgK  | l                    | nan         | nan         | nan         | nan         | nan         |  nan         | nan         |   1.000e+00 | nan         |
| c53               | 1.700e+01 | kg / s   | 6.000e+00 | bar      | 8.718e+02 | kJ / kg  | 1.588e+02 | C        |  0.000e+00 | K            |  0.000e+00 | K             | 5.348e-01 | m^3 / s  | 3.146e-02 | m^3 / kg   |  9.655e-02 | -        |  2.397e+03 | J / kgK  | tp                   | nan         | nan         | nan         | nan         | nan         |  nan         | nan         |   1.000e+00 | nan         |
| c54               | 8.488e+01 | kg / s   | 6.000e+00 | bar      | 6.704e+02 | kJ / kg  | 1.588e+02 | C        |  0.000e+00 | K            |  0.000e+00 | K             | 9.342e-02 | m^3 / s  | 1.101e-03 | m^3 / kg   |  0.000e+00 | -        |  1.931e+03 | J / kgK  | tp                   | nan         | nan         | nan         | nan         | nan         |  nan         | nan         |   1.000e+00 | nan         |
| c55               | 8.488e+01 | kg / s   | 1.011e+02 | bar      | 6.834e+02 | kJ / kg  | 1.605e+02 | C        | -1.513e+02 | K            |  1.513e+02 | K             | 9.302e-02 | m^3 / s  | 1.096e-03 | m^3 / kg   |  0.000e+00 | -        |  1.937e+03 | J / kgK  | l                    | nan         | nan         | nan         | nan         | nan         |  nan         | nan         |   1.000e+00 | nan         |
| c56               | 2.932e+00 | kg / s   | 6.000e+00 | bar      | 2.961e+03 | kJ / kg  | 2.514e+02 | C        |  9.259e+01 | K            | -9.259e+01 | K             | 1.158e+00 | m^3 / s  | 3.951e-01 | m^3 / kg   |  1.000e+00 | -        |  7.189e+03 | J / kgK  | g                    | nan         | nan         | nan         | nan         | nan         |  nan         | nan         |   1.000e+00 | nan         |
| c57               | 6.495e+01 | kg / s   | 6.000e+00 | bar      | 2.961e+03 | kJ / kg  | 2.514e+02 | C        |  9.259e+01 | K            | -9.259e+01 | K             | 2.566e+01 | m^3 / s  | 3.951e-01 | m^3 / kg   |  1.000e+00 | -        |  7.189e+03 | J / kgK  | g                    | nan         | nan         | nan         | nan         | nan         |  nan         | nan         |   1.000e+00 | nan         |
| c58               | 2.750e+00 | kg / s   | 2.500e+00 | bar      | 2.795e+03 | kJ / kg  | 1.645e+02 | C        |  3.706e+01 | K            | -3.706e+01 | K             | 2.181e+00 | m^3 / s  | 7.930e-01 | m^3 / kg   |  1.000e+00 | -        |  7.241e+03 | J / kgK  | g                    | nan         | nan         | nan         | nan         | nan         |  nan         | nan         |   1.000e+00 | nan         |
| c59               | 6.220e+01 | kg / s   | 2.500e+00 | bar      | 2.795e+03 | kJ / kg  | 1.645e+02 | C        |  3.706e+01 | K            | -3.706e+01 | K             | 4.933e+01 | m^3 / s  | 7.930e-01 | m^3 / kg   |  1.000e+00 | -        |  7.241e+03 | J / kgK  | g                    | nan         | nan         | nan         | nan         | nan         |  nan         | nan         |   1.000e+00 | nan         |
| c6                | 1.096e+03 | kg / s   | 3.500e+01 | bar      | 1.567e+03 | kJ / kg  | 2.980e+02 | C        | -1.220e+02 | K            |  1.220e+02 | K             | 1.344e+00 | m^3 / s  | 1.226e-03 | m^3 / kg   |  0.000e+00 | -        |  4.850e+02 | J / kgK  | l                    | nan         | nan         | nan         | nan         |   1.000e+00 |  nan         | nan         | nan         | nan         |
| c60               | 2.183e+00 | kg / s   | 1.200e+00 | bar      | 2.678e+03 | kJ / kg  | 1.048e+02 | C        |  0.000e+00 | K            |  0.000e+00 | K             | 3.110e+00 | m^3 / s  | 1.425e+00 | m^3 / kg   |  9.976e-01 | -        |  7.284e+03 | J / kgK  | tp                   | nan         | nan         | nan         | nan         | nan         |  nan         | nan         |   1.000e+00 | nan         |
| c61               | 6.002e+01 | kg / s   | 1.200e+00 | bar      | 2.678e+03 | kJ / kg  | 1.048e+02 | C        |  0.000e+00 | K            |  0.000e+00 | K             | 8.552e+01 | m^3 / s  | 1.425e+00 | m^3 / kg   |  9.976e-01 | -        |  7.284e+03 | J / kgK  | tp                   | nan         | nan         | nan         | nan         | nan         |  nan         | nan         |   1.000e+00 | nan         |
| c62               | 3.897e+00 | kg / s   | 6.000e-01 | bar      | 2.578e+03 | kJ / kg  | 8.593e+01 | C        |  0.000e+00 | K            |  0.000e+00 | K             | 1.030e+01 | m^3 / s  | 2.642e+00 | m^3 / kg   |  9.672e-01 | -        |  7.322e+03 | J / kgK  | tp                   | nan         | nan         | nan         | nan         | nan         |  nan         | nan         |   1.000e+00 | nan         |
| c63               | 5.612e+01 | kg / s   | 6.000e-01 | bar      | 2.578e+03 | kJ / kg  | 8.593e+01 | C        |  0.000e+00 | K            |  0.000e+00 | K             | 1.483e+02 | m^3 / s  | 2.642e+00 | m^3 / kg   |  9.672e-01 | -        |  7.322e+03 | J / kgK  | tp                   | nan         | nan         | nan         | nan         | nan         |  nan         | nan         |   1.000e+00 | nan         |
| c64               | 5.612e+01 | kg / s   | 8.000e-02 | bar      | 2.326e+03 | kJ / kg  | 4.151e+01 | C        |  0.000e+00 | K            |  0.000e+00 | K             | 9.098e+02 | m^3 / s  | 1.621e+01 | m^3 / kg   |  8.957e-01 | -        |  7.431e+03 | J / kgK  | tp                   | nan         | nan         | nan         | nan         | nan         |  nan         | nan         |   1.000e+00 | nan         |
| c65               | 4.443e+03 | kg / s   | 1.950e+00 | bar      | 1.531e+02 | kJ / kg  | 3.650e+01 | C        | -8.290e+01 | K            |  8.290e+01 | K             | 4.472e+00 | m^3 / s  | 1.006e-03 | m^3 / kg   |  0.000e+00 | -        |  5.254e+02 | J / kgK  | l                    | nan         | nan         | nan         | nan         | nan         |  nan         | nan         |   1.000e+00 | nan         |
| c66               | 4.443e+03 | kg / s   | 2.000e+00 | bar      | 1.259e+02 | kJ / kg  | 3.000e+01 | C        | -9.021e+01 | K            |  9.021e+01 | K             | 4.463e+00 | m^3 / s  | 1.004e-03 | m^3 / kg   |  0.000e+00 | -        |  4.367e+02 | J / kgK  | l                    | nan         | nan         | nan         | nan         | nan         |  nan         | nan         |   1.000e+00 | nan         |
| c67               | 5.612e+01 | kg / s   | 8.000e-02 | bar      | 1.738e+02 | kJ / kg  | 4.151e+01 | C        |  0.000e+00 | K            |  0.000e+00 | K             | 5.659e-02 | m^3 / s  | 1.008e-03 | m^3 / kg   |  0.000e+00 | -        |  5.925e+02 | J / kgK  | tp                   | nan         | nan         | nan         | nan         | nan         |  nan         | nan         |   1.000e+00 | nan         |
| c68               | 6.495e+01 | kg / s   | 8.000e-02 | bar      | 1.991e+02 | kJ / kg  | 4.151e+01 | C        |  0.000e+00 | K            |  0.000e+00 | K             | 1.244e+01 | m^3 / s  | 1.916e-01 | m^3 / kg   |  1.053e-02 | -        |  6.729e+02 | J / kgK  | tp                   | nan         | nan         | nan         | nan         | nan         |  nan         | nan         |   1.000e+00 | nan         |
| c69               | 8.829e+00 | kg / s   | 8.000e-02 | bar      | 3.599e+02 | kJ / kg  | 4.151e+01 | C        |  0.000e+00 | K            |  0.000e+00 | K             | 1.239e+01 | m^3 / s  | 1.403e+00 | m^3 / kg   |  7.745e-02 | -        |  1.184e+03 | J / kgK  | tp                   | nan         | nan         | nan         | nan         | nan         |  nan         | nan         |   1.000e+00 | nan         |
| c7                | 1.096e+03 | kg / s   | 3.500e+01 | bar      | 1.769e+03 | kJ / kg  | 3.945e+02 | C        | -2.548e+01 | K            |  2.548e+01 | K             | 1.504e+00 | m^3 / s  | 1.372e-03 | m^3 / kg   |  0.000e+00 | -        |  6.314e+02 | J / kgK  | l                    | nan         | nan         | nan         | nan         |   1.000e+00 |  nan         | nan         | nan         | nan         |
| c70               | 6.495e+01 | kg / s   | 6.150e+00 | bar      | 2.002e+02 | kJ / kg  | 4.769e+01 | C        | -1.121e+02 | K            |  1.121e+02 | K             | 6.565e-02 | m^3 / s  | 1.011e-03 | m^3 / kg   |  0.000e+00 | -        |  6.735e+02 | J / kgK  | l                    | nan         | nan         | nan         | nan         | nan         |  nan         | nan         |   1.000e+00 | nan         |
| c71               | 8.829e+00 | kg / s   | 6.000e-01 | bar      | 3.599e+02 | kJ / kg  | 8.593e+01 | C        |  0.000e+00 | K            |  0.000e+00 | K             | 9.121e-03 | m^3 / s  | 1.033e-03 | m^3 / kg   |  2.202e-17 | -        |  1.145e+03 | J / kgK  | tp                   | nan         | nan         | nan         | nan         | nan         |  nan         | nan         |   1.000e+00 | nan         |
| c72               | 6.495e+01 | kg / s   | 6.100e+00 | bar      | 3.393e+02 | kJ / kg  | 8.092e+01 | C        | -7.856e+01 | K            |  7.856e+01 | K             | 6.686e-02 | m^3 / s  | 1.029e-03 | m^3 / kg   |  0.000e+00 | -        |  1.086e+03 | J / kgK  | l                    | nan         | nan         | nan         | nan         | nan         |  nan         | nan         |   1.000e+00 | nan         |
| c73               | 4.932e+00 | kg / s   | 6.000e-01 | bar      | 4.394e+02 | kJ / kg  | 8.593e+01 | C        |  0.000e+00 | K            |  0.000e+00 | K             | 4.718e-01 | m^3 / s  | 9.565e-02 | m^3 / kg   |  3.465e-02 | -        |  1.367e+03 | J / kgK  | tp                   | nan         | nan         | nan         | nan         | nan         |  nan         | nan         |   1.000e+00 | nan         |
| c74               | 4.932e+00 | kg / s   | 1.200e+00 | bar      | 4.394e+02 | kJ / kg  | 1.048e+02 | C        |  0.000e+00 | K            |  0.000e+00 | K             | 5.166e-03 | m^3 / s  | 1.047e-03 | m^3 / kg   |  6.750e-17 | -        |  1.361e+03 | J / kgK  | tp                   | nan         | nan         | nan         | nan         | nan         |  nan         | nan         |   1.000e+00 | nan         |
| c75               | 6.495e+01 | kg / s   | 6.050e+00 | bar      | 4.186e+02 | kJ / kg  | 9.978e+01 | C        | -5.937e+01 | K            |  5.937e+01 | K             | 6.774e-02 | m^3 / s  | 1.043e-03 | m^3 / kg   |  0.000e+00 | -        |  1.304e+03 | J / kgK  | l                    | nan         | nan         | nan         | nan         | nan         |  nan         | nan         |   1.000e+00 | nan         |
| c76               | 2.750e+00 | kg / s   | 1.200e+00 | bar      | 5.353e+02 | kJ / kg  | 1.048e+02 | C        |  0.000e+00 | K            |  0.000e+00 | K             | 1.708e-01 | m^3 / s  | 6.211e-02 | m^3 / kg   |  4.278e-02 | -        |  1.615e+03 | J / kgK  | tp                   | nan         | nan         | nan         | nan         | nan         |  nan         | nan         |   1.000e+00 | nan         |
| c77               | 2.750e+00 | kg / s   | 2.500e+00 | bar      | 5.353e+02 | kJ / kg  | 1.274e+02 | C        |  0.000e+00 | K            |  0.000e+00 | K             | 2.934e-03 | m^3 / s  | 1.067e-03 | m^3 / kg   | -4.629e-17 | -        |  1.607e+03 | J / kgK  | tp                   | nan         | nan         | nan         | nan         | nan         |  nan         | nan         |   1.000e+00 | nan         |
| c78               | 6.495e+01 | kg / s   | 6.000e+00 | bar      | 5.143e+02 | kJ / kg  | 1.224e+02 | C        | -3.642e+01 | K            |  3.642e+01 | K             | 6.899e-02 | m^3 / s  | 1.062e-03 | m^3 / kg   |  0.000e+00 | -        |  1.553e+03 | J / kgK  | l                    | nan         | nan         | nan         | nan         | nan         |  nan         | nan         |   1.000e+00 | nan         |
| c79               | 0.000e+00 | kg / s   | 6.000e+00 | bar      | 2.756e+03 | kJ / kg  | 1.588e+02 | C        |  0.000e+00 | K            |  0.000e+00 | K             | 0.000e+00 | m^3 / s  | 3.156e-01 | m^3 / kg   |  1.000e+00 | -        |  6.759e+03 | J / kgK  | tp                   | nan         | nan         | nan         | nan         | nan         |  nan         | nan         |   1.000e+00 | nan         |
| c8                | 4.115e+02 | kg / s   | 8.800e-01 | bar      | 7.604e+02 | kJ / kg  | 3.040e+02 | C        |  0.000e+00 | K            |  0.000e+00 | K             | 7.923e+02 | m^3 / s  | 1.925e+00 | m^3 / kg   |  0.000e+00 | -        |  7.451e+03 | J / kgK  | nan                  |   0.000e+00 |   1.134e-01 |   7.342e-01 |   6.277e-02 | nan         |  nan         |   1.254e-02 | nan         |   7.705e-02 |
| c80               | 1.077e+02 | kg / s   | 1.839e+01 | bar      | 1.447e+03 | kJ / kg  | 2.410e+02 | C        | -1.790e+02 | K            |  1.790e+02 | K             | 1.242e-01 | m^3 / s  | 1.153e-03 | m^3 / kg   |  0.000e+00 | -        |  3.917e+02 | J / kgK  | l                    | nan         | nan         | nan         | nan         |   1.000e+00 |  nan         | nan         | nan         | nan         |
| c81               | 9.791e+02 | kg / s   | 1.397e+01 | bar      | 1.565e+03 | kJ / kg  | 2.967e+02 | C        | -1.233e+02 | K            |  1.233e+02 | K             | 1.199e+00 | m^3 / s  | 1.224e-03 | m^3 / kg   |  0.000e+00 | -        |  4.826e+02 | J / kgK  | l                    | nan         | nan         | nan         | nan         |   1.000e+00 |  nan         | nan         | nan         | nan         |
| c82               | 9.634e+02 | kg / s   | 1.397e+01 | bar      | 1.565e+03 | kJ / kg  | 2.967e+02 | C        | -1.233e+02 | K            |  1.233e+02 | K             | 1.179e+00 | m^3 / s  | 1.224e-03 | m^3 / kg   |  0.000e+00 | -        |  4.826e+02 | J / kgK  | l                    | nan         | nan         | nan         | nan         |   1.000e+00 |  nan         | nan         | nan         | nan         |
| c83               | 2.196e+03 | kg / s   | 1.397e+01 | bar      | 1.567e+03 | kJ / kg  | 2.981e+02 | C        | -1.219e+02 | K            |  1.219e+02 | K             | 2.693e+00 | m^3 / s  | 1.226e-03 | m^3 / kg   |  0.000e+00 | -        |  4.848e+02 | J / kgK  | l                    | nan         | nan         | nan         | nan         |   1.000e+00 |  nan         | nan         | nan         | nan         |
| c84               | 2.196e+03 | kg / s   | 3.500e+01 | bar      | 1.567e+03 | kJ / kg  | 2.980e+02 | C        | -1.220e+02 | K            |  1.220e+02 | K             | 2.692e+00 | m^3 / s  | 1.226e-03 | m^3 / kg   |  0.000e+00 | -        |  4.850e+02 | J / kgK  | l                    | nan         | nan         | nan         | nan         |   1.000e+00 |  nan         | nan         | nan         | nan         |
| c85               | 1.100e+03 | kg / s   | 3.500e+01 | bar      | 1.567e+03 | kJ / kg  | 2.980e+02 | C        | -1.220e+02 | K            |  1.220e+02 | K             | 1.349e+00 | m^3 / s  | 1.226e-03 | m^3 / kg   |  0.000e+00 | -        |  4.850e+02 | J / kgK  | l                    | nan         | nan         | nan         | nan         |   1.000e+00 |  nan         | nan         | nan         | nan         |
| c86               | 7.051e+00 | kg / s   | 3.500e+01 | bar      | 1.567e+03 | kJ / kg  | 2.980e+02 | C        | -1.220e+02 | K            |  1.220e+02 | K             | 8.644e-03 | m^3 / s  | 1.226e-03 | m^3 / kg   |  0.000e+00 | -        |  4.850e+02 | J / kgK  | l                    | nan         | nan         | nan         | nan         |   1.000e+00 |  nan         | nan         | nan         | nan         |
| c87               | 7.051e+00 | kg / s   | 3.300e+01 | bar      | 1.617e+03 | kJ / kg  | 3.220e+02 | C        | -9.801e+01 | K            |  9.801e+01 | K             | 8.880e-03 | m^3 / s  | 1.259e-03 | m^3 / kg   |  0.000e+00 | -        |  5.226e+02 | J / kgK  | l                    | nan         | nan         | nan         | nan         |   1.000e+00 |  nan         | nan         | nan         | nan         |
| c88               | 7.051e+00 | kg / s   | 3.100e+01 | bar      | 1.668e+03 | kJ / kg  | 3.460e+02 | C        | -7.400e+01 | K            |  7.400e+01 | K             | 9.129e-03 | m^3 / s  | 1.295e-03 | m^3 / kg   |  0.000e+00 | -        |  5.593e+02 | J / kgK  | l                    | nan         | nan         | nan         | nan         |   1.000e+00 |  nan         | nan         | nan         | nan         |
| c89               | 7.051e+00 | kg / s   | 2.900e+01 | bar      | 1.718e+03 | kJ / kg  | 3.700e+02 | C        | -4.998e+01 | K            |  4.998e+01 | K             | 9.392e-03 | m^3 / s  | 1.332e-03 | m^3 / kg   |  0.000e+00 | -        |  5.950e+02 | J / kgK  | l                    | nan         | nan         | nan         | nan         |   1.000e+00 |  nan         | nan         | nan         | nan         |
| c9                | 1.100e+03 | kg / s   | 2.700e+01 | bar      | 1.769e+03 | kJ / kg  | 3.941e+02 | C        | -2.586e+01 | K            |  2.586e+01 | K             | 1.509e+00 | m^3 / s  | 1.372e-03 | m^3 / kg   |  0.000e+00 | -        |  6.307e+02 | J / kgK  | l                    | nan         | nan         | nan         | nan         |   1.000e+00 |  nan         | nan         | nan         | nan         |
| c90               | 7.051e+00 | kg / s   | 2.700e+01 | bar      | 1.769e+03 | kJ / kg  | 3.941e+02 | C        | -2.586e+01 | K            |  2.586e+01 | K             | 9.672e-03 | m^3 / s  | 1.372e-03 | m^3 / kg   |  0.000e+00 | -        |  6.307e+02 | J / kgK  | l                    | nan         | nan         | nan         | nan         |   1.000e+00 |  nan         | nan         | nan         | nan         |
| d15               | 1.100e+01 | kg / s   | 1.000e+00 | bar      | 7.090e+02 | kJ / kg  | 3.840e+02 | C        | -1.419e+02 | K            |  1.419e+02 | K             | 6.100e-03 | m^3 / s  | 5.545e-04 | m^3 / kg   |  0.000e+00 | -        |  1.657e+02 | J / kgK  | l                    | nan         | nan         | nan         | nan         | nan         |    1.000e+00 | nan         | nan         | nan         |
| d36               | 8.714e+02 | kg / s   | 1.397e+01 | bar      | 1.579e+03 | kJ / kg  | 3.036e+02 | C        | -1.164e+02 | K            |  1.164e+02 | K             | 1.075e+00 | m^3 / s  | 1.234e-03 | m^3 / kg   |  0.000e+00 | -        |  4.936e+02 | J / kgK  | l                    | nan         | nan         | nan         | nan         |   1.000e+00 |  nan         | nan         | nan         | nan         |
| d54               | 8.488e+01 | kg / s   | 6.000e+00 | bar      | 6.704e+02 | kJ / kg  | 1.588e+02 | C        |  0.000e+00 | K            |  0.000e+00 | K             | 9.342e-02 | m^3 / s  | 1.101e-03 | m^3 / kg   |  0.000e+00 | -        |  1.931e+03 | J / kgK  | tp                   | nan         | nan         | nan         | nan         | nan         |  nan         | nan         |   1.000e+00 | nan         |
| d7                | 1.096e+03 | kg / s   | 2.000e+01 | bar      | 1.769e+03 | kJ / kg  | 3.943e+02 | C        | -2.570e+01 | K            |  2.570e+01 | K             | 1.504e+00 | m^3 / s  | 1.372e-03 | m^3 / kg   |  0.000e+00 | -        |  6.308e+02 | J / kgK  | l                    | nan         | nan         | nan         | nan         |   1.000e+00 |  nan         | nan         | nan         | nan         |
| d80               | 1.077e+02 | kg / s   | 1.397e+01 | bar      | 1.447e+03 | kJ / kg  | 2.409e+02 | C        | -1.791e+02 | K            |  1.791e+02 | K             | 1.242e-01 | m^3 / s  | 1.153e-03 | m^3 / kg   |  0.000e+00 | -        |  3.915e+02 | J / kgK  | l                    | nan         | nan         | nan         | nan         |   1.000e+00 |  nan         | nan         | nan         | nan         |
| d84               | 2.196e+03 | kg / s   | 3.500e+01 | bar      | 1.567e+03 | kJ / kg  | 2.980e+02 | C        | -1.220e+02 | K            |  1.220e+02 | K             | 2.692e+00 | m^3 / s  | 1.226e-03 | m^3 / kg   |  0.000e+00 | -        |  4.850e+02 | J / kgK  | l                    | nan         | nan         | nan         | nan         |   1.000e+00 |  nan         | nan         | nan         | nan         |
| d9                | 1.100e+03 | kg / s   | 2.000e+01 | bar      | 1.769e+03 | kJ / kg  | 3.940e+02 | C        | -2.596e+01 | K            |  2.596e+01 | K             | 1.509e+00 | m^3 / s  | 1.371e-03 | m^3 / kg   |  0.000e+00 | -        |  6.304e+02 | J / kgK  | l                    | nan         | nan         | nan         | nan         |   1.000e+00 |  nan         | nan         | nan         | nan         |
| deaerator_cold_in | 8.195e+01 | kg / s   | 6.000e+00 | bar      | 5.884e+02 | kJ / kg  | 1.398e+02 | C        | -1.903e+01 | K            |  1.903e+01 | K             | 8.845e-02 | m^3 / s  | 1.079e-03 | m^3 / kg   |  0.000e+00 | -        |  1.737e+03 | J / kgK  | l                    | nan         | nan         | nan         | nan         | nan         |  nan         | nan         |   1.000e+00 | nan         |
| h1_out            | 8.488e+01 | kg / s   | 4.000e+01 | bar      | 2.828e+03 | kJ / kg  | 2.574e+02 | C        |  7.014e+00 | K            | -7.014e+00 | K             | 4.350e+00 | m^3 / s  | 5.125e-02 | m^3 / kg   |  1.000e+00 | -        |  6.120e+03 | J / kgK  | g                    | nan         | nan         | nan         | nan         | nan         |  nan         | nan         |   1.000e+00 | nan         |
| heater_h_hot_in   | 1.700e+01 | kg / s   | 1.700e+01 | bar      | 1.717e+03 | kJ / kg  | 2.043e+02 | C        |  0.000e+00 | K            |  0.000e+00 | K             | 8.831e-01 | m^3 / s  | 5.195e-02 | m^3 / kg   |  4.397e-01 | -        |  4.142e+03 | J / kgK  | tp                   | nan         | nan         | nan         | nan         | nan         |  nan         | nan         |   1.000e+00 | nan         |
| heater_j_hot_in   | 4.932e+00 | kg / s   | 1.200e+00 | bar      | 1.483e+03 | kJ / kg  | 1.048e+02 | C        |  0.000e+00 | K            |  0.000e+00 | K             | 3.281e+00 | m^3 / s  | 6.652e-01 | m^3 / kg   |  4.653e-01 | -        |  4.123e+03 | J / kgK  | tp                   | nan         | nan         | nan         | nan         | nan         |  nan         | nan         |   1.000e+00 | nan         |
| heater_k_hot_in   | 8.829e+00 | kg / s   | 6.000e-01 | bar      | 1.383e+03 | kJ / kg  | 8.593e+01 | C        |  0.000e+00 | K            |  0.000e+00 | K             | 1.077e+01 | m^3 / s  | 1.220e+00 | m^3 / kg   |  4.463e-01 | -        |  3.995e+03 | J / kgK  | tp                   | nan         | nan         | nan         | nan         | nan         |  nan         | nan         |   1.000e+00 | nan         |
| l1_out            | 6.788e+01 | kg / s   | 6.000e+00 | bar      | 2.961e+03 | kJ / kg  | 2.514e+02 | C        |  9.259e+01 | K            | -9.259e+01 | K             | 2.682e+01 | m^3 / s  | 3.951e-01 | m^3 / kg   |  1.000e+00 | -        |  7.189e+03 | J / kgK  | g                    | nan         | nan         | nan         | nan         | nan         |  nan         | nan         |   1.000e+00 | nan         |
| l2_out            | 6.495e+01 | kg / s   | 2.500e+00 | bar      | 2.795e+03 | kJ / kg  | 1.645e+02 | C        |  3.706e+01 | K            | -3.706e+01 | K             | 5.151e+01 | m^3 / s  | 7.930e-01 | m^3 / kg   |  1.000e+00 | -        |  7.241e+03 | J / kgK  | g                    | nan         | nan         | nan         | nan         | nan         |  nan         | nan         |   1.000e+00 | nan         |
| l3_out            | 6.220e+01 | kg / s   | 1.200e+00 | bar      | 2.678e+03 | kJ / kg  | 1.048e+02 | C        |  0.000e+00 | K            |  0.000e+00 | K             | 8.863e+01 | m^3 / s  | 1.425e+00 | m^3 / kg   |  9.976e-01 | -        |  7.284e+03 | J / kgK  | tp                   | nan         | nan         | nan         | nan         | nan         |  nan         | nan         |   1.000e+00 | nan         |
| l4_out            | 6.002e+01 | kg / s   | 6.000e-01 | bar      | 2.578e+03 | kJ / kg  | 8.593e+01 | C        |  0.000e+00 | K            |  0.000e+00 | K             | 1.586e+02 | m^3 / s  | 2.642e+00 | m^3 / kg   |  9.672e-01 | -        |  7.322e+03 | J / kgK  | tp                   | nan         | nan         | nan         | nan         | nan         |  nan         | nan         |   1.000e+00 | nan         |
+-------------------+-----------+----------+-----------+----------+-----------+----------+-----------+----------+------------+--------------+------------+---------------+-----------+----------+-----------+------------+------------+----------+------------+----------+----------------------+-------------+-------------+-------------+-------------+-------------+--------------+-------------+-------------+-------------+
##### RESULTS (Nodes: Condenser: condenser) #####
+-------------------------------------+-------------+-------------+-------------+-------------+-------------+-------------+-------------+-------------+-------------+-------------+-------------+-------------+-------------+-------------+-------------+-------------+-------------+-------------+-------------+-------------+-------------+-------------+-------------+-------------+-------------+-------------+-------------+-------------+-------------+-------------+-------------+-------------+-------------+-------------+-------------+-------------+-------------+-------------+-------------+-------------+
|                                     |           0 |           1 |           2 |           3 |           4 |           5 |           6 |           7 |           8 |           9 |          10 |          11 |          12 |          13 |          14 |          15 |          16 |          17 |          18 |          19 |          20 |          21 |          22 |          23 |          24 |          25 |          26 |          27 |          28 |          29 |          30 |          31 |          32 |          33 |          34 |          35 |          36 |          37 |          38 |          39 |
|-------------------------------------+-------------+-------------+-------------+-------------+-------------+-------------+-------------+-------------+-------------+-------------+-------------+-------------+-------------+-------------+-------------+-------------+-------------+-------------+-------------+-------------+-------------+-------------+-------------+-------------+-------------+-------------+-------------+-------------+-------------+-------------+-------------+-------------+-------------+-------------+-------------+-------------+-------------+-------------+-------------+-------------|
| hot_side---pressure (bar)           |   8.000e-02 |   8.000e-02 |   8.000e-02 |   8.000e-02 |   8.000e-02 |   8.000e-02 |   8.000e-02 |   8.000e-02 |   8.000e-02 |   8.000e-02 |   8.000e-02 |   8.000e-02 |   8.000e-02 |   8.000e-02 |   8.000e-02 |   8.000e-02 |   8.000e-02 |   8.000e-02 |   8.000e-02 |   8.000e-02 |   8.000e-02 |   8.000e-02 |   8.000e-02 |   8.000e-02 |   8.000e-02 |   8.000e-02 |   8.000e-02 |   8.000e-02 |   8.000e-02 |   8.000e-02 |   8.000e-02 |   8.000e-02 |   8.000e-02 |   8.000e-02 |   8.000e-02 |   8.000e-02 |   8.000e-02 |   8.000e-02 |   8.000e-02 |   8.000e-02 |
| hot_side---enthalpy (kJ / kg)       |   2.326e+03 |   2.289e+03 |   2.252e+03 |   2.214e+03 |   2.176e+03 |   2.136e+03 |   2.096e+03 |   2.054e+03 |   2.012e+03 |   1.969e+03 |   1.925e+03 |   1.880e+03 |   1.834e+03 |   1.787e+03 |   1.739e+03 |   1.690e+03 |   1.639e+03 |   1.588e+03 |   1.536e+03 |   1.482e+03 |   1.482e+03 |   1.426e+03 |   1.369e+03 |   1.310e+03 |   1.250e+03 |   1.189e+03 |   1.127e+03 |   1.063e+03 |   9.973e+02 |   9.305e+02 |   8.621e+02 |   7.923e+02 |   7.208e+02 |   6.478e+02 |   5.731e+02 |   4.967e+02 |   4.187e+02 |   3.389e+02 |   2.573e+02 |   1.738e+02 |
| hot_side---temperature (C)          |   4.151e+01 |   4.151e+01 |   4.151e+01 |   4.151e+01 |   4.151e+01 |   4.151e+01 |   4.151e+01 |   4.151e+01 |   4.151e+01 |   4.151e+01 |   4.151e+01 |   4.151e+01 |   4.151e+01 |   4.151e+01 |   4.151e+01 |   4.151e+01 |   4.151e+01 |   4.151e+01 |   4.151e+01 |   4.151e+01 |   4.151e+01 |   4.151e+01 |   4.151e+01 |   4.151e+01 |   4.151e+01 |   4.151e+01 |   4.151e+01 |   4.151e+01 |   4.151e+01 |   4.151e+01 |   4.151e+01 |   4.151e+01 |   4.151e+01 |   4.151e+01 |   4.151e+01 |   4.151e+01 |   4.151e+01 |   4.151e+01 |   4.151e+01 |   4.151e+01 |
| hot_side---vapor mass fraction (-)  |   8.957e-01 |   8.806e-01 |   8.652e-01 |   8.494e-01 |   8.333e-01 |   8.168e-01 |   8.000e-01 |   7.828e-01 |   7.652e-01 |   7.473e-01 |   7.289e-01 |   7.102e-01 |   6.910e-01 |   6.714e-01 |   6.514e-01 |   6.309e-01 |   6.100e-01 |   5.887e-01 |   5.668e-01 |   5.445e-01 |   5.445e-01 |   5.212e-01 |   4.974e-01 |   4.730e-01 |   4.481e-01 |   4.227e-01 |   3.966e-01 |   3.700e-01 |   3.428e-01 |   3.150e-01 |   2.865e-01 |   2.574e-01 |   2.277e-01 |   1.973e-01 |   1.662e-01 |   1.344e-01 |   1.019e-01 |   6.869e-02 |   3.473e-02 |   0.000e+00 |
| hot_side---differ number ()         |   2.000e+00 |   2.000e+00 |   2.000e+00 |   2.000e+00 |   2.000e+00 |   2.000e+00 |   2.000e+00 |   2.000e+00 |   2.000e+00 |   2.000e+00 |   2.000e+00 |   2.000e+00 |   2.000e+00 |   2.000e+00 |   2.000e+00 |   2.000e+00 |   2.000e+00 |   2.000e+00 |   2.000e+00 |   2.000e+00 |   2.000e+00 |   2.000e+00 |   2.000e+00 |   2.000e+00 |   2.000e+00 |   2.000e+00 |   2.000e+00 |   2.000e+00 |   2.000e+00 |   2.000e+00 |   2.000e+00 |   2.000e+00 |   2.000e+00 |   2.000e+00 |   2.000e+00 |   2.000e+00 |   2.000e+00 |   2.000e+00 |   2.000e+00 |   3.495e+01 |
| cold_side---pressure (bar)          |   1.950e+00 |   1.951e+00 |   1.952e+00 |   1.954e+00 |   1.955e+00 |   1.956e+00 |   1.958e+00 |   1.959e+00 |   1.960e+00 |   1.962e+00 |   1.963e+00 |   1.964e+00 |   1.966e+00 |   1.967e+00 |   1.968e+00 |   1.970e+00 |   1.971e+00 |   1.972e+00 |   1.974e+00 |   1.975e+00 |   1.975e+00 |   1.976e+00 |   1.978e+00 |   1.979e+00 |   1.980e+00 |   1.982e+00 |   1.983e+00 |   1.984e+00 |   1.985e+00 |   1.987e+00 |   1.988e+00 |   1.989e+00 |   1.991e+00 |   1.992e+00 |   1.993e+00 |   1.995e+00 |   1.996e+00 |   1.997e+00 |   1.999e+00 |   2.000e+00 |
| cold_side---enthalpy (kJ / kg)      |   1.531e+02 |   1.526e+02 |   1.522e+02 |   1.517e+02 |   1.512e+02 |   1.507e+02 |   1.502e+02 |   1.497e+02 |   1.491e+02 |   1.486e+02 |   1.480e+02 |   1.475e+02 |   1.469e+02 |   1.463e+02 |   1.457e+02 |   1.451e+02 |   1.444e+02 |   1.438e+02 |   1.431e+02 |   1.424e+02 |   1.424e+02 |   1.417e+02 |   1.410e+02 |   1.403e+02 |   1.395e+02 |   1.387e+02 |   1.379e+02 |   1.371e+02 |   1.363e+02 |   1.355e+02 |   1.346e+02 |   1.337e+02 |   1.328e+02 |   1.319e+02 |   1.310e+02 |   1.300e+02 |   1.290e+02 |   1.280e+02 |   1.270e+02 |   1.259e+02 |
| cold_side---temperature (C)         |   3.650e+01 |   3.639e+01 |   3.628e+01 |   3.617e+01 |   3.605e+01 |   3.593e+01 |   3.581e+01 |   3.568e+01 |   3.556e+01 |   3.543e+01 |   3.529e+01 |   3.516e+01 |   3.502e+01 |   3.488e+01 |   3.473e+01 |   3.458e+01 |   3.443e+01 |   3.427e+01 |   3.412e+01 |   3.395e+01 |   3.395e+01 |   3.378e+01 |   3.361e+01 |   3.343e+01 |   3.325e+01 |   3.307e+01 |   3.288e+01 |   3.269e+01 |   3.249e+01 |   3.229e+01 |   3.208e+01 |   3.187e+01 |   3.165e+01 |   3.143e+01 |   3.121e+01 |   3.098e+01 |   3.074e+01 |   3.050e+01 |   3.025e+01 |   3.000e+01 |
| cold_side---vapor mass fraction (-) | nan         | nan         | nan         | nan         | nan         | nan         | nan         | nan         | nan         | nan         | nan         | nan         | nan         | nan         | nan         | nan         | nan         | nan         | nan         | nan         | nan         | nan         | nan         | nan         | nan         | nan         | nan         | nan         | nan         | nan         | nan         | nan         | nan         | nan         | nan         | nan         | nan         | nan         | nan         | nan         |
| cold_side---differ number ()        |   2.832e+00 |   2.832e+00 |   2.832e+00 |   2.832e+00 |   2.832e+00 |   2.832e+00 |   2.832e+00 |   2.832e+00 |   2.832e+00 |   2.832e+00 |   2.832e+00 |   2.832e+00 |   2.832e+00 |   2.832e+00 |   2.832e+00 |   2.832e+00 |   2.832e+00 |   2.832e+00 |   2.832e+00 |   2.832e+00 |   2.832e+00 |   2.832e+00 |   2.832e+00 |   2.832e+00 |   2.832e+00 |   2.832e+00 |   2.832e+00 |   2.832e+00 |   2.832e+00 |   2.832e+00 |   2.832e+00 |   2.832e+00 |   2.832e+00 |   2.832e+00 |   2.832e+00 |   2.832e+00 |   2.832e+00 |   2.832e+00 |   2.832e+00 |   2.832e+00 |
+-------------------------------------+-------------+-------------+-------------+-------------+-------------+-------------+-------------+-------------+-------------+-------------+-------------+-------------+-------------+-------------+-------------+-------------+-------------+-------------+-------------+-------------+-------------+-------------+-------------+-------------+-------------+-------------+-------------+-------------+-------------+-------------+-------------+-------------+-------------+-------------+-------------+-------------+-------------+-------------+-------------+-------------+
##### RESULTS (Nodes: Evaporator: evaporator) #####
+-------------------------------------+-------------+-------------+-------------+-------------+-------------+-------------+-------------+-------------+-------------+-------------+-------------+-------------+-------------+-------------+-------------+-------------+-------------+-------------+-------------+-------------+-------------+-------------+-------------+-------------+-------------+-------------+-------------+-------------+-------------+-------------+-------------+-------------+-------------+-------------+-------------+-------------+-------------+-------------+-------------+-------------+
|                                     |           0 |           1 |           2 |           3 |           4 |           5 |           6 |           7 |           8 |           9 |          10 |          11 |          12 |          13 |          14 |          15 |          16 |          17 |          18 |          19 |          20 |          21 |          22 |          23 |          24 |          25 |          26 |          27 |          28 |          29 |          30 |          31 |          32 |          33 |          34 |          35 |          36 |          37 |          38 |          39 |
|-------------------------------------+-------------+-------------+-------------+-------------+-------------+-------------+-------------+-------------+-------------+-------------+-------------+-------------+-------------+-------------+-------------+-------------+-------------+-------------+-------------+-------------+-------------+-------------+-------------+-------------+-------------+-------------+-------------+-------------+-------------+-------------+-------------+-------------+-------------+-------------+-------------+-------------+-------------+-------------+-------------+-------------|
| hot_side---pressure (bar)           |   1.839e+01 |   1.839e+01 |   1.839e+01 |   1.839e+01 |   1.839e+01 |   1.839e+01 |   1.839e+01 |   1.839e+01 |   1.839e+01 |   1.839e+01 |   1.839e+01 |   1.839e+01 |   1.839e+01 |   1.839e+01 |   1.839e+01 |   1.839e+01 |   1.839e+01 |   1.839e+01 |   1.839e+01 |   1.839e+01 |   1.839e+01 |   1.839e+01 |   1.839e+01 |   1.839e+01 |   1.839e+01 |   1.839e+01 |   1.839e+01 |   1.839e+01 |   1.839e+01 |   1.839e+01 |   1.839e+01 |   1.839e+01 |   1.839e+01 |   1.839e+01 |   1.839e+01 |   1.839e+01 |   1.839e+01 |   1.839e+01 |   1.839e+01 |   1.839e+01 |
| hot_side---enthalpy (kJ / kg)       |   1.741e+03 |   1.732e+03 |   1.724e+03 |   1.717e+03 |   1.710e+03 |   1.703e+03 |   1.697e+03 |   1.691e+03 |   1.685e+03 |   1.680e+03 |   1.675e+03 |   1.670e+03 |   1.666e+03 |   1.662e+03 |   1.658e+03 |   1.654e+03 |   1.651e+03 |   1.648e+03 |   1.645e+03 |   1.642e+03 |   1.642e+03 |   1.639e+03 |   1.637e+03 |   1.634e+03 |   1.632e+03 |   1.630e+03 |   1.628e+03 |   1.626e+03 |   1.625e+03 |   1.623e+03 |   1.622e+03 |   1.620e+03 |   1.619e+03 |   1.617e+03 |   1.616e+03 |   1.615e+03 |   1.614e+03 |   1.613e+03 |   1.612e+03 |   1.611e+03 |
| hot_side---temperature (C)          |   3.807e+02 |   3.766e+02 |   3.728e+02 |   3.692e+02 |   3.659e+02 |   3.627e+02 |   3.597e+02 |   3.569e+02 |   3.542e+02 |   3.517e+02 |   3.493e+02 |   3.471e+02 |   3.450e+02 |   3.431e+02 |   3.412e+02 |   3.395e+02 |   3.378e+02 |   3.363e+02 |   3.348e+02 |   3.335e+02 |   3.335e+02 |   3.322e+02 |   3.311e+02 |   3.300e+02 |   3.290e+02 |   3.280e+02 |   3.271e+02 |   3.262e+02 |   3.254e+02 |   3.246e+02 |   3.239e+02 |   3.232e+02 |   3.225e+02 |   3.219e+02 |   3.213e+02 |   3.208e+02 |   3.203e+02 |   3.198e+02 |   3.193e+02 |   3.189e+02 |
| hot_side---vapor mass fraction (-)  | nan         | nan         | nan         | nan         | nan         | nan         | nan         | nan         | nan         | nan         | nan         | nan         | nan         | nan         | nan         | nan         | nan         | nan         | nan         | nan         | nan         | nan         | nan         | nan         | nan         | nan         | nan         | nan         | nan         | nan         | nan         | nan         | nan         | nan         | nan         | nan         | nan         | nan         | nan         | nan         |
| hot_side---differ number ()         |   4.233e+00 |   4.219e+00 |   4.219e+00 |   4.219e+00 |   4.219e+00 |   4.219e+00 |   4.219e+00 |   4.219e+00 |   4.219e+00 |   4.219e+00 |   4.219e+00 |   4.219e+00 |   4.219e+00 |   4.219e+00 |   4.219e+00 |   4.219e+00 |   4.219e+00 |   4.219e+00 |   4.219e+00 |   4.219e+00 |   4.219e+00 |   4.219e+00 |   4.219e+00 |   4.219e+00 |   4.219e+00 |   4.219e+00 |   4.219e+00 |   4.219e+00 |   4.219e+00 |   4.219e+00 |   4.219e+00 |   4.219e+00 |   4.219e+00 |   4.219e+00 |   4.219e+00 |   4.219e+00 |   4.219e+00 |   4.219e+00 |   4.219e+00 |   4.219e+00 |
| cold_side---pressure (bar)          |   1.005e+02 |   1.005e+02 |   1.005e+02 |   1.005e+02 |   1.005e+02 |   1.005e+02 |   1.005e+02 |   1.005e+02 |   1.005e+02 |   1.005e+02 |   1.005e+02 |   1.005e+02 |   1.005e+02 |   1.005e+02 |   1.005e+02 |   1.005e+02 |   1.005e+02 |   1.005e+02 |   1.005e+02 |   1.005e+02 |   1.005e+02 |   1.005e+02 |   1.005e+02 |   1.005e+02 |   1.005e+02 |   1.005e+02 |   1.005e+02 |   1.005e+02 |   1.005e+02 |   1.005e+02 |   1.005e+02 |   1.005e+02 |   1.005e+02 |   1.005e+02 |   1.005e+02 |   1.005e+02 |   1.005e+02 |   1.005e+02 |   1.005e+02 |   1.005e+02 |
| cold_side---enthalpy (kJ / kg)      |   1.543e+03 |   1.535e+03 |   1.527e+03 |   1.519e+03 |   1.511e+03 |   1.505e+03 |   1.498e+03 |   1.492e+03 |   1.486e+03 |   1.481e+03 |   1.476e+03 |   1.471e+03 |   1.467e+03 |   1.462e+03 |   1.458e+03 |   1.455e+03 |   1.451e+03 |   1.448e+03 |   1.445e+03 |   1.442e+03 |   1.442e+03 |   1.439e+03 |   1.437e+03 |   1.434e+03 |   1.432e+03 |   1.430e+03 |   1.428e+03 |   1.426e+03 |   1.424e+03 |   1.423e+03 |   1.421e+03 |   1.420e+03 |   1.418e+03 |   1.417e+03 |   1.416e+03 |   1.414e+03 |   1.413e+03 |   1.412e+03 |   1.411e+03 |   1.410e+03 |
| cold_side---temperature (C)         |   3.114e+02 |   3.114e+02 |   3.114e+02 |   3.114e+02 |   3.114e+02 |   3.114e+02 |   3.114e+02 |   3.114e+02 |   3.114e+02 |   3.114e+02 |   3.114e+02 |   3.114e+02 |   3.114e+02 |   3.114e+02 |   3.114e+02 |   3.114e+02 |   3.114e+02 |   3.114e+02 |   3.114e+02 |   3.114e+02 |   3.114e+02 |   3.114e+02 |   3.114e+02 |   3.114e+02 |   3.114e+02 |   3.114e+02 |   3.114e+02 |   3.114e+02 |   3.114e+02 |   3.114e+02 |   3.114e+02 |   3.114e+02 |   3.114e+02 |   3.114e+02 |   3.114e+02 |   3.114e+02 |   3.114e+02 |   3.114e+02 |   3.114e+02 |   3.114e+02 |
| cold_side---vapor mass fraction (-) |   1.014e-01 |   9.473e-02 |   8.848e-02 |   8.259e-02 |   7.705e-02 |   7.183e-02 |   6.692e-02 |   6.229e-02 |   5.793e-02 |   5.383e-02 |   4.996e-02 |   4.633e-02 |   4.290e-02 |   3.967e-02 |   3.664e-02 |   3.378e-02 |   3.109e-02 |   2.855e-02 |   2.616e-02 |   2.391e-02 |   2.391e-02 |   2.191e-02 |   2.002e-02 |   1.824e-02 |   1.655e-02 |   1.496e-02 |   1.345e-02 |   1.203e-02 |   1.068e-02 |   9.414e-03 |   8.214e-03 |   7.080e-03 |   6.009e-03 |   4.997e-03 |   4.040e-03 |   3.137e-03 |   2.283e-03 |   1.476e-03 |   7.140e-04 | nan         |
| cold_side---differ number ()        |   2.000e+00 |   2.000e+00 |   2.000e+00 |   2.000e+00 |   2.000e+00 |   2.000e+00 |   2.000e+00 |   2.000e+00 |   2.000e+00 |   2.000e+00 |   2.000e+00 |   2.000e+00 |   2.000e+00 |   2.000e+00 |   2.000e+00 |   2.000e+00 |   2.000e+00 |   2.000e+00 |   2.000e+00 |   2.000e+00 |   2.000e+00 |   2.000e+00 |   2.000e+00 |   2.000e+00 |   2.000e+00 |   2.000e+00 |   2.000e+00 |   2.000e+00 |   2.000e+00 |   2.000e+00 |   2.000e+00 |   2.000e+00 |   2.000e+00 |   2.000e+00 |   2.000e+00 |   2.000e+00 |   2.000e+00 |   2.000e+00 |   2.000e+00 |   2.779e+00 |
+-------------------------------------+-------------+-------------+-------------+-------------+-------------+-------------+-------------+-------------+-------------+-------------+-------------+-------------+-------------+-------------+-------------+-------------+-------------+-------------+-------------+-------------+-------------+-------------+-------------+-------------+-------------+-------------+-------------+-------------+-------------+-------------+-------------+-------------+-------------+-------------+-------------+-------------+-------------+-------------+-------------+-------------+
##### RESULTS (Nodes: HeatExchanger: heatexchanger_a) #####
+-------------------------------------+-------------+-------------+-------------+-------------+-------------+-------------+-------------+-------------+-------------+-------------+-------------+-------------+-------------+-------------+-------------+-------------+-------------+-------------+-------------+-------------+-------------+-------------+-------------+-------------+-------------+-------------+-------------+-------------+-------------+-------------+-------------+-------------+-------------+-------------+-------------+-------------+-------------+-------------+-------------+-------------+
|                                     |           0 |           1 |           2 |           3 |           4 |           5 |           6 |           7 |           8 |           9 |          10 |          11 |          12 |          13 |          14 |          15 |          16 |          17 |          18 |          19 |          20 |          21 |          22 |          23 |          24 |          25 |          26 |          27 |          28 |          29 |          30 |          31 |          32 |          33 |          34 |          35 |          36 |          37 |          38 |          39 |
|-------------------------------------+-------------+-------------+-------------+-------------+-------------+-------------+-------------+-------------+-------------+-------------+-------------+-------------+-------------+-------------+-------------+-------------+-------------+-------------+-------------+-------------+-------------+-------------+-------------+-------------+-------------+-------------+-------------+-------------+-------------+-------------+-------------+-------------+-------------+-------------+-------------+-------------+-------------+-------------+-------------+-------------|
| hot_side---pressure (bar)           |   9.000e-01 |   8.995e-01 |   8.989e-01 |   8.984e-01 |   8.979e-01 |   8.974e-01 |   8.968e-01 |   8.963e-01 |   8.958e-01 |   8.953e-01 |   8.947e-01 |   8.942e-01 |   8.937e-01 |   8.932e-01 |   8.926e-01 |   8.921e-01 |   8.916e-01 |   8.911e-01 |   8.905e-01 |   8.900e-01 |   8.900e-01 |   8.895e-01 |   8.889e-01 |   8.884e-01 |   8.879e-01 |   8.874e-01 |   8.868e-01 |   8.863e-01 |   8.858e-01 |   8.853e-01 |   8.847e-01 |   8.842e-01 |   8.837e-01 |   8.832e-01 |   8.826e-01 |   8.821e-01 |   8.816e-01 |   8.811e-01 |   8.805e-01 |   8.800e-01 |
| hot_side---enthalpy (kJ / kg)       |   1.300e+03 |   1.243e+03 |   1.191e+03 |   1.145e+03 |   1.103e+03 |   1.066e+03 |   1.032e+03 |   1.002e+03 |   9.747e+02 |   9.506e+02 |   9.289e+02 |   9.096e+02 |   8.924e+02 |   8.770e+02 |   8.632e+02 |   8.510e+02 |   8.400e+02 |   8.303e+02 |   8.217e+02 |   8.139e+02 |   8.139e+02 |   8.078e+02 |   8.022e+02 |   7.972e+02 |   7.927e+02 |   7.886e+02 |   7.849e+02 |   7.816e+02 |   7.787e+02 |   7.760e+02 |   7.736e+02 |   7.714e+02 |   7.695e+02 |   7.678e+02 |   7.662e+02 |   7.648e+02 |   7.635e+02 |   7.623e+02 |   7.613e+02 |   7.604e+02 |
| hot_side---temperature (C)          |   7.628e+02 |   7.163e+02 |   6.740e+02 |   6.356e+02 |   6.008e+02 |   5.694e+02 |   5.409e+02 |   5.153e+02 |   4.921e+02 |   4.713e+02 |   4.527e+02 |   4.359e+02 |   4.208e+02 |   4.074e+02 |   3.953e+02 |   3.845e+02 |   3.749e+02 |   3.663e+02 |   3.586e+02 |   3.518e+02 |   3.518e+02 |   3.463e+02 |   3.413e+02 |   3.369e+02 |   3.328e+02 |   3.292e+02 |   3.260e+02 |   3.230e+02 |   3.204e+02 |   3.180e+02 |   3.158e+02 |   3.139e+02 |   3.121e+02 |   3.106e+02 |   3.092e+02 |   3.079e+02 |   3.067e+02 |   3.057e+02 |   3.048e+02 |   3.040e+02 |
| hot_side---vapor mass fraction (-)  | nan         | nan         | nan         | nan         | nan         | nan         | nan         | nan         | nan         | nan         | nan         | nan         | nan         | nan         | nan         | nan         | nan         | nan         | nan         | nan         | nan         | nan         | nan         | nan         | nan         | nan         | nan         | nan         | nan         | nan         | nan         | nan         | nan         | nan         | nan         | nan         | nan         | nan         | nan         | nan         |
| hot_side---differ number ()         |   6.776e+00 |   6.818e+00 |   6.858e+00 |   6.897e+00 |   6.934e+00 |   6.969e+00 |   7.001e+00 |   7.031e+00 |   7.059e+00 |   7.084e+00 |   7.107e+00 |   7.128e+00 |   7.147e+00 |   7.164e+00 |   7.180e+00 |   7.194e+00 |   7.206e+00 |   7.217e+00 |   7.227e+00 |   7.236e+00 |   7.236e+00 |   7.243e+00 |   7.250e+00 |   7.255e+00 |   7.261e+00 |   7.265e+00 |   7.269e+00 |   7.273e+00 |   7.277e+00 |   7.280e+00 |   7.282e+00 |   7.285e+00 |   7.287e+00 |   7.289e+00 |   7.291e+00 |   7.293e+00 |   7.294e+00 |   7.295e+00 |   7.297e+00 |   7.298e+00 |
| cold_side---pressure (bar)          |   3.500e+01 |   3.500e+01 |   3.500e+01 |   3.500e+01 |   3.500e+01 |   3.500e+01 |   3.500e+01 |   3.500e+01 |   3.500e+01 |   3.500e+01 |   3.500e+01 |   3.500e+01 |   3.500e+01 |   3.500e+01 |   3.500e+01 |   3.500e+01 |   3.500e+01 |   3.500e+01 |   3.500e+01 |   3.500e+01 |   3.500e+01 |   3.500e+01 |   3.500e+01 |   3.500e+01 |   3.500e+01 |   3.500e+01 |   3.500e+01 |   3.500e+01 |   3.500e+01 |   3.500e+01 |   3.500e+01 |   3.500e+01 |   3.500e+01 |   3.500e+01 |   3.500e+01 |   3.500e+01 |   3.500e+01 |   3.500e+01 |   3.500e+01 |   3.500e+01 |
| cold_side---enthalpy (kJ / kg)      |   1.769e+03 |   1.748e+03 |   1.728e+03 |   1.711e+03 |   1.695e+03 |   1.681e+03 |   1.669e+03 |   1.657e+03 |   1.647e+03 |   1.638e+03 |   1.630e+03 |   1.623e+03 |   1.616e+03 |   1.610e+03 |   1.605e+03 |   1.601e+03 |   1.597e+03 |   1.593e+03 |   1.590e+03 |   1.587e+03 |   1.587e+03 |   1.584e+03 |   1.582e+03 |   1.580e+03 |   1.579e+03 |   1.577e+03 |   1.576e+03 |   1.575e+03 |   1.573e+03 |   1.572e+03 |   1.572e+03 |   1.571e+03 |   1.570e+03 |   1.569e+03 |   1.569e+03 |   1.568e+03 |   1.568e+03 |   1.567e+03 |   1.567e+03 |   1.567e+03 |
| cold_side---temperature (C)         |   3.945e+02 |   3.842e+02 |   3.750e+02 |   3.667e+02 |   3.592e+02 |   3.525e+02 |   3.465e+02 |   3.411e+02 |   3.363e+02 |   3.320e+02 |   3.281e+02 |   3.247e+02 |   3.216e+02 |   3.188e+02 |   3.164e+02 |   3.142e+02 |   3.122e+02 |   3.105e+02 |   3.089e+02 |   3.076e+02 |   3.076e+02 |   3.064e+02 |   3.054e+02 |   3.046e+02 |   3.037e+02 |   3.030e+02 |   3.024e+02 |   3.018e+02 |   3.012e+02 |   3.008e+02 |   3.003e+02 |   3.000e+02 |   2.996e+02 |   2.993e+02 |   2.990e+02 |   2.988e+02 |   2.985e+02 |   2.983e+02 |   2.981e+02 |   2.980e+02 |
| cold_side---vapor mass fraction (-) | nan         | nan         | nan         | nan         | nan         | nan         | nan         | nan         | nan         | nan         | nan         | nan         | nan         | nan         | nan         | nan         | nan         | nan         | nan         | nan         | nan         | nan         | nan         | nan         | nan         | nan         | nan         | nan         | nan         | nan         | nan         | nan         | nan         | nan         | nan         | nan         | nan         | nan         | nan         | nan         |
| cold_side---differ number ()        |   3.061e+00 |   3.061e+00 |   3.054e+00 |   3.054e+00 |   3.054e+00 |   3.054e+00 |   3.054e+00 |   3.054e+00 |   3.054e+00 |   3.054e+00 |   3.054e+00 |   3.054e+00 |   3.054e+00 |   3.054e+00 |   3.054e+00 |   3.054e+00 |   3.054e+00 |   3.054e+00 |   3.054e+00 |   3.054e+00 |   3.054e+00 |   3.054e+00 |   3.054e+00 |   3.054e+00 |   3.054e+00 |   3.054e+00 |   3.054e+00 |   3.054e+00 |   3.054e+00 |   3.054e+00 |   3.054e+00 |   3.054e+00 |   3.054e+00 |   3.054e+00 |   3.054e+00 |   3.054e+00 |   3.054e+00 |   3.054e+00 |   3.054e+00 |   3.054e+00 |
+-------------------------------------+-------------+-------------+-------------+-------------+-------------+-------------+-------------+-------------+-------------+-------------+-------------+-------------+-------------+-------------+-------------+-------------+-------------+-------------+-------------+-------------+-------------+-------------+-------------+-------------+-------------+-------------+-------------+-------------+-------------+-------------+-------------+-------------+-------------+-------------+-------------+-------------+-------------+-------------+-------------+-------------+
##### RESULTS (Nodes: HeatExchanger: heatexchanger_b) #####
+-------------------------------------+-------------+-------------+-------------+-------------+-------------+-------------+-------------+-------------+-------------+-------------+-------------+-------------+-------------+-------------+-------------+-------------+-------------+-------------+-------------+-------------+-------------+-------------+-------------+-------------+-------------+-------------+-------------+-------------+-------------+-------------+-------------+-------------+-------------+-------------+-------------+-------------+-------------+-------------+-------------+-------------+
|                                     |           0 |           1 |           2 |           3 |           4 |           5 |           6 |           7 |           8 |           9 |          10 |          11 |          12 |          13 |          14 |          15 |          16 |          17 |          18 |          19 |          20 |          21 |          22 |          23 |          24 |          25 |          26 |          27 |          28 |          29 |          30 |          31 |          32 |          33 |          34 |          35 |          36 |          37 |          38 |          39 |
|-------------------------------------+-------------+-------------+-------------+-------------+-------------+-------------+-------------+-------------+-------------+-------------+-------------+-------------+-------------+-------------+-------------+-------------+-------------+-------------+-------------+-------------+-------------+-------------+-------------+-------------+-------------+-------------+-------------+-------------+-------------+-------------+-------------+-------------+-------------+-------------+-------------+-------------+-------------+-------------+-------------+-------------|
| hot_side---pressure (bar)           |   2.000e+01 |   1.984e+01 |   1.968e+01 |   1.952e+01 |   1.937e+01 |   1.921e+01 |   1.905e+01 |   1.889e+01 |   1.873e+01 |   1.857e+01 |   1.841e+01 |   1.825e+01 |   1.810e+01 |   1.794e+01 |   1.778e+01 |   1.762e+01 |   1.746e+01 |   1.730e+01 |   1.714e+01 |   1.699e+01 |   1.699e+01 |   1.683e+01 |   1.667e+01 |   1.651e+01 |   1.635e+01 |   1.619e+01 |   1.603e+01 |   1.587e+01 |   1.572e+01 |   1.556e+01 |   1.540e+01 |   1.524e+01 |   1.508e+01 |   1.492e+01 |   1.476e+01 |   1.461e+01 |   1.445e+01 |   1.429e+01 |   1.413e+01 |   1.397e+01 |
| hot_side---enthalpy (kJ / kg)       |   1.769e+03 |   1.764e+03 |   1.760e+03 |   1.755e+03 |   1.751e+03 |   1.746e+03 |   1.741e+03 |   1.737e+03 |   1.732e+03 |   1.727e+03 |   1.722e+03 |   1.718e+03 |   1.713e+03 |   1.708e+03 |   1.703e+03 |   1.698e+03 |   1.693e+03 |   1.688e+03 |   1.683e+03 |   1.678e+03 |   1.678e+03 |   1.673e+03 |   1.667e+03 |   1.662e+03 |   1.657e+03 |   1.651e+03 |   1.646e+03 |   1.640e+03 |   1.635e+03 |   1.629e+03 |   1.624e+03 |   1.618e+03 |   1.612e+03 |   1.606e+03 |   1.600e+03 |   1.594e+03 |   1.588e+03 |   1.582e+03 |   1.576e+03 |   1.570e+03 |
| hot_side---temperature (C)          |   3.942e+02 |   3.920e+02 |   3.898e+02 |   3.876e+02 |   3.854e+02 |   3.832e+02 |   3.809e+02 |   3.787e+02 |   3.765e+02 |   3.742e+02 |   3.719e+02 |   3.697e+02 |   3.674e+02 |   3.650e+02 |   3.627e+02 |   3.603e+02 |   3.580e+02 |   3.556e+02 |   3.532e+02 |   3.507e+02 |   3.507e+02 |   3.482e+02 |   3.457e+02 |   3.432e+02 |   3.407e+02 |   3.381e+02 |   3.355e+02 |   3.329e+02 |   3.302e+02 |   3.275e+02 |   3.248e+02 |   3.221e+02 |   3.193e+02 |   3.165e+02 |   3.137e+02 |   3.109e+02 |   3.080e+02 |   3.051e+02 |   3.021e+02 |   2.991e+02 |
| hot_side---vapor mass fraction (-)  | nan         | nan         | nan         | nan         | nan         | nan         | nan         | nan         | nan         | nan         | nan         | nan         | nan         | nan         | nan         | nan         | nan         | nan         | nan         | nan         | nan         | nan         | nan         | nan         | nan         | nan         | nan         | nan         | nan         | nan         | nan         | nan         | nan         | nan         | nan         | nan         | nan         | nan         | nan         | nan         |
| hot_side---differ number ()         |   1.804e+01 |   1.804e+01 |   1.804e+01 |   1.804e+01 |   1.804e+01 |   1.804e+01 |   1.804e+01 |   1.804e+01 |   1.794e+01 |   1.794e+01 |   1.794e+01 |   1.794e+01 |   1.794e+01 |   1.794e+01 |   1.794e+01 |   1.794e+01 |   1.794e+01 |   1.794e+01 |   1.794e+01 |   1.794e+01 |   1.794e+01 |   1.794e+01 |   1.794e+01 |   1.794e+01 |   1.794e+01 |   1.794e+01 |   1.794e+01 |   1.794e+01 |   1.794e+01 |   1.794e+01 |   1.794e+01 |   1.794e+01 |   1.794e+01 |   1.794e+01 |   1.794e+01 |   1.794e+01 |   1.794e+01 |   1.794e+01 |   1.794e+01 |   1.794e+01 |
| cold_side---pressure (bar)          |   1.000e+00 |   1.000e+00 |   1.000e+00 |   1.000e+00 |   1.000e+00 |   1.000e+00 |   1.000e+00 |   1.000e+00 |   1.000e+00 |   1.000e+00 |   1.000e+00 |   1.000e+00 |   1.000e+00 |   1.000e+00 |   1.000e+00 |   1.000e+00 |   1.000e+00 |   1.000e+00 |   1.000e+00 |   1.000e+00 |   1.000e+00 |   1.000e+00 |   1.000e+00 |   1.000e+00 |   1.000e+00 |   1.000e+00 |   1.000e+00 |   1.000e+00 |   1.000e+00 |   1.000e+00 |   1.000e+00 |   1.000e+00 |   1.000e+00 |   1.000e+00 |   1.000e+00 |   1.000e+00 |   1.000e+00 |   1.000e+00 |   1.000e+00 |   1.000e+00 |
| cold_side---enthalpy (kJ / kg)      |   7.224e+02 |   7.165e+02 |   7.106e+02 |   7.046e+02 |   6.987e+02 |   6.927e+02 |   6.867e+02 |   6.806e+02 |   6.746e+02 |   6.685e+02 |   6.623e+02 |   6.561e+02 |   6.499e+02 |   6.436e+02 |   6.373e+02 |   6.309e+02 |   6.244e+02 |   6.179e+02 |   6.114e+02 |   6.048e+02 |   6.048e+02 |   5.980e+02 |   5.912e+02 |   5.844e+02 |   5.775e+02 |   5.705e+02 |   5.634e+02 |   5.563e+02 |   5.491e+02 |   5.418e+02 |   5.345e+02 |   5.271e+02 |   5.196e+02 |   5.120e+02 |   5.043e+02 |   4.966e+02 |   4.888e+02 |   4.808e+02 |   4.728e+02 |   4.647e+02 |
| cold_side---temperature (C)         |   3.890e+02 |   3.868e+02 |   3.846e+02 |   3.824e+02 |   3.801e+02 |   3.779e+02 |   3.756e+02 |   3.734e+02 |   3.711e+02 |   3.688e+02 |   3.665e+02 |   3.642e+02 |   3.618e+02 |   3.595e+02 |   3.571e+02 |   3.547e+02 |   3.523e+02 |   3.498e+02 |   3.474e+02 |   3.449e+02 |   3.449e+02 |   3.423e+02 |   3.398e+02 |   3.372e+02 |   3.346e+02 |   3.320e+02 |   3.293e+02 |   3.266e+02 |   3.239e+02 |   3.212e+02 |   3.184e+02 |   3.156e+02 |   3.128e+02 |   3.099e+02 |   3.070e+02 |   3.041e+02 |   3.011e+02 |   2.981e+02 |   2.951e+02 |   2.920e+02 |
| cold_side---vapor mass fraction (-) | nan         | nan         | nan         | nan         | nan         | nan         | nan         | nan         | nan         | nan         | nan         | nan         | nan         | nan         | nan         | nan         | nan         | nan         | nan         | nan         | nan         | nan         | nan         | nan         | nan         | nan         | nan         | nan         | nan         | nan         | nan         | nan         | nan         | nan         | nan         | nan         | nan         | nan         | nan         | nan         |
| cold_side---differ number ()        |   1.821e+01 |   1.821e+01 |   1.821e+01 |   1.821e+01 |   1.821e+01 |   1.821e+01 |   1.825e+01 |   1.825e+01 |   1.825e+01 |   1.825e+01 |   1.825e+01 |   1.825e+01 |   1.825e+01 |   1.825e+01 |   1.825e+01 |   1.825e+01 |   1.825e+01 |   1.830e+01 |   1.830e+01 |   1.830e+01 |   1.830e+01 |   1.830e+01 |   1.830e+01 |   1.830e+01 |   1.830e+01 |   1.830e+01 |   1.830e+01 |   1.835e+01 |   1.835e+01 |   1.835e+01 |   1.835e+01 |   1.835e+01 |   1.835e+01 |   1.835e+01 |   1.835e+01 |   1.835e+01 |   1.840e+01 |   1.840e+01 |   1.840e+01 |   1.840e+01 |
+-------------------------------------+-------------+-------------+-------------+-------------+-------------+-------------+-------------+-------------+-------------+-------------+-------------+-------------+-------------+-------------+-------------+-------------+-------------+-------------+-------------+-------------+-------------+-------------+-------------+-------------+-------------+-------------+-------------+-------------+-------------+-------------+-------------+-------------+-------------+-------------+-------------+-------------+-------------+-------------+-------------+-------------+
##### RESULTS (Nodes: HeatExchanger: heatexchanger_c) #####
+-------------------------------------+-------------+-------------+-------------+-------------+-------------+-------------+-------------+-------------+-------------+-------------+-------------+-------------+-------------+-------------+-------------+-------------+-------------+-------------+-------------+-------------+-------------+-------------+-------------+-------------+-------------+-------------+-------------+-------------+-------------+-------------+-------------+-------------+-------------+-------------+-------------+-------------+-------------+-------------+-------------+-------------+
|                                     |           0 |           1 |           2 |           3 |           4 |           5 |           6 |           7 |           8 |           9 |          10 |          11 |          12 |          13 |          14 |          15 |          16 |          17 |          18 |          19 |          20 |          21 |          22 |          23 |          24 |          25 |          26 |          27 |          28 |          29 |          30 |          31 |          32 |          33 |          34 |          35 |          36 |          37 |          38 |          39 |
|-------------------------------------+-------------+-------------+-------------+-------------+-------------+-------------+-------------+-------------+-------------+-------------+-------------+-------------+-------------+-------------+-------------+-------------+-------------+-------------+-------------+-------------+-------------+-------------+-------------+-------------+-------------+-------------+-------------+-------------+-------------+-------------+-------------+-------------+-------------+-------------+-------------+-------------+-------------+-------------+-------------+-------------|
| hot_side---pressure (bar)           |   1.000e+00 |   1.000e+00 |   1.000e+00 |   1.000e+00 |   1.000e+00 |   1.000e+00 |   1.000e+00 |   1.000e+00 |   1.000e+00 |   1.000e+00 |   1.000e+00 |   1.000e+00 |   1.000e+00 |   1.000e+00 |   1.000e+00 |   1.000e+00 |   1.000e+00 |   1.000e+00 |   1.000e+00 |   1.000e+00 |   1.000e+00 |   1.000e+00 |   1.000e+00 |   1.000e+00 |   1.000e+00 |   1.000e+00 |   1.000e+00 |   1.000e+00 |   1.000e+00 |   1.000e+00 |   1.000e+00 |   1.000e+00 |   1.000e+00 |   1.000e+00 |   1.000e+00 |   1.000e+00 |   1.000e+00 |   1.000e+00 |   1.000e+00 |   1.000e+00 |
| hot_side---enthalpy (kJ / kg)       |   7.090e+02 |   6.879e+02 |   6.686e+02 |   6.510e+02 |   6.349e+02 |   6.201e+02 |   6.067e+02 |   5.944e+02 |   5.832e+02 |   5.730e+02 |   5.637e+02 |   5.552e+02 |   5.475e+02 |   5.405e+02 |   5.341e+02 |   5.283e+02 |   5.230e+02 |   5.182e+02 |   5.139e+02 |   5.099e+02 |   5.099e+02 |   5.066e+02 |   5.035e+02 |   5.008e+02 |   4.982e+02 |   4.959e+02 |   4.937e+02 |   4.918e+02 |   4.900e+02 |   4.883e+02 |   4.868e+02 |   4.854e+02 |   4.842e+02 |   4.830e+02 |   4.820e+02 |   4.810e+02 |   4.801e+02 |   4.793e+02 |   4.786e+02 |   4.779e+02 |
| hot_side---temperature (C)          |   3.840e+02 |   3.761e+02 |   3.689e+02 |   3.622e+02 |   3.562e+02 |   3.507e+02 |   3.456e+02 |   3.410e+02 |   3.368e+02 |   3.329e+02 |   3.294e+02 |   3.262e+02 |   3.233e+02 |   3.207e+02 |   3.182e+02 |   3.160e+02 |   3.141e+02 |   3.122e+02 |   3.106e+02 |   3.091e+02 |   3.091e+02 |   3.078e+02 |   3.067e+02 |   3.057e+02 |   3.047e+02 |   3.038e+02 |   3.030e+02 |   3.023e+02 |   3.016e+02 |   3.009e+02 |   3.004e+02 |   2.999e+02 |   2.994e+02 |   2.989e+02 |   2.985e+02 |   2.982e+02 |   2.978e+02 |   2.975e+02 |   2.973e+02 |   2.970e+02 |
| hot_side---vapor mass fraction (-)  | nan         | nan         | nan         | nan         | nan         | nan         | nan         | nan         | nan         | nan         | nan         | nan         | nan         | nan         | nan         | nan         | nan         | nan         | nan         | nan         | nan         | nan         | nan         | nan         | nan         | nan         | nan         | nan         | nan         | nan         | nan         | nan         | nan         | nan         | nan         | nan         | nan         | nan         | nan         | nan         |
| hot_side---differ number ()         |   3.136e+01 |   3.144e+01 |   3.144e+01 |   3.144e+01 |   3.144e+01 |   3.153e+01 |   3.153e+01 |   3.153e+01 |   3.153e+01 |   3.153e+01 |   3.153e+01 |   3.162e+01 |   3.162e+01 |   3.162e+01 |   3.162e+01 |   3.162e+01 |   3.162e+01 |   3.162e+01 |   3.162e+01 |   3.162e+01 |   3.162e+01 |   3.162e+01 |   3.162e+01 |   3.162e+01 |   3.162e+01 |   3.162e+01 |   3.162e+01 |   3.162e+01 |   3.171e+01 |   3.171e+01 |   3.171e+01 |   3.171e+01 |   3.171e+01 |   3.171e+01 |   3.171e+01 |   3.171e+01 |   3.171e+01 |   3.171e+01 |   3.171e+01 |   3.171e+01 |
| cold_side---pressure (bar)          |   2.000e+01 |   2.000e+01 |   2.000e+01 |   2.000e+01 |   2.000e+01 |   2.000e+01 |   2.000e+01 |   2.000e+01 |   2.000e+01 |   2.000e+01 |   2.000e+01 |   2.000e+01 |   2.000e+01 |   2.000e+01 |   2.000e+01 |   2.000e+01 |   2.000e+01 |   2.000e+01 |   2.000e+01 |   2.000e+01 |   2.000e+01 |   2.000e+01 |   2.000e+01 |   2.000e+01 |   2.000e+01 |   2.000e+01 |   2.000e+01 |   2.000e+01 |   2.000e+01 |   2.000e+01 |   2.000e+01 |   2.000e+01 |   2.000e+01 |   2.000e+01 |   2.000e+01 |   2.000e+01 |   2.000e+01 |   2.000e+01 |   2.000e+01 |   2.000e+01 |
| cold_side---enthalpy (kJ / kg)      |   1.726e+03 |   1.712e+03 |   1.698e+03 |   1.686e+03 |   1.674e+03 |   1.664e+03 |   1.655e+03 |   1.646e+03 |   1.638e+03 |   1.631e+03 |   1.624e+03 |   1.619e+03 |   1.613e+03 |   1.608e+03 |   1.604e+03 |   1.600e+03 |   1.596e+03 |   1.593e+03 |   1.590e+03 |   1.587e+03 |   1.587e+03 |   1.584e+03 |   1.582e+03 |   1.580e+03 |   1.579e+03 |   1.577e+03 |   1.575e+03 |   1.574e+03 |   1.573e+03 |   1.572e+03 |   1.571e+03 |   1.570e+03 |   1.569e+03 |   1.568e+03 |   1.567e+03 |   1.567e+03 |   1.566e+03 |   1.565e+03 |   1.565e+03 |   1.564e+03 |
| cold_side---temperature (C)         |   3.738e+02 |   3.668e+02 |   3.603e+02 |   3.544e+02 |   3.491e+02 |   3.441e+02 |   3.396e+02 |   3.355e+02 |   3.318e+02 |   3.284e+02 |   3.253e+02 |   3.225e+02 |   3.199e+02 |   3.176e+02 |   3.154e+02 |   3.135e+02 |   3.117e+02 |   3.101e+02 |   3.087e+02 |   3.073e+02 |   3.073e+02 |   3.062e+02 |   3.052e+02 |   3.043e+02 |   3.035e+02 |   3.027e+02 |   3.020e+02 |   3.013e+02 |   3.007e+02 |   3.002e+02 |   2.996e+02 |   2.992e+02 |   2.988e+02 |   2.984e+02 |   2.980e+02 |   2.977e+02 |   2.974e+02 |   2.971e+02 |   2.969e+02 |   2.967e+02 |
| cold_side---vapor mass fraction (-) | nan         | nan         | nan         | nan         | nan         | nan         | nan         | nan         | nan         | nan         | nan         | nan         | nan         | nan         | nan         | nan         | nan         | nan         | nan         | nan         | nan         | nan         | nan         | nan         | nan         | nan         | nan         | nan         | nan         | nan         | nan         | nan         | nan         | nan         | nan         | nan         | nan         | nan         | nan         | nan         |
| cold_side---differ number ()        |   2.818e+01 |   2.818e+01 |   2.818e+01 |   2.818e+01 |   2.818e+01 |   2.818e+01 |   2.818e+01 |   2.818e+01 |   2.818e+01 |   2.818e+01 |   2.818e+01 |   2.818e+01 |   2.818e+01 |   2.818e+01 |   2.818e+01 |   2.818e+01 |   2.818e+01 |   2.818e+01 |   2.818e+01 |   2.818e+01 |   2.818e+01 |   2.818e+01 |   2.818e+01 |   2.818e+01 |   2.818e+01 |   2.818e+01 |   2.818e+01 |   2.818e+01 |   2.818e+01 |   2.818e+01 |   2.818e+01 |   2.818e+01 |   2.818e+01 |   2.818e+01 |   2.818e+01 |   2.818e+01 |   2.818e+01 |   2.818e+01 |   2.818e+01 |   2.818e+01 |
+-------------------------------------+-------------+-------------+-------------+-------------+-------------+-------------+-------------+-------------+-------------+-------------+-------------+-------------+-------------+-------------+-------------+-------------+-------------+-------------+-------------+-------------+-------------+-------------+-------------+-------------+-------------+-------------+-------------+-------------+-------------+-------------+-------------+-------------+-------------+-------------+-------------+-------------+-------------+-------------+-------------+-------------+
##### RESULTS (Nodes: HeatExchanger: heatexchanger_d) #####
+-------------------------------------+-------------+-------------+-------------+-------------+-------------+-------------+-------------+-------------+-------------+-------------+-------------+-------------+-------------+-------------+-------------+-------------+-------------+-------------+-------------+-------------+-------------+-------------+-------------+-------------+-------------+-------------+-------------+-------------+-------------+-------------+-------------+-------------+-------------+-------------+-------------+-------------+-------------+-------------+-------------+-------------+
|                                     |           0 |           1 |           2 |           3 |           4 |           5 |           6 |           7 |           8 |           9 |          10 |          11 |          12 |          13 |          14 |          15 |          16 |          17 |          18 |          19 |          20 |          21 |          22 |          23 |          24 |          25 |          26 |          27 |          28 |          29 |          30 |          31 |          32 |          33 |          34 |          35 |          36 |          37 |          38 |          39 |
|-------------------------------------+-------------+-------------+-------------+-------------+-------------+-------------+-------------+-------------+-------------+-------------+-------------+-------------+-------------+-------------+-------------+-------------+-------------+-------------+-------------+-------------+-------------+-------------+-------------+-------------+-------------+-------------+-------------+-------------+-------------+-------------+-------------+-------------+-------------+-------------+-------------+-------------+-------------+-------------+-------------+-------------|
| hot_side---pressure (bar)           |   2.000e+01 |   1.996e+01 |   1.992e+01 |   1.987e+01 |   1.983e+01 |   1.979e+01 |   1.975e+01 |   1.970e+01 |   1.966e+01 |   1.962e+01 |   1.958e+01 |   1.953e+01 |   1.949e+01 |   1.945e+01 |   1.941e+01 |   1.936e+01 |   1.932e+01 |   1.928e+01 |   1.924e+01 |   1.920e+01 |   1.920e+01 |   1.915e+01 |   1.911e+01 |   1.907e+01 |   1.903e+01 |   1.898e+01 |   1.894e+01 |   1.890e+01 |   1.886e+01 |   1.881e+01 |   1.877e+01 |   1.873e+01 |   1.869e+01 |   1.864e+01 |   1.860e+01 |   1.856e+01 |   1.852e+01 |   1.848e+01 |   1.843e+01 |   1.839e+01 |
| hot_side---enthalpy (kJ / kg)       |   1.768e+03 |   1.768e+03 |   1.767e+03 |   1.767e+03 |   1.767e+03 |   1.766e+03 |   1.766e+03 |   1.765e+03 |   1.765e+03 |   1.764e+03 |   1.764e+03 |   1.763e+03 |   1.763e+03 |   1.762e+03 |   1.762e+03 |   1.761e+03 |   1.761e+03 |   1.760e+03 |   1.759e+03 |   1.759e+03 |   1.759e+03 |   1.758e+03 |   1.757e+03 |   1.756e+03 |   1.755e+03 |   1.755e+03 |   1.754e+03 |   1.753e+03 |   1.752e+03 |   1.751e+03 |   1.750e+03 |   1.749e+03 |   1.748e+03 |   1.747e+03 |   1.746e+03 |   1.745e+03 |   1.744e+03 |   1.743e+03 |   1.742e+03 |   1.741e+03 |
| hot_side---temperature (C)          |   3.938e+02 |   3.937e+02 |   3.935e+02 |   3.933e+02 |   3.931e+02 |   3.929e+02 |   3.927e+02 |   3.925e+02 |   3.923e+02 |   3.920e+02 |   3.918e+02 |   3.915e+02 |   3.913e+02 |   3.910e+02 |   3.907e+02 |   3.905e+02 |   3.902e+02 |   3.899e+02 |   3.895e+02 |   3.892e+02 |   3.892e+02 |   3.889e+02 |   3.885e+02 |   3.881e+02 |   3.878e+02 |   3.874e+02 |   3.870e+02 |   3.865e+02 |   3.861e+02 |   3.857e+02 |   3.852e+02 |   3.848e+02 |   3.843e+02 |   3.838e+02 |   3.833e+02 |   3.828e+02 |   3.823e+02 |   3.818e+02 |   3.812e+02 |   3.807e+02 |
| hot_side---vapor mass fraction (-)  | nan         | nan         | nan         | nan         | nan         | nan         | nan         | nan         | nan         | nan         | nan         | nan         | nan         | nan         | nan         | nan         | nan         | nan         | nan         | nan         | nan         | nan         | nan         | nan         | nan         | nan         | nan         | nan         | nan         | nan         | nan         | nan         | nan         | nan         | nan         | nan         | nan         | nan         | nan         | nan         |
| hot_side---differ number ()         |   2.296e+00 |   2.296e+00 |   2.296e+00 |   2.296e+00 |   2.296e+00 |   2.296e+00 |   2.296e+00 |   2.296e+00 |   2.296e+00 |   2.296e+00 |   2.296e+00 |   2.296e+00 |   2.296e+00 |   2.296e+00 |   2.296e+00 |   2.296e+00 |   2.296e+00 |   2.296e+00 |   2.296e+00 |   2.296e+00 |   2.296e+00 |   2.296e+00 |   2.296e+00 |   2.296e+00 |   2.296e+00 |   2.296e+00 |   2.296e+00 |   2.296e+00 |   2.296e+00 |   2.296e+00 |   2.296e+00 |   2.296e+00 |   2.296e+00 |   2.296e+00 |   2.296e+00 |   2.296e+00 |   2.296e+00 |   2.296e+00 |   2.296e+00 |   2.296e+00 |
| cold_side---pressure (bar)          |   1.000e+02 |   1.000e+02 |   1.000e+02 |   1.000e+02 |   1.001e+02 |   1.001e+02 |   1.001e+02 |   1.001e+02 |   1.001e+02 |   1.001e+02 |   1.001e+02 |   1.001e+02 |   1.002e+02 |   1.002e+02 |   1.002e+02 |   1.002e+02 |   1.002e+02 |   1.002e+02 |   1.002e+02 |   1.003e+02 |   1.003e+02 |   1.003e+02 |   1.003e+02 |   1.003e+02 |   1.003e+02 |   1.003e+02 |   1.003e+02 |   1.003e+02 |   1.004e+02 |   1.004e+02 |   1.004e+02 |   1.004e+02 |   1.004e+02 |   1.004e+02 |   1.004e+02 |   1.004e+02 |   1.005e+02 |   1.005e+02 |   1.005e+02 |   1.005e+02 |
| cold_side---enthalpy (kJ / kg)      |   3.005e+03 |   3.002e+03 |   2.998e+03 |   2.994e+03 |   2.990e+03 |   2.986e+03 |   2.981e+03 |   2.977e+03 |   2.972e+03 |   2.967e+03 |   2.962e+03 |   2.956e+03 |   2.951e+03 |   2.945e+03 |   2.939e+03 |   2.933e+03 |   2.927e+03 |   2.920e+03 |   2.914e+03 |   2.907e+03 |   2.907e+03 |   2.899e+03 |   2.891e+03 |   2.884e+03 |   2.875e+03 |   2.867e+03 |   2.858e+03 |   2.849e+03 |   2.840e+03 |   2.831e+03 |   2.821e+03 |   2.811e+03 |   2.801e+03 |   2.791e+03 |   2.780e+03 |   2.770e+03 |   2.759e+03 |   2.747e+03 |   2.736e+03 |   2.725e+03 |
| cold_side---temperature (C)         |   3.719e+02 |   3.708e+02 |   3.698e+02 |   3.687e+02 |   3.675e+02 |   3.663e+02 |   3.651e+02 |   3.639e+02 |   3.626e+02 |   3.612e+02 |   3.599e+02 |   3.585e+02 |   3.570e+02 |   3.555e+02 |   3.540e+02 |   3.525e+02 |   3.509e+02 |   3.493e+02 |   3.476e+02 |   3.459e+02 |   3.459e+02 |   3.442e+02 |   3.424e+02 |   3.406e+02 |   3.387e+02 |   3.369e+02 |   3.350e+02 |   3.331e+02 |   3.312e+02 |   3.294e+02 |   3.275e+02 |   3.256e+02 |   3.237e+02 |   3.218e+02 |   3.200e+02 |   3.182e+02 |   3.164e+02 |   3.147e+02 |   3.130e+02 |   3.114e+02 |
| cold_side---vapor mass fraction (-) | nan         | nan         | nan         | nan         | nan         | nan         | nan         | nan         | nan         | nan         | nan         | nan         | nan         | nan         | nan         | nan         | nan         | nan         | nan         | nan         | nan         | nan         | nan         | nan         | nan         | nan         | nan         | nan         | nan         | nan         | nan         | nan         | nan         | nan         | nan         | nan         | nan         | nan         | nan         | nan         |
| cold_side---differ number ()        |   3.818e+00 |   3.808e+00 |   3.797e+00 |   3.786e+00 |   3.774e+00 |   3.762e+00 |   3.750e+00 |   3.736e+00 |   3.722e+00 |   3.708e+00 |   3.693e+00 |   3.677e+00 |   3.660e+00 |   3.643e+00 |   3.625e+00 |   3.606e+00 |   3.586e+00 |   3.565e+00 |   3.544e+00 |   3.522e+00 |   3.522e+00 |   3.498e+00 |   3.473e+00 |   3.447e+00 |   3.420e+00 |   3.392e+00 |   3.363e+00 |   3.333e+00 |   3.301e+00 |   3.269e+00 |   3.236e+00 |   3.201e+00 |   3.165e+00 |   3.128e+00 |   3.090e+00 |   3.051e+00 |   3.011e+00 |   2.969e+00 |   2.926e+00 |   2.497e+00 |
+-------------------------------------+-------------+-------------+-------------+-------------+-------------+-------------+-------------+-------------+-------------+-------------+-------------+-------------+-------------+-------------+-------------+-------------+-------------+-------------+-------------+-------------+-------------+-------------+-------------+-------------+-------------+-------------+-------------+-------------+-------------+-------------+-------------+-------------+-------------+-------------+-------------+-------------+-------------+-------------+-------------+-------------+
##### RESULTS (Nodes: HeatExchanger: heatexchanger_e) #####
+-------------------------------------+-------------+-------------+-------------+-------------+-------------+-------------+-------------+-------------+-------------+-------------+-------------+-------------+-------------+-------------+-------------+-------------+-------------+-------------+-------------+-------------+-------------+-------------+-------------+-------------+-------------+-------------+-------------+-------------+-------------+-------------+-------------+-------------+-------------+-------------+-------------+-------------+-------------+-------------+-------------+-------------+
|                                     |           0 |           1 |           2 |           3 |           4 |           5 |           6 |           7 |           8 |           9 |          10 |          11 |          12 |          13 |          14 |          15 |          16 |          17 |          18 |          19 |          20 |          21 |          22 |          23 |          24 |          25 |          26 |          27 |          28 |          29 |          30 |          31 |          32 |          33 |          34 |          35 |          36 |          37 |          38 |          39 |
|-------------------------------------+-------------+-------------+-------------+-------------+-------------+-------------+-------------+-------------+-------------+-------------+-------------+-------------+-------------+-------------+-------------+-------------+-------------+-------------+-------------+-------------+-------------+-------------+-------------+-------------+-------------+-------------+-------------+-------------+-------------+-------------+-------------+-------------+-------------+-------------+-------------+-------------+-------------+-------------+-------------+-------------|
| hot_side---pressure (bar)           |   1.839e+01 |   1.835e+01 |   1.831e+01 |   1.826e+01 |   1.822e+01 |   1.818e+01 |   1.814e+01 |   1.809e+01 |   1.805e+01 |   1.801e+01 |   1.797e+01 |   1.792e+01 |   1.788e+01 |   1.784e+01 |   1.780e+01 |   1.775e+01 |   1.771e+01 |   1.767e+01 |   1.763e+01 |   1.759e+01 |   1.759e+01 |   1.754e+01 |   1.750e+01 |   1.746e+01 |   1.742e+01 |   1.737e+01 |   1.733e+01 |   1.729e+01 |   1.725e+01 |   1.720e+01 |   1.716e+01 |   1.712e+01 |   1.708e+01 |   1.703e+01 |   1.699e+01 |   1.695e+01 |   1.691e+01 |   1.686e+01 |   1.682e+01 |   1.678e+01 |
| hot_side---enthalpy (kJ / kg)       |   1.611e+03 |   1.611e+03 |   1.610e+03 |   1.610e+03 |   1.610e+03 |   1.609e+03 |   1.609e+03 |   1.608e+03 |   1.608e+03 |   1.608e+03 |   1.607e+03 |   1.607e+03 |   1.606e+03 |   1.606e+03 |   1.605e+03 |   1.604e+03 |   1.604e+03 |   1.603e+03 |   1.603e+03 |   1.602e+03 |   1.602e+03 |   1.601e+03 |   1.600e+03 |   1.599e+03 |   1.599e+03 |   1.598e+03 |   1.597e+03 |   1.596e+03 |   1.595e+03 |   1.594e+03 |   1.592e+03 |   1.591e+03 |   1.590e+03 |   1.589e+03 |   1.587e+03 |   1.586e+03 |   1.584e+03 |   1.583e+03 |   1.581e+03 |   1.579e+03 |
| hot_side---temperature (C)          |   3.189e+02 |   3.187e+02 |   3.186e+02 |   3.184e+02 |   3.182e+02 |   3.180e+02 |   3.178e+02 |   3.176e+02 |   3.174e+02 |   3.172e+02 |   3.170e+02 |   3.168e+02 |   3.165e+02 |   3.163e+02 |   3.160e+02 |   3.157e+02 |   3.154e+02 |   3.151e+02 |   3.148e+02 |   3.145e+02 |   3.145e+02 |   3.141e+02 |   3.138e+02 |   3.134e+02 |   3.130e+02 |   3.125e+02 |   3.121e+02 |   3.116e+02 |   3.111e+02 |   3.106e+02 |   3.100e+02 |   3.095e+02 |   3.089e+02 |   3.082e+02 |   3.076e+02 |   3.069e+02 |   3.061e+02 |   3.053e+02 |   3.045e+02 |   3.036e+02 |
| hot_side---vapor mass fraction (-)  | nan         | nan         | nan         | nan         | nan         | nan         | nan         | nan         | nan         | nan         | nan         | nan         | nan         | nan         | nan         | nan         | nan         | nan         | nan         | nan         | nan         | nan         | nan         | nan         | nan         | nan         | nan         | nan         | nan         | nan         | nan         | nan         | nan         | nan         | nan         | nan         | nan         | nan         | nan         | nan         |
| hot_side---differ number ()         |   2.570e+00 |   2.570e+00 |   2.570e+00 |   2.570e+00 |   2.570e+00 |   2.570e+00 |   2.570e+00 |   2.570e+00 |   2.570e+00 |   2.570e+00 |   2.570e+00 |   2.570e+00 |   2.570e+00 |   2.570e+00 |   2.570e+00 |   2.570e+00 |   2.570e+00 |   2.570e+00 |   2.570e+00 |   2.570e+00 |   2.570e+00 |   2.570e+00 |   2.570e+00 |   2.570e+00 |   2.570e+00 |   2.570e+00 |   2.570e+00 |   2.570e+00 |   2.570e+00 |   2.570e+00 |   2.570e+00 |   2.570e+00 |   2.570e+00 |   2.570e+00 |   2.570e+00 |   2.570e+00 |   2.570e+00 |   2.570e+00 |   2.570e+00 |   2.570e+00 |
| cold_side---pressure (bar)          |   1.005e+02 |   1.005e+02 |   1.005e+02 |   1.005e+02 |   1.006e+02 |   1.006e+02 |   1.006e+02 |   1.006e+02 |   1.006e+02 |   1.006e+02 |   1.006e+02 |   1.006e+02 |   1.007e+02 |   1.007e+02 |   1.007e+02 |   1.007e+02 |   1.007e+02 |   1.007e+02 |   1.007e+02 |   1.008e+02 |   1.008e+02 |   1.008e+02 |   1.008e+02 |   1.008e+02 |   1.008e+02 |   1.008e+02 |   1.008e+02 |   1.008e+02 |   1.009e+02 |   1.009e+02 |   1.009e+02 |   1.009e+02 |   1.009e+02 |   1.009e+02 |   1.009e+02 |   1.009e+02 |   1.010e+02 |   1.010e+02 |   1.010e+02 |   1.010e+02 |
| cold_side---enthalpy (kJ / kg)      |   1.392e+03 |   1.389e+03 |   1.385e+03 |   1.382e+03 |   1.378e+03 |   1.374e+03 |   1.370e+03 |   1.365e+03 |   1.361e+03 |   1.356e+03 |   1.351e+03 |   1.346e+03 |   1.341e+03 |   1.336e+03 |   1.330e+03 |   1.324e+03 |   1.318e+03 |   1.312e+03 |   1.305e+03 |   1.298e+03 |   1.298e+03 |   1.290e+03 |   1.282e+03 |   1.274e+03 |   1.265e+03 |   1.256e+03 |   1.246e+03 |   1.236e+03 |   1.225e+03 |   1.214e+03 |   1.202e+03 |   1.190e+03 |   1.177e+03 |   1.163e+03 |   1.148e+03 |   1.133e+03 |   1.117e+03 |   1.100e+03 |   1.082e+03 |   1.064e+03 |
| cold_side---temperature (C)         |   3.084e+02 |   3.078e+02 |   3.072e+02 |   3.066e+02 |   3.060e+02 |   3.053e+02 |   3.046e+02 |   3.039e+02 |   3.031e+02 |   3.023e+02 |   3.014e+02 |   3.006e+02 |   2.996e+02 |   2.987e+02 |   2.977e+02 |   2.966e+02 |   2.955e+02 |   2.943e+02 |   2.931e+02 |   2.918e+02 |   2.918e+02 |   2.904e+02 |   2.889e+02 |   2.873e+02 |   2.857e+02 |   2.839e+02 |   2.821e+02 |   2.801e+02 |   2.781e+02 |   2.759e+02 |   2.736e+02 |   2.711e+02 |   2.685e+02 |   2.658e+02 |   2.629e+02 |   2.598e+02 |   2.565e+02 |   2.530e+02 |   2.493e+02 |   2.453e+02 |
| cold_side---vapor mass fraction (-) | nan         | nan         | nan         | nan         | nan         | nan         | nan         | nan         | nan         | nan         | nan         | nan         | nan         | nan         | nan         | nan         | nan         | nan         | nan         | nan         | nan         | nan         | nan         | nan         | nan         | nan         | nan         | nan         | nan         | nan         | nan         | nan         | nan         | nan         | nan         | nan         | nan         | nan         | nan         | nan         |
| cold_side---differ number ()        |   4.049e+00 |   4.057e+00 |   4.066e+00 |   4.075e+00 |   4.084e+00 |   4.094e+00 |   4.104e+00 |   4.114e+00 |   4.124e+00 |   4.135e+00 |   4.146e+00 |   4.157e+00 |   4.168e+00 |   4.180e+00 |   4.192e+00 |   4.204e+00 |   4.217e+00 |   4.229e+00 |   4.243e+00 |   4.256e+00 |   4.256e+00 |   4.270e+00 |   4.285e+00 |   4.300e+00 |   4.316e+00 |   4.331e+00 |   4.348e+00 |   4.364e+00 |   4.381e+00 |   4.398e+00 |   4.416e+00 |   4.433e+00 |   4.452e+00 |   4.470e+00 |   4.489e+00 |   4.508e+00 |   4.528e+00 |   4.547e+00 |   4.567e+00 |   4.587e+00 |
+-------------------------------------+-------------+-------------+-------------+-------------+-------------+-------------+-------------+-------------+-------------+-------------+-------------+-------------+-------------+-------------+-------------+-------------+-------------+-------------+-------------+-------------+-------------+-------------+-------------+-------------+-------------+-------------+-------------+-------------+-------------+-------------+-------------+-------------+-------------+-------------+-------------+-------------+-------------+-------------+-------------+-------------+
##### RESULTS (Nodes: HeatExchanger: heatexchanger_f) #####
+-------------------------------------+-------------+-------------+-------------+-------------+-------------+-------------+-------------+-------------+-------------+-------------+-------------+-------------+-------------+-------------+-------------+-------------+-------------+-------------+-------------+-------------+-------------+-------------+-------------+-------------+-------------+-------------+-------------+-------------+-------------+-------------+-------------+-------------+-------------+-------------+-------------+-------------+-------------+-------------+-------------+-------------+
|                                     |           0 |           1 |           2 |           3 |           4 |           5 |           6 |           7 |           8 |           9 |          10 |          11 |          12 |          13 |          14 |          15 |          16 |          17 |          18 |          19 |          20 |          21 |          22 |          23 |          24 |          25 |          26 |          27 |          28 |          29 |          30 |          31 |          32 |          33 |          34 |          35 |          36 |          37 |          38 |          39 |
|-------------------------------------+-------------+-------------+-------------+-------------+-------------+-------------+-------------+-------------+-------------+-------------+-------------+-------------+-------------+-------------+-------------+-------------+-------------+-------------+-------------+-------------+-------------+-------------+-------------+-------------+-------------+-------------+-------------+-------------+-------------+-------------+-------------+-------------+-------------+-------------+-------------+-------------+-------------+-------------+-------------+-------------|
| hot_side---pressure (bar)           |   2.000e+01 |   1.996e+01 |   1.992e+01 |   1.987e+01 |   1.983e+01 |   1.979e+01 |   1.975e+01 |   1.970e+01 |   1.966e+01 |   1.962e+01 |   1.958e+01 |   1.953e+01 |   1.949e+01 |   1.945e+01 |   1.941e+01 |   1.936e+01 |   1.932e+01 |   1.928e+01 |   1.924e+01 |   1.920e+01 |   1.920e+01 |   1.915e+01 |   1.911e+01 |   1.907e+01 |   1.903e+01 |   1.898e+01 |   1.894e+01 |   1.890e+01 |   1.886e+01 |   1.881e+01 |   1.877e+01 |   1.873e+01 |   1.869e+01 |   1.864e+01 |   1.860e+01 |   1.856e+01 |   1.852e+01 |   1.847e+01 |   1.843e+01 |   1.839e+01 |
| hot_side---enthalpy (kJ / kg)       |   1.768e+03 |   1.764e+03 |   1.760e+03 |   1.755e+03 |   1.750e+03 |   1.745e+03 |   1.740e+03 |   1.735e+03 |   1.729e+03 |   1.723e+03 |   1.717e+03 |   1.710e+03 |   1.704e+03 |   1.696e+03 |   1.689e+03 |   1.681e+03 |   1.673e+03 |   1.665e+03 |   1.656e+03 |   1.647e+03 |   1.647e+03 |   1.638e+03 |   1.628e+03 |   1.617e+03 |   1.606e+03 |   1.595e+03 |   1.583e+03 |   1.571e+03 |   1.559e+03 |   1.547e+03 |   1.534e+03 |   1.521e+03 |   1.509e+03 |   1.498e+03 |   1.487e+03 |   1.478e+03 |   1.469e+03 |   1.461e+03 |   1.454e+03 |   1.447e+03 |
| hot_side---temperature (C)          |   3.938e+02 |   3.918e+02 |   3.897e+02 |   3.875e+02 |   3.852e+02 |   3.829e+02 |   3.804e+02 |   3.777e+02 |   3.750e+02 |   3.722e+02 |   3.693e+02 |   3.662e+02 |   3.629e+02 |   3.596e+02 |   3.561e+02 |   3.524e+02 |   3.486e+02 |   3.447e+02 |   3.405e+02 |   3.362e+02 |   3.362e+02 |   3.316e+02 |   3.268e+02 |   3.218e+02 |   3.166e+02 |   3.112e+02 |   3.057e+02 |   3.000e+02 |   2.942e+02 |   2.882e+02 |   2.821e+02 |   2.760e+02 |   2.702e+02 |   2.649e+02 |   2.600e+02 |   2.555e+02 |   2.514e+02 |   2.476e+02 |   2.442e+02 |   2.410e+02 |
| hot_side---vapor mass fraction (-)  | nan         | nan         | nan         | nan         | nan         | nan         | nan         | nan         | nan         | nan         | nan         | nan         | nan         | nan         | nan         | nan         | nan         | nan         | nan         | nan         | nan         | nan         | nan         | nan         | nan         | nan         | nan         | nan         | nan         | nan         | nan         | nan         | nan         | nan         | nan         | nan         | nan         | nan         | nan         | nan         |
| hot_side---differ number ()         |   5.331e+00 |   5.331e+00 |   5.331e+00 |   5.331e+00 |   5.331e+00 |   5.331e+00 |   5.331e+00 |   5.331e+00 |   5.310e+00 |   5.310e+00 |   5.310e+00 |   5.310e+00 |   5.310e+00 |   5.310e+00 |   5.310e+00 |   5.310e+00 |   5.310e+00 |   5.310e+00 |   5.310e+00 |   5.310e+00 |   5.310e+00 |   5.310e+00 |   5.310e+00 |   5.310e+00 |   5.310e+00 |   5.310e+00 |   5.310e+00 |   5.310e+00 |   5.310e+00 |   5.310e+00 |   5.310e+00 |   5.310e+00 |   5.310e+00 |   5.310e+00 |   5.310e+00 |   5.310e+00 |   5.310e+00 |   5.310e+00 |   5.310e+00 |   5.310e+00 |
| cold_side---pressure (bar)          |   1.650e+01 |   1.651e+01 |   1.653e+01 |   1.654e+01 |   1.655e+01 |   1.657e+01 |   1.658e+01 |   1.659e+01 |   1.661e+01 |   1.662e+01 |   1.663e+01 |   1.665e+01 |   1.666e+01 |   1.667e+01 |   1.668e+01 |   1.670e+01 |   1.671e+01 |   1.672e+01 |   1.674e+01 |   1.675e+01 |   1.675e+01 |   1.676e+01 |   1.678e+01 |   1.679e+01 |   1.680e+01 |   1.682e+01 |   1.683e+01 |   1.684e+01 |   1.686e+01 |   1.687e+01 |   1.688e+01 |   1.690e+01 |   1.691e+01 |   1.692e+01 |   1.694e+01 |   1.695e+01 |   1.696e+01 |   1.697e+01 |   1.699e+01 |   1.700e+01 |
| cold_side---enthalpy (kJ / kg)      |   3.191e+03 |   3.184e+03 |   3.177e+03 |   3.170e+03 |   3.162e+03 |   3.154e+03 |   3.146e+03 |   3.137e+03 |   3.128e+03 |   3.119e+03 |   3.109e+03 |   3.099e+03 |   3.088e+03 |   3.077e+03 |   3.065e+03 |   3.053e+03 |   3.040e+03 |   3.027e+03 |   3.013e+03 |   2.999e+03 |   2.999e+03 |   2.984e+03 |   2.968e+03 |   2.951e+03 |   2.934e+03 |   2.916e+03 |   2.897e+03 |   2.878e+03 |   2.859e+03 |   2.839e+03 |   2.819e+03 |   2.798e+03 |   2.779e+03 |   2.762e+03 |   2.745e+03 |   2.730e+03 |   2.717e+03 |   2.704e+03 |   2.692e+03 |   2.682e+03 |
| cold_side---temperature (C)         |   3.709e+02 |   3.679e+02 |   3.647e+02 |   3.614e+02 |   3.580e+02 |   3.544e+02 |   3.506e+02 |   3.467e+02 |   3.426e+02 |   3.383e+02 |   3.339e+02 |   3.292e+02 |   3.244e+02 |   3.194e+02 |   3.142e+02 |   3.087e+02 |   3.031e+02 |   2.973e+02 |   2.912e+02 |   2.850e+02 |   2.850e+02 |   2.783e+02 |   2.714e+02 |   2.643e+02 |   2.571e+02 |   2.497e+02 |   2.422e+02 |   2.347e+02 |   2.271e+02 |   2.197e+02 |   2.124e+02 |   2.053e+02 |   2.040e+02 |   2.041e+02 |   2.041e+02 |   2.042e+02 |   2.042e+02 |   2.042e+02 |   2.043e+02 |   2.043e+02 |
| cold_side---vapor mass fraction (-) | nan         | nan         | nan         | nan         | nan         | nan         | nan         | nan         | nan         | nan         | nan         | nan         | nan         | nan         | nan         | nan         | nan         | nan         | nan         | nan         | nan         | nan         | nan         | nan         | nan         | nan         | nan         | nan         | nan         | nan         | nan         | nan         |   9.921e-01 |   9.829e-01 |   9.745e-01 |   9.667e-01 |   9.596e-01 |   9.530e-01 |   9.470e-01 |   9.414e-01 |
| cold_side---differ number ()        |   7.055e+00 |   7.052e+00 |   7.048e+00 |   7.044e+00 |   7.039e+00 |   7.034e+00 |   7.028e+00 |   7.022e+00 |   7.014e+00 |   7.006e+00 |   6.996e+00 |   6.985e+00 |   6.972e+00 |   6.957e+00 |   6.940e+00 |   6.921e+00 |   6.899e+00 |   6.873e+00 |   6.844e+00 |   6.810e+00 |   6.810e+00 |   6.769e+00 |   6.722e+00 |   6.667e+00 |   6.603e+00 |   6.529e+00 |   6.444e+00 |   6.344e+00 |   6.226e+00 |   6.085e+00 |   5.907e+00 |   5.670e+00 |   2.000e+00 |   2.000e+00 |   2.000e+00 |   2.000e+00 |   2.000e+00 |   2.000e+00 |   2.000e+00 |   2.000e+00 |
+-------------------------------------+-------------+-------------+-------------+-------------+-------------+-------------+-------------+-------------+-------------+-------------+-------------+-------------+-------------+-------------+-------------+-------------+-------------+-------------+-------------+-------------+-------------+-------------+-------------+-------------+-------------+-------------+-------------+-------------+-------------+-------------+-------------+-------------+-------------+-------------+-------------+-------------+-------------+-------------+-------------+-------------+
##### RESULTS (Nodes: ExtractHeatExchanger: heatexchanger_g) #####
+-------------------------------------+-------------+-------------+-------------+-------------+-------------+-------------+-------------+-------------+-------------+-------------+-------------+-------------+-------------+-------------+-------------+-------------+-------------+-------------+-------------+-------------+-------------+-------------+-------------+-------------+-------------+-------------+-------------+-------------+-------------+-------------+-------------+-------------+-------------+-------------+-------------+-------------+-------------+-------------+-------------+-------------+
|                                     |           0 |           1 |           2 |           3 |           4 |           5 |           6 |           7 |           8 |           9 |          10 |          11 |          12 |          13 |          14 |          15 |          16 |          17 |          18 |          19 |          20 |          21 |          22 |          23 |          24 |          25 |          26 |          27 |          28 |          29 |          30 |          31 |          32 |          33 |          34 |          35 |          36 |          37 |          38 |          39 |
|-------------------------------------+-------------+-------------+-------------+-------------+-------------+-------------+-------------+-------------+-------------+-------------+-------------+-------------+-------------+-------------+-------------+-------------+-------------+-------------+-------------+-------------+-------------+-------------+-------------+-------------+-------------+-------------+-------------+-------------+-------------+-------------+-------------+-------------+-------------+-------------+-------------+-------------+-------------+-------------+-------------+-------------|
| hot_side---pressure (bar)           |   4.000e+01 |   4.000e+01 |   4.000e+01 |   4.000e+01 |   4.000e+01 |   4.000e+01 |   4.000e+01 |   4.000e+01 |   4.000e+01 |   4.000e+01 |   4.000e+01 |   4.000e+01 |   4.000e+01 |   4.000e+01 |   4.000e+01 |   4.000e+01 |   4.000e+01 |   4.000e+01 |   4.000e+01 |   4.000e+01 |   4.000e+01 |   4.000e+01 |   4.000e+01 |   4.000e+01 |   4.000e+01 |   4.000e+01 |   4.000e+01 |   4.000e+01 |   4.000e+01 |   4.000e+01 |   4.000e+01 |   4.000e+01 |   4.000e+01 |   4.000e+01 |   4.000e+01 |   4.000e+01 |   4.000e+01 |   4.000e+01 |   4.000e+01 |   4.000e+01 |
| hot_side---enthalpy (kJ / kg)       |   2.828e+03 |   2.801e+03 |   2.788e+03 |   2.774e+03 |   2.760e+03 |   2.744e+03 |   2.728e+03 |   2.711e+03 |   2.693e+03 |   2.674e+03 |   2.654e+03 |   2.632e+03 |   2.610e+03 |   2.586e+03 |   2.561e+03 |   2.534e+03 |   2.505e+03 |   2.475e+03 |   2.444e+03 |   2.410e+03 |   2.410e+03 |   2.372e+03 |   2.332e+03 |   2.289e+03 |   2.244e+03 |   2.196e+03 |   2.144e+03 |   2.090e+03 |   2.032e+03 |   1.970e+03 |   1.904e+03 |   1.835e+03 |   1.760e+03 |   1.681e+03 |   1.597e+03 |   1.508e+03 |   1.412e+03 |   1.311e+03 |   1.203e+03 |   1.087e+03 |
| hot_side---temperature (C)          |   2.574e+02 |   2.504e+02 |   2.504e+02 |   2.504e+02 |   2.504e+02 |   2.504e+02 |   2.504e+02 |   2.504e+02 |   2.504e+02 |   2.504e+02 |   2.504e+02 |   2.504e+02 |   2.504e+02 |   2.504e+02 |   2.504e+02 |   2.504e+02 |   2.504e+02 |   2.504e+02 |   2.504e+02 |   2.504e+02 |   2.504e+02 |   2.504e+02 |   2.504e+02 |   2.504e+02 |   2.504e+02 |   2.504e+02 |   2.504e+02 |   2.504e+02 |   2.504e+02 |   2.504e+02 |   2.504e+02 |   2.504e+02 |   2.504e+02 |   2.504e+02 |   2.504e+02 |   2.504e+02 |   2.504e+02 |   2.504e+02 |   2.504e+02 |   2.504e+02 |
| hot_side---vapor mass fraction (-)  | nan         |   9.998e-01 |   9.923e-01 |   9.843e-01 |   9.759e-01 |   9.670e-01 |   9.576e-01 |   9.477e-01 |   9.371e-01 |   9.260e-01 |   9.142e-01 |   9.017e-01 |   8.885e-01 |   8.746e-01 |   8.598e-01 |   8.441e-01 |   8.276e-01 |   8.101e-01 |   7.915e-01 |   7.719e-01 |   7.719e-01 |   7.498e-01 |   7.263e-01 |   7.014e-01 |   6.749e-01 |   6.467e-01 |   6.168e-01 |   5.850e-01 |   5.511e-01 |   5.151e-01 |   4.768e-01 |   4.361e-01 |   3.928e-01 |   3.466e-01 |   2.975e-01 |   2.453e-01 |   1.896e-01 |   1.304e-01 |   6.726e-02 |  -1.179e-16 |
| hot_side---differ number ()         |   2.545e+01 |   2.000e+00 |   2.000e+00 |   2.000e+00 |   2.000e+00 |   2.000e+00 |   2.000e+00 |   2.000e+00 |   2.000e+00 |   2.000e+00 |   2.000e+00 |   2.000e+00 |   2.000e+00 |   2.000e+00 |   2.000e+00 |   2.000e+00 |   2.000e+00 |   2.000e+00 |   2.000e+00 |   2.000e+00 |   2.000e+00 |   2.000e+00 |   2.000e+00 |   2.000e+00 |   2.000e+00 |   2.000e+00 |   2.000e+00 |   2.000e+00 |   2.000e+00 |   2.000e+00 |   2.000e+00 |   2.000e+00 |   2.000e+00 |   2.000e+00 |   2.000e+00 |   2.000e+00 |   2.000e+00 |   2.000e+00 |   2.000e+00 |   1.080e+01 |
| cold_side---pressure (bar)          |   1.010e+02 |   1.010e+02 |   1.010e+02 |   1.010e+02 |   1.010e+02 |   1.010e+02 |   1.010e+02 |   1.010e+02 |   1.010e+02 |   1.010e+02 |   1.010e+02 |   1.010e+02 |   1.010e+02 |   1.010e+02 |   1.010e+02 |   1.010e+02 |   1.010e+02 |   1.010e+02 |   1.010e+02 |   1.010e+02 |   1.010e+02 |   1.010e+02 |   1.010e+02 |   1.010e+02 |   1.010e+02 |   1.010e+02 |   1.010e+02 |   1.010e+02 |   1.010e+02 |   1.010e+02 |   1.010e+02 |   1.010e+02 |   1.010e+02 |   1.010e+02 |   1.010e+02 |   1.010e+02 |   1.010e+02 |   1.010e+02 |   1.011e+02 |   1.011e+02 |
| cold_side---enthalpy (kJ / kg)      |   1.064e+03 |   1.060e+03 |   1.059e+03 |   1.057e+03 |   1.055e+03 |   1.053e+03 |   1.052e+03 |   1.049e+03 |   1.047e+03 |   1.045e+03 |   1.043e+03 |   1.040e+03 |   1.037e+03 |   1.034e+03 |   1.031e+03 |   1.028e+03 |   1.025e+03 |   1.021e+03 |   1.017e+03 |   1.013e+03 |   1.013e+03 |   1.008e+03 |   1.004e+03 |   9.983e+02 |   9.928e+02 |   9.870e+02 |   9.808e+02 |   9.742e+02 |   9.671e+02 |   9.597e+02 |   9.517e+02 |   9.433e+02 |   9.343e+02 |   9.247e+02 |   9.145e+02 |   9.037e+02 |   8.921e+02 |   8.798e+02 |   8.667e+02 |   8.527e+02 |
| cold_side---temperature (C)         |   2.453e+02 |   2.446e+02 |   2.443e+02 |   2.440e+02 |   2.436e+02 |   2.432e+02 |   2.428e+02 |   2.424e+02 |   2.419e+02 |   2.414e+02 |   2.409e+02 |   2.403e+02 |   2.398e+02 |   2.391e+02 |   2.385e+02 |   2.378e+02 |   2.371e+02 |   2.363e+02 |   2.355e+02 |   2.346e+02 |   2.346e+02 |   2.336e+02 |   2.325e+02 |   2.314e+02 |   2.302e+02 |   2.290e+02 |   2.276e+02 |   2.262e+02 |   2.247e+02 |   2.230e+02 |   2.213e+02 |   2.194e+02 |   2.175e+02 |   2.153e+02 |   2.131e+02 |   2.107e+02 |   2.081e+02 |   2.054e+02 |   2.024e+02 |   1.993e+02 |
| cold_side---vapor mass fraction (-) | nan         | nan         | nan         | nan         | nan         | nan         | nan         | nan         | nan         | nan         | nan         | nan         | nan         | nan         | nan         | nan         | nan         | nan         | nan         | nan         | nan         | nan         | nan         | nan         | nan         | nan         | nan         | nan         | nan         | nan         | nan         | nan         | nan         | nan         | nan         | nan         | nan         | nan         | nan         | nan         |
| cold_side---differ number ()        |   4.189e+00 |   4.192e+00 |   4.193e+00 |   4.195e+00 |   4.196e+00 |   4.198e+00 |   4.199e+00 |   4.201e+00 |   4.203e+00 |   4.205e+00 |   4.207e+00 |   4.209e+00 |   4.212e+00 |   4.214e+00 |   4.217e+00 |   4.219e+00 |   4.222e+00 |   4.225e+00 |   4.228e+00 |   4.231e+00 |   4.231e+00 |   4.235e+00 |   4.239e+00 |   4.243e+00 |   4.247e+00 |   4.251e+00 |   4.256e+00 |   4.261e+00 |   4.266e+00 |   4.271e+00 |   4.277e+00 |   4.282e+00 |   4.288e+00 |   4.295e+00 |   4.301e+00 |   4.308e+00 |   4.315e+00 |   4.322e+00 |   4.330e+00 |   4.338e+00 |
+-------------------------------------+-------------+-------------+-------------+-------------+-------------+-------------+-------------+-------------+-------------+-------------+-------------+-------------+-------------+-------------+-------------+-------------+-------------+-------------+-------------+-------------+-------------+-------------+-------------+-------------+-------------+-------------+-------------+-------------+-------------+-------------+-------------+-------------+-------------+-------------+-------------+-------------+-------------+-------------+-------------+-------------+
##### RESULTS (Nodes: ExtractHeatExchanger: heatexchanger_h) #####
+-------------------------------------+-------------+-------------+-------------+-------------+-------------+-------------+-------------+-------------+-------------+-------------+-------------+-------------+-------------+-------------+-------------+-------------+-------------+-------------+-------------+-------------+-------------+-------------+-------------+-------------+-------------+-------------+-------------+-------------+-------------+-------------+-------------+-------------+-------------+-------------+-------------+-------------+-------------+-------------+-------------+-------------+
|                                     |           0 |           1 |           2 |           3 |           4 |           5 |           6 |           7 |           8 |           9 |          10 |          11 |          12 |          13 |          14 |          15 |          16 |          17 |          18 |          19 |          20 |          21 |          22 |          23 |          24 |          25 |          26 |          27 |          28 |          29 |          30 |          31 |          32 |          33 |          34 |          35 |          36 |          37 |          38 |          39 |
|-------------------------------------+-------------+-------------+-------------+-------------+-------------+-------------+-------------+-------------+-------------+-------------+-------------+-------------+-------------+-------------+-------------+-------------+-------------+-------------+-------------+-------------+-------------+-------------+-------------+-------------+-------------+-------------+-------------+-------------+-------------+-------------+-------------+-------------+-------------+-------------+-------------+-------------+-------------+-------------+-------------+-------------|
| hot_side---pressure (bar)           |   1.700e+01 |   1.700e+01 |   1.700e+01 |   1.700e+01 |   1.700e+01 |   1.700e+01 |   1.700e+01 |   1.700e+01 |   1.700e+01 |   1.700e+01 |   1.700e+01 |   1.700e+01 |   1.700e+01 |   1.700e+01 |   1.700e+01 |   1.700e+01 |   1.700e+01 |   1.700e+01 |   1.700e+01 |   1.700e+01 |   1.700e+01 |   1.700e+01 |   1.700e+01 |   1.700e+01 |   1.700e+01 |   1.700e+01 |   1.700e+01 |   1.700e+01 |   1.700e+01 |   1.700e+01 |   1.700e+01 |   1.700e+01 |   1.700e+01 |   1.700e+01 |   1.700e+01 |   1.700e+01 |   1.700e+01 |   1.700e+01 |   1.700e+01 |   1.700e+01 |
| hot_side---enthalpy (kJ / kg)       |   1.717e+03 |   1.711e+03 |   1.704e+03 |   1.697e+03 |   1.690e+03 |   1.682e+03 |   1.674e+03 |   1.665e+03 |   1.656e+03 |   1.646e+03 |   1.636e+03 |   1.625e+03 |   1.614e+03 |   1.602e+03 |   1.589e+03 |   1.575e+03 |   1.561e+03 |   1.546e+03 |   1.530e+03 |   1.513e+03 |   1.513e+03 |   1.494e+03 |   1.474e+03 |   1.453e+03 |   1.431e+03 |   1.407e+03 |   1.382e+03 |   1.355e+03 |   1.326e+03 |   1.296e+03 |   1.264e+03 |   1.230e+03 |   1.194e+03 |   1.156e+03 |   1.115e+03 |   1.072e+03 |   1.026e+03 |   9.780e+02 |   9.264e+02 |   8.718e+02 |
| hot_side---temperature (C)          |   2.043e+02 |   2.043e+02 |   2.043e+02 |   2.043e+02 |   2.043e+02 |   2.043e+02 |   2.043e+02 |   2.043e+02 |   2.043e+02 |   2.043e+02 |   2.043e+02 |   2.043e+02 |   2.043e+02 |   2.043e+02 |   2.043e+02 |   2.043e+02 |   2.043e+02 |   2.043e+02 |   2.043e+02 |   2.043e+02 |   2.043e+02 |   2.043e+02 |   2.043e+02 |   2.043e+02 |   2.043e+02 |   2.043e+02 |   2.043e+02 |   2.043e+02 |   2.043e+02 |   2.043e+02 |   2.043e+02 |   2.043e+02 |   2.043e+02 |   2.043e+02 |   2.043e+02 |   2.043e+02 |   2.043e+02 |   2.043e+02 |   2.043e+02 |   2.043e+02 |
| hot_side---vapor mass fraction (-)  |   4.397e-01 |   4.365e-01 |   4.330e-01 |   4.294e-01 |   4.256e-01 |   4.215e-01 |   4.172e-01 |   4.127e-01 |   4.079e-01 |   4.029e-01 |   3.975e-01 |   3.919e-01 |   3.860e-01 |   3.797e-01 |   3.730e-01 |   3.660e-01 |   3.586e-01 |   3.507e-01 |   3.424e-01 |   3.337e-01 |   3.337e-01 |   3.239e-01 |   3.135e-01 |   3.025e-01 |   2.908e-01 |   2.783e-01 |   2.652e-01 |   2.512e-01 |   2.364e-01 |   2.207e-01 |   2.041e-01 |   1.864e-01 |   1.677e-01 |   1.478e-01 |   1.267e-01 |   1.043e-01 |   8.048e-02 |   5.524e-02 |   2.845e-02 | nan         |
| hot_side---differ number ()         |   2.000e+00 |   2.000e+00 |   2.000e+00 |   2.000e+00 |   2.000e+00 |   2.000e+00 |   2.000e+00 |   2.000e+00 |   2.000e+00 |   2.000e+00 |   2.000e+00 |   2.000e+00 |   2.000e+00 |   2.000e+00 |   2.000e+00 |   2.000e+00 |   2.000e+00 |   2.000e+00 |   2.000e+00 |   2.000e+00 |   2.000e+00 |   2.000e+00 |   2.000e+00 |   2.000e+00 |   2.000e+00 |   2.000e+00 |   2.000e+00 |   2.000e+00 |   2.000e+00 |   2.000e+00 |   2.000e+00 |   2.000e+00 |   2.000e+00 |   2.000e+00 |   2.000e+00 |   2.000e+00 |   2.000e+00 |   2.000e+00 |   2.000e+00 |   1.176e+01 |
| cold_side---pressure (bar)          |   1.011e+02 |   1.011e+02 |   1.011e+02 |   1.011e+02 |   1.011e+02 |   1.011e+02 |   1.011e+02 |   1.011e+02 |   1.011e+02 |   1.011e+02 |   1.011e+02 |   1.011e+02 |   1.011e+02 |   1.011e+02 |   1.011e+02 |   1.011e+02 |   1.011e+02 |   1.011e+02 |   1.011e+02 |   1.011e+02 |   1.011e+02 |   1.011e+02 |   1.011e+02 |   1.011e+02 |   1.011e+02 |   1.011e+02 |   1.011e+02 |   1.011e+02 |   1.011e+02 |   1.011e+02 |   1.011e+02 |   1.011e+02 |   1.011e+02 |   1.011e+02 |   1.011e+02 |   1.011e+02 |   1.011e+02 |   1.011e+02 |   1.011e+02 |   1.011e+02 |
| cold_side---enthalpy (kJ / kg)      |   8.527e+02 |   8.515e+02 |   8.502e+02 |   8.488e+02 |   8.473e+02 |   8.457e+02 |   8.441e+02 |   8.423e+02 |   8.405e+02 |   8.386e+02 |   8.365e+02 |   8.343e+02 |   8.320e+02 |   8.296e+02 |   8.271e+02 |   8.244e+02 |   8.215e+02 |   8.185e+02 |   8.153e+02 |   8.119e+02 |   8.119e+02 |   8.081e+02 |   8.041e+02 |   7.999e+02 |   7.954e+02 |   7.906e+02 |   7.855e+02 |   7.802e+02 |   7.745e+02 |   7.684e+02 |   7.620e+02 |   7.552e+02 |   7.480e+02 |   7.403e+02 |   7.322e+02 |   7.236e+02 |   7.144e+02 |   7.047e+02 |   6.944e+02 |   6.834e+02 |
| cold_side---temperature (C)         |   1.993e+02 |   1.990e+02 |   1.987e+02 |   1.984e+02 |   1.981e+02 |   1.977e+02 |   1.974e+02 |   1.970e+02 |   1.965e+02 |   1.961e+02 |   1.956e+02 |   1.952e+02 |   1.946e+02 |   1.941e+02 |   1.935e+02 |   1.929e+02 |   1.922e+02 |   1.916e+02 |   1.908e+02 |   1.901e+02 |   1.901e+02 |   1.892e+02 |   1.883e+02 |   1.873e+02 |   1.863e+02 |   1.852e+02 |   1.841e+02 |   1.828e+02 |   1.815e+02 |   1.802e+02 |   1.787e+02 |   1.771e+02 |   1.755e+02 |   1.737e+02 |   1.718e+02 |   1.698e+02 |   1.677e+02 |   1.655e+02 |   1.631e+02 |   1.605e+02 |
| cold_side---vapor mass fraction (-) | nan         | nan         | nan         | nan         | nan         | nan         | nan         | nan         | nan         | nan         | nan         | nan         | nan         | nan         | nan         | nan         | nan         | nan         | nan         | nan         | nan         | nan         | nan         | nan         | nan         | nan         | nan         | nan         | nan         | nan         | nan         | nan         | nan         | nan         | nan         | nan         | nan         | nan         | nan         | nan         |
| cold_side---differ number ()        |   4.140e+00 |   4.140e+00 |   4.141e+00 |   4.142e+00 |   4.142e+00 |   4.143e+00 |   4.144e+00 |   4.145e+00 |   4.146e+00 |   4.147e+00 |   4.148e+00 |   4.149e+00 |   4.150e+00 |   4.151e+00 |   4.152e+00 |   4.153e+00 |   4.155e+00 |   4.156e+00 |   4.158e+00 |   4.159e+00 |   4.159e+00 |   4.161e+00 |   4.163e+00 |   4.165e+00 |   4.167e+00 |   4.169e+00 |   4.171e+00 |   4.173e+00 |   4.176e+00 |   4.178e+00 |   4.181e+00 |   4.184e+00 |   4.186e+00 |   4.189e+00 |   4.192e+00 |   4.196e+00 |   4.199e+00 |   4.202e+00 |   4.206e+00 |   4.210e+00 |
+-------------------------------------+-------------+-------------+-------------+-------------+-------------+-------------+-------------+-------------+-------------+-------------+-------------+-------------+-------------+-------------+-------------+-------------+-------------+-------------+-------------+-------------+-------------+-------------+-------------+-------------+-------------+-------------+-------------+-------------+-------------+-------------+-------------+-------------+-------------+-------------+-------------+-------------+-------------+-------------+-------------+-------------+
##### RESULTS (Nodes: ExtractHeatExchanger: heatexchanger_i) #####
+-------------------------------------+-------------+-------------+-------------+-------------+-------------+-------------+-------------+-------------+-------------+-------------+-------------+-------------+-------------+-------------+-------------+-------------+-------------+-------------+-------------+-------------+-------------+-------------+-------------+-------------+-------------+-------------+-------------+-------------+-------------+-------------+-------------+-------------+-------------+-------------+-------------+-------------+-------------+-------------+-------------+-------------+
|                                     |           0 |           1 |           2 |           3 |           4 |           5 |           6 |           7 |           8 |           9 |          10 |          11 |          12 |          13 |          14 |          15 |          16 |          17 |          18 |          19 |          20 |          21 |          22 |          23 |          24 |          25 |          26 |          27 |          28 |          29 |          30 |          31 |          32 |          33 |          34 |          35 |          36 |          37 |          38 |          39 |
|-------------------------------------+-------------+-------------+-------------+-------------+-------------+-------------+-------------+-------------+-------------+-------------+-------------+-------------+-------------+-------------+-------------+-------------+-------------+-------------+-------------+-------------+-------------+-------------+-------------+-------------+-------------+-------------+-------------+-------------+-------------+-------------+-------------+-------------+-------------+-------------+-------------+-------------+-------------+-------------+-------------+-------------|
| hot_side---pressure (bar)           |   2.500e+00 |   2.500e+00 |   2.500e+00 |   2.500e+00 |   2.500e+00 |   2.500e+00 |   2.500e+00 |   2.500e+00 |   2.500e+00 |   2.500e+00 |   2.500e+00 |   2.500e+00 |   2.500e+00 |   2.500e+00 |   2.500e+00 |   2.500e+00 |   2.500e+00 |   2.500e+00 |   2.500e+00 |   2.500e+00 |   2.500e+00 |   2.500e+00 |   2.500e+00 |   2.500e+00 |   2.500e+00 |   2.500e+00 |   2.500e+00 |   2.500e+00 |   2.500e+00 |   2.500e+00 |   2.500e+00 |   2.500e+00 |   2.500e+00 |   2.500e+00 |   2.500e+00 |   2.500e+00 |   2.500e+00 |   2.500e+00 |   2.500e+00 |   2.500e+00 |
| hot_side---enthalpy (kJ / kg)       |   2.795e+03 |   2.633e+03 |   2.608e+03 |   2.581e+03 |   2.554e+03 |   2.525e+03 |   2.495e+03 |   2.465e+03 |   2.433e+03 |   2.399e+03 |   2.365e+03 |   2.329e+03 |   2.292e+03 |   2.253e+03 |   2.213e+03 |   2.171e+03 |   2.128e+03 |   2.083e+03 |   2.036e+03 |   1.988e+03 |   1.988e+03 |   1.935e+03 |   1.881e+03 |   1.824e+03 |   1.765e+03 |   1.704e+03 |   1.640e+03 |   1.574e+03 |   1.505e+03 |   1.433e+03 |   1.358e+03 |   1.280e+03 |   1.200e+03 |   1.116e+03 |   1.028e+03 |   9.372e+02 |   8.426e+02 |   7.442e+02 |   6.418e+02 |   5.353e+02 |
| hot_side---temperature (C)          |   1.645e+02 |   1.274e+02 |   1.274e+02 |   1.274e+02 |   1.274e+02 |   1.274e+02 |   1.274e+02 |   1.274e+02 |   1.274e+02 |   1.274e+02 |   1.274e+02 |   1.274e+02 |   1.274e+02 |   1.274e+02 |   1.274e+02 |   1.274e+02 |   1.274e+02 |   1.274e+02 |   1.274e+02 |   1.274e+02 |   1.274e+02 |   1.274e+02 |   1.274e+02 |   1.274e+02 |   1.274e+02 |   1.274e+02 |   1.274e+02 |   1.274e+02 |   1.274e+02 |   1.274e+02 |   1.274e+02 |   1.274e+02 |   1.274e+02 |   1.274e+02 |   1.274e+02 |   1.274e+02 |   1.274e+02 |   1.274e+02 |   1.274e+02 |   1.274e+02 |
| hot_side---vapor mass fraction (-)  | nan         |   9.619e-01 |   9.502e-01 |   9.380e-01 |   9.254e-01 |   9.123e-01 |   8.987e-01 |   8.845e-01 |   8.699e-01 |   8.546e-01 |   8.388e-01 |   8.223e-01 |   8.053e-01 |   7.875e-01 |   7.691e-01 |   7.500e-01 |   7.301e-01 |   7.095e-01 |   6.881e-01 |   6.658e-01 |   6.658e-01 |   6.418e-01 |   6.168e-01 |   5.908e-01 |   5.638e-01 |   5.357e-01 |   5.064e-01 |   4.760e-01 |   4.444e-01 |   4.114e-01 |   3.772e-01 |   3.416e-01 |   3.046e-01 |   2.660e-01 |   2.259e-01 |   1.842e-01 |   1.409e-01 |   9.576e-02 |   4.882e-02 |  -4.629e-17 |
| hot_side---differ number ()         |   7.255e+01 |   2.000e+00 |   2.000e+00 |   2.000e+00 |   2.000e+00 |   2.000e+00 |   2.000e+00 |   2.000e+00 |   2.000e+00 |   2.000e+00 |   2.000e+00 |   2.000e+00 |   2.000e+00 |   2.000e+00 |   2.000e+00 |   2.000e+00 |   2.000e+00 |   2.000e+00 |   2.000e+00 |   2.000e+00 |   2.000e+00 |   2.000e+00 |   2.000e+00 |   2.000e+00 |   2.000e+00 |   2.000e+00 |   2.000e+00 |   2.000e+00 |   2.000e+00 |   2.000e+00 |   2.000e+00 |   2.000e+00 |   2.000e+00 |   2.000e+00 |   2.000e+00 |   2.000e+00 |   2.000e+00 |   2.000e+00 |   2.000e+00 |   1.920e+01 |
| cold_side---pressure (bar)          |   6.000e+00 |   6.001e+00 |   6.003e+00 |   6.004e+00 |   6.005e+00 |   6.007e+00 |   6.008e+00 |   6.009e+00 |   6.011e+00 |   6.012e+00 |   6.013e+00 |   6.015e+00 |   6.016e+00 |   6.017e+00 |   6.018e+00 |   6.020e+00 |   6.021e+00 |   6.022e+00 |   6.024e+00 |   6.025e+00 |   6.025e+00 |   6.026e+00 |   6.028e+00 |   6.029e+00 |   6.030e+00 |   6.032e+00 |   6.033e+00 |   6.034e+00 |   6.036e+00 |   6.037e+00 |   6.038e+00 |   6.040e+00 |   6.041e+00 |   6.042e+00 |   6.044e+00 |   6.045e+00 |   6.046e+00 |   6.047e+00 |   6.049e+00 |   6.050e+00 |
| cold_side---enthalpy (kJ / kg)      |   5.143e+02 |   5.074e+02 |   5.063e+02 |   5.052e+02 |   5.041e+02 |   5.028e+02 |   5.016e+02 |   5.003e+02 |   4.989e+02 |   4.975e+02 |   4.961e+02 |   4.945e+02 |   4.930e+02 |   4.913e+02 |   4.896e+02 |   4.879e+02 |   4.860e+02 |   4.841e+02 |   4.821e+02 |   4.801e+02 |   4.801e+02 |   4.779e+02 |   4.756e+02 |   4.732e+02 |   4.707e+02 |   4.681e+02 |   4.654e+02 |   4.626e+02 |   4.596e+02 |   4.566e+02 |   4.534e+02 |   4.501e+02 |   4.467e+02 |   4.432e+02 |   4.395e+02 |   4.356e+02 |   4.316e+02 |   4.274e+02 |   4.231e+02 |   4.186e+02 |
| cold_side---temperature (C)         |   1.224e+02 |   1.208e+02 |   1.205e+02 |   1.203e+02 |   1.200e+02 |   1.197e+02 |   1.194e+02 |   1.191e+02 |   1.188e+02 |   1.184e+02 |   1.181e+02 |   1.177e+02 |   1.174e+02 |   1.170e+02 |   1.166e+02 |   1.162e+02 |   1.157e+02 |   1.153e+02 |   1.148e+02 |   1.143e+02 |   1.143e+02 |   1.138e+02 |   1.133e+02 |   1.127e+02 |   1.121e+02 |   1.115e+02 |   1.109e+02 |   1.102e+02 |   1.095e+02 |   1.088e+02 |   1.080e+02 |   1.073e+02 |   1.064e+02 |   1.056e+02 |   1.047e+02 |   1.038e+02 |   1.029e+02 |   1.019e+02 |   1.008e+02 |   9.978e+01 |
| cold_side---vapor mass fraction (-) | nan         | nan         | nan         | nan         | nan         | nan         | nan         | nan         | nan         | nan         | nan         | nan         | nan         | nan         | nan         | nan         | nan         | nan         | nan         | nan         | nan         | nan         | nan         | nan         | nan         | nan         | nan         | nan         | nan         | nan         | nan         | nan         | nan         | nan         | nan         | nan         | nan         | nan         | nan         | nan         |
| cold_side---differ number ()        |   3.460e+00 |   3.461e+00 |   3.461e+00 |   3.461e+00 |   3.461e+00 |   3.461e+00 |   3.462e+00 |   3.462e+00 |   3.462e+00 |   3.462e+00 |   3.462e+00 |   3.463e+00 |   3.463e+00 |   3.463e+00 |   3.463e+00 |   3.463e+00 |   3.464e+00 |   3.464e+00 |   3.464e+00 |   3.464e+00 |   3.464e+00 |   3.465e+00 |   3.465e+00 |   3.465e+00 |   3.465e+00 |   3.466e+00 |   3.466e+00 |   3.466e+00 |   3.467e+00 |   3.467e+00 |   3.467e+00 |   3.468e+00 |   3.468e+00 |   3.469e+00 |   3.469e+00 |   3.469e+00 |   3.470e+00 |   3.470e+00 |   3.471e+00 |   3.471e+00 |
+-------------------------------------+-------------+-------------+-------------+-------------+-------------+-------------+-------------+-------------+-------------+-------------+-------------+-------------+-------------+-------------+-------------+-------------+-------------+-------------+-------------+-------------+-------------+-------------+-------------+-------------+-------------+-------------+-------------+-------------+-------------+-------------+-------------+-------------+-------------+-------------+-------------+-------------+-------------+-------------+-------------+-------------+
##### RESULTS (Nodes: ExtractHeatExchanger: heatexchanger_j) #####
+-------------------------------------+-------------+-------------+-------------+-------------+-------------+-------------+-------------+-------------+-------------+-------------+-------------+-------------+-------------+-------------+-------------+-------------+-------------+-------------+-------------+-------------+-------------+-------------+-------------+-------------+-------------+-------------+-------------+-------------+-------------+-------------+-------------+-------------+-------------+-------------+-------------+-------------+-------------+-------------+-------------+-------------+
|                                     |           0 |           1 |           2 |           3 |           4 |           5 |           6 |           7 |           8 |           9 |          10 |          11 |          12 |          13 |          14 |          15 |          16 |          17 |          18 |          19 |          20 |          21 |          22 |          23 |          24 |          25 |          26 |          27 |          28 |          29 |          30 |          31 |          32 |          33 |          34 |          35 |          36 |          37 |          38 |          39 |
|-------------------------------------+-------------+-------------+-------------+-------------+-------------+-------------+-------------+-------------+-------------+-------------+-------------+-------------+-------------+-------------+-------------+-------------+-------------+-------------+-------------+-------------+-------------+-------------+-------------+-------------+-------------+-------------+-------------+-------------+-------------+-------------+-------------+-------------+-------------+-------------+-------------+-------------+-------------+-------------+-------------+-------------|
| hot_side---pressure (bar)           |   1.200e+00 |   1.200e+00 |   1.200e+00 |   1.200e+00 |   1.200e+00 |   1.200e+00 |   1.200e+00 |   1.200e+00 |   1.200e+00 |   1.200e+00 |   1.200e+00 |   1.200e+00 |   1.200e+00 |   1.200e+00 |   1.200e+00 |   1.200e+00 |   1.200e+00 |   1.200e+00 |   1.200e+00 |   1.200e+00 |   1.200e+00 |   1.200e+00 |   1.200e+00 |   1.200e+00 |   1.200e+00 |   1.200e+00 |   1.200e+00 |   1.200e+00 |   1.200e+00 |   1.200e+00 |   1.200e+00 |   1.200e+00 |   1.200e+00 |   1.200e+00 |   1.200e+00 |   1.200e+00 |   1.200e+00 |   1.200e+00 |   1.200e+00 |   1.200e+00 |
| hot_side---enthalpy (kJ / kg)       |   1.483e+03 |   1.472e+03 |   1.460e+03 |   1.448e+03 |   1.435e+03 |   1.422e+03 |   1.408e+03 |   1.393e+03 |   1.378e+03 |   1.362e+03 |   1.346e+03 |   1.329e+03 |   1.311e+03 |   1.293e+03 |   1.274e+03 |   1.254e+03 |   1.233e+03 |   1.211e+03 |   1.189e+03 |   1.165e+03 |   1.165e+03 |   1.140e+03 |   1.113e+03 |   1.085e+03 |   1.056e+03 |   1.026e+03 |   9.947e+02 |   9.619e+02 |   9.277e+02 |   8.920e+02 |   8.548e+02 |   8.160e+02 |   7.756e+02 |   7.334e+02 |   6.894e+02 |   6.435e+02 |   5.956e+02 |   5.457e+02 |   4.937e+02 |   4.394e+02 |
| hot_side---temperature (C)          |   1.048e+02 |   1.048e+02 |   1.048e+02 |   1.048e+02 |   1.048e+02 |   1.048e+02 |   1.048e+02 |   1.048e+02 |   1.048e+02 |   1.048e+02 |   1.048e+02 |   1.048e+02 |   1.048e+02 |   1.048e+02 |   1.048e+02 |   1.048e+02 |   1.048e+02 |   1.048e+02 |   1.048e+02 |   1.048e+02 |   1.048e+02 |   1.048e+02 |   1.048e+02 |   1.048e+02 |   1.048e+02 |   1.048e+02 |   1.048e+02 |   1.048e+02 |   1.048e+02 |   1.048e+02 |   1.048e+02 |   1.048e+02 |   1.048e+02 |   1.048e+02 |   1.048e+02 |   1.048e+02 |   1.048e+02 |   1.048e+02 |   1.048e+02 |   1.048e+02 |
| hot_side---vapor mass fraction (-)  |   4.653e-01 |   4.603e-01 |   4.550e-01 |   4.495e-01 |   4.437e-01 |   4.378e-01 |   4.316e-01 |   4.251e-01 |   4.184e-01 |   4.114e-01 |   4.041e-01 |   3.965e-01 |   3.886e-01 |   3.804e-01 |   3.718e-01 |   3.629e-01 |   3.536e-01 |   3.440e-01 |   3.339e-01 |   3.234e-01 |   3.234e-01 |   3.121e-01 |   3.002e-01 |   2.879e-01 |   2.750e-01 |   2.615e-01 |   2.475e-01 |   2.329e-01 |   2.177e-01 |   2.018e-01 |   1.852e-01 |   1.679e-01 |   1.499e-01 |   1.310e-01 |   1.114e-01 |   9.098e-02 |   6.965e-02 |   4.740e-02 |   2.420e-02 |   6.750e-17 |
| hot_side---differ number ()         |   2.000e+00 |   2.000e+00 |   2.000e+00 |   2.000e+00 |   2.000e+00 |   2.000e+00 |   2.000e+00 |   2.000e+00 |   2.000e+00 |   2.000e+00 |   2.000e+00 |   2.000e+00 |   2.000e+00 |   2.000e+00 |   2.000e+00 |   2.000e+00 |   2.000e+00 |   2.000e+00 |   2.000e+00 |   2.000e+00 |   2.000e+00 |   2.000e+00 |   2.000e+00 |   2.000e+00 |   2.000e+00 |   2.000e+00 |   2.000e+00 |   2.000e+00 |   2.000e+00 |   2.000e+00 |   2.000e+00 |   2.000e+00 |   2.000e+00 |   2.000e+00 |   2.000e+00 |   2.000e+00 |   2.000e+00 |   2.000e+00 |   2.000e+00 |   1.224e+01 |
| cold_side---pressure (bar)          |   6.050e+00 |   6.051e+00 |   6.053e+00 |   6.054e+00 |   6.055e+00 |   6.057e+00 |   6.058e+00 |   6.059e+00 |   6.061e+00 |   6.062e+00 |   6.063e+00 |   6.065e+00 |   6.066e+00 |   6.067e+00 |   6.069e+00 |   6.070e+00 |   6.071e+00 |   6.073e+00 |   6.074e+00 |   6.075e+00 |   6.075e+00 |   6.076e+00 |   6.078e+00 |   6.079e+00 |   6.080e+00 |   6.082e+00 |   6.083e+00 |   6.084e+00 |   6.086e+00 |   6.087e+00 |   6.088e+00 |   6.090e+00 |   6.091e+00 |   6.092e+00 |   6.094e+00 |   6.095e+00 |   6.096e+00 |   6.098e+00 |   6.099e+00 |   6.100e+00 |
| cold_side---enthalpy (kJ / kg)      |   4.186e+02 |   4.177e+02 |   4.168e+02 |   4.159e+02 |   4.149e+02 |   4.139e+02 |   4.129e+02 |   4.118e+02 |   4.106e+02 |   4.094e+02 |   4.082e+02 |   4.069e+02 |   4.055e+02 |   4.041e+02 |   4.027e+02 |   4.012e+02 |   3.996e+02 |   3.979e+02 |   3.962e+02 |   3.944e+02 |   3.944e+02 |   3.925e+02 |   3.905e+02 |   3.884e+02 |   3.862e+02 |   3.839e+02 |   3.815e+02 |   3.790e+02 |   3.764e+02 |   3.737e+02 |   3.709e+02 |   3.679e+02 |   3.648e+02 |   3.616e+02 |   3.583e+02 |   3.548e+02 |   3.512e+02 |   3.474e+02 |   3.434e+02 |   3.393e+02 |
| cold_side---temperature (C)         |   9.978e+01 |   9.957e+01 |   9.936e+01 |   9.914e+01 |   9.890e+01 |   9.866e+01 |   9.841e+01 |   9.815e+01 |   9.788e+01 |   9.759e+01 |   9.730e+01 |   9.699e+01 |   9.667e+01 |   9.634e+01 |   9.599e+01 |   9.563e+01 |   9.526e+01 |   9.487e+01 |   9.446e+01 |   9.404e+01 |   9.404e+01 |   9.357e+01 |   9.309e+01 |   9.259e+01 |   9.207e+01 |   9.153e+01 |   9.096e+01 |   9.037e+01 |   8.975e+01 |   8.910e+01 |   8.843e+01 |   8.773e+01 |   8.700e+01 |   8.624e+01 |   8.544e+01 |   8.461e+01 |   8.375e+01 |   8.284e+01 |   8.190e+01 |   8.092e+01 |
| cold_side---vapor mass fraction (-) | nan         | nan         | nan         | nan         | nan         | nan         | nan         | nan         | nan         | nan         | nan         | nan         | nan         | nan         | nan         | nan         | nan         | nan         | nan         | nan         | nan         | nan         | nan         | nan         | nan         | nan         | nan         | nan         | nan         | nan         | nan         | nan         | nan         | nan         | nan         | nan         | nan         | nan         | nan         | nan         |
| cold_side---differ number ()        |   3.558e+00 |   3.558e+00 |   3.558e+00 |   3.558e+00 |   3.558e+00 |   3.558e+00 |   3.558e+00 |   3.559e+00 |   3.559e+00 |   3.559e+00 |   3.559e+00 |   3.559e+00 |   3.559e+00 |   3.559e+00 |   3.559e+00 |   3.560e+00 |   3.560e+00 |   3.560e+00 |   3.560e+00 |   3.560e+00 |   3.560e+00 |   3.560e+00 |   3.561e+00 |   3.561e+00 |   3.561e+00 |   3.561e+00 |   3.561e+00 |   3.562e+00 |   3.562e+00 |   3.562e+00 |   3.562e+00 |   3.562e+00 |   3.563e+00 |   3.563e+00 |   3.563e+00 |   3.563e+00 |   3.564e+00 |   3.564e+00 |   3.564e+00 |   3.565e+00 |
+-------------------------------------+-------------+-------------+-------------+-------------+-------------+-------------+-------------+-------------+-------------+-------------+-------------+-------------+-------------+-------------+-------------+-------------+-------------+-------------+-------------+-------------+-------------+-------------+-------------+-------------+-------------+-------------+-------------+-------------+-------------+-------------+-------------+-------------+-------------+-------------+-------------+-------------+-------------+-------------+-------------+-------------+
##### RESULTS (Nodes: ExtractHeatExchanger: heatexchanger_k) #####
+-------------------------------------+-------------+-------------+-------------+-------------+-------------+-------------+-------------+-------------+-------------+-------------+-------------+-------------+-------------+-------------+-------------+-------------+-------------+-------------+-------------+-------------+-------------+-------------+-------------+-------------+-------------+-------------+-------------+-------------+-------------+-------------+-------------+-------------+-------------+-------------+-------------+-------------+-------------+-------------+-------------+-------------+
|                                     |           0 |           1 |           2 |           3 |           4 |           5 |           6 |           7 |           8 |           9 |          10 |          11 |          12 |          13 |          14 |          15 |          16 |          17 |          18 |          19 |          20 |          21 |          22 |          23 |          24 |          25 |          26 |          27 |          28 |          29 |          30 |          31 |          32 |          33 |          34 |          35 |          36 |          37 |          38 |          39 |
|-------------------------------------+-------------+-------------+-------------+-------------+-------------+-------------+-------------+-------------+-------------+-------------+-------------+-------------+-------------+-------------+-------------+-------------+-------------+-------------+-------------+-------------+-------------+-------------+-------------+-------------+-------------+-------------+-------------+-------------+-------------+-------------+-------------+-------------+-------------+-------------+-------------+-------------+-------------+-------------+-------------+-------------|
| hot_side---pressure (bar)           |   6.000e-01 |   6.000e-01 |   6.000e-01 |   6.000e-01 |   6.000e-01 |   6.000e-01 |   6.000e-01 |   6.000e-01 |   6.000e-01 |   6.000e-01 |   6.000e-01 |   6.000e-01 |   6.000e-01 |   6.000e-01 |   6.000e-01 |   6.000e-01 |   6.000e-01 |   6.000e-01 |   6.000e-01 |   6.000e-01 |   6.000e-01 |   6.000e-01 |   6.000e-01 |   6.000e-01 |   6.000e-01 |   6.000e-01 |   6.000e-01 |   6.000e-01 |   6.000e-01 |   6.000e-01 |   6.000e-01 |   6.000e-01 |   6.000e-01 |   6.000e-01 |   6.000e-01 |   6.000e-01 |   6.000e-01 |   6.000e-01 |   6.000e-01 |   6.000e-01 |
| hot_side---enthalpy (kJ / kg)       |   1.383e+03 |   1.375e+03 |   1.366e+03 |   1.357e+03 |   1.347e+03 |   1.337e+03 |   1.327e+03 |   1.315e+03 |   1.303e+03 |   1.291e+03 |   1.278e+03 |   1.264e+03 |   1.249e+03 |   1.234e+03 |   1.218e+03 |   1.201e+03 |   1.183e+03 |   1.164e+03 |   1.144e+03 |   1.123e+03 |   1.123e+03 |   1.099e+03 |   1.075e+03 |   1.048e+03 |   1.021e+03 |   9.917e+02 |   9.609e+02 |   9.283e+02 |   8.940e+02 |   8.576e+02 |   8.193e+02 |   7.787e+02 |   7.359e+02 |   6.906e+02 |   6.428e+02 |   5.923e+02 |   5.389e+02 |   4.825e+02 |   4.229e+02 |   3.599e+02 |
| hot_side---temperature (C)          |   8.593e+01 |   8.593e+01 |   8.593e+01 |   8.593e+01 |   8.593e+01 |   8.593e+01 |   8.593e+01 |   8.593e+01 |   8.593e+01 |   8.593e+01 |   8.593e+01 |   8.593e+01 |   8.593e+01 |   8.593e+01 |   8.593e+01 |   8.593e+01 |   8.593e+01 |   8.593e+01 |   8.593e+01 |   8.593e+01 |   8.593e+01 |   8.593e+01 |   8.593e+01 |   8.593e+01 |   8.593e+01 |   8.593e+01 |   8.593e+01 |   8.593e+01 |   8.593e+01 |   8.593e+01 |   8.593e+01 |   8.593e+01 |   8.593e+01 |   8.593e+01 |   8.593e+01 |   8.593e+01 |   8.593e+01 |   8.593e+01 |   8.593e+01 |   8.593e+01 |
| hot_side---vapor mass fraction (-)  |   4.463e-01 |   4.427e-01 |   4.389e-01 |   4.349e-01 |   4.307e-01 |   4.263e-01 |   4.216e-01 |   4.167e-01 |   4.115e-01 |   4.061e-01 |   4.003e-01 |   3.943e-01 |   3.879e-01 |   3.812e-01 |   3.741e-01 |   3.667e-01 |   3.588e-01 |   3.505e-01 |   3.418e-01 |   3.327e-01 |   3.327e-01 |   3.225e-01 |   3.117e-01 |   3.003e-01 |   2.882e-01 |   2.755e-01 |   2.621e-01 |   2.479e-01 |   2.329e-01 |   2.171e-01 |   2.003e-01 |   1.826e-01 |   1.640e-01 |   1.442e-01 |   1.234e-01 |   1.013e-01 |   7.805e-02 |   5.345e-02 |   2.746e-02 |   2.202e-17 |
| hot_side---differ number ()         |   2.000e+00 |   2.000e+00 |   2.000e+00 |   2.000e+00 |   2.000e+00 |   2.000e+00 |   2.000e+00 |   2.000e+00 |   2.000e+00 |   2.000e+00 |   2.000e+00 |   2.000e+00 |   2.000e+00 |   2.000e+00 |   2.000e+00 |   2.000e+00 |   2.000e+00 |   2.000e+00 |   2.000e+00 |   2.000e+00 |   2.000e+00 |   2.000e+00 |   2.000e+00 |   2.000e+00 |   2.000e+00 |   2.000e+00 |   2.000e+00 |   2.000e+00 |   2.000e+00 |   2.000e+00 |   2.000e+00 |   2.000e+00 |   2.000e+00 |   2.000e+00 |   2.000e+00 |   2.000e+00 |   2.000e+00 |   2.000e+00 |   2.000e+00 |   9.447e+00 |
| cold_side---pressure (bar)          |   6.100e+00 |   6.102e+00 |   6.103e+00 |   6.104e+00 |   6.105e+00 |   6.107e+00 |   6.108e+00 |   6.109e+00 |   6.111e+00 |   6.112e+00 |   6.113e+00 |   6.115e+00 |   6.116e+00 |   6.117e+00 |   6.119e+00 |   6.120e+00 |   6.121e+00 |   6.123e+00 |   6.124e+00 |   6.125e+00 |   6.125e+00 |   6.127e+00 |   6.128e+00 |   6.129e+00 |   6.131e+00 |   6.132e+00 |   6.133e+00 |   6.135e+00 |   6.136e+00 |   6.137e+00 |   6.138e+00 |   6.140e+00 |   6.141e+00 |   6.142e+00 |   6.144e+00 |   6.145e+00 |   6.146e+00 |   6.148e+00 |   6.149e+00 |   6.150e+00 |
| cold_side---enthalpy (kJ / kg)      |   3.393e+02 |   3.382e+02 |   3.370e+02 |   3.358e+02 |   3.345e+02 |   3.331e+02 |   3.316e+02 |   3.301e+02 |   3.285e+02 |   3.268e+02 |   3.250e+02 |   3.231e+02 |   3.211e+02 |   3.190e+02 |   3.168e+02 |   3.145e+02 |   3.121e+02 |   3.095e+02 |   3.068e+02 |   3.039e+02 |   3.039e+02 |   3.007e+02 |   2.974e+02 |   2.938e+02 |   2.901e+02 |   2.861e+02 |   2.819e+02 |   2.775e+02 |   2.728e+02 |   2.679e+02 |   2.627e+02 |   2.571e+02 |   2.513e+02 |   2.452e+02 |   2.387e+02 |   2.318e+02 |   2.245e+02 |   2.169e+02 |   2.088e+02 |   2.002e+02 |
| cold_side---temperature (C)         |   8.092e+01 |   8.065e+01 |   8.037e+01 |   8.007e+01 |   7.976e+01 |   7.943e+01 |   7.909e+01 |   7.872e+01 |   7.834e+01 |   7.793e+01 |   7.750e+01 |   7.705e+01 |   7.658e+01 |   7.608e+01 |   7.556e+01 |   7.500e+01 |   7.442e+01 |   7.380e+01 |   7.316e+01 |   7.247e+01 |   7.247e+01 |   7.171e+01 |   7.091e+01 |   7.006e+01 |   6.917e+01 |   6.822e+01 |   6.722e+01 |   6.617e+01 |   6.505e+01 |   6.387e+01 |   6.262e+01 |   6.131e+01 |   5.991e+01 |   5.844e+01 |   5.689e+01 |   5.525e+01 |   5.351e+01 |   5.168e+01 |   4.974e+01 |   4.769e+01 |
| cold_side---vapor mass fraction (-) | nan         | nan         | nan         | nan         | nan         | nan         | nan         | nan         | nan         | nan         | nan         | nan         | nan         | nan         | nan         | nan         | nan         | nan         | nan         | nan         | nan         | nan         | nan         | nan         | nan         | nan         | nan         | nan         | nan         | nan         | nan         | nan         | nan         | nan         | nan         | nan         | nan         | nan         | nan         | nan         |
| cold_side---differ number ()        |   4.027e+00 |   4.028e+00 |   4.028e+00 |   4.028e+00 |   4.028e+00 |   4.028e+00 |   4.028e+00 |   4.028e+00 |   4.028e+00 |   4.029e+00 |   4.029e+00 |   4.029e+00 |   4.029e+00 |   4.029e+00 |   4.029e+00 |   4.029e+00 |   4.030e+00 |   4.030e+00 |   4.030e+00 |   4.030e+00 |   4.030e+00 |   4.031e+00 |   4.031e+00 |   4.031e+00 |   4.031e+00 |   4.032e+00 |   4.032e+00 |   4.032e+00 |   4.032e+00 |   4.033e+00 |   4.033e+00 |   4.033e+00 |   4.034e+00 |   4.034e+00 |   4.034e+00 |   4.034e+00 |   4.035e+00 |   4.035e+00 |   4.035e+00 |   4.036e+00 |
+-------------------------------------+-------------+-------------+-------------+-------------+-------------+-------------+-------------+-------------+-------------+-------------+-------------+-------------+-------------+-------------+-------------+-------------+-------------+-------------+-------------+-------------+-------------+-------------+-------------+-------------+-------------+-------------+-------------+-------------+-------------+-------------+-------------+-------------+-------------+-------------+-------------+-------------+-------------+-------------+-------------+-------------+
